question_id,paper_id,layer,passage_rank,passage_id,bm25_score,is_gold_evidence,cosine_sim_with_query,query_drift,passage_drift
1029,304,0,1,304_chunk_d68a8cd2-3489-4dde-913d-41cd4d698ab1,2.823,False,0.3599,1.0,1.0
1029,304,0,2,304_chunk_1b70f95e-d762-4e99-b501-d0f98af39371,1.1341,False,0.3472,1.0,1.0
1029,304,0,3,304_chunk_be9ece7d-1755-434f-8a6f-95a1514a6714,1.0521,False,0.363,1.0,1.0
1029,304,0,4,304_chunk_17fe2ba0-9e25-4dc9-b381-64c9d808a008,1.0457,False,0.3805,1.0,1.0
1029,304,0,5,304_chunk_3adeb146-9bc3-44b2-9c6a-08f07f348464,0.9939,False,0.3453,1.0,1.0
1029,304,0,6,304_chunk_59c41313-2d1b-461d-b748-1f078bec3712,0.8761,False,0.3453,1.0,1.0
1029,304,0,7,304_chunk_c74eca36-74bf-4e5f-85be-311c4b58ee89,0.8725,False,0.3816,1.0,1.0
1029,304,0,8,304_chunk_dfea1a76-64c7-49ca-9eeb-14775f5104e8,0.8228,False,0.3653,1.0,1.0
1029,304,0,9,304_chunk_c2eb1b87-2445-48b6-8c50-7afa7a086102,0.6961,False,0.3406,1.0,1.0
1029,304,0,10,304_chunk_ccaa4ff4-0d1d-4d1e-833a-781999c87afa,0.6796,False,0.3609,1.0,1.0
1029,304,4,1,304_chunk_d68a8cd2-3489-4dde-913d-41cd4d698ab1,2.823,False,0.3802,0.9742,0.9677
1029,304,4,2,304_chunk_1b70f95e-d762-4e99-b501-d0f98af39371,1.1341,False,0.3801,0.9742,0.9677
1029,304,4,3,304_chunk_be9ece7d-1755-434f-8a6f-95a1514a6714,1.0521,False,0.3943,0.9742,0.9677
1029,304,4,4,304_chunk_17fe2ba0-9e25-4dc9-b381-64c9d808a008,1.0457,False,0.3512,0.9742,0.9677
1029,304,4,5,304_chunk_3adeb146-9bc3-44b2-9c6a-08f07f348464,0.9939,False,0.3549,0.9742,0.9677
1029,304,4,6,304_chunk_59c41313-2d1b-461d-b748-1f078bec3712,0.8761,False,0.3782,0.9742,0.9677
1029,304,4,7,304_chunk_c74eca36-74bf-4e5f-85be-311c4b58ee89,0.8725,False,0.3692,0.9742,0.9677
1029,304,4,8,304_chunk_dfea1a76-64c7-49ca-9eeb-14775f5104e8,0.8228,False,0.3957,0.9742,0.9677
1029,304,4,9,304_chunk_c2eb1b87-2445-48b6-8c50-7afa7a086102,0.6961,False,0.3713,0.9742,0.9677
1029,304,4,10,304_chunk_ccaa4ff4-0d1d-4d1e-833a-781999c87afa,0.6796,False,0.3612,0.9742,0.9677
1029,304,8,1,304_chunk_d68a8cd2-3489-4dde-913d-41cd4d698ab1,2.823,False,0.4518,0.9484,0.9355
1029,304,8,2,304_chunk_1b70f95e-d762-4e99-b501-d0f98af39371,1.1341,False,0.418,0.9484,0.9355
1029,304,8,3,304_chunk_be9ece7d-1755-434f-8a6f-95a1514a6714,1.0521,False,0.4238,0.9484,0.9355
1029,304,8,4,304_chunk_17fe2ba0-9e25-4dc9-b381-64c9d808a008,1.0457,False,0.394,0.9484,0.9355
1029,304,8,5,304_chunk_3adeb146-9bc3-44b2-9c6a-08f07f348464,0.9939,False,0.4116,0.9484,0.9355
1029,304,8,6,304_chunk_59c41313-2d1b-461d-b748-1f078bec3712,0.8761,False,0.4247,0.9484,0.9355
1029,304,8,7,304_chunk_c74eca36-74bf-4e5f-85be-311c4b58ee89,0.8725,False,0.3995,0.9484,0.9355
1029,304,8,8,304_chunk_dfea1a76-64c7-49ca-9eeb-14775f5104e8,0.8228,False,0.43,0.9484,0.9355
1029,304,8,9,304_chunk_c2eb1b87-2445-48b6-8c50-7afa7a086102,0.6961,False,0.4105,0.9484,0.9355
1029,304,8,10,304_chunk_ccaa4ff4-0d1d-4d1e-833a-781999c87afa,0.6796,False,0.4166,0.9484,0.9355
1029,304,16,1,304_chunk_d68a8cd2-3489-4dde-913d-41cd4d698ab1,2.823,False,0.4378,0.8968,0.871
1029,304,16,2,304_chunk_1b70f95e-d762-4e99-b501-d0f98af39371,1.1341,False,0.4869,0.8968,0.871
1029,304,16,3,304_chunk_be9ece7d-1755-434f-8a6f-95a1514a6714,1.0521,False,0.4496,0.8968,0.871
1029,304,16,4,304_chunk_17fe2ba0-9e25-4dc9-b381-64c9d808a008,1.0457,False,0.4287,0.8968,0.871
1029,304,16,5,304_chunk_3adeb146-9bc3-44b2-9c6a-08f07f348464,0.9939,False,0.4663,0.8968,0.871
1029,304,16,6,304_chunk_59c41313-2d1b-461d-b748-1f078bec3712,0.8761,False,0.4255,0.8968,0.871
1029,304,16,7,304_chunk_c74eca36-74bf-4e5f-85be-311c4b58ee89,0.8725,False,0.454,0.8968,0.871
1029,304,16,8,304_chunk_dfea1a76-64c7-49ca-9eeb-14775f5104e8,0.8228,False,0.4107,0.8968,0.871
1029,304,16,9,304_chunk_c2eb1b87-2445-48b6-8c50-7afa7a086102,0.6961,False,0.4233,0.8968,0.871
1029,304,16,10,304_chunk_ccaa4ff4-0d1d-4d1e-833a-781999c87afa,0.6796,False,0.4538,0.8968,0.871
1029,304,24,1,304_chunk_d68a8cd2-3489-4dde-913d-41cd4d698ab1,2.823,False,0.4299,0.8452,0.8065
1029,304,24,2,304_chunk_1b70f95e-d762-4e99-b501-d0f98af39371,1.1341,False,0.4186,0.8452,0.8065
1029,304,24,3,304_chunk_be9ece7d-1755-434f-8a6f-95a1514a6714,1.0521,False,0.4128,0.8452,0.8065
1029,304,24,4,304_chunk_17fe2ba0-9e25-4dc9-b381-64c9d808a008,1.0457,False,0.4091,0.8452,0.8065
1029,304,24,5,304_chunk_3adeb146-9bc3-44b2-9c6a-08f07f348464,0.9939,False,0.3856,0.8452,0.8065
1029,304,24,6,304_chunk_59c41313-2d1b-461d-b748-1f078bec3712,0.8761,False,0.4007,0.8452,0.8065
1029,304,24,7,304_chunk_c74eca36-74bf-4e5f-85be-311c4b58ee89,0.8725,False,0.4059,0.8452,0.8065
1029,304,24,8,304_chunk_dfea1a76-64c7-49ca-9eeb-14775f5104e8,0.8228,False,0.4363,0.8452,0.8065
1029,304,24,9,304_chunk_c2eb1b87-2445-48b6-8c50-7afa7a086102,0.6961,False,0.422,0.8452,0.8065
1029,304,24,10,304_chunk_ccaa4ff4-0d1d-4d1e-833a-781999c87afa,0.6796,False,0.3799,0.8452,0.8065
1029,304,31,1,304_chunk_d68a8cd2-3489-4dde-913d-41cd4d698ab1,2.823,False,0.3565,0.8,0.75
1029,304,31,2,304_chunk_1b70f95e-d762-4e99-b501-d0f98af39371,1.1341,False,0.3423,0.8,0.75
1029,304,31,3,304_chunk_be9ece7d-1755-434f-8a6f-95a1514a6714,1.0521,False,0.3365,0.8,0.75
1029,304,31,4,304_chunk_17fe2ba0-9e25-4dc9-b381-64c9d808a008,1.0457,False,0.3622,0.8,0.75
1029,304,31,5,304_chunk_3adeb146-9bc3-44b2-9c6a-08f07f348464,0.9939,False,0.3706,0.8,0.75
1029,304,31,6,304_chunk_59c41313-2d1b-461d-b748-1f078bec3712,0.8761,False,0.3686,0.8,0.75
1029,304,31,7,304_chunk_c74eca36-74bf-4e5f-85be-311c4b58ee89,0.8725,False,0.3332,0.8,0.75
1029,304,31,8,304_chunk_dfea1a76-64c7-49ca-9eeb-14775f5104e8,0.8228,False,0.3438,0.8,0.75
1029,304,31,9,304_chunk_c2eb1b87-2445-48b6-8c50-7afa7a086102,0.6961,False,0.3566,0.8,0.75
1029,304,31,10,304_chunk_ccaa4ff4-0d1d-4d1e-833a-781999c87afa,0.6796,False,0.3695,0.8,0.75
639,175,0,1,175_chunk_5ca533c2-33cf-423d-acdd-03932d252a8d,3.1845,False,0.3404,1.0,1.0
639,175,0,2,175_chunk_2db949ec-bd8a-461b-a1c9-3bbee0abfaf3,1.9619,True,0.3463,1.0,1.0
639,175,0,3,175_chunk_7dd7553a-6c0e-456c-8415-3f005ecd0cd0,1.8333,True,0.3279,1.0,1.0
639,175,0,4,175_chunk_ae66a08a-f0b1-410f-a262-e493c0f0e668,1.7793,True,0.3261,1.0,1.0
639,175,0,5,175_chunk_388f6a46-dc47-4a44-accf-f18bb7b63e3c,1.3861,False,0.3663,1.0,1.0
639,175,0,6,175_chunk_d0c6c298-590e-47a8-a67a-1947d5576e64,1.2096,False,0.3771,1.0,1.0
639,175,0,7,175_chunk_6d80a985-d47e-4aba-baf6-7759085a93c5,0.8642,False,0.3486,1.0,1.0
639,175,0,8,175_chunk_6af12dd8-839a-423f-b835-8a5a1a5b2655,0.8056,True,0.3701,1.0,1.0
639,175,0,9,175_chunk_a7bb44a1-7dbe-4f58-9580-64993b63a31b,0.7901,True,0.3572,1.0,1.0
639,175,0,10,175_chunk_e2f924c7-7648-4975-83de-6f99365f9b92,0.6981,True,0.3371,1.0,1.0
639,175,4,1,175_chunk_5ca533c2-33cf-423d-acdd-03932d252a8d,3.1845,False,0.3967,0.9742,0.9677
639,175,4,2,175_chunk_2db949ec-bd8a-461b-a1c9-3bbee0abfaf3,1.9619,True,0.4357,0.9742,0.9677
639,175,4,3,175_chunk_7dd7553a-6c0e-456c-8415-3f005ecd0cd0,1.8333,True,0.4042,0.9742,0.9677
639,175,4,4,175_chunk_ae66a08a-f0b1-410f-a262-e493c0f0e668,1.7793,True,0.4362,0.9742,0.9677
639,175,4,5,175_chunk_388f6a46-dc47-4a44-accf-f18bb7b63e3c,1.3861,False,0.337,0.9742,0.9677
639,175,4,6,175_chunk_d0c6c298-590e-47a8-a67a-1947d5576e64,1.2096,False,0.4059,0.9742,0.9677
639,175,4,7,175_chunk_6d80a985-d47e-4aba-baf6-7759085a93c5,0.8642,False,0.3912,0.9742,0.9677
639,175,4,8,175_chunk_6af12dd8-839a-423f-b835-8a5a1a5b2655,0.8056,True,0.3989,0.9742,0.9677
639,175,4,9,175_chunk_a7bb44a1-7dbe-4f58-9580-64993b63a31b,0.7901,True,0.4068,0.9742,0.9677
639,175,4,10,175_chunk_e2f924c7-7648-4975-83de-6f99365f9b92,0.6981,True,0.3652,0.9742,0.9677
639,175,8,1,175_chunk_5ca533c2-33cf-423d-acdd-03932d252a8d,3.1845,False,0.4181,0.9484,0.9355
639,175,8,2,175_chunk_2db949ec-bd8a-461b-a1c9-3bbee0abfaf3,1.9619,True,0.4606,0.9484,0.9355
639,175,8,3,175_chunk_7dd7553a-6c0e-456c-8415-3f005ecd0cd0,1.8333,True,0.483,0.9484,0.9355
639,175,8,4,175_chunk_ae66a08a-f0b1-410f-a262-e493c0f0e668,1.7793,True,0.4431,0.9484,0.9355
639,175,8,5,175_chunk_388f6a46-dc47-4a44-accf-f18bb7b63e3c,1.3861,False,0.4063,0.9484,0.9355
639,175,8,6,175_chunk_d0c6c298-590e-47a8-a67a-1947d5576e64,1.2096,False,0.4124,0.9484,0.9355
639,175,8,7,175_chunk_6d80a985-d47e-4aba-baf6-7759085a93c5,0.8642,False,0.4408,0.9484,0.9355
639,175,8,8,175_chunk_6af12dd8-839a-423f-b835-8a5a1a5b2655,0.8056,True,0.46,0.9484,0.9355
639,175,8,9,175_chunk_a7bb44a1-7dbe-4f58-9580-64993b63a31b,0.7901,True,0.4429,0.9484,0.9355
639,175,8,10,175_chunk_e2f924c7-7648-4975-83de-6f99365f9b92,0.6981,True,0.4637,0.9484,0.9355
639,175,16,1,175_chunk_5ca533c2-33cf-423d-acdd-03932d252a8d,3.1845,False,0.4518,0.8968,0.871
639,175,16,2,175_chunk_2db949ec-bd8a-461b-a1c9-3bbee0abfaf3,1.9619,True,0.5312,0.8968,0.871
639,175,16,3,175_chunk_7dd7553a-6c0e-456c-8415-3f005ecd0cd0,1.8333,True,0.4978,0.8968,0.871
639,175,16,4,175_chunk_ae66a08a-f0b1-410f-a262-e493c0f0e668,1.7793,True,0.5053,0.8968,0.871
639,175,16,5,175_chunk_388f6a46-dc47-4a44-accf-f18bb7b63e3c,1.3861,False,0.442,0.8968,0.871
639,175,16,6,175_chunk_d0c6c298-590e-47a8-a67a-1947d5576e64,1.2096,False,0.4206,0.8968,0.871
639,175,16,7,175_chunk_6d80a985-d47e-4aba-baf6-7759085a93c5,0.8642,False,0.4558,0.8968,0.871
639,175,16,8,175_chunk_6af12dd8-839a-423f-b835-8a5a1a5b2655,0.8056,True,0.517,0.8968,0.871
639,175,16,9,175_chunk_a7bb44a1-7dbe-4f58-9580-64993b63a31b,0.7901,True,0.5119,0.8968,0.871
639,175,16,10,175_chunk_e2f924c7-7648-4975-83de-6f99365f9b92,0.6981,True,0.5071,0.8968,0.871
639,175,24,1,175_chunk_5ca533c2-33cf-423d-acdd-03932d252a8d,3.1845,False,0.3868,0.8452,0.8065
639,175,24,2,175_chunk_2db949ec-bd8a-461b-a1c9-3bbee0abfaf3,1.9619,True,0.4996,0.8452,0.8065
639,175,24,3,175_chunk_7dd7553a-6c0e-456c-8415-3f005ecd0cd0,1.8333,True,0.5012,0.8452,0.8065
639,175,24,4,175_chunk_ae66a08a-f0b1-410f-a262-e493c0f0e668,1.7793,True,0.492,0.8452,0.8065
639,175,24,5,175_chunk_388f6a46-dc47-4a44-accf-f18bb7b63e3c,1.3861,False,0.4119,0.8452,0.8065
639,175,24,6,175_chunk_d0c6c298-590e-47a8-a67a-1947d5576e64,1.2096,False,0.4232,0.8452,0.8065
639,175,24,7,175_chunk_6d80a985-d47e-4aba-baf6-7759085a93c5,0.8642,False,0.4529,0.8452,0.8065
639,175,24,8,175_chunk_6af12dd8-839a-423f-b835-8a5a1a5b2655,0.8056,True,0.5115,0.8452,0.8065
639,175,24,9,175_chunk_a7bb44a1-7dbe-4f58-9580-64993b63a31b,0.7901,True,0.5132,0.8452,0.8065
639,175,24,10,175_chunk_e2f924c7-7648-4975-83de-6f99365f9b92,0.6981,True,0.5066,0.8452,0.8065
639,175,31,1,175_chunk_5ca533c2-33cf-423d-acdd-03932d252a8d,3.1845,False,0.3116,0.8,0.75
639,175,31,2,175_chunk_2db949ec-bd8a-461b-a1c9-3bbee0abfaf3,1.9619,True,0.4695,0.8,0.75
639,175,31,3,175_chunk_7dd7553a-6c0e-456c-8415-3f005ecd0cd0,1.8333,True,0.4712,0.8,0.75
639,175,31,4,175_chunk_ae66a08a-f0b1-410f-a262-e493c0f0e668,1.7793,True,0.5193,0.8,0.75
639,175,31,5,175_chunk_388f6a46-dc47-4a44-accf-f18bb7b63e3c,1.3861,False,0.3462,0.8,0.75
639,175,31,6,175_chunk_d0c6c298-590e-47a8-a67a-1947d5576e64,1.2096,False,0.356,0.8,0.75
639,175,31,7,175_chunk_6d80a985-d47e-4aba-baf6-7759085a93c5,0.8642,False,0.3493,0.8,0.75
639,175,31,8,175_chunk_6af12dd8-839a-423f-b835-8a5a1a5b2655,0.8056,True,0.4466,0.8,0.75
639,175,31,9,175_chunk_a7bb44a1-7dbe-4f58-9580-64993b63a31b,0.7901,True,0.4929,0.8,0.75
639,175,31,10,175_chunk_e2f924c7-7648-4975-83de-6f99365f9b92,0.6981,True,0.485,0.8,0.75
2161,772,0,1,772_chunk_9e9dc76a-69f3-43f5-9ff3-424c113eacc0,2.9689,False,0.3658,1.0,1.0
2161,772,0,2,772_chunk_bb80b6b0-3bf3-4e81-bfa1-f698b5f89484,2.7509,True,0.3318,1.0,1.0
2161,772,0,3,772_chunk_175278c6-bb1c-4da0-8a67-8c761691cbfa,2.2307,False,0.3781,1.0,1.0
2161,772,0,4,772_chunk_34931dc7-079b-4bc1-88b3-84fcb4eabbdc,1.9631,False,0.322,1.0,1.0
2161,772,0,5,772_chunk_dbdb3b12-2fc9-49fa-ac82-fd6fa4720636,1.5123,False,0.3617,1.0,1.0
2161,772,0,6,772_chunk_71234d80-84b1-489e-935a-474184277980,1.4399,False,0.3938,1.0,1.0
2161,772,0,7,772_chunk_477ea82b-9ba6-4efb-abb6-2e7e378c5f1d,1.4102,False,0.3302,1.0,1.0
2161,772,0,8,772_chunk_20e7b9e0-09ce-4470-8d08-e0d92e9202db,1.2277,False,0.3387,1.0,1.0
2161,772,0,9,772_chunk_a2438300-da36-423e-b7ff-1a6f2327a7c4,1.0562,False,0.352,1.0,1.0
2161,772,0,10,772_chunk_61303bef-8fe9-4deb-818c-cf3de63316fe,0.971,False,0.3399,1.0,1.0
2161,772,4,1,772_chunk_9e9dc76a-69f3-43f5-9ff3-424c113eacc0,2.9689,False,0.3584,0.9742,0.9677
2161,772,4,2,772_chunk_bb80b6b0-3bf3-4e81-bfa1-f698b5f89484,2.7509,True,0.4063,0.9742,0.9677
2161,772,4,3,772_chunk_175278c6-bb1c-4da0-8a67-8c761691cbfa,2.2307,False,0.3682,0.9742,0.9677
2161,772,4,4,772_chunk_34931dc7-079b-4bc1-88b3-84fcb4eabbdc,1.9631,False,0.3989,0.9742,0.9677
2161,772,4,5,772_chunk_dbdb3b12-2fc9-49fa-ac82-fd6fa4720636,1.5123,False,0.371,0.9742,0.9677
2161,772,4,6,772_chunk_71234d80-84b1-489e-935a-474184277980,1.4399,False,0.4204,0.9742,0.9677
2161,772,4,7,772_chunk_477ea82b-9ba6-4efb-abb6-2e7e378c5f1d,1.4102,False,0.3738,0.9742,0.9677
2161,772,4,8,772_chunk_20e7b9e0-09ce-4470-8d08-e0d92e9202db,1.2277,False,0.383,0.9742,0.9677
2161,772,4,9,772_chunk_a2438300-da36-423e-b7ff-1a6f2327a7c4,1.0562,False,0.4057,0.9742,0.9677
2161,772,4,10,772_chunk_61303bef-8fe9-4deb-818c-cf3de63316fe,0.971,False,0.3648,0.9742,0.9677
2161,772,8,1,772_chunk_9e9dc76a-69f3-43f5-9ff3-424c113eacc0,2.9689,False,0.427,0.9484,0.9355
2161,772,8,2,772_chunk_bb80b6b0-3bf3-4e81-bfa1-f698b5f89484,2.7509,True,0.4796,0.9484,0.9355
2161,772,8,3,772_chunk_175278c6-bb1c-4da0-8a67-8c761691cbfa,2.2307,False,0.3903,0.9484,0.9355
2161,772,8,4,772_chunk_34931dc7-079b-4bc1-88b3-84fcb4eabbdc,1.9631,False,0.4262,0.9484,0.9355
2161,772,8,5,772_chunk_dbdb3b12-2fc9-49fa-ac82-fd6fa4720636,1.5123,False,0.4277,0.9484,0.9355
2161,772,8,6,772_chunk_71234d80-84b1-489e-935a-474184277980,1.4399,False,0.4381,0.9484,0.9355
2161,772,8,7,772_chunk_477ea82b-9ba6-4efb-abb6-2e7e378c5f1d,1.4102,False,0.3977,0.9484,0.9355
2161,772,8,8,772_chunk_20e7b9e0-09ce-4470-8d08-e0d92e9202db,1.2277,False,0.3961,0.9484,0.9355
2161,772,8,9,772_chunk_a2438300-da36-423e-b7ff-1a6f2327a7c4,1.0562,False,0.4329,0.9484,0.9355
2161,772,8,10,772_chunk_61303bef-8fe9-4deb-818c-cf3de63316fe,0.971,False,0.4284,0.9484,0.9355
2161,772,16,1,772_chunk_9e9dc76a-69f3-43f5-9ff3-424c113eacc0,2.9689,False,0.4549,0.8968,0.871
2161,772,16,2,772_chunk_bb80b6b0-3bf3-4e81-bfa1-f698b5f89484,2.7509,True,0.5187,0.8968,0.871
2161,772,16,3,772_chunk_175278c6-bb1c-4da0-8a67-8c761691cbfa,2.2307,False,0.4363,0.8968,0.871
2161,772,16,4,772_chunk_34931dc7-079b-4bc1-88b3-84fcb4eabbdc,1.9631,False,0.4545,0.8968,0.871
2161,772,16,5,772_chunk_dbdb3b12-2fc9-49fa-ac82-fd6fa4720636,1.5123,False,0.4557,0.8968,0.871
2161,772,16,6,772_chunk_71234d80-84b1-489e-935a-474184277980,1.4399,False,0.4356,0.8968,0.871
2161,772,16,7,772_chunk_477ea82b-9ba6-4efb-abb6-2e7e378c5f1d,1.4102,False,0.4872,0.8968,0.871
2161,772,16,8,772_chunk_20e7b9e0-09ce-4470-8d08-e0d92e9202db,1.2277,False,0.4593,0.8968,0.871
2161,772,16,9,772_chunk_a2438300-da36-423e-b7ff-1a6f2327a7c4,1.0562,False,0.426,0.8968,0.871
2161,772,16,10,772_chunk_61303bef-8fe9-4deb-818c-cf3de63316fe,0.971,False,0.463,0.8968,0.871
2161,772,24,1,772_chunk_9e9dc76a-69f3-43f5-9ff3-424c113eacc0,2.9689,False,0.3956,0.8452,0.8065
2161,772,24,2,772_chunk_bb80b6b0-3bf3-4e81-bfa1-f698b5f89484,2.7509,True,0.5238,0.8452,0.8065
2161,772,24,3,772_chunk_175278c6-bb1c-4da0-8a67-8c761691cbfa,2.2307,False,0.4383,0.8452,0.8065
2161,772,24,4,772_chunk_34931dc7-079b-4bc1-88b3-84fcb4eabbdc,1.9631,False,0.3987,0.8452,0.8065
2161,772,24,5,772_chunk_dbdb3b12-2fc9-49fa-ac82-fd6fa4720636,1.5123,False,0.4344,0.8452,0.8065
2161,772,24,6,772_chunk_71234d80-84b1-489e-935a-474184277980,1.4399,False,0.4234,0.8452,0.8065
2161,772,24,7,772_chunk_477ea82b-9ba6-4efb-abb6-2e7e378c5f1d,1.4102,False,0.4316,0.8452,0.8065
2161,772,24,8,772_chunk_20e7b9e0-09ce-4470-8d08-e0d92e9202db,1.2277,False,0.4531,0.8452,0.8065
2161,772,24,9,772_chunk_a2438300-da36-423e-b7ff-1a6f2327a7c4,1.0562,False,0.4102,0.8452,0.8065
2161,772,24,10,772_chunk_61303bef-8fe9-4deb-818c-cf3de63316fe,0.971,False,0.4001,0.8452,0.8065
2161,772,31,1,772_chunk_9e9dc76a-69f3-43f5-9ff3-424c113eacc0,2.9689,False,0.3322,0.8,0.75
2161,772,31,2,772_chunk_bb80b6b0-3bf3-4e81-bfa1-f698b5f89484,2.7509,True,0.4537,0.8,0.75
2161,772,31,3,772_chunk_175278c6-bb1c-4da0-8a67-8c761691cbfa,2.2307,False,0.3485,0.8,0.75
2161,772,31,4,772_chunk_34931dc7-079b-4bc1-88b3-84fcb4eabbdc,1.9631,False,0.3568,0.8,0.75
2161,772,31,5,772_chunk_dbdb3b12-2fc9-49fa-ac82-fd6fa4720636,1.5123,False,0.3555,0.8,0.75
2161,772,31,6,772_chunk_71234d80-84b1-489e-935a-474184277980,1.4399,False,0.3665,0.8,0.75
2161,772,31,7,772_chunk_477ea82b-9ba6-4efb-abb6-2e7e378c5f1d,1.4102,False,0.3503,0.8,0.75
2161,772,31,8,772_chunk_20e7b9e0-09ce-4470-8d08-e0d92e9202db,1.2277,False,0.3791,0.8,0.75
2161,772,31,9,772_chunk_a2438300-da36-423e-b7ff-1a6f2327a7c4,1.0562,False,0.3447,0.8,0.75
2161,772,31,10,772_chunk_61303bef-8fe9-4deb-818c-cf3de63316fe,0.971,False,0.4044,0.8,0.75
125,36,0,1,36_chunk_a8953304-4c8b-413a-94ed-0229ed6bc251,2.3719,True,0.3625,1.0,1.0
125,36,0,2,36_chunk_f4475ebc-7ae9-4f46-81f4-27e75b4a94da,1.0822,True,0.3329,1.0,1.0
125,36,0,3,36_chunk_f0dbc35c-4edd-457f-a793-32c86866331e,0.9379,False,0.3286,1.0,1.0
125,36,0,4,36_chunk_0b387435-a581-41e6-b938-8913a950cb5e,0.9273,False,0.3596,1.0,1.0
125,36,0,5,36_chunk_198525d3-bf23-4581-9fa6-91d95fb7793a,0.9188,False,0.3455,1.0,1.0
125,36,0,6,36_chunk_ff98f00e-ea2b-4ee8-9364-e5d119741937,0.9121,False,0.3643,1.0,1.0
125,36,0,7,36_chunk_529c66f1-5bf5-45ef-97cd-6b67846dd5e7,0.8991,False,0.3595,1.0,1.0
125,36,0,8,36_chunk_b08da188-9d7d-46ff-bdc3-1ddae9cfe3c6,0.867,False,0.3485,1.0,1.0
125,36,0,9,36_chunk_bfda89f0-c0d1-4cf1-9c8d-8f1142c5644f,0.8346,False,0.3331,1.0,1.0
125,36,0,10,36_chunk_17385ce9-50d9-44d1-b64d-8b8d90e2b47a,0.7467,False,0.3197,1.0,1.0
125,36,4,1,36_chunk_a8953304-4c8b-413a-94ed-0229ed6bc251,2.3719,True,0.396,0.9742,0.9677
125,36,4,2,36_chunk_f4475ebc-7ae9-4f46-81f4-27e75b4a94da,1.0822,True,0.422,0.9742,0.9677
125,36,4,3,36_chunk_f0dbc35c-4edd-457f-a793-32c86866331e,0.9379,False,0.3937,0.9742,0.9677
125,36,4,4,36_chunk_0b387435-a581-41e6-b938-8913a950cb5e,0.9273,False,0.3645,0.9742,0.9677
125,36,4,5,36_chunk_198525d3-bf23-4581-9fa6-91d95fb7793a,0.9188,False,0.3929,0.9742,0.9677
125,36,4,6,36_chunk_ff98f00e-ea2b-4ee8-9364-e5d119741937,0.9121,False,0.3971,0.9742,0.9677
125,36,4,7,36_chunk_529c66f1-5bf5-45ef-97cd-6b67846dd5e7,0.8991,False,0.3718,0.9742,0.9677
125,36,4,8,36_chunk_b08da188-9d7d-46ff-bdc3-1ddae9cfe3c6,0.867,False,0.3925,0.9742,0.9677
125,36,4,9,36_chunk_bfda89f0-c0d1-4cf1-9c8d-8f1142c5644f,0.8346,False,0.3906,0.9742,0.9677
125,36,4,10,36_chunk_17385ce9-50d9-44d1-b64d-8b8d90e2b47a,0.7467,False,0.3666,0.9742,0.9677
125,36,8,1,36_chunk_a8953304-4c8b-413a-94ed-0229ed6bc251,2.3719,True,0.4606,0.9484,0.9355
125,36,8,2,36_chunk_f4475ebc-7ae9-4f46-81f4-27e75b4a94da,1.0822,True,0.4647,0.9484,0.9355
125,36,8,3,36_chunk_f0dbc35c-4edd-457f-a793-32c86866331e,0.9379,False,0.4441,0.9484,0.9355
125,36,8,4,36_chunk_0b387435-a581-41e6-b938-8913a950cb5e,0.9273,False,0.4436,0.9484,0.9355
125,36,8,5,36_chunk_198525d3-bf23-4581-9fa6-91d95fb7793a,0.9188,False,0.3949,0.9484,0.9355
125,36,8,6,36_chunk_ff98f00e-ea2b-4ee8-9364-e5d119741937,0.9121,False,0.4037,0.9484,0.9355
125,36,8,7,36_chunk_529c66f1-5bf5-45ef-97cd-6b67846dd5e7,0.8991,False,0.4328,0.9484,0.9355
125,36,8,8,36_chunk_b08da188-9d7d-46ff-bdc3-1ddae9cfe3c6,0.867,False,0.4328,0.9484,0.9355
125,36,8,9,36_chunk_bfda89f0-c0d1-4cf1-9c8d-8f1142c5644f,0.8346,False,0.4328,0.9484,0.9355
125,36,8,10,36_chunk_17385ce9-50d9-44d1-b64d-8b8d90e2b47a,0.7467,False,0.4995,0.9484,0.9355
125,36,16,1,36_chunk_a8953304-4c8b-413a-94ed-0229ed6bc251,2.3719,True,0.5232,0.8968,0.871
125,36,16,2,36_chunk_f4475ebc-7ae9-4f46-81f4-27e75b4a94da,1.0822,True,0.5345,0.8968,0.871
125,36,16,3,36_chunk_f0dbc35c-4edd-457f-a793-32c86866331e,0.9379,False,0.469,0.8968,0.871
125,36,16,4,36_chunk_0b387435-a581-41e6-b938-8913a950cb5e,0.9273,False,0.4629,0.8968,0.871
125,36,16,5,36_chunk_198525d3-bf23-4581-9fa6-91d95fb7793a,0.9188,False,0.4436,0.8968,0.871
125,36,16,6,36_chunk_ff98f00e-ea2b-4ee8-9364-e5d119741937,0.9121,False,0.4651,0.8968,0.871
125,36,16,7,36_chunk_529c66f1-5bf5-45ef-97cd-6b67846dd5e7,0.8991,False,0.4344,0.8968,0.871
125,36,16,8,36_chunk_b08da188-9d7d-46ff-bdc3-1ddae9cfe3c6,0.867,False,0.4451,0.8968,0.871
125,36,16,9,36_chunk_bfda89f0-c0d1-4cf1-9c8d-8f1142c5644f,0.8346,False,0.4402,0.8968,0.871
125,36,16,10,36_chunk_17385ce9-50d9-44d1-b64d-8b8d90e2b47a,0.7467,False,0.4515,0.8968,0.871
125,36,24,1,36_chunk_a8953304-4c8b-413a-94ed-0229ed6bc251,2.3719,True,0.5543,0.8452,0.8065
125,36,24,2,36_chunk_f4475ebc-7ae9-4f46-81f4-27e75b4a94da,1.0822,True,0.4707,0.8452,0.8065
125,36,24,3,36_chunk_f0dbc35c-4edd-457f-a793-32c86866331e,0.9379,False,0.4289,0.8452,0.8065
125,36,24,4,36_chunk_0b387435-a581-41e6-b938-8913a950cb5e,0.9273,False,0.3829,0.8452,0.8065
125,36,24,5,36_chunk_198525d3-bf23-4581-9fa6-91d95fb7793a,0.9188,False,0.4057,0.8452,0.8065
125,36,24,6,36_chunk_ff98f00e-ea2b-4ee8-9364-e5d119741937,0.9121,False,0.4369,0.8452,0.8065
125,36,24,7,36_chunk_529c66f1-5bf5-45ef-97cd-6b67846dd5e7,0.8991,False,0.4164,0.8452,0.8065
125,36,24,8,36_chunk_b08da188-9d7d-46ff-bdc3-1ddae9cfe3c6,0.867,False,0.3936,0.8452,0.8065
125,36,24,9,36_chunk_bfda89f0-c0d1-4cf1-9c8d-8f1142c5644f,0.8346,False,0.4008,0.8452,0.8065
125,36,24,10,36_chunk_17385ce9-50d9-44d1-b64d-8b8d90e2b47a,0.7467,False,0.4287,0.8452,0.8065
125,36,31,1,36_chunk_a8953304-4c8b-413a-94ed-0229ed6bc251,2.3719,True,0.4554,0.8,0.75
125,36,31,2,36_chunk_f4475ebc-7ae9-4f46-81f4-27e75b4a94da,1.0822,True,0.4743,0.8,0.75
125,36,31,3,36_chunk_f0dbc35c-4edd-457f-a793-32c86866331e,0.9379,False,0.3509,0.8,0.75
125,36,31,4,36_chunk_0b387435-a581-41e6-b938-8913a950cb5e,0.9273,False,0.337,0.8,0.75
125,36,31,5,36_chunk_198525d3-bf23-4581-9fa6-91d95fb7793a,0.9188,False,0.3929,0.8,0.75
125,36,31,6,36_chunk_ff98f00e-ea2b-4ee8-9364-e5d119741937,0.9121,False,0.3627,0.8,0.75
125,36,31,7,36_chunk_529c66f1-5bf5-45ef-97cd-6b67846dd5e7,0.8991,False,0.3095,0.8,0.75
125,36,31,8,36_chunk_b08da188-9d7d-46ff-bdc3-1ddae9cfe3c6,0.867,False,0.3537,0.8,0.75
125,36,31,9,36_chunk_bfda89f0-c0d1-4cf1-9c8d-8f1142c5644f,0.8346,False,0.3368,0.8,0.75
125,36,31,10,36_chunk_17385ce9-50d9-44d1-b64d-8b8d90e2b47a,0.7467,False,0.367,0.8,0.75
2262,837,0,1,837_chunk_e44f8b37-7644-4de6-b37d-a18469547828,1.0803,False,0.3341,1.0,1.0
2262,837,0,2,837_chunk_d02e0a91-4aa3-41fc-8bb5-998c0ebe5652,0.992,False,0.3477,1.0,1.0
2262,837,0,3,837_chunk_1f511010-09ea-4b11-b0c4-4fbed7532937,0.8465,False,0.3601,1.0,1.0
2262,837,0,4,837_chunk_007029c6-94d3-468b-bd12-da2cdbb9e4d0,0.7626,False,0.3673,1.0,1.0
2262,837,0,5,837_chunk_b4030487-6024-4b13-a2f0-e790b8399a03,0.742,False,0.326,1.0,1.0
2262,837,0,6,837_chunk_9f48a6b2-a8ea-4b29-94e9-872c3b397b0d,0.0,False,0.3433,1.0,1.0
2262,837,0,7,837_chunk_4895a274-4726-4831-80e6-2cb9b11b6c60,0.0,False,0.3405,1.0,1.0
2262,837,0,8,837_chunk_55ebf31d-53b8-4f64-b415-2ba91ebd8f77,0.0,True,0.3369,1.0,1.0
2262,837,0,9,837_chunk_557ceb89-e7c7-4489-8ca5-12fa409b36da,0.0,False,0.3853,1.0,1.0
2262,837,0,10,837_chunk_50df95fc-ad10-43ee-bca2-caf871c04301,0.0,False,0.3581,1.0,1.0
2262,837,4,1,837_chunk_e44f8b37-7644-4de6-b37d-a18469547828,1.0803,False,0.3642,0.9742,0.9677
2262,837,4,2,837_chunk_d02e0a91-4aa3-41fc-8bb5-998c0ebe5652,0.992,False,0.4078,0.9742,0.9677
2262,837,4,3,837_chunk_1f511010-09ea-4b11-b0c4-4fbed7532937,0.8465,False,0.4319,0.9742,0.9677
2262,837,4,4,837_chunk_007029c6-94d3-468b-bd12-da2cdbb9e4d0,0.7626,False,0.4101,0.9742,0.9677
2262,837,4,5,837_chunk_b4030487-6024-4b13-a2f0-e790b8399a03,0.742,False,0.359,0.9742,0.9677
2262,837,4,6,837_chunk_9f48a6b2-a8ea-4b29-94e9-872c3b397b0d,0.0,False,0.3798,0.9742,0.9677
2262,837,4,7,837_chunk_4895a274-4726-4831-80e6-2cb9b11b6c60,0.0,False,0.4148,0.9742,0.9677
2262,837,4,8,837_chunk_55ebf31d-53b8-4f64-b415-2ba91ebd8f77,0.0,True,0.3908,0.9742,0.9677
2262,837,4,9,837_chunk_557ceb89-e7c7-4489-8ca5-12fa409b36da,0.0,False,0.3983,0.9742,0.9677
2262,837,4,10,837_chunk_50df95fc-ad10-43ee-bca2-caf871c04301,0.0,False,0.4049,0.9742,0.9677
2262,837,8,1,837_chunk_e44f8b37-7644-4de6-b37d-a18469547828,1.0803,False,0.4039,0.9484,0.9355
2262,837,8,2,837_chunk_d02e0a91-4aa3-41fc-8bb5-998c0ebe5652,0.992,False,0.4213,0.9484,0.9355
2262,837,8,3,837_chunk_1f511010-09ea-4b11-b0c4-4fbed7532937,0.8465,False,0.3577,0.9484,0.9355
2262,837,8,4,837_chunk_007029c6-94d3-468b-bd12-da2cdbb9e4d0,0.7626,False,0.402,0.9484,0.9355
2262,837,8,5,837_chunk_b4030487-6024-4b13-a2f0-e790b8399a03,0.742,False,0.4174,0.9484,0.9355
2262,837,8,6,837_chunk_9f48a6b2-a8ea-4b29-94e9-872c3b397b0d,0.0,False,0.3975,0.9484,0.9355
2262,837,8,7,837_chunk_4895a274-4726-4831-80e6-2cb9b11b6c60,0.0,False,0.4551,0.9484,0.9355
2262,837,8,8,837_chunk_55ebf31d-53b8-4f64-b415-2ba91ebd8f77,0.0,True,0.4248,0.9484,0.9355
2262,837,8,9,837_chunk_557ceb89-e7c7-4489-8ca5-12fa409b36da,0.0,False,0.4137,0.9484,0.9355
2262,837,8,10,837_chunk_50df95fc-ad10-43ee-bca2-caf871c04301,0.0,False,0.4251,0.9484,0.9355
2262,837,16,1,837_chunk_e44f8b37-7644-4de6-b37d-a18469547828,1.0803,False,0.4787,0.8968,0.871
2262,837,16,2,837_chunk_d02e0a91-4aa3-41fc-8bb5-998c0ebe5652,0.992,False,0.4212,0.8968,0.871
2262,837,16,3,837_chunk_1f511010-09ea-4b11-b0c4-4fbed7532937,0.8465,False,0.4731,0.8968,0.871
2262,837,16,4,837_chunk_007029c6-94d3-468b-bd12-da2cdbb9e4d0,0.7626,False,0.4501,0.8968,0.871
2262,837,16,5,837_chunk_b4030487-6024-4b13-a2f0-e790b8399a03,0.742,False,0.4302,0.8968,0.871
2262,837,16,6,837_chunk_9f48a6b2-a8ea-4b29-94e9-872c3b397b0d,0.0,False,0.4591,0.8968,0.871
2262,837,16,7,837_chunk_4895a274-4726-4831-80e6-2cb9b11b6c60,0.0,False,0.4539,0.8968,0.871
2262,837,16,8,837_chunk_55ebf31d-53b8-4f64-b415-2ba91ebd8f77,0.0,True,0.4998,0.8968,0.871
2262,837,16,9,837_chunk_557ceb89-e7c7-4489-8ca5-12fa409b36da,0.0,False,0.4513,0.8968,0.871
2262,837,16,10,837_chunk_50df95fc-ad10-43ee-bca2-caf871c04301,0.0,False,0.4422,0.8968,0.871
2262,837,24,1,837_chunk_e44f8b37-7644-4de6-b37d-a18469547828,1.0803,False,0.4174,0.8452,0.8065
2262,837,24,2,837_chunk_d02e0a91-4aa3-41fc-8bb5-998c0ebe5652,0.992,False,0.4284,0.8452,0.8065
2262,837,24,3,837_chunk_1f511010-09ea-4b11-b0c4-4fbed7532937,0.8465,False,0.4469,0.8452,0.8065
2262,837,24,4,837_chunk_007029c6-94d3-468b-bd12-da2cdbb9e4d0,0.7626,False,0.3904,0.8452,0.8065
2262,837,24,5,837_chunk_b4030487-6024-4b13-a2f0-e790b8399a03,0.742,False,0.4578,0.8452,0.8065
2262,837,24,6,837_chunk_9f48a6b2-a8ea-4b29-94e9-872c3b397b0d,0.0,False,0.3761,0.8452,0.8065
2262,837,24,7,837_chunk_4895a274-4726-4831-80e6-2cb9b11b6c60,0.0,False,0.4121,0.8452,0.8065
2262,837,24,8,837_chunk_55ebf31d-53b8-4f64-b415-2ba91ebd8f77,0.0,True,0.5198,0.8452,0.8065
2262,837,24,9,837_chunk_557ceb89-e7c7-4489-8ca5-12fa409b36da,0.0,False,0.4208,0.8452,0.8065
2262,837,24,10,837_chunk_50df95fc-ad10-43ee-bca2-caf871c04301,0.0,False,0.4027,0.8452,0.8065
2262,837,31,1,837_chunk_e44f8b37-7644-4de6-b37d-a18469547828,1.0803,False,0.3458,0.8,0.75
2262,837,31,2,837_chunk_d02e0a91-4aa3-41fc-8bb5-998c0ebe5652,0.992,False,0.3401,0.8,0.75
2262,837,31,3,837_chunk_1f511010-09ea-4b11-b0c4-4fbed7532937,0.8465,False,0.3382,0.8,0.75
2262,837,31,4,837_chunk_007029c6-94d3-468b-bd12-da2cdbb9e4d0,0.7626,False,0.367,0.8,0.75
2262,837,31,5,837_chunk_b4030487-6024-4b13-a2f0-e790b8399a03,0.742,False,0.3571,0.8,0.75
2262,837,31,6,837_chunk_9f48a6b2-a8ea-4b29-94e9-872c3b397b0d,0.0,False,0.3361,0.8,0.75
2262,837,31,7,837_chunk_4895a274-4726-4831-80e6-2cb9b11b6c60,0.0,False,0.368,0.8,0.75
2262,837,31,8,837_chunk_55ebf31d-53b8-4f64-b415-2ba91ebd8f77,0.0,True,0.4761,0.8,0.75
2262,837,31,9,837_chunk_557ceb89-e7c7-4489-8ca5-12fa409b36da,0.0,False,0.3663,0.8,0.75
2262,837,31,10,837_chunk_50df95fc-ad10-43ee-bca2-caf871c04301,0.0,False,0.3626,0.8,0.75
1265,388,0,1,388_chunk_99787873-d8ce-4a83-8de0-d9d73504451e,1.7612,False,0.3334,1.0,1.0
1265,388,0,2,388_chunk_b2ca81b2-9c86-4b09-8cc1-582967ede7d2,1.3522,True,0.3388,1.0,1.0
1265,388,0,3,388_chunk_e5153ac5-1a72-4953-95b4-5c864c548011,1.2132,False,0.3649,1.0,1.0
1265,388,0,4,388_chunk_edf4bffc-7659-436e-a825-7595c9105d67,1.0416,True,0.3622,1.0,1.0
1265,388,0,5,388_chunk_209a5a80-430e-4e21-988c-67000a9b2ba4,0.5241,False,0.3496,1.0,1.0
1265,388,0,6,388_chunk_48f14534-2fc4-4386-9c8a-e0dabda342ee,0.4812,False,0.3523,1.0,1.0
1265,388,0,7,388_chunk_101afee1-9d47-405f-9449-a2087221847f,0.3446,False,0.3756,1.0,1.0
1265,388,0,8,388_chunk_65997b18-4158-49f8-b372-8379fa351d1c,0.2744,False,0.3382,1.0,1.0
1265,388,0,9,388_chunk_13e2dd14-87d1-4d98-9d99-8a3a4c9680dc,0.2323,False,0.3609,1.0,1.0
1265,388,0,10,388_chunk_78af6ebb-9991-4530-a79f-5f596b55da23,0.1984,False,0.346,1.0,1.0
1265,388,4,1,388_chunk_99787873-d8ce-4a83-8de0-d9d73504451e,1.7612,False,0.3851,0.9742,0.9677
1265,388,4,2,388_chunk_b2ca81b2-9c86-4b09-8cc1-582967ede7d2,1.3522,True,0.4269,0.9742,0.9677
1265,388,4,3,388_chunk_e5153ac5-1a72-4953-95b4-5c864c548011,1.2132,False,0.4059,0.9742,0.9677
1265,388,4,4,388_chunk_edf4bffc-7659-436e-a825-7595c9105d67,1.0416,True,0.4212,0.9742,0.9677
1265,388,4,5,388_chunk_209a5a80-430e-4e21-988c-67000a9b2ba4,0.5241,False,0.4155,0.9742,0.9677
1265,388,4,6,388_chunk_48f14534-2fc4-4386-9c8a-e0dabda342ee,0.4812,False,0.3899,0.9742,0.9677
1265,388,4,7,388_chunk_101afee1-9d47-405f-9449-a2087221847f,0.3446,False,0.4031,0.9742,0.9677
1265,388,4,8,388_chunk_65997b18-4158-49f8-b372-8379fa351d1c,0.2744,False,0.3832,0.9742,0.9677
1265,388,4,9,388_chunk_13e2dd14-87d1-4d98-9d99-8a3a4c9680dc,0.2323,False,0.3959,0.9742,0.9677
1265,388,4,10,388_chunk_78af6ebb-9991-4530-a79f-5f596b55da23,0.1984,False,0.3868,0.9742,0.9677
1265,388,8,1,388_chunk_99787873-d8ce-4a83-8de0-d9d73504451e,1.7612,False,0.4244,0.9484,0.9355
1265,388,8,2,388_chunk_b2ca81b2-9c86-4b09-8cc1-582967ede7d2,1.3522,True,0.4654,0.9484,0.9355
1265,388,8,3,388_chunk_e5153ac5-1a72-4953-95b4-5c864c548011,1.2132,False,0.4061,0.9484,0.9355
1265,388,8,4,388_chunk_edf4bffc-7659-436e-a825-7595c9105d67,1.0416,True,0.4953,0.9484,0.9355
1265,388,8,5,388_chunk_209a5a80-430e-4e21-988c-67000a9b2ba4,0.5241,False,0.4024,0.9484,0.9355
1265,388,8,6,388_chunk_48f14534-2fc4-4386-9c8a-e0dabda342ee,0.4812,False,0.3982,0.9484,0.9355
1265,388,8,7,388_chunk_101afee1-9d47-405f-9449-a2087221847f,0.3446,False,0.4456,0.9484,0.9355
1265,388,8,8,388_chunk_65997b18-4158-49f8-b372-8379fa351d1c,0.2744,False,0.4383,0.9484,0.9355
1265,388,8,9,388_chunk_13e2dd14-87d1-4d98-9d99-8a3a4c9680dc,0.2323,False,0.435,0.9484,0.9355
1265,388,8,10,388_chunk_78af6ebb-9991-4530-a79f-5f596b55da23,0.1984,False,0.435,0.9484,0.9355
1265,388,16,1,388_chunk_99787873-d8ce-4a83-8de0-d9d73504451e,1.7612,False,0.4496,0.8968,0.871
1265,388,16,2,388_chunk_b2ca81b2-9c86-4b09-8cc1-582967ede7d2,1.3522,True,0.4939,0.8968,0.871
1265,388,16,3,388_chunk_e5153ac5-1a72-4953-95b4-5c864c548011,1.2132,False,0.4514,0.8968,0.871
1265,388,16,4,388_chunk_edf4bffc-7659-436e-a825-7595c9105d67,1.0416,True,0.4983,0.8968,0.871
1265,388,16,5,388_chunk_209a5a80-430e-4e21-988c-67000a9b2ba4,0.5241,False,0.4694,0.8968,0.871
1265,388,16,6,388_chunk_48f14534-2fc4-4386-9c8a-e0dabda342ee,0.4812,False,0.4469,0.8968,0.871
1265,388,16,7,388_chunk_101afee1-9d47-405f-9449-a2087221847f,0.3446,False,0.4334,0.8968,0.871
1265,388,16,8,388_chunk_65997b18-4158-49f8-b372-8379fa351d1c,0.2744,False,0.4434,0.8968,0.871
1265,388,16,9,388_chunk_13e2dd14-87d1-4d98-9d99-8a3a4c9680dc,0.2323,False,0.4581,0.8968,0.871
1265,388,16,10,388_chunk_78af6ebb-9991-4530-a79f-5f596b55da23,0.1984,False,0.4386,0.8968,0.871
1265,388,24,1,388_chunk_99787873-d8ce-4a83-8de0-d9d73504451e,1.7612,False,0.3987,0.8452,0.8065
1265,388,24,2,388_chunk_b2ca81b2-9c86-4b09-8cc1-582967ede7d2,1.3522,True,0.5129,0.8452,0.8065
1265,388,24,3,388_chunk_e5153ac5-1a72-4953-95b4-5c864c548011,1.2132,False,0.42,0.8452,0.8065
1265,388,24,4,388_chunk_edf4bffc-7659-436e-a825-7595c9105d67,1.0416,True,0.4979,0.8452,0.8065
1265,388,24,5,388_chunk_209a5a80-430e-4e21-988c-67000a9b2ba4,0.5241,False,0.4057,0.8452,0.8065
1265,388,24,6,388_chunk_48f14534-2fc4-4386-9c8a-e0dabda342ee,0.4812,False,0.4198,0.8452,0.8065
1265,388,24,7,388_chunk_101afee1-9d47-405f-9449-a2087221847f,0.3446,False,0.3862,0.8452,0.8065
1265,388,24,8,388_chunk_65997b18-4158-49f8-b372-8379fa351d1c,0.2744,False,0.387,0.8452,0.8065
1265,388,24,9,388_chunk_13e2dd14-87d1-4d98-9d99-8a3a4c9680dc,0.2323,False,0.4008,0.8452,0.8065
1265,388,24,10,388_chunk_78af6ebb-9991-4530-a79f-5f596b55da23,0.1984,False,0.4109,0.8452,0.8065
1265,388,31,1,388_chunk_99787873-d8ce-4a83-8de0-d9d73504451e,1.7612,False,0.3562,0.8,0.75
1265,388,31,2,388_chunk_b2ca81b2-9c86-4b09-8cc1-582967ede7d2,1.3522,True,0.4995,0.8,0.75
1265,388,31,3,388_chunk_e5153ac5-1a72-4953-95b4-5c864c548011,1.2132,False,0.3672,0.8,0.75
1265,388,31,4,388_chunk_edf4bffc-7659-436e-a825-7595c9105d67,1.0416,True,0.4668,0.8,0.75
1265,388,31,5,388_chunk_209a5a80-430e-4e21-988c-67000a9b2ba4,0.5241,False,0.3496,0.8,0.75
1265,388,31,6,388_chunk_48f14534-2fc4-4386-9c8a-e0dabda342ee,0.4812,False,0.3299,0.8,0.75
1265,388,31,7,388_chunk_101afee1-9d47-405f-9449-a2087221847f,0.3446,False,0.3496,0.8,0.75
1265,388,31,8,388_chunk_65997b18-4158-49f8-b372-8379fa351d1c,0.2744,False,0.3442,0.8,0.75
1265,388,31,9,388_chunk_13e2dd14-87d1-4d98-9d99-8a3a4c9680dc,0.2323,False,0.3565,0.8,0.75
1265,388,31,10,388_chunk_78af6ebb-9991-4530-a79f-5f596b55da23,0.1984,False,0.3335,0.8,0.75
951,276,0,1,276_chunk_597196e1-59f0-40aa-8e94-f500a388e528,4.0765,False,0.3604,1.0,1.0
951,276,0,2,276_chunk_b32fd720-d681-4ea1-bbda-37184d09ed2e,2.4553,False,0.3807,1.0,1.0
951,276,0,3,276_chunk_0b089a16-e818-4389-b5f4-7c68b962f12e,1.9906,False,0.3478,1.0,1.0
951,276,0,4,276_chunk_f5fc23af-54bf-4420-af45-54072fba4492,1.8869,False,0.358,1.0,1.0
951,276,0,5,276_chunk_d1571d22-0f34-42f4-b216-4e75fa92a8c2,1.7559,False,0.3638,1.0,1.0
951,276,0,6,276_chunk_48a5c5d8-9145-4764-98a1-1fec11de5fe8,1.7319,False,0.342,1.0,1.0
951,276,0,7,276_chunk_c8c52f14-6d09-4039-809c-4a02e87f6e62,1.4917,False,0.3545,1.0,1.0
951,276,0,8,276_chunk_662e9221-d999-48a5-9161-8886171930c7,1.4304,False,0.3503,1.0,1.0
951,276,0,9,276_chunk_db65ec6e-8d48-49a0-89e2-509629e398e9,1.3744,False,0.352,1.0,1.0
951,276,0,10,276_chunk_5021e489-7161-4c17-9997-5dc02bb00d17,1.3656,True,0.3345,1.0,1.0
951,276,4,1,276_chunk_597196e1-59f0-40aa-8e94-f500a388e528,4.0765,False,0.3899,0.9742,0.9677
951,276,4,2,276_chunk_b32fd720-d681-4ea1-bbda-37184d09ed2e,2.4553,False,0.3994,0.9742,0.9677
951,276,4,3,276_chunk_0b089a16-e818-4389-b5f4-7c68b962f12e,1.9906,False,0.4185,0.9742,0.9677
951,276,4,4,276_chunk_f5fc23af-54bf-4420-af45-54072fba4492,1.8869,False,0.4086,0.9742,0.9677
951,276,4,5,276_chunk_d1571d22-0f34-42f4-b216-4e75fa92a8c2,1.7559,False,0.4325,0.9742,0.9677
951,276,4,6,276_chunk_48a5c5d8-9145-4764-98a1-1fec11de5fe8,1.7319,False,0.3741,0.9742,0.9677
951,276,4,7,276_chunk_c8c52f14-6d09-4039-809c-4a02e87f6e62,1.4917,False,0.4069,0.9742,0.9677
951,276,4,8,276_chunk_662e9221-d999-48a5-9161-8886171930c7,1.4304,False,0.3931,0.9742,0.9677
951,276,4,9,276_chunk_db65ec6e-8d48-49a0-89e2-509629e398e9,1.3744,False,0.4332,0.9742,0.9677
951,276,4,10,276_chunk_5021e489-7161-4c17-9997-5dc02bb00d17,1.3656,True,0.3888,0.9742,0.9677
951,276,8,1,276_chunk_597196e1-59f0-40aa-8e94-f500a388e528,4.0765,False,0.4057,0.9484,0.9355
951,276,8,2,276_chunk_b32fd720-d681-4ea1-bbda-37184d09ed2e,2.4553,False,0.4105,0.9484,0.9355
951,276,8,3,276_chunk_0b089a16-e818-4389-b5f4-7c68b962f12e,1.9906,False,0.38,0.9484,0.9355
951,276,8,4,276_chunk_f5fc23af-54bf-4420-af45-54072fba4492,1.8869,False,0.412,0.9484,0.9355
951,276,8,5,276_chunk_d1571d22-0f34-42f4-b216-4e75fa92a8c2,1.7559,False,0.4073,0.9484,0.9355
951,276,8,6,276_chunk_48a5c5d8-9145-4764-98a1-1fec11de5fe8,1.7319,False,0.4255,0.9484,0.9355
951,276,8,7,276_chunk_c8c52f14-6d09-4039-809c-4a02e87f6e62,1.4917,False,0.4293,0.9484,0.9355
951,276,8,8,276_chunk_662e9221-d999-48a5-9161-8886171930c7,1.4304,False,0.46,0.9484,0.9355
951,276,8,9,276_chunk_db65ec6e-8d48-49a0-89e2-509629e398e9,1.3744,False,0.4415,0.9484,0.9355
951,276,8,10,276_chunk_5021e489-7161-4c17-9997-5dc02bb00d17,1.3656,True,0.4419,0.9484,0.9355
951,276,16,1,276_chunk_597196e1-59f0-40aa-8e94-f500a388e528,4.0765,False,0.4319,0.8968,0.871
951,276,16,2,276_chunk_b32fd720-d681-4ea1-bbda-37184d09ed2e,2.4553,False,0.4597,0.8968,0.871
951,276,16,3,276_chunk_0b089a16-e818-4389-b5f4-7c68b962f12e,1.9906,False,0.4235,0.8968,0.871
951,276,16,4,276_chunk_f5fc23af-54bf-4420-af45-54072fba4492,1.8869,False,0.4865,0.8968,0.871
951,276,16,5,276_chunk_d1571d22-0f34-42f4-b216-4e75fa92a8c2,1.7559,False,0.4735,0.8968,0.871
951,276,16,6,276_chunk_48a5c5d8-9145-4764-98a1-1fec11de5fe8,1.7319,False,0.4405,0.8968,0.871
951,276,16,7,276_chunk_c8c52f14-6d09-4039-809c-4a02e87f6e62,1.4917,False,0.4156,0.8968,0.871
951,276,16,8,276_chunk_662e9221-d999-48a5-9161-8886171930c7,1.4304,False,0.4769,0.8968,0.871
951,276,16,9,276_chunk_db65ec6e-8d48-49a0-89e2-509629e398e9,1.3744,False,0.4476,0.8968,0.871
951,276,16,10,276_chunk_5021e489-7161-4c17-9997-5dc02bb00d17,1.3656,True,0.5366,0.8968,0.871
951,276,24,1,276_chunk_597196e1-59f0-40aa-8e94-f500a388e528,4.0765,False,0.3832,0.8452,0.8065
951,276,24,2,276_chunk_b32fd720-d681-4ea1-bbda-37184d09ed2e,2.4553,False,0.4031,0.8452,0.8065
951,276,24,3,276_chunk_0b089a16-e818-4389-b5f4-7c68b962f12e,1.9906,False,0.4152,0.8452,0.8065
951,276,24,4,276_chunk_f5fc23af-54bf-4420-af45-54072fba4492,1.8869,False,0.4161,0.8452,0.8065
951,276,24,5,276_chunk_d1571d22-0f34-42f4-b216-4e75fa92a8c2,1.7559,False,0.4061,0.8452,0.8065
951,276,24,6,276_chunk_48a5c5d8-9145-4764-98a1-1fec11de5fe8,1.7319,False,0.4276,0.8452,0.8065
951,276,24,7,276_chunk_c8c52f14-6d09-4039-809c-4a02e87f6e62,1.4917,False,0.3938,0.8452,0.8065
951,276,24,8,276_chunk_662e9221-d999-48a5-9161-8886171930c7,1.4304,False,0.4123,0.8452,0.8065
951,276,24,9,276_chunk_db65ec6e-8d48-49a0-89e2-509629e398e9,1.3744,False,0.4175,0.8452,0.8065
951,276,24,10,276_chunk_5021e489-7161-4c17-9997-5dc02bb00d17,1.3656,True,0.5183,0.8452,0.8065
951,276,31,1,276_chunk_597196e1-59f0-40aa-8e94-f500a388e528,4.0765,False,0.3642,0.8,0.75
951,276,31,2,276_chunk_b32fd720-d681-4ea1-bbda-37184d09ed2e,2.4553,False,0.3275,0.8,0.75
951,276,31,3,276_chunk_0b089a16-e818-4389-b5f4-7c68b962f12e,1.9906,False,0.3193,0.8,0.75
951,276,31,4,276_chunk_f5fc23af-54bf-4420-af45-54072fba4492,1.8869,False,0.3756,0.8,0.75
951,276,31,5,276_chunk_d1571d22-0f34-42f4-b216-4e75fa92a8c2,1.7559,False,0.3566,0.8,0.75
951,276,31,6,276_chunk_48a5c5d8-9145-4764-98a1-1fec11de5fe8,1.7319,False,0.335,0.8,0.75
951,276,31,7,276_chunk_c8c52f14-6d09-4039-809c-4a02e87f6e62,1.4917,False,0.381,0.8,0.75
951,276,31,8,276_chunk_662e9221-d999-48a5-9161-8886171930c7,1.4304,False,0.3523,0.8,0.75
951,276,31,9,276_chunk_db65ec6e-8d48-49a0-89e2-509629e398e9,1.3744,False,0.3736,0.8,0.75
951,276,31,10,276_chunk_5021e489-7161-4c17-9997-5dc02bb00d17,1.3656,True,0.4714,0.8,0.75
1495,467,0,1,467_chunk_1a966ac8-eaa4-4e6e-af1a-3dca8bd6544b,1.7255,True,0.3912,1.0,1.0
1495,467,0,2,467_chunk_863e6136-e8f6-4d1d-b5ab-c76e87893ba7,1.3221,False,0.3851,1.0,1.0
1495,467,0,3,467_chunk_63ea67ae-f80c-444b-af3f-35d09a9664bf,1.1879,False,0.345,1.0,1.0
1495,467,0,4,467_chunk_561f01aa-d818-42b6-80b6-a5e8c5411361,1.1295,False,0.3694,1.0,1.0
1495,467,0,5,467_chunk_654d9c50-d9a0-41a7-9e4e-3bdb77503933,0.8167,True,0.3629,1.0,1.0
1495,467,0,6,467_chunk_2f086321-10ba-4609-ab63-51fa91b17938,0.6429,False,0.3774,1.0,1.0
1495,467,0,7,467_chunk_4c723cea-e377-4b35-892e-a074fae9a074,0.3055,False,0.3307,1.0,1.0
1495,467,0,8,467_chunk_18190a4d-0bef-4470-a948-f2d13b4dbb06,0.2762,False,0.3637,1.0,1.0
1495,467,0,9,467_chunk_cf93dcc6-d183-4d63-83e2-eb7b661353de,0.0,False,0.3712,1.0,1.0
1495,467,0,10,467_pad_10,0.0,False,0.3148,1.0,1.0
1495,467,4,1,467_chunk_1a966ac8-eaa4-4e6e-af1a-3dca8bd6544b,1.7255,True,0.3813,0.9742,0.9677
1495,467,4,2,467_chunk_863e6136-e8f6-4d1d-b5ab-c76e87893ba7,1.3221,False,0.3487,0.9742,0.9677
1495,467,4,3,467_chunk_63ea67ae-f80c-444b-af3f-35d09a9664bf,1.1879,False,0.384,0.9742,0.9677
1495,467,4,4,467_chunk_561f01aa-d818-42b6-80b6-a5e8c5411361,1.1295,False,0.4038,0.9742,0.9677
1495,467,4,5,467_chunk_654d9c50-d9a0-41a7-9e4e-3bdb77503933,0.8167,True,0.435,0.9742,0.9677
1495,467,4,6,467_chunk_2f086321-10ba-4609-ab63-51fa91b17938,0.6429,False,0.3909,0.9742,0.9677
1495,467,4,7,467_chunk_4c723cea-e377-4b35-892e-a074fae9a074,0.3055,False,0.422,0.9742,0.9677
1495,467,4,8,467_chunk_18190a4d-0bef-4470-a948-f2d13b4dbb06,0.2762,False,0.3618,0.9742,0.9677
1495,467,4,9,467_chunk_cf93dcc6-d183-4d63-83e2-eb7b661353de,0.0,False,0.3554,0.9742,0.9677
1495,467,4,10,467_pad_10,0.0,False,0.3883,0.9742,0.9677
1495,467,8,1,467_chunk_1a966ac8-eaa4-4e6e-af1a-3dca8bd6544b,1.7255,True,0.4611,0.9484,0.9355
1495,467,8,2,467_chunk_863e6136-e8f6-4d1d-b5ab-c76e87893ba7,1.3221,False,0.4218,0.9484,0.9355
1495,467,8,3,467_chunk_63ea67ae-f80c-444b-af3f-35d09a9664bf,1.1879,False,0.3811,0.9484,0.9355
1495,467,8,4,467_chunk_561f01aa-d818-42b6-80b6-a5e8c5411361,1.1295,False,0.4207,0.9484,0.9355
1495,467,8,5,467_chunk_654d9c50-d9a0-41a7-9e4e-3bdb77503933,0.8167,True,0.4274,0.9484,0.9355
1495,467,8,6,467_chunk_2f086321-10ba-4609-ab63-51fa91b17938,0.6429,False,0.4359,0.9484,0.9355
1495,467,8,7,467_chunk_4c723cea-e377-4b35-892e-a074fae9a074,0.3055,False,0.4298,0.9484,0.9355
1495,467,8,8,467_chunk_18190a4d-0bef-4470-a948-f2d13b4dbb06,0.2762,False,0.4037,0.9484,0.9355
1495,467,8,9,467_chunk_cf93dcc6-d183-4d63-83e2-eb7b661353de,0.0,False,0.4122,0.9484,0.9355
1495,467,8,10,467_pad_10,0.0,False,0.4013,0.9484,0.9355
1495,467,16,1,467_chunk_1a966ac8-eaa4-4e6e-af1a-3dca8bd6544b,1.7255,True,0.5106,0.8968,0.871
1495,467,16,2,467_chunk_863e6136-e8f6-4d1d-b5ab-c76e87893ba7,1.3221,False,0.469,0.8968,0.871
1495,467,16,3,467_chunk_63ea67ae-f80c-444b-af3f-35d09a9664bf,1.1879,False,0.4302,0.8968,0.871
1495,467,16,4,467_chunk_561f01aa-d818-42b6-80b6-a5e8c5411361,1.1295,False,0.46,0.8968,0.871
1495,467,16,5,467_chunk_654d9c50-d9a0-41a7-9e4e-3bdb77503933,0.8167,True,0.5012,0.8968,0.871
1495,467,16,6,467_chunk_2f086321-10ba-4609-ab63-51fa91b17938,0.6429,False,0.434,0.8968,0.871
1495,467,16,7,467_chunk_4c723cea-e377-4b35-892e-a074fae9a074,0.3055,False,0.4477,0.8968,0.871
1495,467,16,8,467_chunk_18190a4d-0bef-4470-a948-f2d13b4dbb06,0.2762,False,0.4292,0.8968,0.871
1495,467,16,9,467_chunk_cf93dcc6-d183-4d63-83e2-eb7b661353de,0.0,False,0.4388,0.8968,0.871
1495,467,16,10,467_pad_10,0.0,False,0.4259,0.8968,0.871
1495,467,24,1,467_chunk_1a966ac8-eaa4-4e6e-af1a-3dca8bd6544b,1.7255,True,0.5473,0.8452,0.8065
1495,467,24,2,467_chunk_863e6136-e8f6-4d1d-b5ab-c76e87893ba7,1.3221,False,0.4158,0.8452,0.8065
1495,467,24,3,467_chunk_63ea67ae-f80c-444b-af3f-35d09a9664bf,1.1879,False,0.4011,0.8452,0.8065
1495,467,24,4,467_chunk_561f01aa-d818-42b6-80b6-a5e8c5411361,1.1295,False,0.4194,0.8452,0.8065
1495,467,24,5,467_chunk_654d9c50-d9a0-41a7-9e4e-3bdb77503933,0.8167,True,0.5058,0.8452,0.8065
1495,467,24,6,467_chunk_2f086321-10ba-4609-ab63-51fa91b17938,0.6429,False,0.4107,0.8452,0.8065
1495,467,24,7,467_chunk_4c723cea-e377-4b35-892e-a074fae9a074,0.3055,False,0.4274,0.8452,0.8065
1495,467,24,8,467_chunk_18190a4d-0bef-4470-a948-f2d13b4dbb06,0.2762,False,0.4303,0.8452,0.8065
1495,467,24,9,467_chunk_cf93dcc6-d183-4d63-83e2-eb7b661353de,0.0,False,0.4045,0.8452,0.8065
1495,467,24,10,467_pad_10,0.0,False,0.4036,0.8452,0.8065
1495,467,31,1,467_chunk_1a966ac8-eaa4-4e6e-af1a-3dca8bd6544b,1.7255,True,0.4645,0.8,0.75
1495,467,31,2,467_chunk_863e6136-e8f6-4d1d-b5ab-c76e87893ba7,1.3221,False,0.304,0.8,0.75
1495,467,31,3,467_chunk_63ea67ae-f80c-444b-af3f-35d09a9664bf,1.1879,False,0.3197,0.8,0.75
1495,467,31,4,467_chunk_561f01aa-d818-42b6-80b6-a5e8c5411361,1.1295,False,0.3773,0.8,0.75
1495,467,31,5,467_chunk_654d9c50-d9a0-41a7-9e4e-3bdb77503933,0.8167,True,0.5029,0.8,0.75
1495,467,31,6,467_chunk_2f086321-10ba-4609-ab63-51fa91b17938,0.6429,False,0.345,0.8,0.75
1495,467,31,7,467_chunk_4c723cea-e377-4b35-892e-a074fae9a074,0.3055,False,0.3615,0.8,0.75
1495,467,31,8,467_chunk_18190a4d-0bef-4470-a948-f2d13b4dbb06,0.2762,False,0.3562,0.8,0.75
1495,467,31,9,467_chunk_cf93dcc6-d183-4d63-83e2-eb7b661353de,0.0,False,0.4116,0.8,0.75
1495,467,31,10,467_pad_10,0.0,False,0.3724,0.8,0.75
550,150,0,1,150_chunk_062c4259-790e-485f-8a07-84d9adb45af9,2.4337,True,0.3474,1.0,1.0
550,150,0,2,150_chunk_9b7b831f-04f9-4474-85d1-38beaed99bcf,1.7014,True,0.3309,1.0,1.0
550,150,0,3,150_chunk_cf05167e-e24b-4102-924b-906fc88f5258,1.6412,True,0.3179,1.0,1.0
550,150,0,4,150_chunk_36fa3324-ed40-44b1-b424-2a2fefbd85db,1.2362,False,0.3541,1.0,1.0
550,150,0,5,150_chunk_124ab712-3e60-479f-b7cc-e1348b6b07d7,1.0066,False,0.3349,1.0,1.0
550,150,0,6,150_chunk_ac336844-598d-4cd6-9db3-bdea5a06e2c8,0.8768,False,0.3216,1.0,1.0
550,150,0,7,150_chunk_19ad0c10-8ec4-4157-80b0-4a038509ce3b,0.8448,False,0.3371,1.0,1.0
550,150,0,8,150_chunk_c0acb436-1643-48e4-852e-0fa9f4da74bc,0.66,False,0.3284,1.0,1.0
550,150,0,9,150_chunk_51685794-05ce-47c3-9b97-1ac3c94b8213,0.6425,False,0.3837,1.0,1.0
550,150,0,10,150_chunk_01232135-f0bd-46b5-b263-55b77eb1f94e,0.5844,False,0.3676,1.0,1.0
550,150,4,1,150_chunk_062c4259-790e-485f-8a07-84d9adb45af9,2.4337,True,0.4048,0.9742,0.9677
550,150,4,2,150_chunk_9b7b831f-04f9-4474-85d1-38beaed99bcf,1.7014,True,0.4345,0.9742,0.9677
550,150,4,3,150_chunk_cf05167e-e24b-4102-924b-906fc88f5258,1.6412,True,0.4065,0.9742,0.9677
550,150,4,4,150_chunk_36fa3324-ed40-44b1-b424-2a2fefbd85db,1.2362,False,0.3722,0.9742,0.9677
550,150,4,5,150_chunk_124ab712-3e60-479f-b7cc-e1348b6b07d7,1.0066,False,0.4199,0.9742,0.9677
550,150,4,6,150_chunk_ac336844-598d-4cd6-9db3-bdea5a06e2c8,0.8768,False,0.4002,0.9742,0.9677
550,150,4,7,150_chunk_19ad0c10-8ec4-4157-80b0-4a038509ce3b,0.8448,False,0.3687,0.9742,0.9677
550,150,4,8,150_chunk_c0acb436-1643-48e4-852e-0fa9f4da74bc,0.66,False,0.3856,0.9742,0.9677
550,150,4,9,150_chunk_51685794-05ce-47c3-9b97-1ac3c94b8213,0.6425,False,0.3719,0.9742,0.9677
550,150,4,10,150_chunk_01232135-f0bd-46b5-b263-55b77eb1f94e,0.5844,False,0.3618,0.9742,0.9677
550,150,8,1,150_chunk_062c4259-790e-485f-8a07-84d9adb45af9,2.4337,True,0.472,0.9484,0.9355
550,150,8,2,150_chunk_9b7b831f-04f9-4474-85d1-38beaed99bcf,1.7014,True,0.4916,0.9484,0.9355
550,150,8,3,150_chunk_cf05167e-e24b-4102-924b-906fc88f5258,1.6412,True,0.4255,0.9484,0.9355
550,150,8,4,150_chunk_36fa3324-ed40-44b1-b424-2a2fefbd85db,1.2362,False,0.4337,0.9484,0.9355
550,150,8,5,150_chunk_124ab712-3e60-479f-b7cc-e1348b6b07d7,1.0066,False,0.4095,0.9484,0.9355
550,150,8,6,150_chunk_ac336844-598d-4cd6-9db3-bdea5a06e2c8,0.8768,False,0.4127,0.9484,0.9355
550,150,8,7,150_chunk_19ad0c10-8ec4-4157-80b0-4a038509ce3b,0.8448,False,0.4106,0.9484,0.9355
550,150,8,8,150_chunk_c0acb436-1643-48e4-852e-0fa9f4da74bc,0.66,False,0.4052,0.9484,0.9355
550,150,8,9,150_chunk_51685794-05ce-47c3-9b97-1ac3c94b8213,0.6425,False,0.4234,0.9484,0.9355
550,150,8,10,150_chunk_01232135-f0bd-46b5-b263-55b77eb1f94e,0.5844,False,0.4059,0.9484,0.9355
550,150,16,1,150_chunk_062c4259-790e-485f-8a07-84d9adb45af9,2.4337,True,0.5172,0.8968,0.871
550,150,16,2,150_chunk_9b7b831f-04f9-4474-85d1-38beaed99bcf,1.7014,True,0.5108,0.8968,0.871
550,150,16,3,150_chunk_cf05167e-e24b-4102-924b-906fc88f5258,1.6412,True,0.507,0.8968,0.871
550,150,16,4,150_chunk_36fa3324-ed40-44b1-b424-2a2fefbd85db,1.2362,False,0.4317,0.8968,0.871
550,150,16,5,150_chunk_124ab712-3e60-479f-b7cc-e1348b6b07d7,1.0066,False,0.4383,0.8968,0.871
550,150,16,6,150_chunk_ac336844-598d-4cd6-9db3-bdea5a06e2c8,0.8768,False,0.465,0.8968,0.871
550,150,16,7,150_chunk_19ad0c10-8ec4-4157-80b0-4a038509ce3b,0.8448,False,0.4599,0.8968,0.871
550,150,16,8,150_chunk_c0acb436-1643-48e4-852e-0fa9f4da74bc,0.66,False,0.4303,0.8968,0.871
550,150,16,9,150_chunk_51685794-05ce-47c3-9b97-1ac3c94b8213,0.6425,False,0.4519,0.8968,0.871
550,150,16,10,150_chunk_01232135-f0bd-46b5-b263-55b77eb1f94e,0.5844,False,0.4649,0.8968,0.871
550,150,24,1,150_chunk_062c4259-790e-485f-8a07-84d9adb45af9,2.4337,True,0.4747,0.8452,0.8065
550,150,24,2,150_chunk_9b7b831f-04f9-4474-85d1-38beaed99bcf,1.7014,True,0.5189,0.8452,0.8065
550,150,24,3,150_chunk_cf05167e-e24b-4102-924b-906fc88f5258,1.6412,True,0.4948,0.8452,0.8065
550,150,24,4,150_chunk_36fa3324-ed40-44b1-b424-2a2fefbd85db,1.2362,False,0.4265,0.8452,0.8065
550,150,24,5,150_chunk_124ab712-3e60-479f-b7cc-e1348b6b07d7,1.0066,False,0.3999,0.8452,0.8065
550,150,24,6,150_chunk_ac336844-598d-4cd6-9db3-bdea5a06e2c8,0.8768,False,0.379,0.8452,0.8065
550,150,24,7,150_chunk_19ad0c10-8ec4-4157-80b0-4a038509ce3b,0.8448,False,0.3826,0.8452,0.8065
550,150,24,8,150_chunk_c0acb436-1643-48e4-852e-0fa9f4da74bc,0.66,False,0.4161,0.8452,0.8065
550,150,24,9,150_chunk_51685794-05ce-47c3-9b97-1ac3c94b8213,0.6425,False,0.4203,0.8452,0.8065
550,150,24,10,150_chunk_01232135-f0bd-46b5-b263-55b77eb1f94e,0.5844,False,0.3971,0.8452,0.8065
550,150,31,1,150_chunk_062c4259-790e-485f-8a07-84d9adb45af9,2.4337,True,0.4828,0.8,0.75
550,150,31,2,150_chunk_9b7b831f-04f9-4474-85d1-38beaed99bcf,1.7014,True,0.4368,0.8,0.75
550,150,31,3,150_chunk_cf05167e-e24b-4102-924b-906fc88f5258,1.6412,True,0.4687,0.8,0.75
550,150,31,4,150_chunk_36fa3324-ed40-44b1-b424-2a2fefbd85db,1.2362,False,0.3258,0.8,0.75
550,150,31,5,150_chunk_124ab712-3e60-479f-b7cc-e1348b6b07d7,1.0066,False,0.337,0.8,0.75
550,150,31,6,150_chunk_ac336844-598d-4cd6-9db3-bdea5a06e2c8,0.8768,False,0.3509,0.8,0.75
550,150,31,7,150_chunk_19ad0c10-8ec4-4157-80b0-4a038509ce3b,0.8448,False,0.3328,0.8,0.75
550,150,31,8,150_chunk_c0acb436-1643-48e4-852e-0fa9f4da74bc,0.66,False,0.3423,0.8,0.75
550,150,31,9,150_chunk_51685794-05ce-47c3-9b97-1ac3c94b8213,0.6425,False,0.3701,0.8,0.75
550,150,31,10,150_chunk_01232135-f0bd-46b5-b263-55b77eb1f94e,0.5844,False,0.3385,0.8,0.75
1377,423,0,1,423_chunk_ed3037c5-9b93-4060-9bf0-18087799a0f9,2.2704,False,0.3667,1.0,1.0
1377,423,0,2,423_chunk_e1340759-eeb5-4d24-b60d-cbc85feab4a6,2.1611,False,0.3274,1.0,1.0
1377,423,0,3,423_chunk_e2a99b17-c228-49ca-bf26-c6578f01adb1,1.7625,False,0.3606,1.0,1.0
1377,423,0,4,423_chunk_7cd857a2-4ade-4e38-ba48-0ff6d1b537fc,1.7572,False,0.3788,1.0,1.0
1377,423,0,5,423_chunk_bfea7c71-1ef9-4557-9163-1c6f5f89d73b,1.727,True,0.3006,1.0,1.0
1377,423,0,6,423_chunk_0db00322-73fe-465c-8af6-d56e8830c823,1.5732,False,0.3341,1.0,1.0
1377,423,0,7,423_chunk_c16749d0-9081-401a-9263-baff85ffb5cc,1.5145,False,0.3615,1.0,1.0
1377,423,0,8,423_chunk_9c636bdb-251e-4e40-bcc3-2e7ae9b9070b,1.5086,False,0.3459,1.0,1.0
1377,423,0,9,423_chunk_5eaeedac-cd08-4108-94be-f550bb62d330,1.4761,False,0.3574,1.0,1.0
1377,423,0,10,423_chunk_d1072745-744d-44b1-bfa3-e027628ac12c,1.4562,False,0.3379,1.0,1.0
1377,423,4,1,423_chunk_ed3037c5-9b93-4060-9bf0-18087799a0f9,2.2704,False,0.3912,0.9742,0.9677
1377,423,4,2,423_chunk_e1340759-eeb5-4d24-b60d-cbc85feab4a6,2.1611,False,0.3863,0.9742,0.9677
1377,423,4,3,423_chunk_e2a99b17-c228-49ca-bf26-c6578f01adb1,1.7625,False,0.4128,0.9742,0.9677
1377,423,4,4,423_chunk_7cd857a2-4ade-4e38-ba48-0ff6d1b537fc,1.7572,False,0.3945,0.9742,0.9677
1377,423,4,5,423_chunk_bfea7c71-1ef9-4557-9163-1c6f5f89d73b,1.727,True,0.4117,0.9742,0.9677
1377,423,4,6,423_chunk_0db00322-73fe-465c-8af6-d56e8830c823,1.5732,False,0.3812,0.9742,0.9677
1377,423,4,7,423_chunk_c16749d0-9081-401a-9263-baff85ffb5cc,1.5145,False,0.3797,0.9742,0.9677
1377,423,4,8,423_chunk_9c636bdb-251e-4e40-bcc3-2e7ae9b9070b,1.5086,False,0.3808,0.9742,0.9677
1377,423,4,9,423_chunk_5eaeedac-cd08-4108-94be-f550bb62d330,1.4761,False,0.3973,0.9742,0.9677
1377,423,4,10,423_chunk_d1072745-744d-44b1-bfa3-e027628ac12c,1.4562,False,0.381,0.9742,0.9677
1377,423,8,1,423_chunk_ed3037c5-9b93-4060-9bf0-18087799a0f9,2.2704,False,0.4283,0.9484,0.9355
1377,423,8,2,423_chunk_e1340759-eeb5-4d24-b60d-cbc85feab4a6,2.1611,False,0.464,0.9484,0.9355
1377,423,8,3,423_chunk_e2a99b17-c228-49ca-bf26-c6578f01adb1,1.7625,False,0.4399,0.9484,0.9355
1377,423,8,4,423_chunk_7cd857a2-4ade-4e38-ba48-0ff6d1b537fc,1.7572,False,0.416,0.9484,0.9355
1377,423,8,5,423_chunk_bfea7c71-1ef9-4557-9163-1c6f5f89d73b,1.727,True,0.4775,0.9484,0.9355
1377,423,8,6,423_chunk_0db00322-73fe-465c-8af6-d56e8830c823,1.5732,False,0.4143,0.9484,0.9355
1377,423,8,7,423_chunk_c16749d0-9081-401a-9263-baff85ffb5cc,1.5145,False,0.3817,0.9484,0.9355
1377,423,8,8,423_chunk_9c636bdb-251e-4e40-bcc3-2e7ae9b9070b,1.5086,False,0.4023,0.9484,0.9355
1377,423,8,9,423_chunk_5eaeedac-cd08-4108-94be-f550bb62d330,1.4761,False,0.3851,0.9484,0.9355
1377,423,8,10,423_chunk_d1072745-744d-44b1-bfa3-e027628ac12c,1.4562,False,0.4154,0.9484,0.9355
1377,423,16,1,423_chunk_ed3037c5-9b93-4060-9bf0-18087799a0f9,2.2704,False,0.4502,0.8968,0.871
1377,423,16,2,423_chunk_e1340759-eeb5-4d24-b60d-cbc85feab4a6,2.1611,False,0.4834,0.8968,0.871
1377,423,16,3,423_chunk_e2a99b17-c228-49ca-bf26-c6578f01adb1,1.7625,False,0.4564,0.8968,0.871
1377,423,16,4,423_chunk_7cd857a2-4ade-4e38-ba48-0ff6d1b537fc,1.7572,False,0.4455,0.8968,0.871
1377,423,16,5,423_chunk_bfea7c71-1ef9-4557-9163-1c6f5f89d73b,1.727,True,0.5284,0.8968,0.871
1377,423,16,6,423_chunk_0db00322-73fe-465c-8af6-d56e8830c823,1.5732,False,0.4056,0.8968,0.871
1377,423,16,7,423_chunk_c16749d0-9081-401a-9263-baff85ffb5cc,1.5145,False,0.4546,0.8968,0.871
1377,423,16,8,423_chunk_9c636bdb-251e-4e40-bcc3-2e7ae9b9070b,1.5086,False,0.4653,0.8968,0.871
1377,423,16,9,423_chunk_5eaeedac-cd08-4108-94be-f550bb62d330,1.4761,False,0.4203,0.8968,0.871
1377,423,16,10,423_chunk_d1072745-744d-44b1-bfa3-e027628ac12c,1.4562,False,0.4727,0.8968,0.871
1377,423,24,1,423_chunk_ed3037c5-9b93-4060-9bf0-18087799a0f9,2.2704,False,0.4219,0.8452,0.8065
1377,423,24,2,423_chunk_e1340759-eeb5-4d24-b60d-cbc85feab4a6,2.1611,False,0.4068,0.8452,0.8065
1377,423,24,3,423_chunk_e2a99b17-c228-49ca-bf26-c6578f01adb1,1.7625,False,0.4278,0.8452,0.8065
1377,423,24,4,423_chunk_7cd857a2-4ade-4e38-ba48-0ff6d1b537fc,1.7572,False,0.4606,0.8452,0.8065
1377,423,24,5,423_chunk_bfea7c71-1ef9-4557-9163-1c6f5f89d73b,1.727,True,0.5117,0.8452,0.8065
1377,423,24,6,423_chunk_0db00322-73fe-465c-8af6-d56e8830c823,1.5732,False,0.4201,0.8452,0.8065
1377,423,24,7,423_chunk_c16749d0-9081-401a-9263-baff85ffb5cc,1.5145,False,0.406,0.8452,0.8065
1377,423,24,8,423_chunk_9c636bdb-251e-4e40-bcc3-2e7ae9b9070b,1.5086,False,0.3981,0.8452,0.8065
1377,423,24,9,423_chunk_5eaeedac-cd08-4108-94be-f550bb62d330,1.4761,False,0.4317,0.8452,0.8065
1377,423,24,10,423_chunk_d1072745-744d-44b1-bfa3-e027628ac12c,1.4562,False,0.398,0.8452,0.8065
1377,423,31,1,423_chunk_ed3037c5-9b93-4060-9bf0-18087799a0f9,2.2704,False,0.3514,0.8,0.75
1377,423,31,2,423_chunk_e1340759-eeb5-4d24-b60d-cbc85feab4a6,2.1611,False,0.3404,0.8,0.75
1377,423,31,3,423_chunk_e2a99b17-c228-49ca-bf26-c6578f01adb1,1.7625,False,0.3596,0.8,0.75
1377,423,31,4,423_chunk_7cd857a2-4ade-4e38-ba48-0ff6d1b537fc,1.7572,False,0.3567,0.8,0.75
1377,423,31,5,423_chunk_bfea7c71-1ef9-4557-9163-1c6f5f89d73b,1.727,True,0.4908,0.8,0.75
1377,423,31,6,423_chunk_0db00322-73fe-465c-8af6-d56e8830c823,1.5732,False,0.3398,0.8,0.75
1377,423,31,7,423_chunk_c16749d0-9081-401a-9263-baff85ffb5cc,1.5145,False,0.3446,0.8,0.75
1377,423,31,8,423_chunk_9c636bdb-251e-4e40-bcc3-2e7ae9b9070b,1.5086,False,0.3304,0.8,0.75
1377,423,31,9,423_chunk_5eaeedac-cd08-4108-94be-f550bb62d330,1.4761,False,0.3411,0.8,0.75
1377,423,31,10,423_chunk_d1072745-744d-44b1-bfa3-e027628ac12c,1.4562,False,0.3575,0.8,0.75
1365,419,0,1,419_chunk_01ef3e5b-d534-44bd-b306-0ed08befdb78,1.0895,False,0.3651,1.0,1.0
1365,419,0,2,419_chunk_0c5ba591-422e-4c80-bc07-0cb6347e1d06,1.0089,True,0.3316,1.0,1.0
1365,419,0,3,419_chunk_06cfd14d-6acc-41a5-88e4-eb7d3b52a317,0.9799,True,0.3674,1.0,1.0
1365,419,0,4,419_chunk_f4391453-95a7-48bc-a0a2-03f5c11ee506,0.9525,True,0.3771,1.0,1.0
1365,419,0,5,419_chunk_7246f4b6-c542-4e23-8671-99727820d372,0.8981,False,0.3583,1.0,1.0
1365,419,0,6,419_chunk_0522f888-2f5c-4bcc-b0ad-285be39c066c,0.8289,True,0.3875,1.0,1.0
1365,419,0,7,419_chunk_6d2d373b-26c7-4e81-8b71-dab76139b071,0.0,False,0.3345,1.0,1.0
1365,419,0,8,419_chunk_39430db3-44c0-4132-81d3-1ed6cb8f4384,0.0,False,0.3251,1.0,1.0
1365,419,0,9,419_chunk_f9c63cb3-1e2e-4ba4-a44b-8e5f2ca4f7de,0.0,False,0.3144,1.0,1.0
1365,419,0,10,419_chunk_24bc9e15-bdbb-4cc7-91a0-67676ef5f60e,0.0,False,0.3799,1.0,1.0
1365,419,4,1,419_chunk_01ef3e5b-d534-44bd-b306-0ed08befdb78,1.0895,False,0.4025,0.9742,0.9677
1365,419,4,2,419_chunk_0c5ba591-422e-4c80-bc07-0cb6347e1d06,1.0089,True,0.4038,0.9742,0.9677
1365,419,4,3,419_chunk_06cfd14d-6acc-41a5-88e4-eb7d3b52a317,0.9799,True,0.4105,0.9742,0.9677
1365,419,4,4,419_chunk_f4391453-95a7-48bc-a0a2-03f5c11ee506,0.9525,True,0.3824,0.9742,0.9677
1365,419,4,5,419_chunk_7246f4b6-c542-4e23-8671-99727820d372,0.8981,False,0.4384,0.9742,0.9677
1365,419,4,6,419_chunk_0522f888-2f5c-4bcc-b0ad-285be39c066c,0.8289,True,0.4075,0.9742,0.9677
1365,419,4,7,419_chunk_6d2d373b-26c7-4e81-8b71-dab76139b071,0.0,False,0.3916,0.9742,0.9677
1365,419,4,8,419_chunk_39430db3-44c0-4132-81d3-1ed6cb8f4384,0.0,False,0.404,0.9742,0.9677
1365,419,4,9,419_chunk_f9c63cb3-1e2e-4ba4-a44b-8e5f2ca4f7de,0.0,False,0.3991,0.9742,0.9677
1365,419,4,10,419_chunk_24bc9e15-bdbb-4cc7-91a0-67676ef5f60e,0.0,False,0.3939,0.9742,0.9677
1365,419,8,1,419_chunk_01ef3e5b-d534-44bd-b306-0ed08befdb78,1.0895,False,0.4067,0.9484,0.9355
1365,419,8,2,419_chunk_0c5ba591-422e-4c80-bc07-0cb6347e1d06,1.0089,True,0.4629,0.9484,0.9355
1365,419,8,3,419_chunk_06cfd14d-6acc-41a5-88e4-eb7d3b52a317,0.9799,True,0.4911,0.9484,0.9355
1365,419,8,4,419_chunk_f4391453-95a7-48bc-a0a2-03f5c11ee506,0.9525,True,0.4804,0.9484,0.9355
1365,419,8,5,419_chunk_7246f4b6-c542-4e23-8671-99727820d372,0.8981,False,0.4543,0.9484,0.9355
1365,419,8,6,419_chunk_0522f888-2f5c-4bcc-b0ad-285be39c066c,0.8289,True,0.4432,0.9484,0.9355
1365,419,8,7,419_chunk_6d2d373b-26c7-4e81-8b71-dab76139b071,0.0,False,0.4027,0.9484,0.9355
1365,419,8,8,419_chunk_39430db3-44c0-4132-81d3-1ed6cb8f4384,0.0,False,0.42,0.9484,0.9355
1365,419,8,9,419_chunk_f9c63cb3-1e2e-4ba4-a44b-8e5f2ca4f7de,0.0,False,0.4236,0.9484,0.9355
1365,419,8,10,419_chunk_24bc9e15-bdbb-4cc7-91a0-67676ef5f60e,0.0,False,0.4444,0.9484,0.9355
1365,419,16,1,419_chunk_01ef3e5b-d534-44bd-b306-0ed08befdb78,1.0895,False,0.416,0.8968,0.871
1365,419,16,2,419_chunk_0c5ba591-422e-4c80-bc07-0cb6347e1d06,1.0089,True,0.5424,0.8968,0.871
1365,419,16,3,419_chunk_06cfd14d-6acc-41a5-88e4-eb7d3b52a317,0.9799,True,0.5086,0.8968,0.871
1365,419,16,4,419_chunk_f4391453-95a7-48bc-a0a2-03f5c11ee506,0.9525,True,0.5033,0.8968,0.871
1365,419,16,5,419_chunk_7246f4b6-c542-4e23-8671-99727820d372,0.8981,False,0.4296,0.8968,0.871
1365,419,16,6,419_chunk_0522f888-2f5c-4bcc-b0ad-285be39c066c,0.8289,True,0.4787,0.8968,0.871
1365,419,16,7,419_chunk_6d2d373b-26c7-4e81-8b71-dab76139b071,0.0,False,0.4663,0.8968,0.871
1365,419,16,8,419_chunk_39430db3-44c0-4132-81d3-1ed6cb8f4384,0.0,False,0.4513,0.8968,0.871
1365,419,16,9,419_chunk_f9c63cb3-1e2e-4ba4-a44b-8e5f2ca4f7de,0.0,False,0.4241,0.8968,0.871
1365,419,16,10,419_chunk_24bc9e15-bdbb-4cc7-91a0-67676ef5f60e,0.0,False,0.424,0.8968,0.871
1365,419,24,1,419_chunk_01ef3e5b-d534-44bd-b306-0ed08befdb78,1.0895,False,0.4084,0.8452,0.8065
1365,419,24,2,419_chunk_0c5ba591-422e-4c80-bc07-0cb6347e1d06,1.0089,True,0.5414,0.8452,0.8065
1365,419,24,3,419_chunk_06cfd14d-6acc-41a5-88e4-eb7d3b52a317,0.9799,True,0.5028,0.8452,0.8065
1365,419,24,4,419_chunk_f4391453-95a7-48bc-a0a2-03f5c11ee506,0.9525,True,0.478,0.8452,0.8065
1365,419,24,5,419_chunk_7246f4b6-c542-4e23-8671-99727820d372,0.8981,False,0.4102,0.8452,0.8065
1365,419,24,6,419_chunk_0522f888-2f5c-4bcc-b0ad-285be39c066c,0.8289,True,0.5026,0.8452,0.8065
1365,419,24,7,419_chunk_6d2d373b-26c7-4e81-8b71-dab76139b071,0.0,False,0.3612,0.8452,0.8065
1365,419,24,8,419_chunk_39430db3-44c0-4132-81d3-1ed6cb8f4384,0.0,False,0.4141,0.8452,0.8065
1365,419,24,9,419_chunk_f9c63cb3-1e2e-4ba4-a44b-8e5f2ca4f7de,0.0,False,0.4105,0.8452,0.8065
1365,419,24,10,419_chunk_24bc9e15-bdbb-4cc7-91a0-67676ef5f60e,0.0,False,0.4291,0.8452,0.8065
1365,419,31,1,419_chunk_01ef3e5b-d534-44bd-b306-0ed08befdb78,1.0895,False,0.387,0.8,0.75
1365,419,31,2,419_chunk_0c5ba591-422e-4c80-bc07-0cb6347e1d06,1.0089,True,0.4925,0.8,0.75
1365,419,31,3,419_chunk_06cfd14d-6acc-41a5-88e4-eb7d3b52a317,0.9799,True,0.4646,0.8,0.75
1365,419,31,4,419_chunk_f4391453-95a7-48bc-a0a2-03f5c11ee506,0.9525,True,0.4479,0.8,0.75
1365,419,31,5,419_chunk_7246f4b6-c542-4e23-8671-99727820d372,0.8981,False,0.4015,0.8,0.75
1365,419,31,6,419_chunk_0522f888-2f5c-4bcc-b0ad-285be39c066c,0.8289,True,0.4712,0.8,0.75
1365,419,31,7,419_chunk_6d2d373b-26c7-4e81-8b71-dab76139b071,0.0,False,0.3503,0.8,0.75
1365,419,31,8,419_chunk_39430db3-44c0-4132-81d3-1ed6cb8f4384,0.0,False,0.3495,0.8,0.75
1365,419,31,9,419_chunk_f9c63cb3-1e2e-4ba4-a44b-8e5f2ca4f7de,0.0,False,0.354,0.8,0.75
1365,419,31,10,419_chunk_24bc9e15-bdbb-4cc7-91a0-67676ef5f60e,0.0,False,0.3471,0.8,0.75
1401,431,0,1,431_chunk_4e67f703-b409-4f0d-b81c-6e507b8a320d,2.7608,False,0.3385,1.0,1.0
1401,431,0,2,431_chunk_5fe09df1-bd71-4182-b2e3-50ae4edc5b6e,1.6847,False,0.3391,1.0,1.0
1401,431,0,3,431_chunk_d512c6a7-ce6a-4e4d-bbeb-5f3dc16c746c,1.5045,True,0.3493,1.0,1.0
1401,431,0,4,431_chunk_c1c51f72-ca59-45ff-a2aa-ed03479173e2,1.2969,False,0.3391,1.0,1.0
1401,431,0,5,431_chunk_88ea68cf-5b6b-44a7-8a74-c0fe39caeb69,1.2691,False,0.3357,1.0,1.0
1401,431,0,6,431_chunk_b30e52c1-1ef4-4b48-8ce2-c9f4fbd9b552,1.2526,False,0.3521,1.0,1.0
1401,431,0,7,431_chunk_f9838a0a-262b-4e94-8327-1fbd8562dd10,1.1068,False,0.3449,1.0,1.0
1401,431,0,8,431_chunk_8a429184-7c0f-4cc0-b9db-8665329a0848,1.0753,False,0.3801,1.0,1.0
1401,431,0,9,431_chunk_7f496e64-8f4e-4a9c-97d2-984800c5a3b3,0.9261,False,0.297,1.0,1.0
1401,431,0,10,431_chunk_c9a5f1bd-bb6d-48c9-a168-23e09976ac30,0.9252,False,0.3718,1.0,1.0
1401,431,4,1,431_chunk_4e67f703-b409-4f0d-b81c-6e507b8a320d,2.7608,False,0.4144,0.9742,0.9677
1401,431,4,2,431_chunk_5fe09df1-bd71-4182-b2e3-50ae4edc5b6e,1.6847,False,0.348,0.9742,0.9677
1401,431,4,3,431_chunk_d512c6a7-ce6a-4e4d-bbeb-5f3dc16c746c,1.5045,True,0.3981,0.9742,0.9677
1401,431,4,4,431_chunk_c1c51f72-ca59-45ff-a2aa-ed03479173e2,1.2969,False,0.382,0.9742,0.9677
1401,431,4,5,431_chunk_88ea68cf-5b6b-44a7-8a74-c0fe39caeb69,1.2691,False,0.3613,0.9742,0.9677
1401,431,4,6,431_chunk_b30e52c1-1ef4-4b48-8ce2-c9f4fbd9b552,1.2526,False,0.3739,0.9742,0.9677
1401,431,4,7,431_chunk_f9838a0a-262b-4e94-8327-1fbd8562dd10,1.1068,False,0.3672,0.9742,0.9677
1401,431,4,8,431_chunk_8a429184-7c0f-4cc0-b9db-8665329a0848,1.0753,False,0.4245,0.9742,0.9677
1401,431,4,9,431_chunk_7f496e64-8f4e-4a9c-97d2-984800c5a3b3,0.9261,False,0.4081,0.9742,0.9677
1401,431,4,10,431_chunk_c9a5f1bd-bb6d-48c9-a168-23e09976ac30,0.9252,False,0.4149,0.9742,0.9677
1401,431,8,1,431_chunk_4e67f703-b409-4f0d-b81c-6e507b8a320d,2.7608,False,0.4369,0.9484,0.9355
1401,431,8,2,431_chunk_5fe09df1-bd71-4182-b2e3-50ae4edc5b6e,1.6847,False,0.3999,0.9484,0.9355
1401,431,8,3,431_chunk_d512c6a7-ce6a-4e4d-bbeb-5f3dc16c746c,1.5045,True,0.443,0.9484,0.9355
1401,431,8,4,431_chunk_c1c51f72-ca59-45ff-a2aa-ed03479173e2,1.2969,False,0.4323,0.9484,0.9355
1401,431,8,5,431_chunk_88ea68cf-5b6b-44a7-8a74-c0fe39caeb69,1.2691,False,0.398,0.9484,0.9355
1401,431,8,6,431_chunk_b30e52c1-1ef4-4b48-8ce2-c9f4fbd9b552,1.2526,False,0.4367,0.9484,0.9355
1401,431,8,7,431_chunk_f9838a0a-262b-4e94-8327-1fbd8562dd10,1.1068,False,0.4177,0.9484,0.9355
1401,431,8,8,431_chunk_8a429184-7c0f-4cc0-b9db-8665329a0848,1.0753,False,0.415,0.9484,0.9355
1401,431,8,9,431_chunk_7f496e64-8f4e-4a9c-97d2-984800c5a3b3,0.9261,False,0.4367,0.9484,0.9355
1401,431,8,10,431_chunk_c9a5f1bd-bb6d-48c9-a168-23e09976ac30,0.9252,False,0.4314,0.9484,0.9355
1401,431,16,1,431_chunk_4e67f703-b409-4f0d-b81c-6e507b8a320d,2.7608,False,0.4427,0.8968,0.871
1401,431,16,2,431_chunk_5fe09df1-bd71-4182-b2e3-50ae4edc5b6e,1.6847,False,0.4731,0.8968,0.871
1401,431,16,3,431_chunk_d512c6a7-ce6a-4e4d-bbeb-5f3dc16c746c,1.5045,True,0.4902,0.8968,0.871
1401,431,16,4,431_chunk_c1c51f72-ca59-45ff-a2aa-ed03479173e2,1.2969,False,0.4622,0.8968,0.871
1401,431,16,5,431_chunk_88ea68cf-5b6b-44a7-8a74-c0fe39caeb69,1.2691,False,0.4617,0.8968,0.871
1401,431,16,6,431_chunk_b30e52c1-1ef4-4b48-8ce2-c9f4fbd9b552,1.2526,False,0.4437,0.8968,0.871
1401,431,16,7,431_chunk_f9838a0a-262b-4e94-8327-1fbd8562dd10,1.1068,False,0.4564,0.8968,0.871
1401,431,16,8,431_chunk_8a429184-7c0f-4cc0-b9db-8665329a0848,1.0753,False,0.4248,0.8968,0.871
1401,431,16,9,431_chunk_7f496e64-8f4e-4a9c-97d2-984800c5a3b3,0.9261,False,0.4684,0.8968,0.871
1401,431,16,10,431_chunk_c9a5f1bd-bb6d-48c9-a168-23e09976ac30,0.9252,False,0.4462,0.8968,0.871
1401,431,24,1,431_chunk_4e67f703-b409-4f0d-b81c-6e507b8a320d,2.7608,False,0.4047,0.8452,0.8065
1401,431,24,2,431_chunk_5fe09df1-bd71-4182-b2e3-50ae4edc5b6e,1.6847,False,0.4361,0.8452,0.8065
1401,431,24,3,431_chunk_d512c6a7-ce6a-4e4d-bbeb-5f3dc16c746c,1.5045,True,0.494,0.8452,0.8065
1401,431,24,4,431_chunk_c1c51f72-ca59-45ff-a2aa-ed03479173e2,1.2969,False,0.387,0.8452,0.8065
1401,431,24,5,431_chunk_88ea68cf-5b6b-44a7-8a74-c0fe39caeb69,1.2691,False,0.384,0.8452,0.8065
1401,431,24,6,431_chunk_b30e52c1-1ef4-4b48-8ce2-c9f4fbd9b552,1.2526,False,0.4273,0.8452,0.8065
1401,431,24,7,431_chunk_f9838a0a-262b-4e94-8327-1fbd8562dd10,1.1068,False,0.3895,0.8452,0.8065
1401,431,24,8,431_chunk_8a429184-7c0f-4cc0-b9db-8665329a0848,1.0753,False,0.4502,0.8452,0.8065
1401,431,24,9,431_chunk_7f496e64-8f4e-4a9c-97d2-984800c5a3b3,0.9261,False,0.3735,0.8452,0.8065
1401,431,24,10,431_chunk_c9a5f1bd-bb6d-48c9-a168-23e09976ac30,0.9252,False,0.4491,0.8452,0.8065
1401,431,31,1,431_chunk_4e67f703-b409-4f0d-b81c-6e507b8a320d,2.7608,False,0.3542,0.8,0.75
1401,431,31,2,431_chunk_5fe09df1-bd71-4182-b2e3-50ae4edc5b6e,1.6847,False,0.3481,0.8,0.75
1401,431,31,3,431_chunk_d512c6a7-ce6a-4e4d-bbeb-5f3dc16c746c,1.5045,True,0.4591,0.8,0.75
1401,431,31,4,431_chunk_c1c51f72-ca59-45ff-a2aa-ed03479173e2,1.2969,False,0.358,0.8,0.75
1401,431,31,5,431_chunk_88ea68cf-5b6b-44a7-8a74-c0fe39caeb69,1.2691,False,0.3492,0.8,0.75
1401,431,31,6,431_chunk_b30e52c1-1ef4-4b48-8ce2-c9f4fbd9b552,1.2526,False,0.3721,0.8,0.75
1401,431,31,7,431_chunk_f9838a0a-262b-4e94-8327-1fbd8562dd10,1.1068,False,0.3523,0.8,0.75
1401,431,31,8,431_chunk_8a429184-7c0f-4cc0-b9db-8665329a0848,1.0753,False,0.353,0.8,0.75
1401,431,31,9,431_chunk_7f496e64-8f4e-4a9c-97d2-984800c5a3b3,0.9261,False,0.3427,0.8,0.75
1401,431,31,10,431_chunk_c9a5f1bd-bb6d-48c9-a168-23e09976ac30,0.9252,False,0.3489,0.8,0.75
1682,542,0,1,542_chunk_a784fa8c-2452-4052-be26-5bcd61757ede,2.6348,False,0.3562,1.0,1.0
1682,542,0,2,542_chunk_9facb7e6-641e-4737-bf22-086acce463d6,2.4459,False,0.3158,1.0,1.0
1682,542,0,3,542_chunk_396cc800-e4c7-42e5-a92f-aaeeba749b7f,2.0945,False,0.323,1.0,1.0
1682,542,0,4,542_chunk_cab66ecb-3dfc-4548-815e-aced5024106f,2.0078,False,0.3649,1.0,1.0
1682,542,0,5,542_chunk_899969bf-98d3-403f-be63-06332e5bb968,1.839,False,0.3534,1.0,1.0
1682,542,0,6,542_chunk_010d813e-b0b3-4d48-a52c-cfe3fa3c3d4a,1.8369,True,0.3463,1.0,1.0
1682,542,0,7,542_chunk_6dea9424-0420-47a1-a1db-43dfef06af2a,1.8036,False,0.3504,1.0,1.0
1682,542,0,8,542_chunk_0eb9fa0b-0dce-4d01-9383-263a2c1e73b8,1.7987,False,0.357,1.0,1.0
1682,542,0,9,542_chunk_1b58d8f5-f59a-4757-915e-0962497ec5d0,1.774,False,0.3392,1.0,1.0
1682,542,0,10,542_chunk_8754ce8c-89a2-4de9-bce3-0e43e61689e8,1.6359,False,0.3344,1.0,1.0
1682,542,4,1,542_chunk_a784fa8c-2452-4052-be26-5bcd61757ede,2.6348,False,0.3934,0.9742,0.9677
1682,542,4,2,542_chunk_9facb7e6-641e-4737-bf22-086acce463d6,2.4459,False,0.3699,0.9742,0.9677
1682,542,4,3,542_chunk_396cc800-e4c7-42e5-a92f-aaeeba749b7f,2.0945,False,0.3976,0.9742,0.9677
1682,542,4,4,542_chunk_cab66ecb-3dfc-4548-815e-aced5024106f,2.0078,False,0.3554,0.9742,0.9677
1682,542,4,5,542_chunk_899969bf-98d3-403f-be63-06332e5bb968,1.839,False,0.41,0.9742,0.9677
1682,542,4,6,542_chunk_010d813e-b0b3-4d48-a52c-cfe3fa3c3d4a,1.8369,True,0.4144,0.9742,0.9677
1682,542,4,7,542_chunk_6dea9424-0420-47a1-a1db-43dfef06af2a,1.8036,False,0.3946,0.9742,0.9677
1682,542,4,8,542_chunk_0eb9fa0b-0dce-4d01-9383-263a2c1e73b8,1.7987,False,0.4091,0.9742,0.9677
1682,542,4,9,542_chunk_1b58d8f5-f59a-4757-915e-0962497ec5d0,1.774,False,0.4227,0.9742,0.9677
1682,542,4,10,542_chunk_8754ce8c-89a2-4de9-bce3-0e43e61689e8,1.6359,False,0.4097,0.9742,0.9677
1682,542,8,1,542_chunk_a784fa8c-2452-4052-be26-5bcd61757ede,2.6348,False,0.3857,0.9484,0.9355
1682,542,8,2,542_chunk_9facb7e6-641e-4737-bf22-086acce463d6,2.4459,False,0.3969,0.9484,0.9355
1682,542,8,3,542_chunk_396cc800-e4c7-42e5-a92f-aaeeba749b7f,2.0945,False,0.41,0.9484,0.9355
1682,542,8,4,542_chunk_cab66ecb-3dfc-4548-815e-aced5024106f,2.0078,False,0.423,0.9484,0.9355
1682,542,8,5,542_chunk_899969bf-98d3-403f-be63-06332e5bb968,1.839,False,0.4328,0.9484,0.9355
1682,542,8,6,542_chunk_010d813e-b0b3-4d48-a52c-cfe3fa3c3d4a,1.8369,True,0.4389,0.9484,0.9355
1682,542,8,7,542_chunk_6dea9424-0420-47a1-a1db-43dfef06af2a,1.8036,False,0.4262,0.9484,0.9355
1682,542,8,8,542_chunk_0eb9fa0b-0dce-4d01-9383-263a2c1e73b8,1.7987,False,0.4074,0.9484,0.9355
1682,542,8,9,542_chunk_1b58d8f5-f59a-4757-915e-0962497ec5d0,1.774,False,0.4102,0.9484,0.9355
1682,542,8,10,542_chunk_8754ce8c-89a2-4de9-bce3-0e43e61689e8,1.6359,False,0.3943,0.9484,0.9355
1682,542,16,1,542_chunk_a784fa8c-2452-4052-be26-5bcd61757ede,2.6348,False,0.4314,0.8968,0.871
1682,542,16,2,542_chunk_9facb7e6-641e-4737-bf22-086acce463d6,2.4459,False,0.4228,0.8968,0.871
1682,542,16,3,542_chunk_396cc800-e4c7-42e5-a92f-aaeeba749b7f,2.0945,False,0.4304,0.8968,0.871
1682,542,16,4,542_chunk_cab66ecb-3dfc-4548-815e-aced5024106f,2.0078,False,0.4709,0.8968,0.871
1682,542,16,5,542_chunk_899969bf-98d3-403f-be63-06332e5bb968,1.839,False,0.4309,0.8968,0.871
1682,542,16,6,542_chunk_010d813e-b0b3-4d48-a52c-cfe3fa3c3d4a,1.8369,True,0.5645,0.8968,0.871
1682,542,16,7,542_chunk_6dea9424-0420-47a1-a1db-43dfef06af2a,1.8036,False,0.4597,0.8968,0.871
1682,542,16,8,542_chunk_0eb9fa0b-0dce-4d01-9383-263a2c1e73b8,1.7987,False,0.4536,0.8968,0.871
1682,542,16,9,542_chunk_1b58d8f5-f59a-4757-915e-0962497ec5d0,1.774,False,0.4327,0.8968,0.871
1682,542,16,10,542_chunk_8754ce8c-89a2-4de9-bce3-0e43e61689e8,1.6359,False,0.4639,0.8968,0.871
1682,542,24,1,542_chunk_a784fa8c-2452-4052-be26-5bcd61757ede,2.6348,False,0.4036,0.8452,0.8065
1682,542,24,2,542_chunk_9facb7e6-641e-4737-bf22-086acce463d6,2.4459,False,0.4176,0.8452,0.8065
1682,542,24,3,542_chunk_396cc800-e4c7-42e5-a92f-aaeeba749b7f,2.0945,False,0.4663,0.8452,0.8065
1682,542,24,4,542_chunk_cab66ecb-3dfc-4548-815e-aced5024106f,2.0078,False,0.4132,0.8452,0.8065
1682,542,24,5,542_chunk_899969bf-98d3-403f-be63-06332e5bb968,1.839,False,0.4381,0.8452,0.8065
1682,542,24,6,542_chunk_010d813e-b0b3-4d48-a52c-cfe3fa3c3d4a,1.8369,True,0.494,0.8452,0.8065
1682,542,24,7,542_chunk_6dea9424-0420-47a1-a1db-43dfef06af2a,1.8036,False,0.4144,0.8452,0.8065
1682,542,24,8,542_chunk_0eb9fa0b-0dce-4d01-9383-263a2c1e73b8,1.7987,False,0.4506,0.8452,0.8065
1682,542,24,9,542_chunk_1b58d8f5-f59a-4757-915e-0962497ec5d0,1.774,False,0.4026,0.8452,0.8065
1682,542,24,10,542_chunk_8754ce8c-89a2-4de9-bce3-0e43e61689e8,1.6359,False,0.4514,0.8452,0.8065
1682,542,31,1,542_chunk_a784fa8c-2452-4052-be26-5bcd61757ede,2.6348,False,0.3642,0.8,0.75
1682,542,31,2,542_chunk_9facb7e6-641e-4737-bf22-086acce463d6,2.4459,False,0.3388,0.8,0.75
1682,542,31,3,542_chunk_396cc800-e4c7-42e5-a92f-aaeeba749b7f,2.0945,False,0.3626,0.8,0.75
1682,542,31,4,542_chunk_cab66ecb-3dfc-4548-815e-aced5024106f,2.0078,False,0.3695,0.8,0.75
1682,542,31,5,542_chunk_899969bf-98d3-403f-be63-06332e5bb968,1.839,False,0.3624,0.8,0.75
1682,542,31,6,542_chunk_010d813e-b0b3-4d48-a52c-cfe3fa3c3d4a,1.8369,True,0.4386,0.8,0.75
1682,542,31,7,542_chunk_6dea9424-0420-47a1-a1db-43dfef06af2a,1.8036,False,0.3355,0.8,0.75
1682,542,31,8,542_chunk_0eb9fa0b-0dce-4d01-9383-263a2c1e73b8,1.7987,False,0.345,0.8,0.75
1682,542,31,9,542_chunk_1b58d8f5-f59a-4757-915e-0962497ec5d0,1.774,False,0.3485,0.8,0.75
1682,542,31,10,542_chunk_8754ce8c-89a2-4de9-bce3-0e43e61689e8,1.6359,False,0.3624,0.8,0.75
1005,294,0,1,294_chunk_c335c74c-79fe-43b6-8b3f-dfdc8fc59d9b,1.7023,True,0.3536,1.0,1.0
1005,294,0,2,294_chunk_e2ed0809-7ba0-4fc0-b0a5-3e808aa9adb9,1.613,True,0.3233,1.0,1.0
1005,294,0,3,294_chunk_84628536-66ce-4a45-bbdf-601c2b9e257c,1.4103,False,0.3576,1.0,1.0
1005,294,0,4,294_chunk_7a7d2ddd-b2c1-405b-9514-42d18ceb51ac,1.1153,False,0.3622,1.0,1.0
1005,294,0,5,294_chunk_cde00845-fc28-4d38-a54b-3975d8e8c811,0.9457,True,0.3612,1.0,1.0
1005,294,0,6,294_chunk_4ba5b4d6-8ee9-4089-8a9a-2fdaf93aefbb,0.8698,True,0.3716,1.0,1.0
1005,294,0,7,294_chunk_37fa5deb-a2cb-43db-973e-2ad38ac725ce,0.8516,True,0.3667,1.0,1.0
1005,294,0,8,294_chunk_3b026119-a3c4-487e-a9d3-3b40d101e2d2,0.8428,True,0.3592,1.0,1.0
1005,294,0,9,294_chunk_2c592a39-2b59-4c62-ae54-837cb75ada72,0.7924,True,0.3486,1.0,1.0
1005,294,0,10,294_chunk_61af89db-c485-4bf7-adab-0057e7bba1ae,0.7908,True,0.3168,1.0,1.0
1005,294,4,1,294_chunk_c335c74c-79fe-43b6-8b3f-dfdc8fc59d9b,1.7023,True,0.4135,0.9742,0.9677
1005,294,4,2,294_chunk_e2ed0809-7ba0-4fc0-b0a5-3e808aa9adb9,1.613,True,0.4091,0.9742,0.9677
1005,294,4,3,294_chunk_84628536-66ce-4a45-bbdf-601c2b9e257c,1.4103,False,0.3949,0.9742,0.9677
1005,294,4,4,294_chunk_7a7d2ddd-b2c1-405b-9514-42d18ceb51ac,1.1153,False,0.3639,0.9742,0.9677
1005,294,4,5,294_chunk_cde00845-fc28-4d38-a54b-3975d8e8c811,0.9457,True,0.3833,0.9742,0.9677
1005,294,4,6,294_chunk_4ba5b4d6-8ee9-4089-8a9a-2fdaf93aefbb,0.8698,True,0.426,0.9742,0.9677
1005,294,4,7,294_chunk_37fa5deb-a2cb-43db-973e-2ad38ac725ce,0.8516,True,0.4041,0.9742,0.9677
1005,294,4,8,294_chunk_3b026119-a3c4-487e-a9d3-3b40d101e2d2,0.8428,True,0.4185,0.9742,0.9677
1005,294,4,9,294_chunk_2c592a39-2b59-4c62-ae54-837cb75ada72,0.7924,True,0.4055,0.9742,0.9677
1005,294,4,10,294_chunk_61af89db-c485-4bf7-adab-0057e7bba1ae,0.7908,True,0.4055,0.9742,0.9677
1005,294,8,1,294_chunk_c335c74c-79fe-43b6-8b3f-dfdc8fc59d9b,1.7023,True,0.4722,0.9484,0.9355
1005,294,8,2,294_chunk_e2ed0809-7ba0-4fc0-b0a5-3e808aa9adb9,1.613,True,0.4431,0.9484,0.9355
1005,294,8,3,294_chunk_84628536-66ce-4a45-bbdf-601c2b9e257c,1.4103,False,0.4244,0.9484,0.9355
1005,294,8,4,294_chunk_7a7d2ddd-b2c1-405b-9514-42d18ceb51ac,1.1153,False,0.4132,0.9484,0.9355
1005,294,8,5,294_chunk_cde00845-fc28-4d38-a54b-3975d8e8c811,0.9457,True,0.4448,0.9484,0.9355
1005,294,8,6,294_chunk_4ba5b4d6-8ee9-4089-8a9a-2fdaf93aefbb,0.8698,True,0.4473,0.9484,0.9355
1005,294,8,7,294_chunk_37fa5deb-a2cb-43db-973e-2ad38ac725ce,0.8516,True,0.4579,0.9484,0.9355
1005,294,8,8,294_chunk_3b026119-a3c4-487e-a9d3-3b40d101e2d2,0.8428,True,0.4439,0.9484,0.9355
1005,294,8,9,294_chunk_2c592a39-2b59-4c62-ae54-837cb75ada72,0.7924,True,0.4786,0.9484,0.9355
1005,294,8,10,294_chunk_61af89db-c485-4bf7-adab-0057e7bba1ae,0.7908,True,0.4356,0.9484,0.9355
1005,294,16,1,294_chunk_c335c74c-79fe-43b6-8b3f-dfdc8fc59d9b,1.7023,True,0.5081,0.8968,0.871
1005,294,16,2,294_chunk_e2ed0809-7ba0-4fc0-b0a5-3e808aa9adb9,1.613,True,0.503,0.8968,0.871
1005,294,16,3,294_chunk_84628536-66ce-4a45-bbdf-601c2b9e257c,1.4103,False,0.4788,0.8968,0.871
1005,294,16,4,294_chunk_7a7d2ddd-b2c1-405b-9514-42d18ceb51ac,1.1153,False,0.4538,0.8968,0.871
1005,294,16,5,294_chunk_cde00845-fc28-4d38-a54b-3975d8e8c811,0.9457,True,0.5324,0.8968,0.871
1005,294,16,6,294_chunk_4ba5b4d6-8ee9-4089-8a9a-2fdaf93aefbb,0.8698,True,0.4821,0.8968,0.871
1005,294,16,7,294_chunk_37fa5deb-a2cb-43db-973e-2ad38ac725ce,0.8516,True,0.5171,0.8968,0.871
1005,294,16,8,294_chunk_3b026119-a3c4-487e-a9d3-3b40d101e2d2,0.8428,True,0.5296,0.8968,0.871
1005,294,16,9,294_chunk_2c592a39-2b59-4c62-ae54-837cb75ada72,0.7924,True,0.5135,0.8968,0.871
1005,294,16,10,294_chunk_61af89db-c485-4bf7-adab-0057e7bba1ae,0.7908,True,0.5331,0.8968,0.871
1005,294,24,1,294_chunk_c335c74c-79fe-43b6-8b3f-dfdc8fc59d9b,1.7023,True,0.4977,0.8452,0.8065
1005,294,24,2,294_chunk_e2ed0809-7ba0-4fc0-b0a5-3e808aa9adb9,1.613,True,0.5362,0.8452,0.8065
1005,294,24,3,294_chunk_84628536-66ce-4a45-bbdf-601c2b9e257c,1.4103,False,0.4611,0.8452,0.8065
1005,294,24,4,294_chunk_7a7d2ddd-b2c1-405b-9514-42d18ceb51ac,1.1153,False,0.4079,0.8452,0.8065
1005,294,24,5,294_chunk_cde00845-fc28-4d38-a54b-3975d8e8c811,0.9457,True,0.4991,0.8452,0.8065
1005,294,24,6,294_chunk_4ba5b4d6-8ee9-4089-8a9a-2fdaf93aefbb,0.8698,True,0.5371,0.8452,0.8065
1005,294,24,7,294_chunk_37fa5deb-a2cb-43db-973e-2ad38ac725ce,0.8516,True,0.5396,0.8452,0.8065
1005,294,24,8,294_chunk_3b026119-a3c4-487e-a9d3-3b40d101e2d2,0.8428,True,0.4976,0.8452,0.8065
1005,294,24,9,294_chunk_2c592a39-2b59-4c62-ae54-837cb75ada72,0.7924,True,0.4996,0.8452,0.8065
1005,294,24,10,294_chunk_61af89db-c485-4bf7-adab-0057e7bba1ae,0.7908,True,0.5024,0.8452,0.8065
1005,294,31,1,294_chunk_c335c74c-79fe-43b6-8b3f-dfdc8fc59d9b,1.7023,True,0.4431,0.8,0.75
1005,294,31,2,294_chunk_e2ed0809-7ba0-4fc0-b0a5-3e808aa9adb9,1.613,True,0.4516,0.8,0.75
1005,294,31,3,294_chunk_84628536-66ce-4a45-bbdf-601c2b9e257c,1.4103,False,0.3299,0.8,0.75
1005,294,31,4,294_chunk_7a7d2ddd-b2c1-405b-9514-42d18ceb51ac,1.1153,False,0.3346,0.8,0.75
1005,294,31,5,294_chunk_cde00845-fc28-4d38-a54b-3975d8e8c811,0.9457,True,0.4693,0.8,0.75
1005,294,31,6,294_chunk_4ba5b4d6-8ee9-4089-8a9a-2fdaf93aefbb,0.8698,True,0.4747,0.8,0.75
1005,294,31,7,294_chunk_37fa5deb-a2cb-43db-973e-2ad38ac725ce,0.8516,True,0.501,0.8,0.75
1005,294,31,8,294_chunk_3b026119-a3c4-487e-a9d3-3b40d101e2d2,0.8428,True,0.45,0.8,0.75
1005,294,31,9,294_chunk_2c592a39-2b59-4c62-ae54-837cb75ada72,0.7924,True,0.4897,0.8,0.75
1005,294,31,10,294_chunk_61af89db-c485-4bf7-adab-0057e7bba1ae,0.7908,True,0.4657,0.8,0.75
636,175,0,1,175_chunk_2feed7b7-1df8-4d64-8f9a-b437ca28eaf5,3.6871,True,0.349,1.0,1.0
636,175,0,2,175_chunk_f644cf6d-c824-4b69-aba7-c9727578922d,1.5769,False,0.3635,1.0,1.0
636,175,0,3,175_chunk_ae66a08a-f0b1-410f-a262-e493c0f0e668,1.1793,False,0.3275,1.0,1.0
636,175,0,4,175_chunk_388f6a46-dc47-4a44-accf-f18bb7b63e3c,0.502,True,0.3576,1.0,1.0
636,175,0,5,175_chunk_b7754bbe-087a-4fd8-ae50-a7e3a3a148b3,0.454,False,0.3533,1.0,1.0
636,175,0,6,175_chunk_a21e5aa5-4645-409c-8fc4-1930e7a7632c,0.4211,False,0.3598,1.0,1.0
636,175,0,7,175_chunk_6d80a985-d47e-4aba-baf6-7759085a93c5,0.402,False,0.3558,1.0,1.0
636,175,0,8,175_chunk_1943a0fc-3e9d-401e-aa7e-659fa1663bbb,0.3834,True,0.3991,1.0,1.0
636,175,0,9,175_chunk_d0c6c298-590e-47a8-a67a-1947d5576e64,0.3687,False,0.3372,1.0,1.0
636,175,0,10,175_chunk_9b547add-ba8a-4d2a-bae1-e947682d8ea4,0.3377,False,0.3394,1.0,1.0
636,175,4,1,175_chunk_2feed7b7-1df8-4d64-8f9a-b437ca28eaf5,3.6871,True,0.3925,0.9742,0.9677
636,175,4,2,175_chunk_f644cf6d-c824-4b69-aba7-c9727578922d,1.5769,False,0.3783,0.9742,0.9677
636,175,4,3,175_chunk_ae66a08a-f0b1-410f-a262-e493c0f0e668,1.1793,False,0.3767,0.9742,0.9677
636,175,4,4,175_chunk_388f6a46-dc47-4a44-accf-f18bb7b63e3c,0.502,True,0.4287,0.9742,0.9677
636,175,4,5,175_chunk_b7754bbe-087a-4fd8-ae50-a7e3a3a148b3,0.454,False,0.4178,0.9742,0.9677
636,175,4,6,175_chunk_a21e5aa5-4645-409c-8fc4-1930e7a7632c,0.4211,False,0.378,0.9742,0.9677
636,175,4,7,175_chunk_6d80a985-d47e-4aba-baf6-7759085a93c5,0.402,False,0.3728,0.9742,0.9677
636,175,4,8,175_chunk_1943a0fc-3e9d-401e-aa7e-659fa1663bbb,0.3834,True,0.4143,0.9742,0.9677
636,175,4,9,175_chunk_d0c6c298-590e-47a8-a67a-1947d5576e64,0.3687,False,0.3784,0.9742,0.9677
636,175,4,10,175_chunk_9b547add-ba8a-4d2a-bae1-e947682d8ea4,0.3377,False,0.4021,0.9742,0.9677
636,175,8,1,175_chunk_2feed7b7-1df8-4d64-8f9a-b437ca28eaf5,3.6871,True,0.4575,0.9484,0.9355
636,175,8,2,175_chunk_f644cf6d-c824-4b69-aba7-c9727578922d,1.5769,False,0.3922,0.9484,0.9355
636,175,8,3,175_chunk_ae66a08a-f0b1-410f-a262-e493c0f0e668,1.1793,False,0.4534,0.9484,0.9355
636,175,8,4,175_chunk_388f6a46-dc47-4a44-accf-f18bb7b63e3c,0.502,True,0.4894,0.9484,0.9355
636,175,8,5,175_chunk_b7754bbe-087a-4fd8-ae50-a7e3a3a148b3,0.454,False,0.4102,0.9484,0.9355
636,175,8,6,175_chunk_a21e5aa5-4645-409c-8fc4-1930e7a7632c,0.4211,False,0.4147,0.9484,0.9355
636,175,8,7,175_chunk_6d80a985-d47e-4aba-baf6-7759085a93c5,0.402,False,0.4282,0.9484,0.9355
636,175,8,8,175_chunk_1943a0fc-3e9d-401e-aa7e-659fa1663bbb,0.3834,True,0.4601,0.9484,0.9355
636,175,8,9,175_chunk_d0c6c298-590e-47a8-a67a-1947d5576e64,0.3687,False,0.4357,0.9484,0.9355
636,175,8,10,175_chunk_9b547add-ba8a-4d2a-bae1-e947682d8ea4,0.3377,False,0.4627,0.9484,0.9355
636,175,16,1,175_chunk_2feed7b7-1df8-4d64-8f9a-b437ca28eaf5,3.6871,True,0.5083,0.8968,0.871
636,175,16,2,175_chunk_f644cf6d-c824-4b69-aba7-c9727578922d,1.5769,False,0.4339,0.8968,0.871
636,175,16,3,175_chunk_ae66a08a-f0b1-410f-a262-e493c0f0e668,1.1793,False,0.4223,0.8968,0.871
636,175,16,4,175_chunk_388f6a46-dc47-4a44-accf-f18bb7b63e3c,0.502,True,0.4972,0.8968,0.871
636,175,16,5,175_chunk_b7754bbe-087a-4fd8-ae50-a7e3a3a148b3,0.454,False,0.4492,0.8968,0.871
636,175,16,6,175_chunk_a21e5aa5-4645-409c-8fc4-1930e7a7632c,0.4211,False,0.4858,0.8968,0.871
636,175,16,7,175_chunk_6d80a985-d47e-4aba-baf6-7759085a93c5,0.402,False,0.4395,0.8968,0.871
636,175,16,8,175_chunk_1943a0fc-3e9d-401e-aa7e-659fa1663bbb,0.3834,True,0.5163,0.8968,0.871
636,175,16,9,175_chunk_d0c6c298-590e-47a8-a67a-1947d5576e64,0.3687,False,0.4495,0.8968,0.871
636,175,16,10,175_chunk_9b547add-ba8a-4d2a-bae1-e947682d8ea4,0.3377,False,0.4736,0.8968,0.871
636,175,24,1,175_chunk_2feed7b7-1df8-4d64-8f9a-b437ca28eaf5,3.6871,True,0.5586,0.8452,0.8065
636,175,24,2,175_chunk_f644cf6d-c824-4b69-aba7-c9727578922d,1.5769,False,0.4045,0.8452,0.8065
636,175,24,3,175_chunk_ae66a08a-f0b1-410f-a262-e493c0f0e668,1.1793,False,0.4053,0.8452,0.8065
636,175,24,4,175_chunk_388f6a46-dc47-4a44-accf-f18bb7b63e3c,0.502,True,0.5289,0.8452,0.8065
636,175,24,5,175_chunk_b7754bbe-087a-4fd8-ae50-a7e3a3a148b3,0.454,False,0.4288,0.8452,0.8065
636,175,24,6,175_chunk_a21e5aa5-4645-409c-8fc4-1930e7a7632c,0.4211,False,0.4521,0.8452,0.8065
636,175,24,7,175_chunk_6d80a985-d47e-4aba-baf6-7759085a93c5,0.402,False,0.4268,0.8452,0.8065
636,175,24,8,175_chunk_1943a0fc-3e9d-401e-aa7e-659fa1663bbb,0.3834,True,0.5009,0.8452,0.8065
636,175,24,9,175_chunk_d0c6c298-590e-47a8-a67a-1947d5576e64,0.3687,False,0.427,0.8452,0.8065
636,175,24,10,175_chunk_9b547add-ba8a-4d2a-bae1-e947682d8ea4,0.3377,False,0.4373,0.8452,0.8065
636,175,31,1,175_chunk_2feed7b7-1df8-4d64-8f9a-b437ca28eaf5,3.6871,True,0.4864,0.8,0.75
636,175,31,2,175_chunk_f644cf6d-c824-4b69-aba7-c9727578922d,1.5769,False,0.3601,0.8,0.75
636,175,31,3,175_chunk_ae66a08a-f0b1-410f-a262-e493c0f0e668,1.1793,False,0.3713,0.8,0.75
636,175,31,4,175_chunk_388f6a46-dc47-4a44-accf-f18bb7b63e3c,0.502,True,0.4934,0.8,0.75
636,175,31,5,175_chunk_b7754bbe-087a-4fd8-ae50-a7e3a3a148b3,0.454,False,0.3776,0.8,0.75
636,175,31,6,175_chunk_a21e5aa5-4645-409c-8fc4-1930e7a7632c,0.4211,False,0.363,0.8,0.75
636,175,31,7,175_chunk_6d80a985-d47e-4aba-baf6-7759085a93c5,0.402,False,0.3467,0.8,0.75
636,175,31,8,175_chunk_1943a0fc-3e9d-401e-aa7e-659fa1663bbb,0.3834,True,0.4729,0.8,0.75
636,175,31,9,175_chunk_d0c6c298-590e-47a8-a67a-1947d5576e64,0.3687,False,0.3741,0.8,0.75
636,175,31,10,175_chunk_9b547add-ba8a-4d2a-bae1-e947682d8ea4,0.3377,False,0.3337,0.8,0.75
1367,419,0,1,419_chunk_24bc9e15-bdbb-4cc7-91a0-67676ef5f60e,4.4157,False,0.3574,1.0,1.0
1367,419,0,2,419_chunk_7246f4b6-c542-4e23-8671-99727820d372,2.7838,False,0.3421,1.0,1.0
1367,419,0,3,419_chunk_0c5ba591-422e-4c80-bc07-0cb6347e1d06,2.4634,True,0.3506,1.0,1.0
1367,419,0,4,419_chunk_39430db3-44c0-4132-81d3-1ed6cb8f4384,1.7625,True,0.3756,1.0,1.0
1367,419,0,5,419_chunk_f4391453-95a7-48bc-a0a2-03f5c11ee506,1.749,False,0.3538,1.0,1.0
1367,419,0,6,419_chunk_eb4c81e3-3afb-4808-b4fe-5cc196d7a758,1.6066,False,0.3509,1.0,1.0
1367,419,0,7,419_chunk_93649e40-fecd-4584-aa06-7d6a7d752322,1.476,True,0.3228,1.0,1.0
1367,419,0,8,419_chunk_06cfd14d-6acc-41a5-88e4-eb7d3b52a317,1.2875,False,0.3649,1.0,1.0
1367,419,0,9,419_chunk_b47d65b9-26d5-4895-8ff8-55b43a33cfc0,1.1338,False,0.3629,1.0,1.0
1367,419,0,10,419_chunk_8c9e28a8-37dd-4a5e-afd1-a2244f6b03b0,1.0644,False,0.3933,1.0,1.0
1367,419,4,1,419_chunk_24bc9e15-bdbb-4cc7-91a0-67676ef5f60e,4.4157,False,0.3833,0.9742,0.9677
1367,419,4,2,419_chunk_7246f4b6-c542-4e23-8671-99727820d372,2.7838,False,0.3938,0.9742,0.9677
1367,419,4,3,419_chunk_0c5ba591-422e-4c80-bc07-0cb6347e1d06,2.4634,True,0.4099,0.9742,0.9677
1367,419,4,4,419_chunk_39430db3-44c0-4132-81d3-1ed6cb8f4384,1.7625,True,0.4365,0.9742,0.9677
1367,419,4,5,419_chunk_f4391453-95a7-48bc-a0a2-03f5c11ee506,1.749,False,0.3875,0.9742,0.9677
1367,419,4,6,419_chunk_eb4c81e3-3afb-4808-b4fe-5cc196d7a758,1.6066,False,0.395,0.9742,0.9677
1367,419,4,7,419_chunk_93649e40-fecd-4584-aa06-7d6a7d752322,1.476,True,0.4171,0.9742,0.9677
1367,419,4,8,419_chunk_06cfd14d-6acc-41a5-88e4-eb7d3b52a317,1.2875,False,0.3932,0.9742,0.9677
1367,419,4,9,419_chunk_b47d65b9-26d5-4895-8ff8-55b43a33cfc0,1.1338,False,0.3805,0.9742,0.9677
1367,419,4,10,419_chunk_8c9e28a8-37dd-4a5e-afd1-a2244f6b03b0,1.0644,False,0.3933,0.9742,0.9677
1367,419,8,1,419_chunk_24bc9e15-bdbb-4cc7-91a0-67676ef5f60e,4.4157,False,0.444,0.9484,0.9355
1367,419,8,2,419_chunk_7246f4b6-c542-4e23-8671-99727820d372,2.7838,False,0.4019,0.9484,0.9355
1367,419,8,3,419_chunk_0c5ba591-422e-4c80-bc07-0cb6347e1d06,2.4634,True,0.4561,0.9484,0.9355
1367,419,8,4,419_chunk_39430db3-44c0-4132-81d3-1ed6cb8f4384,1.7625,True,0.4394,0.9484,0.9355
1367,419,8,5,419_chunk_f4391453-95a7-48bc-a0a2-03f5c11ee506,1.749,False,0.4464,0.9484,0.9355
1367,419,8,6,419_chunk_eb4c81e3-3afb-4808-b4fe-5cc196d7a758,1.6066,False,0.392,0.9484,0.9355
1367,419,8,7,419_chunk_93649e40-fecd-4584-aa06-7d6a7d752322,1.476,True,0.4423,0.9484,0.9355
1367,419,8,8,419_chunk_06cfd14d-6acc-41a5-88e4-eb7d3b52a317,1.2875,False,0.43,0.9484,0.9355
1367,419,8,9,419_chunk_b47d65b9-26d5-4895-8ff8-55b43a33cfc0,1.1338,False,0.4538,0.9484,0.9355
1367,419,8,10,419_chunk_8c9e28a8-37dd-4a5e-afd1-a2244f6b03b0,1.0644,False,0.4212,0.9484,0.9355
1367,419,16,1,419_chunk_24bc9e15-bdbb-4cc7-91a0-67676ef5f60e,4.4157,False,0.4388,0.8968,0.871
1367,419,16,2,419_chunk_7246f4b6-c542-4e23-8671-99727820d372,2.7838,False,0.4875,0.8968,0.871
1367,419,16,3,419_chunk_0c5ba591-422e-4c80-bc07-0cb6347e1d06,2.4634,True,0.4828,0.8968,0.871
1367,419,16,4,419_chunk_39430db3-44c0-4132-81d3-1ed6cb8f4384,1.7625,True,0.4678,0.8968,0.871
1367,419,16,5,419_chunk_f4391453-95a7-48bc-a0a2-03f5c11ee506,1.749,False,0.4587,0.8968,0.871
1367,419,16,6,419_chunk_eb4c81e3-3afb-4808-b4fe-5cc196d7a758,1.6066,False,0.4398,0.8968,0.871
1367,419,16,7,419_chunk_93649e40-fecd-4584-aa06-7d6a7d752322,1.476,True,0.4914,0.8968,0.871
1367,419,16,8,419_chunk_06cfd14d-6acc-41a5-88e4-eb7d3b52a317,1.2875,False,0.464,0.8968,0.871
1367,419,16,9,419_chunk_b47d65b9-26d5-4895-8ff8-55b43a33cfc0,1.1338,False,0.4547,0.8968,0.871
1367,419,16,10,419_chunk_8c9e28a8-37dd-4a5e-afd1-a2244f6b03b0,1.0644,False,0.4386,0.8968,0.871
1367,419,24,1,419_chunk_24bc9e15-bdbb-4cc7-91a0-67676ef5f60e,4.4157,False,0.3895,0.8452,0.8065
1367,419,24,2,419_chunk_7246f4b6-c542-4e23-8671-99727820d372,2.7838,False,0.4326,0.8452,0.8065
1367,419,24,3,419_chunk_0c5ba591-422e-4c80-bc07-0cb6347e1d06,2.4634,True,0.521,0.8452,0.8065
1367,419,24,4,419_chunk_39430db3-44c0-4132-81d3-1ed6cb8f4384,1.7625,True,0.5061,0.8452,0.8065
1367,419,24,5,419_chunk_f4391453-95a7-48bc-a0a2-03f5c11ee506,1.749,False,0.4521,0.8452,0.8065
1367,419,24,6,419_chunk_eb4c81e3-3afb-4808-b4fe-5cc196d7a758,1.6066,False,0.3937,0.8452,0.8065
1367,419,24,7,419_chunk_93649e40-fecd-4584-aa06-7d6a7d752322,1.476,True,0.4775,0.8452,0.8065
1367,419,24,8,419_chunk_06cfd14d-6acc-41a5-88e4-eb7d3b52a317,1.2875,False,0.4013,0.8452,0.8065
1367,419,24,9,419_chunk_b47d65b9-26d5-4895-8ff8-55b43a33cfc0,1.1338,False,0.4142,0.8452,0.8065
1367,419,24,10,419_chunk_8c9e28a8-37dd-4a5e-afd1-a2244f6b03b0,1.0644,False,0.42,0.8452,0.8065
1367,419,31,1,419_chunk_24bc9e15-bdbb-4cc7-91a0-67676ef5f60e,4.4157,False,0.3452,0.8,0.75
1367,419,31,2,419_chunk_7246f4b6-c542-4e23-8671-99727820d372,2.7838,False,0.357,0.8,0.75
1367,419,31,3,419_chunk_0c5ba591-422e-4c80-bc07-0cb6347e1d06,2.4634,True,0.445,0.8,0.75
1367,419,31,4,419_chunk_39430db3-44c0-4132-81d3-1ed6cb8f4384,1.7625,True,0.4989,0.8,0.75
1367,419,31,5,419_chunk_f4391453-95a7-48bc-a0a2-03f5c11ee506,1.749,False,0.3484,0.8,0.75
1367,419,31,6,419_chunk_eb4c81e3-3afb-4808-b4fe-5cc196d7a758,1.6066,False,0.3723,0.8,0.75
1367,419,31,7,419_chunk_93649e40-fecd-4584-aa06-7d6a7d752322,1.476,True,0.4769,0.8,0.75
1367,419,31,8,419_chunk_06cfd14d-6acc-41a5-88e4-eb7d3b52a317,1.2875,False,0.3591,0.8,0.75
1367,419,31,9,419_chunk_b47d65b9-26d5-4895-8ff8-55b43a33cfc0,1.1338,False,0.3614,0.8,0.75
1367,419,31,10,419_chunk_8c9e28a8-37dd-4a5e-afd1-a2244f6b03b0,1.0644,False,0.359,0.8,0.75
2100,735,0,1,735_chunk_708f8a6d-e361-485b-be38-77a2ad1b16b1,2.2971,False,0.3629,1.0,1.0
2100,735,0,2,735_chunk_b20ab379-d285-4eeb-84eb-abac74ef1ead,1.9777,True,0.3766,1.0,1.0
2100,735,0,3,735_chunk_47ba51c1-326f-46dc-92a6-13513f9947ca,1.8494,False,0.3539,1.0,1.0
2100,735,0,4,735_chunk_cdcfca02-a603-4419-b255-a8f934433e12,1.5073,False,0.3642,1.0,1.0
2100,735,0,5,735_chunk_827904e0-2e11-4393-be82-c4f21f01ea1c,1.2114,False,0.3482,1.0,1.0
2100,735,0,6,735_chunk_08ecbf7e-4d3f-4649-8bf2-cb52dcd539d9,1.1903,False,0.3788,1.0,1.0
2100,735,0,7,735_chunk_d8bcac95-f8c6-433d-aa08-cb5983a064e4,1.1818,False,0.3365,1.0,1.0
2100,735,0,8,735_chunk_a6ea27ca-97ec-4638-9e18-c2e7bd23543f,1.1527,False,0.386,1.0,1.0
2100,735,0,9,735_chunk_bf98ffc1-93bd-4b14-8dfc-190a27d3a0c9,1.0169,False,0.3492,1.0,1.0
2100,735,0,10,735_chunk_6b6436d9-cbe1-4001-8d89-e8f08c817a44,0.9691,False,0.3214,1.0,1.0
2100,735,4,1,735_chunk_708f8a6d-e361-485b-be38-77a2ad1b16b1,2.2971,False,0.392,0.9742,0.9677
2100,735,4,2,735_chunk_b20ab379-d285-4eeb-84eb-abac74ef1ead,1.9777,True,0.3913,0.9742,0.9677
2100,735,4,3,735_chunk_47ba51c1-326f-46dc-92a6-13513f9947ca,1.8494,False,0.4062,0.9742,0.9677
2100,735,4,4,735_chunk_cdcfca02-a603-4419-b255-a8f934433e12,1.5073,False,0.3764,0.9742,0.9677
2100,735,4,5,735_chunk_827904e0-2e11-4393-be82-c4f21f01ea1c,1.2114,False,0.3805,0.9742,0.9677
2100,735,4,6,735_chunk_08ecbf7e-4d3f-4649-8bf2-cb52dcd539d9,1.1903,False,0.3516,0.9742,0.9677
2100,735,4,7,735_chunk_d8bcac95-f8c6-433d-aa08-cb5983a064e4,1.1818,False,0.3804,0.9742,0.9677
2100,735,4,8,735_chunk_a6ea27ca-97ec-4638-9e18-c2e7bd23543f,1.1527,False,0.341,0.9742,0.9677
2100,735,4,9,735_chunk_bf98ffc1-93bd-4b14-8dfc-190a27d3a0c9,1.0169,False,0.3578,0.9742,0.9677
2100,735,4,10,735_chunk_6b6436d9-cbe1-4001-8d89-e8f08c817a44,0.9691,False,0.4046,0.9742,0.9677
2100,735,8,1,735_chunk_708f8a6d-e361-485b-be38-77a2ad1b16b1,2.2971,False,0.4382,0.9484,0.9355
2100,735,8,2,735_chunk_b20ab379-d285-4eeb-84eb-abac74ef1ead,1.9777,True,0.462,0.9484,0.9355
2100,735,8,3,735_chunk_47ba51c1-326f-46dc-92a6-13513f9947ca,1.8494,False,0.4031,0.9484,0.9355
2100,735,8,4,735_chunk_cdcfca02-a603-4419-b255-a8f934433e12,1.5073,False,0.4215,0.9484,0.9355
2100,735,8,5,735_chunk_827904e0-2e11-4393-be82-c4f21f01ea1c,1.2114,False,0.4224,0.9484,0.9355
2100,735,8,6,735_chunk_08ecbf7e-4d3f-4649-8bf2-cb52dcd539d9,1.1903,False,0.3993,0.9484,0.9355
2100,735,8,7,735_chunk_d8bcac95-f8c6-433d-aa08-cb5983a064e4,1.1818,False,0.4525,0.9484,0.9355
2100,735,8,8,735_chunk_a6ea27ca-97ec-4638-9e18-c2e7bd23543f,1.1527,False,0.44,0.9484,0.9355
2100,735,8,9,735_chunk_bf98ffc1-93bd-4b14-8dfc-190a27d3a0c9,1.0169,False,0.4181,0.9484,0.9355
2100,735,8,10,735_chunk_6b6436d9-cbe1-4001-8d89-e8f08c817a44,0.9691,False,0.423,0.9484,0.9355
2100,735,16,1,735_chunk_708f8a6d-e361-485b-be38-77a2ad1b16b1,2.2971,False,0.454,0.8968,0.871
2100,735,16,2,735_chunk_b20ab379-d285-4eeb-84eb-abac74ef1ead,1.9777,True,0.471,0.8968,0.871
2100,735,16,3,735_chunk_47ba51c1-326f-46dc-92a6-13513f9947ca,1.8494,False,0.4449,0.8968,0.871
2100,735,16,4,735_chunk_cdcfca02-a603-4419-b255-a8f934433e12,1.5073,False,0.4362,0.8968,0.871
2100,735,16,5,735_chunk_827904e0-2e11-4393-be82-c4f21f01ea1c,1.2114,False,0.4298,0.8968,0.871
2100,735,16,6,735_chunk_08ecbf7e-4d3f-4649-8bf2-cb52dcd539d9,1.1903,False,0.4442,0.8968,0.871
2100,735,16,7,735_chunk_d8bcac95-f8c6-433d-aa08-cb5983a064e4,1.1818,False,0.4858,0.8968,0.871
2100,735,16,8,735_chunk_a6ea27ca-97ec-4638-9e18-c2e7bd23543f,1.1527,False,0.4627,0.8968,0.871
2100,735,16,9,735_chunk_bf98ffc1-93bd-4b14-8dfc-190a27d3a0c9,1.0169,False,0.4384,0.8968,0.871
2100,735,16,10,735_chunk_6b6436d9-cbe1-4001-8d89-e8f08c817a44,0.9691,False,0.4613,0.8968,0.871
2100,735,24,1,735_chunk_708f8a6d-e361-485b-be38-77a2ad1b16b1,2.2971,False,0.4431,0.8452,0.8065
2100,735,24,2,735_chunk_b20ab379-d285-4eeb-84eb-abac74ef1ead,1.9777,True,0.5265,0.8452,0.8065
2100,735,24,3,735_chunk_47ba51c1-326f-46dc-92a6-13513f9947ca,1.8494,False,0.4163,0.8452,0.8065
2100,735,24,4,735_chunk_cdcfca02-a603-4419-b255-a8f934433e12,1.5073,False,0.4022,0.8452,0.8065
2100,735,24,5,735_chunk_827904e0-2e11-4393-be82-c4f21f01ea1c,1.2114,False,0.4291,0.8452,0.8065
2100,735,24,6,735_chunk_08ecbf7e-4d3f-4649-8bf2-cb52dcd539d9,1.1903,False,0.423,0.8452,0.8065
2100,735,24,7,735_chunk_d8bcac95-f8c6-433d-aa08-cb5983a064e4,1.1818,False,0.433,0.8452,0.8065
2100,735,24,8,735_chunk_a6ea27ca-97ec-4638-9e18-c2e7bd23543f,1.1527,False,0.4278,0.8452,0.8065
2100,735,24,9,735_chunk_bf98ffc1-93bd-4b14-8dfc-190a27d3a0c9,1.0169,False,0.4361,0.8452,0.8065
2100,735,24,10,735_chunk_6b6436d9-cbe1-4001-8d89-e8f08c817a44,0.9691,False,0.4044,0.8452,0.8065
2100,735,31,1,735_chunk_708f8a6d-e361-485b-be38-77a2ad1b16b1,2.2971,False,0.3763,0.8,0.75
2100,735,31,2,735_chunk_b20ab379-d285-4eeb-84eb-abac74ef1ead,1.9777,True,0.474,0.8,0.75
2100,735,31,3,735_chunk_47ba51c1-326f-46dc-92a6-13513f9947ca,1.8494,False,0.3915,0.8,0.75
2100,735,31,4,735_chunk_cdcfca02-a603-4419-b255-a8f934433e12,1.5073,False,0.3362,0.8,0.75
2100,735,31,5,735_chunk_827904e0-2e11-4393-be82-c4f21f01ea1c,1.2114,False,0.3847,0.8,0.75
2100,735,31,6,735_chunk_08ecbf7e-4d3f-4649-8bf2-cb52dcd539d9,1.1903,False,0.354,0.8,0.75
2100,735,31,7,735_chunk_d8bcac95-f8c6-433d-aa08-cb5983a064e4,1.1818,False,0.337,0.8,0.75
2100,735,31,8,735_chunk_a6ea27ca-97ec-4638-9e18-c2e7bd23543f,1.1527,False,0.3403,0.8,0.75
2100,735,31,9,735_chunk_bf98ffc1-93bd-4b14-8dfc-190a27d3a0c9,1.0169,False,0.3436,0.8,0.75
2100,735,31,10,735_chunk_6b6436d9-cbe1-4001-8d89-e8f08c817a44,0.9691,False,0.3585,0.8,0.75
1402,431,0,1,431_chunk_d512c6a7-ce6a-4e4d-bbeb-5f3dc16c746c,2.843,True,0.3605,1.0,1.0
1402,431,0,2,431_chunk_9f181ced-26d6-448f-8f32-220594d7ff56,1.8597,False,0.3385,1.0,1.0
1402,431,0,3,431_chunk_f9838a0a-262b-4e94-8327-1fbd8562dd10,1.4758,False,0.3495,1.0,1.0
1402,431,0,4,431_chunk_c1c51f72-ca59-45ff-a2aa-ed03479173e2,1.2969,False,0.3928,1.0,1.0
1402,431,0,5,431_chunk_c9a5f1bd-bb6d-48c9-a168-23e09976ac30,1.2207,False,0.3846,1.0,1.0
1402,431,0,6,431_chunk_fa95d241-03bb-40a0-8a50-c2c10da42797,1.1185,False,0.3587,1.0,1.0
1402,431,0,7,431_chunk_5fe09df1-bd71-4182-b2e3-50ae4edc5b6e,1.1003,False,0.3508,1.0,1.0
1402,431,0,8,431_chunk_8a429184-7c0f-4cc0-b9db-8665329a0848,1.0753,False,0.3524,1.0,1.0
1402,431,0,9,431_chunk_88ea68cf-5b6b-44a7-8a74-c0fe39caeb69,0.9753,False,0.3623,1.0,1.0
1402,431,0,10,431_chunk_7f496e64-8f4e-4a9c-97d2-984800c5a3b3,0.9261,False,0.3295,1.0,1.0
1402,431,4,1,431_chunk_d512c6a7-ce6a-4e4d-bbeb-5f3dc16c746c,2.843,True,0.3998,0.9742,0.9677
1402,431,4,2,431_chunk_9f181ced-26d6-448f-8f32-220594d7ff56,1.8597,False,0.3561,0.9742,0.9677
1402,431,4,3,431_chunk_f9838a0a-262b-4e94-8327-1fbd8562dd10,1.4758,False,0.3974,0.9742,0.9677
1402,431,4,4,431_chunk_c1c51f72-ca59-45ff-a2aa-ed03479173e2,1.2969,False,0.4024,0.9742,0.9677
1402,431,4,5,431_chunk_c9a5f1bd-bb6d-48c9-a168-23e09976ac30,1.2207,False,0.3798,0.9742,0.9677
1402,431,4,6,431_chunk_fa95d241-03bb-40a0-8a50-c2c10da42797,1.1185,False,0.4209,0.9742,0.9677
1402,431,4,7,431_chunk_5fe09df1-bd71-4182-b2e3-50ae4edc5b6e,1.1003,False,0.3649,0.9742,0.9677
1402,431,4,8,431_chunk_8a429184-7c0f-4cc0-b9db-8665329a0848,1.0753,False,0.3601,0.9742,0.9677
1402,431,4,9,431_chunk_88ea68cf-5b6b-44a7-8a74-c0fe39caeb69,0.9753,False,0.3939,0.9742,0.9677
1402,431,4,10,431_chunk_7f496e64-8f4e-4a9c-97d2-984800c5a3b3,0.9261,False,0.4104,0.9742,0.9677
1402,431,8,1,431_chunk_d512c6a7-ce6a-4e4d-bbeb-5f3dc16c746c,2.843,True,0.4871,0.9484,0.9355
1402,431,8,2,431_chunk_9f181ced-26d6-448f-8f32-220594d7ff56,1.8597,False,0.4133,0.9484,0.9355
1402,431,8,3,431_chunk_f9838a0a-262b-4e94-8327-1fbd8562dd10,1.4758,False,0.4441,0.9484,0.9355
1402,431,8,4,431_chunk_c1c51f72-ca59-45ff-a2aa-ed03479173e2,1.2969,False,0.4217,0.9484,0.9355
1402,431,8,5,431_chunk_c9a5f1bd-bb6d-48c9-a168-23e09976ac30,1.2207,False,0.419,0.9484,0.9355
1402,431,8,6,431_chunk_fa95d241-03bb-40a0-8a50-c2c10da42797,1.1185,False,0.4402,0.9484,0.9355
1402,431,8,7,431_chunk_5fe09df1-bd71-4182-b2e3-50ae4edc5b6e,1.1003,False,0.4355,0.9484,0.9355
1402,431,8,8,431_chunk_8a429184-7c0f-4cc0-b9db-8665329a0848,1.0753,False,0.391,0.9484,0.9355
1402,431,8,9,431_chunk_88ea68cf-5b6b-44a7-8a74-c0fe39caeb69,0.9753,False,0.452,0.9484,0.9355
1402,431,8,10,431_chunk_7f496e64-8f4e-4a9c-97d2-984800c5a3b3,0.9261,False,0.4501,0.9484,0.9355
1402,431,16,1,431_chunk_d512c6a7-ce6a-4e4d-bbeb-5f3dc16c746c,2.843,True,0.4993,0.8968,0.871
1402,431,16,2,431_chunk_9f181ced-26d6-448f-8f32-220594d7ff56,1.8597,False,0.4578,0.8968,0.871
1402,431,16,3,431_chunk_f9838a0a-262b-4e94-8327-1fbd8562dd10,1.4758,False,0.4598,0.8968,0.871
1402,431,16,4,431_chunk_c1c51f72-ca59-45ff-a2aa-ed03479173e2,1.2969,False,0.4551,0.8968,0.871
1402,431,16,5,431_chunk_c9a5f1bd-bb6d-48c9-a168-23e09976ac30,1.2207,False,0.4389,0.8968,0.871
1402,431,16,6,431_chunk_fa95d241-03bb-40a0-8a50-c2c10da42797,1.1185,False,0.4364,0.8968,0.871
1402,431,16,7,431_chunk_5fe09df1-bd71-4182-b2e3-50ae4edc5b6e,1.1003,False,0.4494,0.8968,0.871
1402,431,16,8,431_chunk_8a429184-7c0f-4cc0-b9db-8665329a0848,1.0753,False,0.4733,0.8968,0.871
1402,431,16,9,431_chunk_88ea68cf-5b6b-44a7-8a74-c0fe39caeb69,0.9753,False,0.4607,0.8968,0.871
1402,431,16,10,431_chunk_7f496e64-8f4e-4a9c-97d2-984800c5a3b3,0.9261,False,0.4425,0.8968,0.871
1402,431,24,1,431_chunk_d512c6a7-ce6a-4e4d-bbeb-5f3dc16c746c,2.843,True,0.5235,0.8452,0.8065
1402,431,24,2,431_chunk_9f181ced-26d6-448f-8f32-220594d7ff56,1.8597,False,0.3582,0.8452,0.8065
1402,431,24,3,431_chunk_f9838a0a-262b-4e94-8327-1fbd8562dd10,1.4758,False,0.4381,0.8452,0.8065
1402,431,24,4,431_chunk_c1c51f72-ca59-45ff-a2aa-ed03479173e2,1.2969,False,0.3803,0.8452,0.8065
1402,431,24,5,431_chunk_c9a5f1bd-bb6d-48c9-a168-23e09976ac30,1.2207,False,0.4079,0.8452,0.8065
1402,431,24,6,431_chunk_fa95d241-03bb-40a0-8a50-c2c10da42797,1.1185,False,0.3927,0.8452,0.8065
1402,431,24,7,431_chunk_5fe09df1-bd71-4182-b2e3-50ae4edc5b6e,1.1003,False,0.3892,0.8452,0.8065
1402,431,24,8,431_chunk_8a429184-7c0f-4cc0-b9db-8665329a0848,1.0753,False,0.4384,0.8452,0.8065
1402,431,24,9,431_chunk_88ea68cf-5b6b-44a7-8a74-c0fe39caeb69,0.9753,False,0.4058,0.8452,0.8065
1402,431,24,10,431_chunk_7f496e64-8f4e-4a9c-97d2-984800c5a3b3,0.9261,False,0.4221,0.8452,0.8065
1402,431,31,1,431_chunk_d512c6a7-ce6a-4e4d-bbeb-5f3dc16c746c,2.843,True,0.4691,0.8,0.75
1402,431,31,2,431_chunk_9f181ced-26d6-448f-8f32-220594d7ff56,1.8597,False,0.3595,0.8,0.75
1402,431,31,3,431_chunk_f9838a0a-262b-4e94-8327-1fbd8562dd10,1.4758,False,0.3515,0.8,0.75
1402,431,31,4,431_chunk_c1c51f72-ca59-45ff-a2aa-ed03479173e2,1.2969,False,0.3243,0.8,0.75
1402,431,31,5,431_chunk_c9a5f1bd-bb6d-48c9-a168-23e09976ac30,1.2207,False,0.3699,0.8,0.75
1402,431,31,6,431_chunk_fa95d241-03bb-40a0-8a50-c2c10da42797,1.1185,False,0.3401,0.8,0.75
1402,431,31,7,431_chunk_5fe09df1-bd71-4182-b2e3-50ae4edc5b6e,1.1003,False,0.3189,0.8,0.75
1402,431,31,8,431_chunk_8a429184-7c0f-4cc0-b9db-8665329a0848,1.0753,False,0.3414,0.8,0.75
1402,431,31,9,431_chunk_88ea68cf-5b6b-44a7-8a74-c0fe39caeb69,0.9753,False,0.38,0.8,0.75
1402,431,31,10,431_chunk_7f496e64-8f4e-4a9c-97d2-984800c5a3b3,0.9261,False,0.367,0.8,0.75
879,252,0,1,252_chunk_f767e7a5-929b-466e-bf9b-ffd4444c387c,4.0916,False,0.343,1.0,1.0
879,252,0,2,252_chunk_f52f7c99-17c2-4b22-bf33-0e0102dc922a,1.9345,False,0.343,1.0,1.0
879,252,0,3,252_chunk_fae463fd-b07c-4ff3-98c5-34c67d1c8ac6,1.8596,True,0.3436,1.0,1.0
879,252,0,4,252_chunk_de8301bd-5896-498e-a33b-79e3864106da,1.5809,False,0.3915,1.0,1.0
879,252,0,5,252_chunk_0276a12d-c254-4804-802a-1d0912471d62,1.4972,False,0.3576,1.0,1.0
879,252,0,6,252_chunk_fb792b9a-9116-442a-8e2f-906af45be133,1.4704,False,0.3586,1.0,1.0
879,252,0,7,252_chunk_23bcf6d0-8572-4c16-a7be-3f23ab57ebbc,1.4326,False,0.3706,1.0,1.0
879,252,0,8,252_chunk_d930581f-6070-4745-a13f-ddf0c30165fc,1.4007,False,0.3548,1.0,1.0
879,252,0,9,252_chunk_382ee909-c65c-4958-9a54-ab947130b2b6,1.341,False,0.3448,1.0,1.0
879,252,0,10,252_chunk_6ac634d0-c122-4997-841a-077276a64501,1.2915,False,0.3461,1.0,1.0
879,252,4,1,252_chunk_f767e7a5-929b-466e-bf9b-ffd4444c387c,4.0916,False,0.388,0.9742,0.9677
879,252,4,2,252_chunk_f52f7c99-17c2-4b22-bf33-0e0102dc922a,1.9345,False,0.3887,0.9742,0.9677
879,252,4,3,252_chunk_fae463fd-b07c-4ff3-98c5-34c67d1c8ac6,1.8596,True,0.4195,0.9742,0.9677
879,252,4,4,252_chunk_de8301bd-5896-498e-a33b-79e3864106da,1.5809,False,0.3905,0.9742,0.9677
879,252,4,5,252_chunk_0276a12d-c254-4804-802a-1d0912471d62,1.4972,False,0.4041,0.9742,0.9677
879,252,4,6,252_chunk_fb792b9a-9116-442a-8e2f-906af45be133,1.4704,False,0.3878,0.9742,0.9677
879,252,4,7,252_chunk_23bcf6d0-8572-4c16-a7be-3f23ab57ebbc,1.4326,False,0.391,0.9742,0.9677
879,252,4,8,252_chunk_d930581f-6070-4745-a13f-ddf0c30165fc,1.4007,False,0.3495,0.9742,0.9677
879,252,4,9,252_chunk_382ee909-c65c-4958-9a54-ab947130b2b6,1.341,False,0.4078,0.9742,0.9677
879,252,4,10,252_chunk_6ac634d0-c122-4997-841a-077276a64501,1.2915,False,0.3964,0.9742,0.9677
879,252,8,1,252_chunk_f767e7a5-929b-466e-bf9b-ffd4444c387c,4.0916,False,0.4424,0.9484,0.9355
879,252,8,2,252_chunk_f52f7c99-17c2-4b22-bf33-0e0102dc922a,1.9345,False,0.3646,0.9484,0.9355
879,252,8,3,252_chunk_fae463fd-b07c-4ff3-98c5-34c67d1c8ac6,1.8596,True,0.4952,0.9484,0.9355
879,252,8,4,252_chunk_de8301bd-5896-498e-a33b-79e3864106da,1.5809,False,0.4197,0.9484,0.9355
879,252,8,5,252_chunk_0276a12d-c254-4804-802a-1d0912471d62,1.4972,False,0.4446,0.9484,0.9355
879,252,8,6,252_chunk_fb792b9a-9116-442a-8e2f-906af45be133,1.4704,False,0.4017,0.9484,0.9355
879,252,8,7,252_chunk_23bcf6d0-8572-4c16-a7be-3f23ab57ebbc,1.4326,False,0.4347,0.9484,0.9355
879,252,8,8,252_chunk_d930581f-6070-4745-a13f-ddf0c30165fc,1.4007,False,0.4014,0.9484,0.9355
879,252,8,9,252_chunk_382ee909-c65c-4958-9a54-ab947130b2b6,1.341,False,0.41,0.9484,0.9355
879,252,8,10,252_chunk_6ac634d0-c122-4997-841a-077276a64501,1.2915,False,0.4608,0.9484,0.9355
879,252,16,1,252_chunk_f767e7a5-929b-466e-bf9b-ffd4444c387c,4.0916,False,0.4461,0.8968,0.871
879,252,16,2,252_chunk_f52f7c99-17c2-4b22-bf33-0e0102dc922a,1.9345,False,0.4542,0.8968,0.871
879,252,16,3,252_chunk_fae463fd-b07c-4ff3-98c5-34c67d1c8ac6,1.8596,True,0.5292,0.8968,0.871
879,252,16,4,252_chunk_de8301bd-5896-498e-a33b-79e3864106da,1.5809,False,0.4598,0.8968,0.871
879,252,16,5,252_chunk_0276a12d-c254-4804-802a-1d0912471d62,1.4972,False,0.4529,0.8968,0.871
879,252,16,6,252_chunk_fb792b9a-9116-442a-8e2f-906af45be133,1.4704,False,0.4572,0.8968,0.871
879,252,16,7,252_chunk_23bcf6d0-8572-4c16-a7be-3f23ab57ebbc,1.4326,False,0.4979,0.8968,0.871
879,252,16,8,252_chunk_d930581f-6070-4745-a13f-ddf0c30165fc,1.4007,False,0.4487,0.8968,0.871
879,252,16,9,252_chunk_382ee909-c65c-4958-9a54-ab947130b2b6,1.341,False,0.4539,0.8968,0.871
879,252,16,10,252_chunk_6ac634d0-c122-4997-841a-077276a64501,1.2915,False,0.4709,0.8968,0.871
879,252,24,1,252_chunk_f767e7a5-929b-466e-bf9b-ffd4444c387c,4.0916,False,0.4372,0.8452,0.8065
879,252,24,2,252_chunk_f52f7c99-17c2-4b22-bf33-0e0102dc922a,1.9345,False,0.4389,0.8452,0.8065
879,252,24,3,252_chunk_fae463fd-b07c-4ff3-98c5-34c67d1c8ac6,1.8596,True,0.5208,0.8452,0.8065
879,252,24,4,252_chunk_de8301bd-5896-498e-a33b-79e3864106da,1.5809,False,0.3923,0.8452,0.8065
879,252,24,5,252_chunk_0276a12d-c254-4804-802a-1d0912471d62,1.4972,False,0.4478,0.8452,0.8065
879,252,24,6,252_chunk_fb792b9a-9116-442a-8e2f-906af45be133,1.4704,False,0.3922,0.8452,0.8065
879,252,24,7,252_chunk_23bcf6d0-8572-4c16-a7be-3f23ab57ebbc,1.4326,False,0.4212,0.8452,0.8065
879,252,24,8,252_chunk_d930581f-6070-4745-a13f-ddf0c30165fc,1.4007,False,0.4001,0.8452,0.8065
879,252,24,9,252_chunk_382ee909-c65c-4958-9a54-ab947130b2b6,1.341,False,0.4139,0.8452,0.8065
879,252,24,10,252_chunk_6ac634d0-c122-4997-841a-077276a64501,1.2915,False,0.4217,0.8452,0.8065
879,252,31,1,252_chunk_f767e7a5-929b-466e-bf9b-ffd4444c387c,4.0916,False,0.3564,0.8,0.75
879,252,31,2,252_chunk_f52f7c99-17c2-4b22-bf33-0e0102dc922a,1.9345,False,0.3584,0.8,0.75
879,252,31,3,252_chunk_fae463fd-b07c-4ff3-98c5-34c67d1c8ac6,1.8596,True,0.5023,0.8,0.75
879,252,31,4,252_chunk_de8301bd-5896-498e-a33b-79e3864106da,1.5809,False,0.3591,0.8,0.75
879,252,31,5,252_chunk_0276a12d-c254-4804-802a-1d0912471d62,1.4972,False,0.3451,0.8,0.75
879,252,31,6,252_chunk_fb792b9a-9116-442a-8e2f-906af45be133,1.4704,False,0.3693,0.8,0.75
879,252,31,7,252_chunk_23bcf6d0-8572-4c16-a7be-3f23ab57ebbc,1.4326,False,0.3738,0.8,0.75
879,252,31,8,252_chunk_d930581f-6070-4745-a13f-ddf0c30165fc,1.4007,False,0.3254,0.8,0.75
879,252,31,9,252_chunk_382ee909-c65c-4958-9a54-ab947130b2b6,1.341,False,0.3619,0.8,0.75
879,252,31,10,252_chunk_6ac634d0-c122-4997-841a-077276a64501,1.2915,False,0.364,0.8,0.75
918,266,0,1,266_chunk_6826ff19-a0a8-46a9-8117-705ae725181e,5.1339,False,0.344,1.0,1.0
918,266,0,2,266_chunk_e5e83cb7-9c4f-4618-a735-849da3cf45ad,3.3446,True,0.3775,1.0,1.0
918,266,0,3,266_chunk_64a6dfe6-4f9a-4fe5-8c0f-840fa4f7fbe9,2.5796,True,0.347,1.0,1.0
918,266,0,4,266_chunk_2226fcac-fda6-4577-bf16-2c3e2aabcba6,2.4459,False,0.3525,1.0,1.0
918,266,0,5,266_chunk_a1e10b7c-266a-47c6-b1ba-d8d3107de1ac,2.3947,False,0.3465,1.0,1.0
918,266,0,6,266_chunk_05e76fe2-f372-4850-ac63-f727c75f2256,2.2632,False,0.3503,1.0,1.0
918,266,0,7,266_chunk_0995cd37-633a-4fc8-b2eb-2cc2081fb855,2.095,False,0.3281,1.0,1.0
918,266,0,8,266_chunk_3d884056-d0fe-4236-9068-92b727feef2a,2.0211,False,0.3212,1.0,1.0
918,266,0,9,266_chunk_312e3da2-22f0-446e-b31e-e0552d0d627d,1.9814,False,0.3819,1.0,1.0
918,266,0,10,266_chunk_d9de0488-edd3-4300-9a5e-e084b7d2c5c1,1.7199,False,0.3331,1.0,1.0
918,266,4,1,266_chunk_6826ff19-a0a8-46a9-8117-705ae725181e,5.1339,False,0.3696,0.9742,0.9677
918,266,4,2,266_chunk_e5e83cb7-9c4f-4618-a735-849da3cf45ad,3.3446,True,0.3619,0.9742,0.9677
918,266,4,3,266_chunk_64a6dfe6-4f9a-4fe5-8c0f-840fa4f7fbe9,2.5796,True,0.3921,0.9742,0.9677
918,266,4,4,266_chunk_2226fcac-fda6-4577-bf16-2c3e2aabcba6,2.4459,False,0.363,0.9742,0.9677
918,266,4,5,266_chunk_a1e10b7c-266a-47c6-b1ba-d8d3107de1ac,2.3947,False,0.4223,0.9742,0.9677
918,266,4,6,266_chunk_05e76fe2-f372-4850-ac63-f727c75f2256,2.2632,False,0.4096,0.9742,0.9677
918,266,4,7,266_chunk_0995cd37-633a-4fc8-b2eb-2cc2081fb855,2.095,False,0.3757,0.9742,0.9677
918,266,4,8,266_chunk_3d884056-d0fe-4236-9068-92b727feef2a,2.0211,False,0.4345,0.9742,0.9677
918,266,4,9,266_chunk_312e3da2-22f0-446e-b31e-e0552d0d627d,1.9814,False,0.4091,0.9742,0.9677
918,266,4,10,266_chunk_d9de0488-edd3-4300-9a5e-e084b7d2c5c1,1.7199,False,0.3829,0.9742,0.9677
918,266,8,1,266_chunk_6826ff19-a0a8-46a9-8117-705ae725181e,5.1339,False,0.3725,0.9484,0.9355
918,266,8,2,266_chunk_e5e83cb7-9c4f-4618-a735-849da3cf45ad,3.3446,True,0.4993,0.9484,0.9355
918,266,8,3,266_chunk_64a6dfe6-4f9a-4fe5-8c0f-840fa4f7fbe9,2.5796,True,0.4257,0.9484,0.9355
918,266,8,4,266_chunk_2226fcac-fda6-4577-bf16-2c3e2aabcba6,2.4459,False,0.3896,0.9484,0.9355
918,266,8,5,266_chunk_a1e10b7c-266a-47c6-b1ba-d8d3107de1ac,2.3947,False,0.4429,0.9484,0.9355
918,266,8,6,266_chunk_05e76fe2-f372-4850-ac63-f727c75f2256,2.2632,False,0.4713,0.9484,0.9355
918,266,8,7,266_chunk_0995cd37-633a-4fc8-b2eb-2cc2081fb855,2.095,False,0.4502,0.9484,0.9355
918,266,8,8,266_chunk_3d884056-d0fe-4236-9068-92b727feef2a,2.0211,False,0.4338,0.9484,0.9355
918,266,8,9,266_chunk_312e3da2-22f0-446e-b31e-e0552d0d627d,1.9814,False,0.4344,0.9484,0.9355
918,266,8,10,266_chunk_d9de0488-edd3-4300-9a5e-e084b7d2c5c1,1.7199,False,0.4395,0.9484,0.9355
918,266,16,1,266_chunk_6826ff19-a0a8-46a9-8117-705ae725181e,5.1339,False,0.4651,0.8968,0.871
918,266,16,2,266_chunk_e5e83cb7-9c4f-4618-a735-849da3cf45ad,3.3446,True,0.5174,0.8968,0.871
918,266,16,3,266_chunk_64a6dfe6-4f9a-4fe5-8c0f-840fa4f7fbe9,2.5796,True,0.5139,0.8968,0.871
918,266,16,4,266_chunk_2226fcac-fda6-4577-bf16-2c3e2aabcba6,2.4459,False,0.4486,0.8968,0.871
918,266,16,5,266_chunk_a1e10b7c-266a-47c6-b1ba-d8d3107de1ac,2.3947,False,0.4348,0.8968,0.871
918,266,16,6,266_chunk_05e76fe2-f372-4850-ac63-f727c75f2256,2.2632,False,0.4443,0.8968,0.871
918,266,16,7,266_chunk_0995cd37-633a-4fc8-b2eb-2cc2081fb855,2.095,False,0.416,0.8968,0.871
918,266,16,8,266_chunk_3d884056-d0fe-4236-9068-92b727feef2a,2.0211,False,0.4479,0.8968,0.871
918,266,16,9,266_chunk_312e3da2-22f0-446e-b31e-e0552d0d627d,1.9814,False,0.4301,0.8968,0.871
918,266,16,10,266_chunk_d9de0488-edd3-4300-9a5e-e084b7d2c5c1,1.7199,False,0.4278,0.8968,0.871
918,266,24,1,266_chunk_6826ff19-a0a8-46a9-8117-705ae725181e,5.1339,False,0.4187,0.8452,0.8065
918,266,24,2,266_chunk_e5e83cb7-9c4f-4618-a735-849da3cf45ad,3.3446,True,0.5359,0.8452,0.8065
918,266,24,3,266_chunk_64a6dfe6-4f9a-4fe5-8c0f-840fa4f7fbe9,2.5796,True,0.5264,0.8452,0.8065
918,266,24,4,266_chunk_2226fcac-fda6-4577-bf16-2c3e2aabcba6,2.4459,False,0.3837,0.8452,0.8065
918,266,24,5,266_chunk_a1e10b7c-266a-47c6-b1ba-d8d3107de1ac,2.3947,False,0.3953,0.8452,0.8065
918,266,24,6,266_chunk_05e76fe2-f372-4850-ac63-f727c75f2256,2.2632,False,0.434,0.8452,0.8065
918,266,24,7,266_chunk_0995cd37-633a-4fc8-b2eb-2cc2081fb855,2.095,False,0.3955,0.8452,0.8065
918,266,24,8,266_chunk_3d884056-d0fe-4236-9068-92b727feef2a,2.0211,False,0.4106,0.8452,0.8065
918,266,24,9,266_chunk_312e3da2-22f0-446e-b31e-e0552d0d627d,1.9814,False,0.4261,0.8452,0.8065
918,266,24,10,266_chunk_d9de0488-edd3-4300-9a5e-e084b7d2c5c1,1.7199,False,0.3958,0.8452,0.8065
918,266,31,1,266_chunk_6826ff19-a0a8-46a9-8117-705ae725181e,5.1339,False,0.3521,0.8,0.75
918,266,31,2,266_chunk_e5e83cb7-9c4f-4618-a735-849da3cf45ad,3.3446,True,0.4433,0.8,0.75
918,266,31,3,266_chunk_64a6dfe6-4f9a-4fe5-8c0f-840fa4f7fbe9,2.5796,True,0.458,0.8,0.75
918,266,31,4,266_chunk_2226fcac-fda6-4577-bf16-2c3e2aabcba6,2.4459,False,0.3564,0.8,0.75
918,266,31,5,266_chunk_a1e10b7c-266a-47c6-b1ba-d8d3107de1ac,2.3947,False,0.3181,0.8,0.75
918,266,31,6,266_chunk_05e76fe2-f372-4850-ac63-f727c75f2256,2.2632,False,0.3588,0.8,0.75
918,266,31,7,266_chunk_0995cd37-633a-4fc8-b2eb-2cc2081fb855,2.095,False,0.3496,0.8,0.75
918,266,31,8,266_chunk_3d884056-d0fe-4236-9068-92b727feef2a,2.0211,False,0.361,0.8,0.75
918,266,31,9,266_chunk_312e3da2-22f0-446e-b31e-e0552d0d627d,1.9814,False,0.3545,0.8,0.75
918,266,31,10,266_chunk_d9de0488-edd3-4300-9a5e-e084b7d2c5c1,1.7199,False,0.3773,0.8,0.75
546,150,0,1,150_chunk_062c4259-790e-485f-8a07-84d9adb45af9,2.9284,False,0.3525,1.0,1.0
546,150,0,2,150_chunk_64740a8b-4d2f-405b-887b-aaace2e72921,2.0323,False,0.3414,1.0,1.0
546,150,0,3,150_chunk_a79d7800-42cb-4dd7-9a88-25ee57fd03aa,1.7472,False,0.3524,1.0,1.0
546,150,0,4,150_chunk_ac336844-598d-4cd6-9db3-bdea5a06e2c8,1.7265,False,0.3609,1.0,1.0
546,150,0,5,150_chunk_01232135-f0bd-46b5-b263-55b77eb1f94e,0.8484,False,0.351,1.0,1.0
546,150,0,6,150_chunk_5eaa651a-25c6-4fbe-b685-5ab2c169472d,0.838,False,0.3508,1.0,1.0
546,150,0,7,150_chunk_51a6c045-19cb-422e-a848-1db5a074507f,0.838,False,0.336,1.0,1.0
546,150,0,8,150_chunk_c0acb436-1643-48e4-852e-0fa9f4da74bc,0.5764,False,0.3367,1.0,1.0
546,150,0,9,150_chunk_88175ca2-b8eb-48df-8974-63d3f5278083,0.5738,True,0.3219,1.0,1.0
546,150,0,10,150_chunk_b57c44a3-d3e3-4515-8766-607906620d9f,0.0,False,0.385,1.0,1.0
546,150,4,1,150_chunk_062c4259-790e-485f-8a07-84d9adb45af9,2.9284,False,0.3646,0.9742,0.9677
546,150,4,2,150_chunk_64740a8b-4d2f-405b-887b-aaace2e72921,2.0323,False,0.3756,0.9742,0.9677
546,150,4,3,150_chunk_a79d7800-42cb-4dd7-9a88-25ee57fd03aa,1.7472,False,0.3751,0.9742,0.9677
546,150,4,4,150_chunk_ac336844-598d-4cd6-9db3-bdea5a06e2c8,1.7265,False,0.4073,0.9742,0.9677
546,150,4,5,150_chunk_01232135-f0bd-46b5-b263-55b77eb1f94e,0.8484,False,0.3835,0.9742,0.9677
546,150,4,6,150_chunk_5eaa651a-25c6-4fbe-b685-5ab2c169472d,0.838,False,0.4144,0.9742,0.9677
546,150,4,7,150_chunk_51a6c045-19cb-422e-a848-1db5a074507f,0.838,False,0.376,0.9742,0.9677
546,150,4,8,150_chunk_c0acb436-1643-48e4-852e-0fa9f4da74bc,0.5764,False,0.395,0.9742,0.9677
546,150,4,9,150_chunk_88175ca2-b8eb-48df-8974-63d3f5278083,0.5738,True,0.3882,0.9742,0.9677
546,150,4,10,150_chunk_b57c44a3-d3e3-4515-8766-607906620d9f,0.0,False,0.4323,0.9742,0.9677
546,150,8,1,150_chunk_062c4259-790e-485f-8a07-84d9adb45af9,2.9284,False,0.3987,0.9484,0.9355
546,150,8,2,150_chunk_64740a8b-4d2f-405b-887b-aaace2e72921,2.0323,False,0.4287,0.9484,0.9355
546,150,8,3,150_chunk_a79d7800-42cb-4dd7-9a88-25ee57fd03aa,1.7472,False,0.4352,0.9484,0.9355
546,150,8,4,150_chunk_ac336844-598d-4cd6-9db3-bdea5a06e2c8,1.7265,False,0.4308,0.9484,0.9355
546,150,8,5,150_chunk_01232135-f0bd-46b5-b263-55b77eb1f94e,0.8484,False,0.4188,0.9484,0.9355
546,150,8,6,150_chunk_5eaa651a-25c6-4fbe-b685-5ab2c169472d,0.838,False,0.4199,0.9484,0.9355
546,150,8,7,150_chunk_51a6c045-19cb-422e-a848-1db5a074507f,0.838,False,0.4234,0.9484,0.9355
546,150,8,8,150_chunk_c0acb436-1643-48e4-852e-0fa9f4da74bc,0.5764,False,0.4195,0.9484,0.9355
546,150,8,9,150_chunk_88175ca2-b8eb-48df-8974-63d3f5278083,0.5738,True,0.4727,0.9484,0.9355
546,150,8,10,150_chunk_b57c44a3-d3e3-4515-8766-607906620d9f,0.0,False,0.4667,0.9484,0.9355
546,150,16,1,150_chunk_062c4259-790e-485f-8a07-84d9adb45af9,2.9284,False,0.4387,0.8968,0.871
546,150,16,2,150_chunk_64740a8b-4d2f-405b-887b-aaace2e72921,2.0323,False,0.4225,0.8968,0.871
546,150,16,3,150_chunk_a79d7800-42cb-4dd7-9a88-25ee57fd03aa,1.7472,False,0.4481,0.8968,0.871
546,150,16,4,150_chunk_ac336844-598d-4cd6-9db3-bdea5a06e2c8,1.7265,False,0.5015,0.8968,0.871
546,150,16,5,150_chunk_01232135-f0bd-46b5-b263-55b77eb1f94e,0.8484,False,0.4338,0.8968,0.871
546,150,16,6,150_chunk_5eaa651a-25c6-4fbe-b685-5ab2c169472d,0.838,False,0.4827,0.8968,0.871
546,150,16,7,150_chunk_51a6c045-19cb-422e-a848-1db5a074507f,0.838,False,0.4834,0.8968,0.871
546,150,16,8,150_chunk_c0acb436-1643-48e4-852e-0fa9f4da74bc,0.5764,False,0.4388,0.8968,0.871
546,150,16,9,150_chunk_88175ca2-b8eb-48df-8974-63d3f5278083,0.5738,True,0.5232,0.8968,0.871
546,150,16,10,150_chunk_b57c44a3-d3e3-4515-8766-607906620d9f,0.0,False,0.4824,0.8968,0.871
546,150,24,1,150_chunk_062c4259-790e-485f-8a07-84d9adb45af9,2.9284,False,0.4076,0.8452,0.8065
546,150,24,2,150_chunk_64740a8b-4d2f-405b-887b-aaace2e72921,2.0323,False,0.4111,0.8452,0.8065
546,150,24,3,150_chunk_a79d7800-42cb-4dd7-9a88-25ee57fd03aa,1.7472,False,0.4035,0.8452,0.8065
546,150,24,4,150_chunk_ac336844-598d-4cd6-9db3-bdea5a06e2c8,1.7265,False,0.3948,0.8452,0.8065
546,150,24,5,150_chunk_01232135-f0bd-46b5-b263-55b77eb1f94e,0.8484,False,0.4022,0.8452,0.8065
546,150,24,6,150_chunk_5eaa651a-25c6-4fbe-b685-5ab2c169472d,0.838,False,0.3907,0.8452,0.8065
546,150,24,7,150_chunk_51a6c045-19cb-422e-a848-1db5a074507f,0.838,False,0.4158,0.8452,0.8065
546,150,24,8,150_chunk_c0acb436-1643-48e4-852e-0fa9f4da74bc,0.5764,False,0.3997,0.8452,0.8065
546,150,24,9,150_chunk_88175ca2-b8eb-48df-8974-63d3f5278083,0.5738,True,0.5127,0.8452,0.8065
546,150,24,10,150_chunk_b57c44a3-d3e3-4515-8766-607906620d9f,0.0,False,0.384,0.8452,0.8065
546,150,31,1,150_chunk_062c4259-790e-485f-8a07-84d9adb45af9,2.9284,False,0.3566,0.8,0.75
546,150,31,2,150_chunk_64740a8b-4d2f-405b-887b-aaace2e72921,2.0323,False,0.3667,0.8,0.75
546,150,31,3,150_chunk_a79d7800-42cb-4dd7-9a88-25ee57fd03aa,1.7472,False,0.3101,0.8,0.75
546,150,31,4,150_chunk_ac336844-598d-4cd6-9db3-bdea5a06e2c8,1.7265,False,0.3575,0.8,0.75
546,150,31,5,150_chunk_01232135-f0bd-46b5-b263-55b77eb1f94e,0.8484,False,0.3746,0.8,0.75
546,150,31,6,150_chunk_5eaa651a-25c6-4fbe-b685-5ab2c169472d,0.838,False,0.3258,0.8,0.75
546,150,31,7,150_chunk_51a6c045-19cb-422e-a848-1db5a074507f,0.838,False,0.3835,0.8,0.75
546,150,31,8,150_chunk_c0acb436-1643-48e4-852e-0fa9f4da74bc,0.5764,False,0.3584,0.8,0.75
546,150,31,9,150_chunk_88175ca2-b8eb-48df-8974-63d3f5278083,0.5738,True,0.4559,0.8,0.75
546,150,31,10,150_chunk_b57c44a3-d3e3-4515-8766-607906620d9f,0.0,False,0.3489,0.8,0.75
2190,790,0,1,790_chunk_6f6dc795-5ebf-4e88-890a-a04d15a66518,3.4553,False,0.3612,1.0,1.0
2190,790,0,2,790_chunk_18280d81-bec5-4f10-ad40-f2439b0b906e,2.7383,False,0.3515,1.0,1.0
2190,790,0,3,790_chunk_924c62a9-3327-43b5-a0e1-b989d44e1fed,2.3486,True,0.3608,1.0,1.0
2190,790,0,4,790_chunk_83effbe2-dd6c-4958-8e34-8a20079aa68c,2.3303,True,0.3316,1.0,1.0
2190,790,0,5,790_chunk_fac35cfe-1ff6-4d0c-97de-8818e87e4840,2.1794,False,0.3534,1.0,1.0
2190,790,0,6,790_chunk_4b40dbd0-6174-49e3-aaab-b373b4c3ae68,2.1474,False,0.3217,1.0,1.0
2190,790,0,7,790_chunk_04ff5e13-37ca-45ef-b861-45c4579f8c52,2.0586,False,0.3478,1.0,1.0
2190,790,0,8,790_chunk_f1ac7d9a-2d38-40c7-9c0e-feb4d0e61a36,2.036,True,0.3319,1.0,1.0
2190,790,0,9,790_chunk_5cd48fc9-507e-4ef9-8433-613554fa0e54,1.8789,True,0.3353,1.0,1.0
2190,790,0,10,790_chunk_f9a5a89c-272b-475d-8bbc-9e3ac0924be4,1.8561,False,0.3747,1.0,1.0
2190,790,4,1,790_chunk_6f6dc795-5ebf-4e88-890a-a04d15a66518,3.4553,False,0.4113,0.9742,0.9677
2190,790,4,2,790_chunk_18280d81-bec5-4f10-ad40-f2439b0b906e,2.7383,False,0.4016,0.9742,0.9677
2190,790,4,3,790_chunk_924c62a9-3327-43b5-a0e1-b989d44e1fed,2.3486,True,0.3831,0.9742,0.9677
2190,790,4,4,790_chunk_83effbe2-dd6c-4958-8e34-8a20079aa68c,2.3303,True,0.3986,0.9742,0.9677
2190,790,4,5,790_chunk_fac35cfe-1ff6-4d0c-97de-8818e87e4840,2.1794,False,0.4137,0.9742,0.9677
2190,790,4,6,790_chunk_4b40dbd0-6174-49e3-aaab-b373b4c3ae68,2.1474,False,0.3923,0.9742,0.9677
2190,790,4,7,790_chunk_04ff5e13-37ca-45ef-b861-45c4579f8c52,2.0586,False,0.4358,0.9742,0.9677
2190,790,4,8,790_chunk_f1ac7d9a-2d38-40c7-9c0e-feb4d0e61a36,2.036,True,0.4128,0.9742,0.9677
2190,790,4,9,790_chunk_5cd48fc9-507e-4ef9-8433-613554fa0e54,1.8789,True,0.4088,0.9742,0.9677
2190,790,4,10,790_chunk_f9a5a89c-272b-475d-8bbc-9e3ac0924be4,1.8561,False,0.3833,0.9742,0.9677
2190,790,8,1,790_chunk_6f6dc795-5ebf-4e88-890a-a04d15a66518,3.4553,False,0.4252,0.9484,0.9355
2190,790,8,2,790_chunk_18280d81-bec5-4f10-ad40-f2439b0b906e,2.7383,False,0.4194,0.9484,0.9355
2190,790,8,3,790_chunk_924c62a9-3327-43b5-a0e1-b989d44e1fed,2.3486,True,0.4676,0.9484,0.9355
2190,790,8,4,790_chunk_83effbe2-dd6c-4958-8e34-8a20079aa68c,2.3303,True,0.4726,0.9484,0.9355
2190,790,8,5,790_chunk_fac35cfe-1ff6-4d0c-97de-8818e87e4840,2.1794,False,0.4068,0.9484,0.9355
2190,790,8,6,790_chunk_4b40dbd0-6174-49e3-aaab-b373b4c3ae68,2.1474,False,0.3959,0.9484,0.9355
2190,790,8,7,790_chunk_04ff5e13-37ca-45ef-b861-45c4579f8c52,2.0586,False,0.3858,0.9484,0.9355
2190,790,8,8,790_chunk_f1ac7d9a-2d38-40c7-9c0e-feb4d0e61a36,2.036,True,0.4636,0.9484,0.9355
2190,790,8,9,790_chunk_5cd48fc9-507e-4ef9-8433-613554fa0e54,1.8789,True,0.4314,0.9484,0.9355
2190,790,8,10,790_chunk_f9a5a89c-272b-475d-8bbc-9e3ac0924be4,1.8561,False,0.3794,0.9484,0.9355
2190,790,16,1,790_chunk_6f6dc795-5ebf-4e88-890a-a04d15a66518,3.4553,False,0.4576,0.8968,0.871
2190,790,16,2,790_chunk_18280d81-bec5-4f10-ad40-f2439b0b906e,2.7383,False,0.4997,0.8968,0.871
2190,790,16,3,790_chunk_924c62a9-3327-43b5-a0e1-b989d44e1fed,2.3486,True,0.5117,0.8968,0.871
2190,790,16,4,790_chunk_83effbe2-dd6c-4958-8e34-8a20079aa68c,2.3303,True,0.5286,0.8968,0.871
2190,790,16,5,790_chunk_fac35cfe-1ff6-4d0c-97de-8818e87e4840,2.1794,False,0.4515,0.8968,0.871
2190,790,16,6,790_chunk_4b40dbd0-6174-49e3-aaab-b373b4c3ae68,2.1474,False,0.4479,0.8968,0.871
2190,790,16,7,790_chunk_04ff5e13-37ca-45ef-b861-45c4579f8c52,2.0586,False,0.4683,0.8968,0.871
2190,790,16,8,790_chunk_f1ac7d9a-2d38-40c7-9c0e-feb4d0e61a36,2.036,True,0.506,0.8968,0.871
2190,790,16,9,790_chunk_5cd48fc9-507e-4ef9-8433-613554fa0e54,1.8789,True,0.5172,0.8968,0.871
2190,790,16,10,790_chunk_f9a5a89c-272b-475d-8bbc-9e3ac0924be4,1.8561,False,0.4563,0.8968,0.871
2190,790,24,1,790_chunk_6f6dc795-5ebf-4e88-890a-a04d15a66518,3.4553,False,0.4018,0.8452,0.8065
2190,790,24,2,790_chunk_18280d81-bec5-4f10-ad40-f2439b0b906e,2.7383,False,0.435,0.8452,0.8065
2190,790,24,3,790_chunk_924c62a9-3327-43b5-a0e1-b989d44e1fed,2.3486,True,0.5045,0.8452,0.8065
2190,790,24,4,790_chunk_83effbe2-dd6c-4958-8e34-8a20079aa68c,2.3303,True,0.4929,0.8452,0.8065
2190,790,24,5,790_chunk_fac35cfe-1ff6-4d0c-97de-8818e87e4840,2.1794,False,0.4259,0.8452,0.8065
2190,790,24,6,790_chunk_4b40dbd0-6174-49e3-aaab-b373b4c3ae68,2.1474,False,0.3972,0.8452,0.8065
2190,790,24,7,790_chunk_04ff5e13-37ca-45ef-b861-45c4579f8c52,2.0586,False,0.4157,0.8452,0.8065
2190,790,24,8,790_chunk_f1ac7d9a-2d38-40c7-9c0e-feb4d0e61a36,2.036,True,0.5079,0.8452,0.8065
2190,790,24,9,790_chunk_5cd48fc9-507e-4ef9-8433-613554fa0e54,1.8789,True,0.5298,0.8452,0.8065
2190,790,24,10,790_chunk_f9a5a89c-272b-475d-8bbc-9e3ac0924be4,1.8561,False,0.4246,0.8452,0.8065
2190,790,31,1,790_chunk_6f6dc795-5ebf-4e88-890a-a04d15a66518,3.4553,False,0.3495,0.8,0.75
2190,790,31,2,790_chunk_18280d81-bec5-4f10-ad40-f2439b0b906e,2.7383,False,0.3664,0.8,0.75
2190,790,31,3,790_chunk_924c62a9-3327-43b5-a0e1-b989d44e1fed,2.3486,True,0.4978,0.8,0.75
2190,790,31,4,790_chunk_83effbe2-dd6c-4958-8e34-8a20079aa68c,2.3303,True,0.4812,0.8,0.75
2190,790,31,5,790_chunk_fac35cfe-1ff6-4d0c-97de-8818e87e4840,2.1794,False,0.3502,0.8,0.75
2190,790,31,6,790_chunk_4b40dbd0-6174-49e3-aaab-b373b4c3ae68,2.1474,False,0.3238,0.8,0.75
2190,790,31,7,790_chunk_04ff5e13-37ca-45ef-b861-45c4579f8c52,2.0586,False,0.3287,0.8,0.75
2190,790,31,8,790_chunk_f1ac7d9a-2d38-40c7-9c0e-feb4d0e61a36,2.036,True,0.4639,0.8,0.75
2190,790,31,9,790_chunk_5cd48fc9-507e-4ef9-8433-613554fa0e54,1.8789,True,0.4578,0.8,0.75
2190,790,31,10,790_chunk_f9a5a89c-272b-475d-8bbc-9e3ac0924be4,1.8561,False,0.3463,0.8,0.75
878,252,0,1,252_chunk_23bcf6d0-8572-4c16-a7be-3f23ab57ebbc,4.1085,False,0.3511,1.0,1.0
878,252,0,2,252_chunk_8b7f0de8-d76a-4157-b28f-274996772f5a,2.9647,False,0.3606,1.0,1.0
878,252,0,3,252_chunk_0276a12d-c254-4804-802a-1d0912471d62,1.6754,False,0.3486,1.0,1.0
878,252,0,4,252_chunk_6ac634d0-c122-4997-841a-077276a64501,1.6643,False,0.3597,1.0,1.0
878,252,0,5,252_chunk_d930581f-6070-4745-a13f-ddf0c30165fc,1.6355,True,0.3513,1.0,1.0
878,252,0,6,252_chunk_dd353118-3a0a-4848-a14f-a34670f19d8b,1.1851,False,0.3105,1.0,1.0
878,252,0,7,252_chunk_de8301bd-5896-498e-a33b-79e3864106da,1.0396,False,0.3312,1.0,1.0
878,252,0,8,252_chunk_c5d9cb4d-be44-4d69-b654-382a5cd0ef03,0.9941,False,0.3471,1.0,1.0
878,252,0,9,252_chunk_fae463fd-b07c-4ff3-98c5-34c67d1c8ac6,0.9457,False,0.3258,1.0,1.0
878,252,0,10,252_chunk_f767e7a5-929b-466e-bf9b-ffd4444c387c,0.8172,False,0.362,1.0,1.0
878,252,4,1,252_chunk_23bcf6d0-8572-4c16-a7be-3f23ab57ebbc,4.1085,False,0.4201,0.9742,0.9677
878,252,4,2,252_chunk_8b7f0de8-d76a-4157-b28f-274996772f5a,2.9647,False,0.4138,0.9742,0.9677
878,252,4,3,252_chunk_0276a12d-c254-4804-802a-1d0912471d62,1.6754,False,0.3852,0.9742,0.9677
878,252,4,4,252_chunk_6ac634d0-c122-4997-841a-077276a64501,1.6643,False,0.4193,0.9742,0.9677
878,252,4,5,252_chunk_d930581f-6070-4745-a13f-ddf0c30165fc,1.6355,True,0.4079,0.9742,0.9677
878,252,4,6,252_chunk_dd353118-3a0a-4848-a14f-a34670f19d8b,1.1851,False,0.3827,0.9742,0.9677
878,252,4,7,252_chunk_de8301bd-5896-498e-a33b-79e3864106da,1.0396,False,0.3772,0.9742,0.9677
878,252,4,8,252_chunk_c5d9cb4d-be44-4d69-b654-382a5cd0ef03,0.9941,False,0.3834,0.9742,0.9677
878,252,4,9,252_chunk_fae463fd-b07c-4ff3-98c5-34c67d1c8ac6,0.9457,False,0.3817,0.9742,0.9677
878,252,4,10,252_chunk_f767e7a5-929b-466e-bf9b-ffd4444c387c,0.8172,False,0.3928,0.9742,0.9677
878,252,8,1,252_chunk_23bcf6d0-8572-4c16-a7be-3f23ab57ebbc,4.1085,False,0.4257,0.9484,0.9355
878,252,8,2,252_chunk_8b7f0de8-d76a-4157-b28f-274996772f5a,2.9647,False,0.4225,0.9484,0.9355
878,252,8,3,252_chunk_0276a12d-c254-4804-802a-1d0912471d62,1.6754,False,0.4312,0.9484,0.9355
878,252,8,4,252_chunk_6ac634d0-c122-4997-841a-077276a64501,1.6643,False,0.4463,0.9484,0.9355
878,252,8,5,252_chunk_d930581f-6070-4745-a13f-ddf0c30165fc,1.6355,True,0.4724,0.9484,0.9355
878,252,8,6,252_chunk_dd353118-3a0a-4848-a14f-a34670f19d8b,1.1851,False,0.3928,0.9484,0.9355
878,252,8,7,252_chunk_de8301bd-5896-498e-a33b-79e3864106da,1.0396,False,0.3714,0.9484,0.9355
878,252,8,8,252_chunk_c5d9cb4d-be44-4d69-b654-382a5cd0ef03,0.9941,False,0.4412,0.9484,0.9355
878,252,8,9,252_chunk_fae463fd-b07c-4ff3-98c5-34c67d1c8ac6,0.9457,False,0.3951,0.9484,0.9355
878,252,8,10,252_chunk_f767e7a5-929b-466e-bf9b-ffd4444c387c,0.8172,False,0.418,0.9484,0.9355
878,252,16,1,252_chunk_23bcf6d0-8572-4c16-a7be-3f23ab57ebbc,4.1085,False,0.4265,0.8968,0.871
878,252,16,2,252_chunk_8b7f0de8-d76a-4157-b28f-274996772f5a,2.9647,False,0.4138,0.8968,0.871
878,252,16,3,252_chunk_0276a12d-c254-4804-802a-1d0912471d62,1.6754,False,0.4607,0.8968,0.871
878,252,16,4,252_chunk_6ac634d0-c122-4997-841a-077276a64501,1.6643,False,0.4651,0.8968,0.871
878,252,16,5,252_chunk_d930581f-6070-4745-a13f-ddf0c30165fc,1.6355,True,0.5003,0.8968,0.871
878,252,16,6,252_chunk_dd353118-3a0a-4848-a14f-a34670f19d8b,1.1851,False,0.3981,0.8968,0.871
878,252,16,7,252_chunk_de8301bd-5896-498e-a33b-79e3864106da,1.0396,False,0.4389,0.8968,0.871
878,252,16,8,252_chunk_c5d9cb4d-be44-4d69-b654-382a5cd0ef03,0.9941,False,0.4577,0.8968,0.871
878,252,16,9,252_chunk_fae463fd-b07c-4ff3-98c5-34c67d1c8ac6,0.9457,False,0.4203,0.8968,0.871
878,252,16,10,252_chunk_f767e7a5-929b-466e-bf9b-ffd4444c387c,0.8172,False,0.4535,0.8968,0.871
878,252,24,1,252_chunk_23bcf6d0-8572-4c16-a7be-3f23ab57ebbc,4.1085,False,0.4148,0.8452,0.8065
878,252,24,2,252_chunk_8b7f0de8-d76a-4157-b28f-274996772f5a,2.9647,False,0.4267,0.8452,0.8065
878,252,24,3,252_chunk_0276a12d-c254-4804-802a-1d0912471d62,1.6754,False,0.4175,0.8452,0.8065
878,252,24,4,252_chunk_6ac634d0-c122-4997-841a-077276a64501,1.6643,False,0.3957,0.8452,0.8065
878,252,24,5,252_chunk_d930581f-6070-4745-a13f-ddf0c30165fc,1.6355,True,0.532,0.8452,0.8065
878,252,24,6,252_chunk_dd353118-3a0a-4848-a14f-a34670f19d8b,1.1851,False,0.412,0.8452,0.8065
878,252,24,7,252_chunk_de8301bd-5896-498e-a33b-79e3864106da,1.0396,False,0.4146,0.8452,0.8065
878,252,24,8,252_chunk_c5d9cb4d-be44-4d69-b654-382a5cd0ef03,0.9941,False,0.3965,0.8452,0.8065
878,252,24,9,252_chunk_fae463fd-b07c-4ff3-98c5-34c67d1c8ac6,0.9457,False,0.4063,0.8452,0.8065
878,252,24,10,252_chunk_f767e7a5-929b-466e-bf9b-ffd4444c387c,0.8172,False,0.3974,0.8452,0.8065
878,252,31,1,252_chunk_23bcf6d0-8572-4c16-a7be-3f23ab57ebbc,4.1085,False,0.3465,0.8,0.75
878,252,31,2,252_chunk_8b7f0de8-d76a-4157-b28f-274996772f5a,2.9647,False,0.3842,0.8,0.75
878,252,31,3,252_chunk_0276a12d-c254-4804-802a-1d0912471d62,1.6754,False,0.3226,0.8,0.75
878,252,31,4,252_chunk_6ac634d0-c122-4997-841a-077276a64501,1.6643,False,0.3177,0.8,0.75
878,252,31,5,252_chunk_d930581f-6070-4745-a13f-ddf0c30165fc,1.6355,True,0.4994,0.8,0.75
878,252,31,6,252_chunk_dd353118-3a0a-4848-a14f-a34670f19d8b,1.1851,False,0.3458,0.8,0.75
878,252,31,7,252_chunk_de8301bd-5896-498e-a33b-79e3864106da,1.0396,False,0.3366,0.8,0.75
878,252,31,8,252_chunk_c5d9cb4d-be44-4d69-b654-382a5cd0ef03,0.9941,False,0.3708,0.8,0.75
878,252,31,9,252_chunk_fae463fd-b07c-4ff3-98c5-34c67d1c8ac6,0.9457,False,0.3379,0.8,0.75
878,252,31,10,252_chunk_f767e7a5-929b-466e-bf9b-ffd4444c387c,0.8172,False,0.3865,0.8,0.75
964,282,0,1,282_chunk_c9b60c0a-c8f6-4044-b202-9c9bc02cfd8c,3.5278,True,0.3636,1.0,1.0
964,282,0,2,282_chunk_bab92faf-9bb7-4bd7-b72e-2094304d2174,3.2227,False,0.3402,1.0,1.0
964,282,0,3,282_chunk_86cecd61-124a-45e9-ba7a-392a6e041061,2.917,False,0.3931,1.0,1.0
964,282,0,4,282_chunk_4354fb88-aa8f-4b7f-83a8-f5cbaf52e10b,2.7494,False,0.3379,1.0,1.0
964,282,0,5,282_chunk_a13137d8-efd2-4a80-a153-ff0e0e0fbc04,2.59,True,0.3648,1.0,1.0
964,282,0,6,282_chunk_50cf45ea-5ce5-40d8-a5df-2f4cd8076f63,2.4674,False,0.356,1.0,1.0
964,282,0,7,282_chunk_6dc09aac-f64a-4f7b-bc0a-4c3542c165b2,2.466,False,0.376,1.0,1.0
964,282,0,8,282_chunk_63fdbe3f-e0a0-4e11-bbce-251adc5850db,2.3362,False,0.3812,1.0,1.0
964,282,0,9,282_chunk_55d2a2b3-4a71-4975-aec8-aed28fd22e8c,2.0823,False,0.3506,1.0,1.0
964,282,0,10,282_chunk_32627456-a0b6-497d-86b6-e975ec69e265,1.5522,False,0.3349,1.0,1.0
964,282,4,1,282_chunk_c9b60c0a-c8f6-4044-b202-9c9bc02cfd8c,3.5278,True,0.4141,0.9742,0.9677
964,282,4,2,282_chunk_bab92faf-9bb7-4bd7-b72e-2094304d2174,3.2227,False,0.3759,0.9742,0.9677
964,282,4,3,282_chunk_86cecd61-124a-45e9-ba7a-392a6e041061,2.917,False,0.4297,0.9742,0.9677
964,282,4,4,282_chunk_4354fb88-aa8f-4b7f-83a8-f5cbaf52e10b,2.7494,False,0.3922,0.9742,0.9677
964,282,4,5,282_chunk_a13137d8-efd2-4a80-a153-ff0e0e0fbc04,2.59,True,0.3976,0.9742,0.9677
964,282,4,6,282_chunk_50cf45ea-5ce5-40d8-a5df-2f4cd8076f63,2.4674,False,0.3931,0.9742,0.9677
964,282,4,7,282_chunk_6dc09aac-f64a-4f7b-bc0a-4c3542c165b2,2.466,False,0.3625,0.9742,0.9677
964,282,4,8,282_chunk_63fdbe3f-e0a0-4e11-bbce-251adc5850db,2.3362,False,0.37,0.9742,0.9677
964,282,4,9,282_chunk_55d2a2b3-4a71-4975-aec8-aed28fd22e8c,2.0823,False,0.4134,0.9742,0.9677
964,282,4,10,282_chunk_32627456-a0b6-497d-86b6-e975ec69e265,1.5522,False,0.3763,0.9742,0.9677
964,282,8,1,282_chunk_c9b60c0a-c8f6-4044-b202-9c9bc02cfd8c,3.5278,True,0.4325,0.9484,0.9355
964,282,8,2,282_chunk_bab92faf-9bb7-4bd7-b72e-2094304d2174,3.2227,False,0.4332,0.9484,0.9355
964,282,8,3,282_chunk_86cecd61-124a-45e9-ba7a-392a6e041061,2.917,False,0.4462,0.9484,0.9355
964,282,8,4,282_chunk_4354fb88-aa8f-4b7f-83a8-f5cbaf52e10b,2.7494,False,0.4369,0.9484,0.9355
964,282,8,5,282_chunk_a13137d8-efd2-4a80-a153-ff0e0e0fbc04,2.59,True,0.4734,0.9484,0.9355
964,282,8,6,282_chunk_50cf45ea-5ce5-40d8-a5df-2f4cd8076f63,2.4674,False,0.4073,0.9484,0.9355
964,282,8,7,282_chunk_6dc09aac-f64a-4f7b-bc0a-4c3542c165b2,2.466,False,0.394,0.9484,0.9355
964,282,8,8,282_chunk_63fdbe3f-e0a0-4e11-bbce-251adc5850db,2.3362,False,0.4525,0.9484,0.9355
964,282,8,9,282_chunk_55d2a2b3-4a71-4975-aec8-aed28fd22e8c,2.0823,False,0.416,0.9484,0.9355
964,282,8,10,282_chunk_32627456-a0b6-497d-86b6-e975ec69e265,1.5522,False,0.4175,0.9484,0.9355
964,282,16,1,282_chunk_c9b60c0a-c8f6-4044-b202-9c9bc02cfd8c,3.5278,True,0.5384,0.8968,0.871
964,282,16,2,282_chunk_bab92faf-9bb7-4bd7-b72e-2094304d2174,3.2227,False,0.461,0.8968,0.871
964,282,16,3,282_chunk_86cecd61-124a-45e9-ba7a-392a6e041061,2.917,False,0.459,0.8968,0.871
964,282,16,4,282_chunk_4354fb88-aa8f-4b7f-83a8-f5cbaf52e10b,2.7494,False,0.4932,0.8968,0.871
964,282,16,5,282_chunk_a13137d8-efd2-4a80-a153-ff0e0e0fbc04,2.59,True,0.4989,0.8968,0.871
964,282,16,6,282_chunk_50cf45ea-5ce5-40d8-a5df-2f4cd8076f63,2.4674,False,0.4684,0.8968,0.871
964,282,16,7,282_chunk_6dc09aac-f64a-4f7b-bc0a-4c3542c165b2,2.466,False,0.451,0.8968,0.871
964,282,16,8,282_chunk_63fdbe3f-e0a0-4e11-bbce-251adc5850db,2.3362,False,0.4552,0.8968,0.871
964,282,16,9,282_chunk_55d2a2b3-4a71-4975-aec8-aed28fd22e8c,2.0823,False,0.4804,0.8968,0.871
964,282,16,10,282_chunk_32627456-a0b6-497d-86b6-e975ec69e265,1.5522,False,0.46,0.8968,0.871
964,282,24,1,282_chunk_c9b60c0a-c8f6-4044-b202-9c9bc02cfd8c,3.5278,True,0.5188,0.8452,0.8065
964,282,24,2,282_chunk_bab92faf-9bb7-4bd7-b72e-2094304d2174,3.2227,False,0.4366,0.8452,0.8065
964,282,24,3,282_chunk_86cecd61-124a-45e9-ba7a-392a6e041061,2.917,False,0.4078,0.8452,0.8065
964,282,24,4,282_chunk_4354fb88-aa8f-4b7f-83a8-f5cbaf52e10b,2.7494,False,0.3984,0.8452,0.8065
964,282,24,5,282_chunk_a13137d8-efd2-4a80-a153-ff0e0e0fbc04,2.59,True,0.4871,0.8452,0.8065
964,282,24,6,282_chunk_50cf45ea-5ce5-40d8-a5df-2f4cd8076f63,2.4674,False,0.3758,0.8452,0.8065
964,282,24,7,282_chunk_6dc09aac-f64a-4f7b-bc0a-4c3542c165b2,2.466,False,0.4563,0.8452,0.8065
964,282,24,8,282_chunk_63fdbe3f-e0a0-4e11-bbce-251adc5850db,2.3362,False,0.3931,0.8452,0.8065
964,282,24,9,282_chunk_55d2a2b3-4a71-4975-aec8-aed28fd22e8c,2.0823,False,0.4107,0.8452,0.8065
964,282,24,10,282_chunk_32627456-a0b6-497d-86b6-e975ec69e265,1.5522,False,0.4096,0.8452,0.8065
964,282,31,1,282_chunk_c9b60c0a-c8f6-4044-b202-9c9bc02cfd8c,3.5278,True,0.4761,0.8,0.75
964,282,31,2,282_chunk_bab92faf-9bb7-4bd7-b72e-2094304d2174,3.2227,False,0.3663,0.8,0.75
964,282,31,3,282_chunk_86cecd61-124a-45e9-ba7a-392a6e041061,2.917,False,0.3672,0.8,0.75
964,282,31,4,282_chunk_4354fb88-aa8f-4b7f-83a8-f5cbaf52e10b,2.7494,False,0.3383,0.8,0.75
964,282,31,5,282_chunk_a13137d8-efd2-4a80-a153-ff0e0e0fbc04,2.59,True,0.4667,0.8,0.75
964,282,31,6,282_chunk_50cf45ea-5ce5-40d8-a5df-2f4cd8076f63,2.4674,False,0.3557,0.8,0.75
964,282,31,7,282_chunk_6dc09aac-f64a-4f7b-bc0a-4c3542c165b2,2.466,False,0.345,0.8,0.75
964,282,31,8,282_chunk_63fdbe3f-e0a0-4e11-bbce-251adc5850db,2.3362,False,0.3821,0.8,0.75
964,282,31,9,282_chunk_55d2a2b3-4a71-4975-aec8-aed28fd22e8c,2.0823,False,0.3598,0.8,0.75
964,282,31,10,282_chunk_32627456-a0b6-497d-86b6-e975ec69e265,1.5522,False,0.3647,0.8,0.75
403,105,0,1,105_chunk_8095af8c-96e8-4dff-ac3e-e4d98c5596a4,3.1036,False,0.3633,1.0,1.0
403,105,0,2,105_chunk_1e397196-234e-45b5-a17c-e8851c662d56,2.2871,False,0.3735,1.0,1.0
403,105,0,3,105_chunk_8b84242a-4620-49d4-91de-00bc2f25fb9f,2.2096,False,0.3536,1.0,1.0
403,105,0,4,105_chunk_30ce730d-04d2-4572-b704-136cbf7e55f4,2.0073,False,0.3241,1.0,1.0
403,105,0,5,105_chunk_8df9c9b2-d840-45e5-9e79-091b7acb5a02,2.0061,False,0.358,1.0,1.0
403,105,0,6,105_chunk_c200c31c-4c9c-48eb-9dfb-18415fda3992,1.9024,False,0.337,1.0,1.0
403,105,0,7,105_chunk_6d497edf-0a7c-4e8a-9725-451f67cc8c3a,1.8531,False,0.3394,1.0,1.0
403,105,0,8,105_chunk_14f449f8-2c95-4580-b06a-5debb6f8dd32,1.6204,False,0.3617,1.0,1.0
403,105,0,9,105_chunk_7e1bcf23-dca0-4b78-afcb-e818da9aab97,1.6059,False,0.3748,1.0,1.0
403,105,0,10,105_chunk_fd99af7b-5d83-4509-ad74-bad8b9d4f206,1.5198,False,0.3504,1.0,1.0
403,105,4,1,105_chunk_8095af8c-96e8-4dff-ac3e-e4d98c5596a4,3.1036,False,0.3956,0.9742,0.9677
403,105,4,2,105_chunk_1e397196-234e-45b5-a17c-e8851c662d56,2.2871,False,0.4235,0.9742,0.9677
403,105,4,3,105_chunk_8b84242a-4620-49d4-91de-00bc2f25fb9f,2.2096,False,0.3943,0.9742,0.9677
403,105,4,4,105_chunk_30ce730d-04d2-4572-b704-136cbf7e55f4,2.0073,False,0.4415,0.9742,0.9677
403,105,4,5,105_chunk_8df9c9b2-d840-45e5-9e79-091b7acb5a02,2.0061,False,0.4007,0.9742,0.9677
403,105,4,6,105_chunk_c200c31c-4c9c-48eb-9dfb-18415fda3992,1.9024,False,0.3542,0.9742,0.9677
403,105,4,7,105_chunk_6d497edf-0a7c-4e8a-9725-451f67cc8c3a,1.8531,False,0.4045,0.9742,0.9677
403,105,4,8,105_chunk_14f449f8-2c95-4580-b06a-5debb6f8dd32,1.6204,False,0.3971,0.9742,0.9677
403,105,4,9,105_chunk_7e1bcf23-dca0-4b78-afcb-e818da9aab97,1.6059,False,0.4152,0.9742,0.9677
403,105,4,10,105_chunk_fd99af7b-5d83-4509-ad74-bad8b9d4f206,1.5198,False,0.4029,0.9742,0.9677
403,105,8,1,105_chunk_8095af8c-96e8-4dff-ac3e-e4d98c5596a4,3.1036,False,0.4197,0.9484,0.9355
403,105,8,2,105_chunk_1e397196-234e-45b5-a17c-e8851c662d56,2.2871,False,0.398,0.9484,0.9355
403,105,8,3,105_chunk_8b84242a-4620-49d4-91de-00bc2f25fb9f,2.2096,False,0.4183,0.9484,0.9355
403,105,8,4,105_chunk_30ce730d-04d2-4572-b704-136cbf7e55f4,2.0073,False,0.4055,0.9484,0.9355
403,105,8,5,105_chunk_8df9c9b2-d840-45e5-9e79-091b7acb5a02,2.0061,False,0.4109,0.9484,0.9355
403,105,8,6,105_chunk_c200c31c-4c9c-48eb-9dfb-18415fda3992,1.9024,False,0.4343,0.9484,0.9355
403,105,8,7,105_chunk_6d497edf-0a7c-4e8a-9725-451f67cc8c3a,1.8531,False,0.4559,0.9484,0.9355
403,105,8,8,105_chunk_14f449f8-2c95-4580-b06a-5debb6f8dd32,1.6204,False,0.4304,0.9484,0.9355
403,105,8,9,105_chunk_7e1bcf23-dca0-4b78-afcb-e818da9aab97,1.6059,False,0.3986,0.9484,0.9355
403,105,8,10,105_chunk_fd99af7b-5d83-4509-ad74-bad8b9d4f206,1.5198,False,0.4314,0.9484,0.9355
403,105,16,1,105_chunk_8095af8c-96e8-4dff-ac3e-e4d98c5596a4,3.1036,False,0.4738,0.8968,0.871
403,105,16,2,105_chunk_1e397196-234e-45b5-a17c-e8851c662d56,2.2871,False,0.4377,0.8968,0.871
403,105,16,3,105_chunk_8b84242a-4620-49d4-91de-00bc2f25fb9f,2.2096,False,0.4472,0.8968,0.871
403,105,16,4,105_chunk_30ce730d-04d2-4572-b704-136cbf7e55f4,2.0073,False,0.4502,0.8968,0.871
403,105,16,5,105_chunk_8df9c9b2-d840-45e5-9e79-091b7acb5a02,2.0061,False,0.4342,0.8968,0.871
403,105,16,6,105_chunk_c200c31c-4c9c-48eb-9dfb-18415fda3992,1.9024,False,0.4628,0.8968,0.871
403,105,16,7,105_chunk_6d497edf-0a7c-4e8a-9725-451f67cc8c3a,1.8531,False,0.4475,0.8968,0.871
403,105,16,8,105_chunk_14f449f8-2c95-4580-b06a-5debb6f8dd32,1.6204,False,0.4583,0.8968,0.871
403,105,16,9,105_chunk_7e1bcf23-dca0-4b78-afcb-e818da9aab97,1.6059,False,0.4321,0.8968,0.871
403,105,16,10,105_chunk_fd99af7b-5d83-4509-ad74-bad8b9d4f206,1.5198,False,0.4411,0.8968,0.871
403,105,24,1,105_chunk_8095af8c-96e8-4dff-ac3e-e4d98c5596a4,3.1036,False,0.4296,0.8452,0.8065
403,105,24,2,105_chunk_1e397196-234e-45b5-a17c-e8851c662d56,2.2871,False,0.4077,0.8452,0.8065
403,105,24,3,105_chunk_8b84242a-4620-49d4-91de-00bc2f25fb9f,2.2096,False,0.4497,0.8452,0.8065
403,105,24,4,105_chunk_30ce730d-04d2-4572-b704-136cbf7e55f4,2.0073,False,0.4071,0.8452,0.8065
403,105,24,5,105_chunk_8df9c9b2-d840-45e5-9e79-091b7acb5a02,2.0061,False,0.4196,0.8452,0.8065
403,105,24,6,105_chunk_c200c31c-4c9c-48eb-9dfb-18415fda3992,1.9024,False,0.4338,0.8452,0.8065
403,105,24,7,105_chunk_6d497edf-0a7c-4e8a-9725-451f67cc8c3a,1.8531,False,0.3868,0.8452,0.8065
403,105,24,8,105_chunk_14f449f8-2c95-4580-b06a-5debb6f8dd32,1.6204,False,0.3799,0.8452,0.8065
403,105,24,9,105_chunk_7e1bcf23-dca0-4b78-afcb-e818da9aab97,1.6059,False,0.3846,0.8452,0.8065
403,105,24,10,105_chunk_fd99af7b-5d83-4509-ad74-bad8b9d4f206,1.5198,False,0.4404,0.8452,0.8065
403,105,31,1,105_chunk_8095af8c-96e8-4dff-ac3e-e4d98c5596a4,3.1036,False,0.339,0.8,0.75
403,105,31,2,105_chunk_1e397196-234e-45b5-a17c-e8851c662d56,2.2871,False,0.4012,0.8,0.75
403,105,31,3,105_chunk_8b84242a-4620-49d4-91de-00bc2f25fb9f,2.2096,False,0.3387,0.8,0.75
403,105,31,4,105_chunk_30ce730d-04d2-4572-b704-136cbf7e55f4,2.0073,False,0.3537,0.8,0.75
403,105,31,5,105_chunk_8df9c9b2-d840-45e5-9e79-091b7acb5a02,2.0061,False,0.3808,0.8,0.75
403,105,31,6,105_chunk_c200c31c-4c9c-48eb-9dfb-18415fda3992,1.9024,False,0.3901,0.8,0.75
403,105,31,7,105_chunk_6d497edf-0a7c-4e8a-9725-451f67cc8c3a,1.8531,False,0.3912,0.8,0.75
403,105,31,8,105_chunk_14f449f8-2c95-4580-b06a-5debb6f8dd32,1.6204,False,0.3742,0.8,0.75
403,105,31,9,105_chunk_7e1bcf23-dca0-4b78-afcb-e818da9aab97,1.6059,False,0.3705,0.8,0.75
403,105,31,10,105_chunk_fd99af7b-5d83-4509-ad74-bad8b9d4f206,1.5198,False,0.3619,0.8,0.75
1502,469,0,1,469_chunk_e04bdb89-38bc-4e1c-9731-c946707cc393,1.3704,False,0.3656,1.0,1.0
1502,469,0,2,469_chunk_e12b4bdb-8c95-47f8-9f21-40bb7c1cd589,1.3158,False,0.339,1.0,1.0
1502,469,0,3,469_chunk_74251ea8-5e60-4b19-b953-d0cc9e3035f1,1.0022,False,0.3336,1.0,1.0
1502,469,0,4,469_chunk_ee1583b9-0d52-4149-a113-a51c4e32ab6c,0.9581,False,0.3499,1.0,1.0
1502,469,0,5,469_chunk_73d695bc-a25b-4ebb-819e-83fad119bfe6,0.8777,False,0.3466,1.0,1.0
1502,469,0,6,469_chunk_89df6286-a32a-46bb-bdac-d1b696653116,0.8638,False,0.3409,1.0,1.0
1502,469,0,7,469_chunk_f4a48188-a227-499a-ba26-2afff4f813f2,0.8548,False,0.3639,1.0,1.0
1502,469,0,8,469_chunk_06008a99-ce74-47fa-9669-323edd3a8846,0.7473,False,0.3691,1.0,1.0
1502,469,0,9,469_chunk_b4299e4c-6fea-4eda-8a6f-327d0d19eddb,0.6774,False,0.3518,1.0,1.0
1502,469,0,10,469_chunk_8ecea0d6-d3fe-45cd-8158-f8cca6dc7957,0.6666,False,0.3796,1.0,1.0
1502,469,4,1,469_chunk_e04bdb89-38bc-4e1c-9731-c946707cc393,1.3704,False,0.3666,0.9742,0.9677
1502,469,4,2,469_chunk_e12b4bdb-8c95-47f8-9f21-40bb7c1cd589,1.3158,False,0.3856,0.9742,0.9677
1502,469,4,3,469_chunk_74251ea8-5e60-4b19-b953-d0cc9e3035f1,1.0022,False,0.3751,0.9742,0.9677
1502,469,4,4,469_chunk_ee1583b9-0d52-4149-a113-a51c4e32ab6c,0.9581,False,0.3521,0.9742,0.9677
1502,469,4,5,469_chunk_73d695bc-a25b-4ebb-819e-83fad119bfe6,0.8777,False,0.3878,0.9742,0.9677
1502,469,4,6,469_chunk_89df6286-a32a-46bb-bdac-d1b696653116,0.8638,False,0.387,0.9742,0.9677
1502,469,4,7,469_chunk_f4a48188-a227-499a-ba26-2afff4f813f2,0.8548,False,0.4197,0.9742,0.9677
1502,469,4,8,469_chunk_06008a99-ce74-47fa-9669-323edd3a8846,0.7473,False,0.4021,0.9742,0.9677
1502,469,4,9,469_chunk_b4299e4c-6fea-4eda-8a6f-327d0d19eddb,0.6774,False,0.369,0.9742,0.9677
1502,469,4,10,469_chunk_8ecea0d6-d3fe-45cd-8158-f8cca6dc7957,0.6666,False,0.4265,0.9742,0.9677
1502,469,8,1,469_chunk_e04bdb89-38bc-4e1c-9731-c946707cc393,1.3704,False,0.4469,0.9484,0.9355
1502,469,8,2,469_chunk_e12b4bdb-8c95-47f8-9f21-40bb7c1cd589,1.3158,False,0.4341,0.9484,0.9355
1502,469,8,3,469_chunk_74251ea8-5e60-4b19-b953-d0cc9e3035f1,1.0022,False,0.4179,0.9484,0.9355
1502,469,8,4,469_chunk_ee1583b9-0d52-4149-a113-a51c4e32ab6c,0.9581,False,0.4033,0.9484,0.9355
1502,469,8,5,469_chunk_73d695bc-a25b-4ebb-819e-83fad119bfe6,0.8777,False,0.415,0.9484,0.9355
1502,469,8,6,469_chunk_89df6286-a32a-46bb-bdac-d1b696653116,0.8638,False,0.4443,0.9484,0.9355
1502,469,8,7,469_chunk_f4a48188-a227-499a-ba26-2afff4f813f2,0.8548,False,0.4602,0.9484,0.9355
1502,469,8,8,469_chunk_06008a99-ce74-47fa-9669-323edd3a8846,0.7473,False,0.4533,0.9484,0.9355
1502,469,8,9,469_chunk_b4299e4c-6fea-4eda-8a6f-327d0d19eddb,0.6774,False,0.4127,0.9484,0.9355
1502,469,8,10,469_chunk_8ecea0d6-d3fe-45cd-8158-f8cca6dc7957,0.6666,False,0.4001,0.9484,0.9355
1502,469,16,1,469_chunk_e04bdb89-38bc-4e1c-9731-c946707cc393,1.3704,False,0.4527,0.8968,0.871
1502,469,16,2,469_chunk_e12b4bdb-8c95-47f8-9f21-40bb7c1cd589,1.3158,False,0.4145,0.8968,0.871
1502,469,16,3,469_chunk_74251ea8-5e60-4b19-b953-d0cc9e3035f1,1.0022,False,0.4563,0.8968,0.871
1502,469,16,4,469_chunk_ee1583b9-0d52-4149-a113-a51c4e32ab6c,0.9581,False,0.4469,0.8968,0.871
1502,469,16,5,469_chunk_73d695bc-a25b-4ebb-819e-83fad119bfe6,0.8777,False,0.4406,0.8968,0.871
1502,469,16,6,469_chunk_89df6286-a32a-46bb-bdac-d1b696653116,0.8638,False,0.418,0.8968,0.871
1502,469,16,7,469_chunk_f4a48188-a227-499a-ba26-2afff4f813f2,0.8548,False,0.4601,0.8968,0.871
1502,469,16,8,469_chunk_06008a99-ce74-47fa-9669-323edd3a8846,0.7473,False,0.4392,0.8968,0.871
1502,469,16,9,469_chunk_b4299e4c-6fea-4eda-8a6f-327d0d19eddb,0.6774,False,0.4265,0.8968,0.871
1502,469,16,10,469_chunk_8ecea0d6-d3fe-45cd-8158-f8cca6dc7957,0.6666,False,0.3924,0.8968,0.871
1502,469,24,1,469_chunk_e04bdb89-38bc-4e1c-9731-c946707cc393,1.3704,False,0.4146,0.8452,0.8065
1502,469,24,2,469_chunk_e12b4bdb-8c95-47f8-9f21-40bb7c1cd589,1.3158,False,0.4506,0.8452,0.8065
1502,469,24,3,469_chunk_74251ea8-5e60-4b19-b953-d0cc9e3035f1,1.0022,False,0.4484,0.8452,0.8065
1502,469,24,4,469_chunk_ee1583b9-0d52-4149-a113-a51c4e32ab6c,0.9581,False,0.406,0.8452,0.8065
1502,469,24,5,469_chunk_73d695bc-a25b-4ebb-819e-83fad119bfe6,0.8777,False,0.4031,0.8452,0.8065
1502,469,24,6,469_chunk_89df6286-a32a-46bb-bdac-d1b696653116,0.8638,False,0.4245,0.8452,0.8065
1502,469,24,7,469_chunk_f4a48188-a227-499a-ba26-2afff4f813f2,0.8548,False,0.3952,0.8452,0.8065
1502,469,24,8,469_chunk_06008a99-ce74-47fa-9669-323edd3a8846,0.7473,False,0.4212,0.8452,0.8065
1502,469,24,9,469_chunk_b4299e4c-6fea-4eda-8a6f-327d0d19eddb,0.6774,False,0.4305,0.8452,0.8065
1502,469,24,10,469_chunk_8ecea0d6-d3fe-45cd-8158-f8cca6dc7957,0.6666,False,0.4397,0.8452,0.8065
1502,469,31,1,469_chunk_e04bdb89-38bc-4e1c-9731-c946707cc393,1.3704,False,0.348,0.8,0.75
1502,469,31,2,469_chunk_e12b4bdb-8c95-47f8-9f21-40bb7c1cd589,1.3158,False,0.3459,0.8,0.75
1502,469,31,3,469_chunk_74251ea8-5e60-4b19-b953-d0cc9e3035f1,1.0022,False,0.3324,0.8,0.75
1502,469,31,4,469_chunk_ee1583b9-0d52-4149-a113-a51c4e32ab6c,0.9581,False,0.3335,0.8,0.75
1502,469,31,5,469_chunk_73d695bc-a25b-4ebb-819e-83fad119bfe6,0.8777,False,0.3455,0.8,0.75
1502,469,31,6,469_chunk_89df6286-a32a-46bb-bdac-d1b696653116,0.8638,False,0.3573,0.8,0.75
1502,469,31,7,469_chunk_f4a48188-a227-499a-ba26-2afff4f813f2,0.8548,False,0.3683,0.8,0.75
1502,469,31,8,469_chunk_06008a99-ce74-47fa-9669-323edd3a8846,0.7473,False,0.3339,0.8,0.75
1502,469,31,9,469_chunk_b4299e4c-6fea-4eda-8a6f-327d0d19eddb,0.6774,False,0.3799,0.8,0.75
1502,469,31,10,469_chunk_8ecea0d6-d3fe-45cd-8158-f8cca6dc7957,0.6666,False,0.3446,0.8,0.75
1504,470,0,1,470_chunk_b678d853-a06a-49ec-8564-4646c117082c,2.3467,False,0.3496,1.0,1.0
1504,470,0,2,470_chunk_581f5f17-aa2a-4a0a-886b-e4c8478fb048,2.1283,False,0.3351,1.0,1.0
1504,470,0,3,470_chunk_1cb349e5-6ca2-4392-8478-64d6419a775a,2.0301,False,0.3015,1.0,1.0
1504,470,0,4,470_chunk_3d344a52-e2b8-43e2-aa5e-f7f1cbcda152,1.9113,False,0.3677,1.0,1.0
1504,470,0,5,470_chunk_6b850efa-1596-41d0-ab71-4f4174738639,1.9027,False,0.3647,1.0,1.0
1504,470,0,6,470_chunk_a97ad5cc-ff3a-4db7-8b77-0082c4d0f2e1,1.6956,False,0.3444,1.0,1.0
1504,470,0,7,470_chunk_a2a06299-3d89-4377-a087-fdfe80a8e12c,1.6928,False,0.3513,1.0,1.0
1504,470,0,8,470_chunk_099f9051-3463-4d56-bf39-4734fe49844c,1.6699,False,0.3603,1.0,1.0
1504,470,0,9,470_chunk_bf0bbece-c54e-45f8-a3fd-a1a74fbc45fa,1.669,False,0.3187,1.0,1.0
1504,470,0,10,470_chunk_7ddce1f6-9de8-4d4f-a5ca-8f3569483aea,1.6666,False,0.3394,1.0,1.0
1504,470,4,1,470_chunk_b678d853-a06a-49ec-8564-4646c117082c,2.3467,False,0.4053,0.9742,0.9677
1504,470,4,2,470_chunk_581f5f17-aa2a-4a0a-886b-e4c8478fb048,2.1283,False,0.3643,0.9742,0.9677
1504,470,4,3,470_chunk_1cb349e5-6ca2-4392-8478-64d6419a775a,2.0301,False,0.3953,0.9742,0.9677
1504,470,4,4,470_chunk_3d344a52-e2b8-43e2-aa5e-f7f1cbcda152,1.9113,False,0.3623,0.9742,0.9677
1504,470,4,5,470_chunk_6b850efa-1596-41d0-ab71-4f4174738639,1.9027,False,0.3988,0.9742,0.9677
1504,470,4,6,470_chunk_a97ad5cc-ff3a-4db7-8b77-0082c4d0f2e1,1.6956,False,0.3887,0.9742,0.9677
1504,470,4,7,470_chunk_a2a06299-3d89-4377-a087-fdfe80a8e12c,1.6928,False,0.3571,0.9742,0.9677
1504,470,4,8,470_chunk_099f9051-3463-4d56-bf39-4734fe49844c,1.6699,False,0.4127,0.9742,0.9677
1504,470,4,9,470_chunk_bf0bbece-c54e-45f8-a3fd-a1a74fbc45fa,1.669,False,0.3747,0.9742,0.9677
1504,470,4,10,470_chunk_7ddce1f6-9de8-4d4f-a5ca-8f3569483aea,1.6666,False,0.3732,0.9742,0.9677
1504,470,8,1,470_chunk_b678d853-a06a-49ec-8564-4646c117082c,2.3467,False,0.4265,0.9484,0.9355
1504,470,8,2,470_chunk_581f5f17-aa2a-4a0a-886b-e4c8478fb048,2.1283,False,0.4455,0.9484,0.9355
1504,470,8,3,470_chunk_1cb349e5-6ca2-4392-8478-64d6419a775a,2.0301,False,0.4022,0.9484,0.9355
1504,470,8,4,470_chunk_3d344a52-e2b8-43e2-aa5e-f7f1cbcda152,1.9113,False,0.4237,0.9484,0.9355
1504,470,8,5,470_chunk_6b850efa-1596-41d0-ab71-4f4174738639,1.9027,False,0.4311,0.9484,0.9355
1504,470,8,6,470_chunk_a97ad5cc-ff3a-4db7-8b77-0082c4d0f2e1,1.6956,False,0.4363,0.9484,0.9355
1504,470,8,7,470_chunk_a2a06299-3d89-4377-a087-fdfe80a8e12c,1.6928,False,0.426,0.9484,0.9355
1504,470,8,8,470_chunk_099f9051-3463-4d56-bf39-4734fe49844c,1.6699,False,0.4151,0.9484,0.9355
1504,470,8,9,470_chunk_bf0bbece-c54e-45f8-a3fd-a1a74fbc45fa,1.669,False,0.4059,0.9484,0.9355
1504,470,8,10,470_chunk_7ddce1f6-9de8-4d4f-a5ca-8f3569483aea,1.6666,False,0.4242,0.9484,0.9355
1504,470,16,1,470_chunk_b678d853-a06a-49ec-8564-4646c117082c,2.3467,False,0.4284,0.8968,0.871
1504,470,16,2,470_chunk_581f5f17-aa2a-4a0a-886b-e4c8478fb048,2.1283,False,0.3914,0.8968,0.871
1504,470,16,3,470_chunk_1cb349e5-6ca2-4392-8478-64d6419a775a,2.0301,False,0.4586,0.8968,0.871
1504,470,16,4,470_chunk_3d344a52-e2b8-43e2-aa5e-f7f1cbcda152,1.9113,False,0.468,0.8968,0.871
1504,470,16,5,470_chunk_6b850efa-1596-41d0-ab71-4f4174738639,1.9027,False,0.4026,0.8968,0.871
1504,470,16,6,470_chunk_a97ad5cc-ff3a-4db7-8b77-0082c4d0f2e1,1.6956,False,0.4297,0.8968,0.871
1504,470,16,7,470_chunk_a2a06299-3d89-4377-a087-fdfe80a8e12c,1.6928,False,0.4623,0.8968,0.871
1504,470,16,8,470_chunk_099f9051-3463-4d56-bf39-4734fe49844c,1.6699,False,0.491,0.8968,0.871
1504,470,16,9,470_chunk_bf0bbece-c54e-45f8-a3fd-a1a74fbc45fa,1.669,False,0.4503,0.8968,0.871
1504,470,16,10,470_chunk_7ddce1f6-9de8-4d4f-a5ca-8f3569483aea,1.6666,False,0.4353,0.8968,0.871
1504,470,24,1,470_chunk_b678d853-a06a-49ec-8564-4646c117082c,2.3467,False,0.4115,0.8452,0.8065
1504,470,24,2,470_chunk_581f5f17-aa2a-4a0a-886b-e4c8478fb048,2.1283,False,0.4426,0.8452,0.8065
1504,470,24,3,470_chunk_1cb349e5-6ca2-4392-8478-64d6419a775a,2.0301,False,0.4022,0.8452,0.8065
1504,470,24,4,470_chunk_3d344a52-e2b8-43e2-aa5e-f7f1cbcda152,1.9113,False,0.3992,0.8452,0.8065
1504,470,24,5,470_chunk_6b850efa-1596-41d0-ab71-4f4174738639,1.9027,False,0.4055,0.8452,0.8065
1504,470,24,6,470_chunk_a97ad5cc-ff3a-4db7-8b77-0082c4d0f2e1,1.6956,False,0.3961,0.8452,0.8065
1504,470,24,7,470_chunk_a2a06299-3d89-4377-a087-fdfe80a8e12c,1.6928,False,0.4176,0.8452,0.8065
1504,470,24,8,470_chunk_099f9051-3463-4d56-bf39-4734fe49844c,1.6699,False,0.4476,0.8452,0.8065
1504,470,24,9,470_chunk_bf0bbece-c54e-45f8-a3fd-a1a74fbc45fa,1.669,False,0.4216,0.8452,0.8065
1504,470,24,10,470_chunk_7ddce1f6-9de8-4d4f-a5ca-8f3569483aea,1.6666,False,0.4101,0.8452,0.8065
1504,470,31,1,470_chunk_b678d853-a06a-49ec-8564-4646c117082c,2.3467,False,0.3442,0.8,0.75
1504,470,31,2,470_chunk_581f5f17-aa2a-4a0a-886b-e4c8478fb048,2.1283,False,0.3187,0.8,0.75
1504,470,31,3,470_chunk_1cb349e5-6ca2-4392-8478-64d6419a775a,2.0301,False,0.3677,0.8,0.75
1504,470,31,4,470_chunk_3d344a52-e2b8-43e2-aa5e-f7f1cbcda152,1.9113,False,0.3484,0.8,0.75
1504,470,31,5,470_chunk_6b850efa-1596-41d0-ab71-4f4174738639,1.9027,False,0.3464,0.8,0.75
1504,470,31,6,470_chunk_a97ad5cc-ff3a-4db7-8b77-0082c4d0f2e1,1.6956,False,0.4139,0.8,0.75
1504,470,31,7,470_chunk_a2a06299-3d89-4377-a087-fdfe80a8e12c,1.6928,False,0.356,0.8,0.75
1504,470,31,8,470_chunk_099f9051-3463-4d56-bf39-4734fe49844c,1.6699,False,0.335,0.8,0.75
1504,470,31,9,470_chunk_bf0bbece-c54e-45f8-a3fd-a1a74fbc45fa,1.669,False,0.3415,0.8,0.75
1504,470,31,10,470_chunk_7ddce1f6-9de8-4d4f-a5ca-8f3569483aea,1.6666,False,0.373,0.8,0.75
2028,695,0,1,695_chunk_c0f6a395-d387-49d5-921a-68ac9a55128a,1.4892,False,0.3523,1.0,1.0
2028,695,0,2,695_chunk_c85f1cef-24b0-462b-bef5-86b4831d8cc7,1.3094,True,0.3212,1.0,1.0
2028,695,0,3,695_chunk_3d9aa887-c7f2-4886-94a9-c9a6527b54e1,0.9369,False,0.3684,1.0,1.0
2028,695,0,4,695_chunk_af5e6b61-afff-4c4f-b7c6-c8eaf03be4e1,0.9078,False,0.3366,1.0,1.0
2028,695,0,5,695_chunk_53193c59-96e3-48ac-a4a3-cde09d11f9e0,0.4459,False,0.3875,1.0,1.0
2028,695,0,6,695_chunk_598e1c89-c3f6-417a-8a6d-c292b33d8302,0.4144,False,0.3716,1.0,1.0
2028,695,0,7,695_chunk_7b9e15d3-a07d-4df7-9d98-e41324866219,0.3061,False,0.3411,1.0,1.0
2028,695,0,8,695_chunk_8474ec30-c707-49c8-8830-e3a64e040a92,0.3052,False,0.3756,1.0,1.0
2028,695,0,9,695_chunk_9a8ce64a-de64-4094-8ca1-3f93012b3015,0.2861,False,0.3514,1.0,1.0
2028,695,0,10,695_chunk_88d49558-197b-4d1f-b366-6f4393fc5145,0.2428,False,0.3671,1.0,1.0
2028,695,4,1,695_chunk_c0f6a395-d387-49d5-921a-68ac9a55128a,1.4892,False,0.3991,0.9742,0.9677
2028,695,4,2,695_chunk_c85f1cef-24b0-462b-bef5-86b4831d8cc7,1.3094,True,0.388,0.9742,0.9677
2028,695,4,3,695_chunk_3d9aa887-c7f2-4886-94a9-c9a6527b54e1,0.9369,False,0.3766,0.9742,0.9677
2028,695,4,4,695_chunk_af5e6b61-afff-4c4f-b7c6-c8eaf03be4e1,0.9078,False,0.41,0.9742,0.9677
2028,695,4,5,695_chunk_53193c59-96e3-48ac-a4a3-cde09d11f9e0,0.4459,False,0.3827,0.9742,0.9677
2028,695,4,6,695_chunk_598e1c89-c3f6-417a-8a6d-c292b33d8302,0.4144,False,0.3814,0.9742,0.9677
2028,695,4,7,695_chunk_7b9e15d3-a07d-4df7-9d98-e41324866219,0.3061,False,0.3703,0.9742,0.9677
2028,695,4,8,695_chunk_8474ec30-c707-49c8-8830-e3a64e040a92,0.3052,False,0.3979,0.9742,0.9677
2028,695,4,9,695_chunk_9a8ce64a-de64-4094-8ca1-3f93012b3015,0.2861,False,0.4307,0.9742,0.9677
2028,695,4,10,695_chunk_88d49558-197b-4d1f-b366-6f4393fc5145,0.2428,False,0.3681,0.9742,0.9677
2028,695,8,1,695_chunk_c0f6a395-d387-49d5-921a-68ac9a55128a,1.4892,False,0.423,0.9484,0.9355
2028,695,8,2,695_chunk_c85f1cef-24b0-462b-bef5-86b4831d8cc7,1.3094,True,0.4817,0.9484,0.9355
2028,695,8,3,695_chunk_3d9aa887-c7f2-4886-94a9-c9a6527b54e1,0.9369,False,0.4209,0.9484,0.9355
2028,695,8,4,695_chunk_af5e6b61-afff-4c4f-b7c6-c8eaf03be4e1,0.9078,False,0.4315,0.9484,0.9355
2028,695,8,5,695_chunk_53193c59-96e3-48ac-a4a3-cde09d11f9e0,0.4459,False,0.4012,0.9484,0.9355
2028,695,8,6,695_chunk_598e1c89-c3f6-417a-8a6d-c292b33d8302,0.4144,False,0.431,0.9484,0.9355
2028,695,8,7,695_chunk_7b9e15d3-a07d-4df7-9d98-e41324866219,0.3061,False,0.4187,0.9484,0.9355
2028,695,8,8,695_chunk_8474ec30-c707-49c8-8830-e3a64e040a92,0.3052,False,0.4422,0.9484,0.9355
2028,695,8,9,695_chunk_9a8ce64a-de64-4094-8ca1-3f93012b3015,0.2861,False,0.4462,0.9484,0.9355
2028,695,8,10,695_chunk_88d49558-197b-4d1f-b366-6f4393fc5145,0.2428,False,0.4743,0.9484,0.9355
2028,695,16,1,695_chunk_c0f6a395-d387-49d5-921a-68ac9a55128a,1.4892,False,0.4615,0.8968,0.871
2028,695,16,2,695_chunk_c85f1cef-24b0-462b-bef5-86b4831d8cc7,1.3094,True,0.5183,0.8968,0.871
2028,695,16,3,695_chunk_3d9aa887-c7f2-4886-94a9-c9a6527b54e1,0.9369,False,0.4538,0.8968,0.871
2028,695,16,4,695_chunk_af5e6b61-afff-4c4f-b7c6-c8eaf03be4e1,0.9078,False,0.4428,0.8968,0.871
2028,695,16,5,695_chunk_53193c59-96e3-48ac-a4a3-cde09d11f9e0,0.4459,False,0.4566,0.8968,0.871
2028,695,16,6,695_chunk_598e1c89-c3f6-417a-8a6d-c292b33d8302,0.4144,False,0.444,0.8968,0.871
2028,695,16,7,695_chunk_7b9e15d3-a07d-4df7-9d98-e41324866219,0.3061,False,0.4532,0.8968,0.871
2028,695,16,8,695_chunk_8474ec30-c707-49c8-8830-e3a64e040a92,0.3052,False,0.4762,0.8968,0.871
2028,695,16,9,695_chunk_9a8ce64a-de64-4094-8ca1-3f93012b3015,0.2861,False,0.4297,0.8968,0.871
2028,695,16,10,695_chunk_88d49558-197b-4d1f-b366-6f4393fc5145,0.2428,False,0.4727,0.8968,0.871
2028,695,24,1,695_chunk_c0f6a395-d387-49d5-921a-68ac9a55128a,1.4892,False,0.4415,0.8452,0.8065
2028,695,24,2,695_chunk_c85f1cef-24b0-462b-bef5-86b4831d8cc7,1.3094,True,0.5057,0.8452,0.8065
2028,695,24,3,695_chunk_3d9aa887-c7f2-4886-94a9-c9a6527b54e1,0.9369,False,0.3727,0.8452,0.8065
2028,695,24,4,695_chunk_af5e6b61-afff-4c4f-b7c6-c8eaf03be4e1,0.9078,False,0.403,0.8452,0.8065
2028,695,24,5,695_chunk_53193c59-96e3-48ac-a4a3-cde09d11f9e0,0.4459,False,0.4411,0.8452,0.8065
2028,695,24,6,695_chunk_598e1c89-c3f6-417a-8a6d-c292b33d8302,0.4144,False,0.4147,0.8452,0.8065
2028,695,24,7,695_chunk_7b9e15d3-a07d-4df7-9d98-e41324866219,0.3061,False,0.3952,0.8452,0.8065
2028,695,24,8,695_chunk_8474ec30-c707-49c8-8830-e3a64e040a92,0.3052,False,0.405,0.8452,0.8065
2028,695,24,9,695_chunk_9a8ce64a-de64-4094-8ca1-3f93012b3015,0.2861,False,0.4319,0.8452,0.8065
2028,695,24,10,695_chunk_88d49558-197b-4d1f-b366-6f4393fc5145,0.2428,False,0.4261,0.8452,0.8065
2028,695,31,1,695_chunk_c0f6a395-d387-49d5-921a-68ac9a55128a,1.4892,False,0.3452,0.8,0.75
2028,695,31,2,695_chunk_c85f1cef-24b0-462b-bef5-86b4831d8cc7,1.3094,True,0.4627,0.8,0.75
2028,695,31,3,695_chunk_3d9aa887-c7f2-4886-94a9-c9a6527b54e1,0.9369,False,0.3422,0.8,0.75
2028,695,31,4,695_chunk_af5e6b61-afff-4c4f-b7c6-c8eaf03be4e1,0.9078,False,0.3316,0.8,0.75
2028,695,31,5,695_chunk_53193c59-96e3-48ac-a4a3-cde09d11f9e0,0.4459,False,0.3823,0.8,0.75
2028,695,31,6,695_chunk_598e1c89-c3f6-417a-8a6d-c292b33d8302,0.4144,False,0.3436,0.8,0.75
2028,695,31,7,695_chunk_7b9e15d3-a07d-4df7-9d98-e41324866219,0.3061,False,0.3743,0.8,0.75
2028,695,31,8,695_chunk_8474ec30-c707-49c8-8830-e3a64e040a92,0.3052,False,0.3804,0.8,0.75
2028,695,31,9,695_chunk_9a8ce64a-de64-4094-8ca1-3f93012b3015,0.2861,False,0.37,0.8,0.75
2028,695,31,10,695_chunk_88d49558-197b-4d1f-b366-6f4393fc5145,0.2428,False,0.3414,0.8,0.75
1002,293,0,1,293_chunk_92b075a7-4be7-46b4-a3c4-56893abfb7e2,6.7207,True,0.3581,1.0,1.0
1002,293,0,2,293_chunk_adb6fcf3-1060-451b-bb6d-333e9003c3ff,4.0105,True,0.3495,1.0,1.0
1002,293,0,3,293_chunk_6097e73f-f027-4ea0-8e93-8f1691ced556,3.4567,True,0.3319,1.0,1.0
1002,293,0,4,293_chunk_754090fb-31ff-4385-9948-c68c14a23a06,2.9797,False,0.3565,1.0,1.0
1002,293,0,5,293_chunk_e0ac8208-9abd-4a1f-88a1-2a1287054646,2.5407,False,0.3264,1.0,1.0
1002,293,0,6,293_chunk_ec00180f-dd51-4c93-adb6-7d84189df8b4,2.1659,False,0.3738,1.0,1.0
1002,293,0,7,293_chunk_f371b222-6984-4137-8a39-483015f0e077,1.8664,False,0.3407,1.0,1.0
1002,293,0,8,293_chunk_11813f79-19af-44f4-9d2f-3ae82f54ba73,1.4626,False,0.354,1.0,1.0
1002,293,0,9,293_chunk_b79370db-0e06-48d6-8e0a-06b76e53b7d6,1.3548,False,0.3557,1.0,1.0
1002,293,0,10,293_chunk_af745a97-a831-48d5-b09b-cd490a5255cd,1.2521,False,0.3448,1.0,1.0
1002,293,4,1,293_chunk_92b075a7-4be7-46b4-a3c4-56893abfb7e2,6.7207,True,0.4167,0.9742,0.9677
1002,293,4,2,293_chunk_adb6fcf3-1060-451b-bb6d-333e9003c3ff,4.0105,True,0.3954,0.9742,0.9677
1002,293,4,3,293_chunk_6097e73f-f027-4ea0-8e93-8f1691ced556,3.4567,True,0.4223,0.9742,0.9677
1002,293,4,4,293_chunk_754090fb-31ff-4385-9948-c68c14a23a06,2.9797,False,0.3625,0.9742,0.9677
1002,293,4,5,293_chunk_e0ac8208-9abd-4a1f-88a1-2a1287054646,2.5407,False,0.392,0.9742,0.9677
1002,293,4,6,293_chunk_ec00180f-dd51-4c93-adb6-7d84189df8b4,2.1659,False,0.4282,0.9742,0.9677
1002,293,4,7,293_chunk_f371b222-6984-4137-8a39-483015f0e077,1.8664,False,0.3694,0.9742,0.9677
1002,293,4,8,293_chunk_11813f79-19af-44f4-9d2f-3ae82f54ba73,1.4626,False,0.3759,0.9742,0.9677
1002,293,4,9,293_chunk_b79370db-0e06-48d6-8e0a-06b76e53b7d6,1.3548,False,0.3997,0.9742,0.9677
1002,293,4,10,293_chunk_af745a97-a831-48d5-b09b-cd490a5255cd,1.2521,False,0.393,0.9742,0.9677
1002,293,8,1,293_chunk_92b075a7-4be7-46b4-a3c4-56893abfb7e2,6.7207,True,0.4605,0.9484,0.9355
1002,293,8,2,293_chunk_adb6fcf3-1060-451b-bb6d-333e9003c3ff,4.0105,True,0.4632,0.9484,0.9355
1002,293,8,3,293_chunk_6097e73f-f027-4ea0-8e93-8f1691ced556,3.4567,True,0.4661,0.9484,0.9355
1002,293,8,4,293_chunk_754090fb-31ff-4385-9948-c68c14a23a06,2.9797,False,0.4447,0.9484,0.9355
1002,293,8,5,293_chunk_e0ac8208-9abd-4a1f-88a1-2a1287054646,2.5407,False,0.4307,0.9484,0.9355
1002,293,8,6,293_chunk_ec00180f-dd51-4c93-adb6-7d84189df8b4,2.1659,False,0.4177,0.9484,0.9355
1002,293,8,7,293_chunk_f371b222-6984-4137-8a39-483015f0e077,1.8664,False,0.4359,0.9484,0.9355
1002,293,8,8,293_chunk_11813f79-19af-44f4-9d2f-3ae82f54ba73,1.4626,False,0.4605,0.9484,0.9355
1002,293,8,9,293_chunk_b79370db-0e06-48d6-8e0a-06b76e53b7d6,1.3548,False,0.4198,0.9484,0.9355
1002,293,8,10,293_chunk_af745a97-a831-48d5-b09b-cd490a5255cd,1.2521,False,0.403,0.9484,0.9355
1002,293,16,1,293_chunk_92b075a7-4be7-46b4-a3c4-56893abfb7e2,6.7207,True,0.5339,0.8968,0.871
1002,293,16,2,293_chunk_adb6fcf3-1060-451b-bb6d-333e9003c3ff,4.0105,True,0.5094,0.8968,0.871
1002,293,16,3,293_chunk_6097e73f-f027-4ea0-8e93-8f1691ced556,3.4567,True,0.4684,0.8968,0.871
1002,293,16,4,293_chunk_754090fb-31ff-4385-9948-c68c14a23a06,2.9797,False,0.4668,0.8968,0.871
1002,293,16,5,293_chunk_e0ac8208-9abd-4a1f-88a1-2a1287054646,2.5407,False,0.4392,0.8968,0.871
1002,293,16,6,293_chunk_ec00180f-dd51-4c93-adb6-7d84189df8b4,2.1659,False,0.4481,0.8968,0.871
1002,293,16,7,293_chunk_f371b222-6984-4137-8a39-483015f0e077,1.8664,False,0.4565,0.8968,0.871
1002,293,16,8,293_chunk_11813f79-19af-44f4-9d2f-3ae82f54ba73,1.4626,False,0.4537,0.8968,0.871
1002,293,16,9,293_chunk_b79370db-0e06-48d6-8e0a-06b76e53b7d6,1.3548,False,0.4641,0.8968,0.871
1002,293,16,10,293_chunk_af745a97-a831-48d5-b09b-cd490a5255cd,1.2521,False,0.4412,0.8968,0.871
1002,293,24,1,293_chunk_92b075a7-4be7-46b4-a3c4-56893abfb7e2,6.7207,True,0.5183,0.8452,0.8065
1002,293,24,2,293_chunk_adb6fcf3-1060-451b-bb6d-333e9003c3ff,4.0105,True,0.5028,0.8452,0.8065
1002,293,24,3,293_chunk_6097e73f-f027-4ea0-8e93-8f1691ced556,3.4567,True,0.5228,0.8452,0.8065
1002,293,24,4,293_chunk_754090fb-31ff-4385-9948-c68c14a23a06,2.9797,False,0.4274,0.8452,0.8065
1002,293,24,5,293_chunk_e0ac8208-9abd-4a1f-88a1-2a1287054646,2.5407,False,0.3964,0.8452,0.8065
1002,293,24,6,293_chunk_ec00180f-dd51-4c93-adb6-7d84189df8b4,2.1659,False,0.4369,0.8452,0.8065
1002,293,24,7,293_chunk_f371b222-6984-4137-8a39-483015f0e077,1.8664,False,0.4044,0.8452,0.8065
1002,293,24,8,293_chunk_11813f79-19af-44f4-9d2f-3ae82f54ba73,1.4626,False,0.4313,0.8452,0.8065
1002,293,24,9,293_chunk_b79370db-0e06-48d6-8e0a-06b76e53b7d6,1.3548,False,0.4225,0.8452,0.8065
1002,293,24,10,293_chunk_af745a97-a831-48d5-b09b-cd490a5255cd,1.2521,False,0.4519,0.8452,0.8065
1002,293,31,1,293_chunk_92b075a7-4be7-46b4-a3c4-56893abfb7e2,6.7207,True,0.4655,0.8,0.75
1002,293,31,2,293_chunk_adb6fcf3-1060-451b-bb6d-333e9003c3ff,4.0105,True,0.463,0.8,0.75
1002,293,31,3,293_chunk_6097e73f-f027-4ea0-8e93-8f1691ced556,3.4567,True,0.4696,0.8,0.75
1002,293,31,4,293_chunk_754090fb-31ff-4385-9948-c68c14a23a06,2.9797,False,0.3439,0.8,0.75
1002,293,31,5,293_chunk_e0ac8208-9abd-4a1f-88a1-2a1287054646,2.5407,False,0.366,0.8,0.75
1002,293,31,6,293_chunk_ec00180f-dd51-4c93-adb6-7d84189df8b4,2.1659,False,0.3177,0.8,0.75
1002,293,31,7,293_chunk_f371b222-6984-4137-8a39-483015f0e077,1.8664,False,0.3289,0.8,0.75
1002,293,31,8,293_chunk_11813f79-19af-44f4-9d2f-3ae82f54ba73,1.4626,False,0.3286,0.8,0.75
1002,293,31,9,293_chunk_b79370db-0e06-48d6-8e0a-06b76e53b7d6,1.3548,False,0.369,0.8,0.75
1002,293,31,10,293_chunk_af745a97-a831-48d5-b09b-cd490a5255cd,1.2521,False,0.3842,0.8,0.75
1663,535,0,1,535_chunk_51ae1d54-3d3c-461f-84cc-918f8121e121,2.589,False,0.3479,1.0,1.0
1663,535,0,2,535_chunk_6712426d-9e55-42da-8f17-3f61e26fc48a,2.0664,False,0.3466,1.0,1.0
1663,535,0,3,535_chunk_195d8b6b-dc54-46de-8aaa-3b028695ef86,1.3126,False,0.3514,1.0,1.0
1663,535,0,4,535_chunk_de8435e9-090f-4469-8741-ead0b084c0a9,1.2713,True,0.3732,1.0,1.0
1663,535,0,5,535_chunk_58ec79c7-af55-4b5b-aaa1-4950347a0863,1.2536,False,0.3315,1.0,1.0
1663,535,0,6,535_chunk_c2dac4cf-4b82-432a-b538-473dd70a9d3c,1.1503,True,0.3548,1.0,1.0
1663,535,0,7,535_chunk_d06206f8-e6b9-4225-b65b-e8b3c1737891,1.0123,True,0.3695,1.0,1.0
1663,535,0,8,535_chunk_59d3ab07-16c9-472b-8da0-1f3564c0ec1a,0.4448,False,0.36,1.0,1.0
1663,535,0,9,535_chunk_d44e3ea9-26de-4b02-b5ff-9a131d93e5fd,0.374,False,0.3538,1.0,1.0
1663,535,0,10,535_chunk_7db82936-480f-4488-9097-7a2da5aadfbc,0.3658,False,0.37,1.0,1.0
1663,535,4,1,535_chunk_51ae1d54-3d3c-461f-84cc-918f8121e121,2.589,False,0.3354,0.9742,0.9677
1663,535,4,2,535_chunk_6712426d-9e55-42da-8f17-3f61e26fc48a,2.0664,False,0.403,0.9742,0.9677
1663,535,4,3,535_chunk_195d8b6b-dc54-46de-8aaa-3b028695ef86,1.3126,False,0.3764,0.9742,0.9677
1663,535,4,4,535_chunk_de8435e9-090f-4469-8741-ead0b084c0a9,1.2713,True,0.3683,0.9742,0.9677
1663,535,4,5,535_chunk_58ec79c7-af55-4b5b-aaa1-4950347a0863,1.2536,False,0.3997,0.9742,0.9677
1663,535,4,6,535_chunk_c2dac4cf-4b82-432a-b538-473dd70a9d3c,1.1503,True,0.4324,0.9742,0.9677
1663,535,4,7,535_chunk_d06206f8-e6b9-4225-b65b-e8b3c1737891,1.0123,True,0.4022,0.9742,0.9677
1663,535,4,8,535_chunk_59d3ab07-16c9-472b-8da0-1f3564c0ec1a,0.4448,False,0.4085,0.9742,0.9677
1663,535,4,9,535_chunk_d44e3ea9-26de-4b02-b5ff-9a131d93e5fd,0.374,False,0.4217,0.9742,0.9677
1663,535,4,10,535_chunk_7db82936-480f-4488-9097-7a2da5aadfbc,0.3658,False,0.4157,0.9742,0.9677
1663,535,8,1,535_chunk_51ae1d54-3d3c-461f-84cc-918f8121e121,2.589,False,0.4553,0.9484,0.9355
1663,535,8,2,535_chunk_6712426d-9e55-42da-8f17-3f61e26fc48a,2.0664,False,0.4373,0.9484,0.9355
1663,535,8,3,535_chunk_195d8b6b-dc54-46de-8aaa-3b028695ef86,1.3126,False,0.424,0.9484,0.9355
1663,535,8,4,535_chunk_de8435e9-090f-4469-8741-ead0b084c0a9,1.2713,True,0.4214,0.9484,0.9355
1663,535,8,5,535_chunk_58ec79c7-af55-4b5b-aaa1-4950347a0863,1.2536,False,0.4176,0.9484,0.9355
1663,535,8,6,535_chunk_c2dac4cf-4b82-432a-b538-473dd70a9d3c,1.1503,True,0.4366,0.9484,0.9355
1663,535,8,7,535_chunk_d06206f8-e6b9-4225-b65b-e8b3c1737891,1.0123,True,0.4969,0.9484,0.9355
1663,535,8,8,535_chunk_59d3ab07-16c9-472b-8da0-1f3564c0ec1a,0.4448,False,0.419,0.9484,0.9355
1663,535,8,9,535_chunk_d44e3ea9-26de-4b02-b5ff-9a131d93e5fd,0.374,False,0.4249,0.9484,0.9355
1663,535,8,10,535_chunk_7db82936-480f-4488-9097-7a2da5aadfbc,0.3658,False,0.4335,0.9484,0.9355
1663,535,16,1,535_chunk_51ae1d54-3d3c-461f-84cc-918f8121e121,2.589,False,0.4507,0.8968,0.871
1663,535,16,2,535_chunk_6712426d-9e55-42da-8f17-3f61e26fc48a,2.0664,False,0.4838,0.8968,0.871
1663,535,16,3,535_chunk_195d8b6b-dc54-46de-8aaa-3b028695ef86,1.3126,False,0.4374,0.8968,0.871
1663,535,16,4,535_chunk_de8435e9-090f-4469-8741-ead0b084c0a9,1.2713,True,0.5157,0.8968,0.871
1663,535,16,5,535_chunk_58ec79c7-af55-4b5b-aaa1-4950347a0863,1.2536,False,0.435,0.8968,0.871
1663,535,16,6,535_chunk_c2dac4cf-4b82-432a-b538-473dd70a9d3c,1.1503,True,0.4854,0.8968,0.871
1663,535,16,7,535_chunk_d06206f8-e6b9-4225-b65b-e8b3c1737891,1.0123,True,0.4996,0.8968,0.871
1663,535,16,8,535_chunk_59d3ab07-16c9-472b-8da0-1f3564c0ec1a,0.4448,False,0.4491,0.8968,0.871
1663,535,16,9,535_chunk_d44e3ea9-26de-4b02-b5ff-9a131d93e5fd,0.374,False,0.4413,0.8968,0.871
1663,535,16,10,535_chunk_7db82936-480f-4488-9097-7a2da5aadfbc,0.3658,False,0.436,0.8968,0.871
1663,535,24,1,535_chunk_51ae1d54-3d3c-461f-84cc-918f8121e121,2.589,False,0.387,0.8452,0.8065
1663,535,24,2,535_chunk_6712426d-9e55-42da-8f17-3f61e26fc48a,2.0664,False,0.4135,0.8452,0.8065
1663,535,24,3,535_chunk_195d8b6b-dc54-46de-8aaa-3b028695ef86,1.3126,False,0.385,0.8452,0.8065
1663,535,24,4,535_chunk_de8435e9-090f-4469-8741-ead0b084c0a9,1.2713,True,0.5232,0.8452,0.8065
1663,535,24,5,535_chunk_58ec79c7-af55-4b5b-aaa1-4950347a0863,1.2536,False,0.4168,0.8452,0.8065
1663,535,24,6,535_chunk_c2dac4cf-4b82-432a-b538-473dd70a9d3c,1.1503,True,0.4789,0.8452,0.8065
1663,535,24,7,535_chunk_d06206f8-e6b9-4225-b65b-e8b3c1737891,1.0123,True,0.5019,0.8452,0.8065
1663,535,24,8,535_chunk_59d3ab07-16c9-472b-8da0-1f3564c0ec1a,0.4448,False,0.4001,0.8452,0.8065
1663,535,24,9,535_chunk_d44e3ea9-26de-4b02-b5ff-9a131d93e5fd,0.374,False,0.4215,0.8452,0.8065
1663,535,24,10,535_chunk_7db82936-480f-4488-9097-7a2da5aadfbc,0.3658,False,0.4419,0.8452,0.8065
1663,535,31,1,535_chunk_51ae1d54-3d3c-461f-84cc-918f8121e121,2.589,False,0.3125,0.8,0.75
1663,535,31,2,535_chunk_6712426d-9e55-42da-8f17-3f61e26fc48a,2.0664,False,0.3523,0.8,0.75
1663,535,31,3,535_chunk_195d8b6b-dc54-46de-8aaa-3b028695ef86,1.3126,False,0.3468,0.8,0.75
1663,535,31,4,535_chunk_de8435e9-090f-4469-8741-ead0b084c0a9,1.2713,True,0.4834,0.8,0.75
1663,535,31,5,535_chunk_58ec79c7-af55-4b5b-aaa1-4950347a0863,1.2536,False,0.3543,0.8,0.75
1663,535,31,6,535_chunk_c2dac4cf-4b82-432a-b538-473dd70a9d3c,1.1503,True,0.455,0.8,0.75
1663,535,31,7,535_chunk_d06206f8-e6b9-4225-b65b-e8b3c1737891,1.0123,True,0.4636,0.8,0.75
1663,535,31,8,535_chunk_59d3ab07-16c9-472b-8da0-1f3564c0ec1a,0.4448,False,0.3341,0.8,0.75
1663,535,31,9,535_chunk_d44e3ea9-26de-4b02-b5ff-9a131d93e5fd,0.374,False,0.3715,0.8,0.75
1663,535,31,10,535_chunk_7db82936-480f-4488-9097-7a2da5aadfbc,0.3658,False,0.3504,0.8,0.75
1809,595,0,1,595_chunk_f74dae32-c9f4-49b9-9e09-5d2b2c5dcd49,1.9895,False,0.388,1.0,1.0
1809,595,0,2,595_chunk_88204939-3806-4c56-8192-e5e426dcda24,1.4006,False,0.3488,1.0,1.0
1809,595,0,3,595_chunk_bd151145-6751-4c21-9823-9f4d7a47fcc2,1.4003,False,0.3358,1.0,1.0
1809,595,0,4,595_chunk_81434de2-a88a-418c-a36f-21786acbca0e,1.3886,True,0.3197,1.0,1.0
1809,595,0,5,595_chunk_586b5feb-1d9c-4f73-8529-f6885c295443,1.3561,False,0.3139,1.0,1.0
1809,595,0,6,595_chunk_29a737dc-0ab9-4a86-8a60-6bfffe7eebf3,1.2585,True,0.3183,1.0,1.0
1809,595,0,7,595_chunk_e1739873-9a3d-4b78-8155-fa162afea0f3,1.2529,False,0.3553,1.0,1.0
1809,595,0,8,595_chunk_1dbd660d-5850-4a06-b694-bab35fd6acc1,1.2377,True,0.3602,1.0,1.0
1809,595,0,9,595_chunk_11634afd-0341-43d9-a9f8-8c0eb3669dee,1.0406,False,0.3184,1.0,1.0
1809,595,0,10,595_chunk_fe3a8661-872a-4924-a856-9dfb9c676dd8,0.7944,False,0.3679,1.0,1.0
1809,595,4,1,595_chunk_f74dae32-c9f4-49b9-9e09-5d2b2c5dcd49,1.9895,False,0.3798,0.9742,0.9677
1809,595,4,2,595_chunk_88204939-3806-4c56-8192-e5e426dcda24,1.4006,False,0.3924,0.9742,0.9677
1809,595,4,3,595_chunk_bd151145-6751-4c21-9823-9f4d7a47fcc2,1.4003,False,0.4217,0.9742,0.9677
1809,595,4,4,595_chunk_81434de2-a88a-418c-a36f-21786acbca0e,1.3886,True,0.4229,0.9742,0.9677
1809,595,4,5,595_chunk_586b5feb-1d9c-4f73-8529-f6885c295443,1.3561,False,0.3841,0.9742,0.9677
1809,595,4,6,595_chunk_29a737dc-0ab9-4a86-8a60-6bfffe7eebf3,1.2585,True,0.3871,0.9742,0.9677
1809,595,4,7,595_chunk_e1739873-9a3d-4b78-8155-fa162afea0f3,1.2529,False,0.3464,0.9742,0.9677
1809,595,4,8,595_chunk_1dbd660d-5850-4a06-b694-bab35fd6acc1,1.2377,True,0.3905,0.9742,0.9677
1809,595,4,9,595_chunk_11634afd-0341-43d9-a9f8-8c0eb3669dee,1.0406,False,0.3852,0.9742,0.9677
1809,595,4,10,595_chunk_fe3a8661-872a-4924-a856-9dfb9c676dd8,0.7944,False,0.3697,0.9742,0.9677
1809,595,8,1,595_chunk_f74dae32-c9f4-49b9-9e09-5d2b2c5dcd49,1.9895,False,0.4199,0.9484,0.9355
1809,595,8,2,595_chunk_88204939-3806-4c56-8192-e5e426dcda24,1.4006,False,0.424,0.9484,0.9355
1809,595,8,3,595_chunk_bd151145-6751-4c21-9823-9f4d7a47fcc2,1.4003,False,0.418,0.9484,0.9355
1809,595,8,4,595_chunk_81434de2-a88a-418c-a36f-21786acbca0e,1.3886,True,0.4404,0.9484,0.9355
1809,595,8,5,595_chunk_586b5feb-1d9c-4f73-8529-f6885c295443,1.3561,False,0.4259,0.9484,0.9355
1809,595,8,6,595_chunk_29a737dc-0ab9-4a86-8a60-6bfffe7eebf3,1.2585,True,0.4623,0.9484,0.9355
1809,595,8,7,595_chunk_e1739873-9a3d-4b78-8155-fa162afea0f3,1.2529,False,0.4007,0.9484,0.9355
1809,595,8,8,595_chunk_1dbd660d-5850-4a06-b694-bab35fd6acc1,1.2377,True,0.4817,0.9484,0.9355
1809,595,8,9,595_chunk_11634afd-0341-43d9-a9f8-8c0eb3669dee,1.0406,False,0.4205,0.9484,0.9355
1809,595,8,10,595_chunk_fe3a8661-872a-4924-a856-9dfb9c676dd8,0.7944,False,0.4229,0.9484,0.9355
1809,595,16,1,595_chunk_f74dae32-c9f4-49b9-9e09-5d2b2c5dcd49,1.9895,False,0.464,0.8968,0.871
1809,595,16,2,595_chunk_88204939-3806-4c56-8192-e5e426dcda24,1.4006,False,0.4545,0.8968,0.871
1809,595,16,3,595_chunk_bd151145-6751-4c21-9823-9f4d7a47fcc2,1.4003,False,0.4689,0.8968,0.871
1809,595,16,4,595_chunk_81434de2-a88a-418c-a36f-21786acbca0e,1.3886,True,0.5175,0.8968,0.871
1809,595,16,5,595_chunk_586b5feb-1d9c-4f73-8529-f6885c295443,1.3561,False,0.4376,0.8968,0.871
1809,595,16,6,595_chunk_29a737dc-0ab9-4a86-8a60-6bfffe7eebf3,1.2585,True,0.519,0.8968,0.871
1809,595,16,7,595_chunk_e1739873-9a3d-4b78-8155-fa162afea0f3,1.2529,False,0.427,0.8968,0.871
1809,595,16,8,595_chunk_1dbd660d-5850-4a06-b694-bab35fd6acc1,1.2377,True,0.514,0.8968,0.871
1809,595,16,9,595_chunk_11634afd-0341-43d9-a9f8-8c0eb3669dee,1.0406,False,0.4492,0.8968,0.871
1809,595,16,10,595_chunk_fe3a8661-872a-4924-a856-9dfb9c676dd8,0.7944,False,0.4457,0.8968,0.871
1809,595,24,1,595_chunk_f74dae32-c9f4-49b9-9e09-5d2b2c5dcd49,1.9895,False,0.4126,0.8452,0.8065
1809,595,24,2,595_chunk_88204939-3806-4c56-8192-e5e426dcda24,1.4006,False,0.3775,0.8452,0.8065
1809,595,24,3,595_chunk_bd151145-6751-4c21-9823-9f4d7a47fcc2,1.4003,False,0.4042,0.8452,0.8065
1809,595,24,4,595_chunk_81434de2-a88a-418c-a36f-21786acbca0e,1.3886,True,0.5099,0.8452,0.8065
1809,595,24,5,595_chunk_586b5feb-1d9c-4f73-8529-f6885c295443,1.3561,False,0.4183,0.8452,0.8065
1809,595,24,6,595_chunk_29a737dc-0ab9-4a86-8a60-6bfffe7eebf3,1.2585,True,0.4875,0.8452,0.8065
1809,595,24,7,595_chunk_e1739873-9a3d-4b78-8155-fa162afea0f3,1.2529,False,0.4405,0.8452,0.8065
1809,595,24,8,595_chunk_1dbd660d-5850-4a06-b694-bab35fd6acc1,1.2377,True,0.4907,0.8452,0.8065
1809,595,24,9,595_chunk_11634afd-0341-43d9-a9f8-8c0eb3669dee,1.0406,False,0.4345,0.8452,0.8065
1809,595,24,10,595_chunk_fe3a8661-872a-4924-a856-9dfb9c676dd8,0.7944,False,0.4237,0.8452,0.8065
1809,595,31,1,595_chunk_f74dae32-c9f4-49b9-9e09-5d2b2c5dcd49,1.9895,False,0.3371,0.8,0.75
1809,595,31,2,595_chunk_88204939-3806-4c56-8192-e5e426dcda24,1.4006,False,0.3855,0.8,0.75
1809,595,31,3,595_chunk_bd151145-6751-4c21-9823-9f4d7a47fcc2,1.4003,False,0.3261,0.8,0.75
1809,595,31,4,595_chunk_81434de2-a88a-418c-a36f-21786acbca0e,1.3886,True,0.4884,0.8,0.75
1809,595,31,5,595_chunk_586b5feb-1d9c-4f73-8529-f6885c295443,1.3561,False,0.37,0.8,0.75
1809,595,31,6,595_chunk_29a737dc-0ab9-4a86-8a60-6bfffe7eebf3,1.2585,True,0.4566,0.8,0.75
1809,595,31,7,595_chunk_e1739873-9a3d-4b78-8155-fa162afea0f3,1.2529,False,0.3778,0.8,0.75
1809,595,31,8,595_chunk_1dbd660d-5850-4a06-b694-bab35fd6acc1,1.2377,True,0.465,0.8,0.75
1809,595,31,9,595_chunk_11634afd-0341-43d9-a9f8-8c0eb3669dee,1.0406,False,0.3558,0.8,0.75
1809,595,31,10,595_chunk_fe3a8661-872a-4924-a856-9dfb9c676dd8,0.7944,False,0.3552,0.8,0.75
419,110,0,1,110_chunk_5c50cdaf-3b79-448f-9ff7-23c9f9729a3f,0.9049,False,0.3473,1.0,1.0
419,110,0,2,110_chunk_4d0e30dd-b47a-4d85-a5e2-6fbac7264cc8,0.8907,True,0.3662,1.0,1.0
419,110,0,3,110_chunk_a0314314-ce29-478a-ac3b-c4892e20fad6,0.8742,True,0.3659,1.0,1.0
419,110,0,4,110_chunk_b771afb4-14ae-42e9-b48d-27c79d686815,0.7701,True,0.315,1.0,1.0
419,110,0,5,110_chunk_1a5d527c-3326-45c3-be48-340183683433,0.7279,False,0.3761,1.0,1.0
419,110,0,6,110_chunk_fcfa7aae-8fa3-4b40-a47f-8c063f44cf5d,0.6875,False,0.3168,1.0,1.0
419,110,0,7,110_chunk_9395484a-85da-4e1e-97f3-4207ec4e95f3,0.5282,False,0.3707,1.0,1.0
419,110,0,8,110_chunk_7afea951-b653-4cf2-88a8-40514bbba061,0.461,True,0.3725,1.0,1.0
419,110,0,9,110_chunk_37f682fd-891a-4ec7-96a9-11ba175824e5,0.3409,True,0.3282,1.0,1.0
419,110,0,10,110_chunk_eca22d24-66d0-42c2-94e7-9ce70b1b9ea3,0.3379,False,0.3418,1.0,1.0
419,110,4,1,110_chunk_5c50cdaf-3b79-448f-9ff7-23c9f9729a3f,0.9049,False,0.3673,0.9742,0.9677
419,110,4,2,110_chunk_4d0e30dd-b47a-4d85-a5e2-6fbac7264cc8,0.8907,True,0.4006,0.9742,0.9677
419,110,4,3,110_chunk_a0314314-ce29-478a-ac3b-c4892e20fad6,0.8742,True,0.3988,0.9742,0.9677
419,110,4,4,110_chunk_b771afb4-14ae-42e9-b48d-27c79d686815,0.7701,True,0.4205,0.9742,0.9677
419,110,4,5,110_chunk_1a5d527c-3326-45c3-be48-340183683433,0.7279,False,0.4156,0.9742,0.9677
419,110,4,6,110_chunk_fcfa7aae-8fa3-4b40-a47f-8c063f44cf5d,0.6875,False,0.4173,0.9742,0.9677
419,110,4,7,110_chunk_9395484a-85da-4e1e-97f3-4207ec4e95f3,0.5282,False,0.3782,0.9742,0.9677
419,110,4,8,110_chunk_7afea951-b653-4cf2-88a8-40514bbba061,0.461,True,0.4007,0.9742,0.9677
419,110,4,9,110_chunk_37f682fd-891a-4ec7-96a9-11ba175824e5,0.3409,True,0.3713,0.9742,0.9677
419,110,4,10,110_chunk_eca22d24-66d0-42c2-94e7-9ce70b1b9ea3,0.3379,False,0.3733,0.9742,0.9677
419,110,8,1,110_chunk_5c50cdaf-3b79-448f-9ff7-23c9f9729a3f,0.9049,False,0.4418,0.9484,0.9355
419,110,8,2,110_chunk_4d0e30dd-b47a-4d85-a5e2-6fbac7264cc8,0.8907,True,0.4858,0.9484,0.9355
419,110,8,3,110_chunk_a0314314-ce29-478a-ac3b-c4892e20fad6,0.8742,True,0.4288,0.9484,0.9355
419,110,8,4,110_chunk_b771afb4-14ae-42e9-b48d-27c79d686815,0.7701,True,0.4416,0.9484,0.9355
419,110,8,5,110_chunk_1a5d527c-3326-45c3-be48-340183683433,0.7279,False,0.422,0.9484,0.9355
419,110,8,6,110_chunk_fcfa7aae-8fa3-4b40-a47f-8c063f44cf5d,0.6875,False,0.4281,0.9484,0.9355
419,110,8,7,110_chunk_9395484a-85da-4e1e-97f3-4207ec4e95f3,0.5282,False,0.4063,0.9484,0.9355
419,110,8,8,110_chunk_7afea951-b653-4cf2-88a8-40514bbba061,0.461,True,0.4619,0.9484,0.9355
419,110,8,9,110_chunk_37f682fd-891a-4ec7-96a9-11ba175824e5,0.3409,True,0.444,0.9484,0.9355
419,110,8,10,110_chunk_eca22d24-66d0-42c2-94e7-9ce70b1b9ea3,0.3379,False,0.4222,0.9484,0.9355
419,110,16,1,110_chunk_5c50cdaf-3b79-448f-9ff7-23c9f9729a3f,0.9049,False,0.4608,0.8968,0.871
419,110,16,2,110_chunk_4d0e30dd-b47a-4d85-a5e2-6fbac7264cc8,0.8907,True,0.5119,0.8968,0.871
419,110,16,3,110_chunk_a0314314-ce29-478a-ac3b-c4892e20fad6,0.8742,True,0.5031,0.8968,0.871
419,110,16,4,110_chunk_b771afb4-14ae-42e9-b48d-27c79d686815,0.7701,True,0.5096,0.8968,0.871
419,110,16,5,110_chunk_1a5d527c-3326-45c3-be48-340183683433,0.7279,False,0.4481,0.8968,0.871
419,110,16,6,110_chunk_fcfa7aae-8fa3-4b40-a47f-8c063f44cf5d,0.6875,False,0.4425,0.8968,0.871
419,110,16,7,110_chunk_9395484a-85da-4e1e-97f3-4207ec4e95f3,0.5282,False,0.4447,0.8968,0.871
419,110,16,8,110_chunk_7afea951-b653-4cf2-88a8-40514bbba061,0.461,True,0.5438,0.8968,0.871
419,110,16,9,110_chunk_37f682fd-891a-4ec7-96a9-11ba175824e5,0.3409,True,0.523,0.8968,0.871
419,110,16,10,110_chunk_eca22d24-66d0-42c2-94e7-9ce70b1b9ea3,0.3379,False,0.444,0.8968,0.871
419,110,24,1,110_chunk_5c50cdaf-3b79-448f-9ff7-23c9f9729a3f,0.9049,False,0.4291,0.8452,0.8065
419,110,24,2,110_chunk_4d0e30dd-b47a-4d85-a5e2-6fbac7264cc8,0.8907,True,0.5014,0.8452,0.8065
419,110,24,3,110_chunk_a0314314-ce29-478a-ac3b-c4892e20fad6,0.8742,True,0.5315,0.8452,0.8065
419,110,24,4,110_chunk_b771afb4-14ae-42e9-b48d-27c79d686815,0.7701,True,0.5154,0.8452,0.8065
419,110,24,5,110_chunk_1a5d527c-3326-45c3-be48-340183683433,0.7279,False,0.413,0.8452,0.8065
419,110,24,6,110_chunk_fcfa7aae-8fa3-4b40-a47f-8c063f44cf5d,0.6875,False,0.4241,0.8452,0.8065
419,110,24,7,110_chunk_9395484a-85da-4e1e-97f3-4207ec4e95f3,0.5282,False,0.3837,0.8452,0.8065
419,110,24,8,110_chunk_7afea951-b653-4cf2-88a8-40514bbba061,0.461,True,0.4855,0.8452,0.8065
419,110,24,9,110_chunk_37f682fd-891a-4ec7-96a9-11ba175824e5,0.3409,True,0.4842,0.8452,0.8065
419,110,24,10,110_chunk_eca22d24-66d0-42c2-94e7-9ce70b1b9ea3,0.3379,False,0.418,0.8452,0.8065
419,110,31,1,110_chunk_5c50cdaf-3b79-448f-9ff7-23c9f9729a3f,0.9049,False,0.3847,0.8,0.75
419,110,31,2,110_chunk_4d0e30dd-b47a-4d85-a5e2-6fbac7264cc8,0.8907,True,0.5146,0.8,0.75
419,110,31,3,110_chunk_a0314314-ce29-478a-ac3b-c4892e20fad6,0.8742,True,0.4828,0.8,0.75
419,110,31,4,110_chunk_b771afb4-14ae-42e9-b48d-27c79d686815,0.7701,True,0.48,0.8,0.75
419,110,31,5,110_chunk_1a5d527c-3326-45c3-be48-340183683433,0.7279,False,0.314,0.8,0.75
419,110,31,6,110_chunk_fcfa7aae-8fa3-4b40-a47f-8c063f44cf5d,0.6875,False,0.3391,0.8,0.75
419,110,31,7,110_chunk_9395484a-85da-4e1e-97f3-4207ec4e95f3,0.5282,False,0.3342,0.8,0.75
419,110,31,8,110_chunk_7afea951-b653-4cf2-88a8-40514bbba061,0.461,True,0.4576,0.8,0.75
419,110,31,9,110_chunk_37f682fd-891a-4ec7-96a9-11ba175824e5,0.3409,True,0.4666,0.8,0.75
419,110,31,10,110_chunk_eca22d24-66d0-42c2-94e7-9ce70b1b9ea3,0.3379,False,0.3406,0.8,0.75
1013,298,0,1,298_chunk_c855aed0-1f75-4517-b86c-54e3b104a52c,2.5492,True,0.3104,1.0,1.0
1013,298,0,2,298_chunk_132ec1e5-7d43-4050-bc2e-c9d1143d0675,2.3996,True,0.365,1.0,1.0
1013,298,0,3,298_chunk_c85e141c-e83f-4bb8-96c0-dc6ae72c7445,1.678,False,0.3285,1.0,1.0
1013,298,0,4,298_chunk_504f25c1-6216-4d40-ba95-73b4c00d5c26,1.5253,False,0.3548,1.0,1.0
1013,298,0,5,298_chunk_bad94a03-1f43-4bf6-9244-fecd8a2e587f,1.4297,False,0.3915,1.0,1.0
1013,298,0,6,298_chunk_6c9369c4-cc7c-40dc-8ac6-803ad9972165,1.247,False,0.3316,1.0,1.0
1013,298,0,7,298_chunk_33e1a2fa-2723-49fb-9c6f-16bbeb460415,1.0552,False,0.2994,1.0,1.0
1013,298,0,8,298_chunk_98ab2d5b-f4fa-43c7-b4e0-9de840699ae7,0.9532,True,0.3443,1.0,1.0
1013,298,0,9,298_chunk_d9d3cda8-9bb5-47cf-bce1-5fea4a75407b,0.8826,False,0.372,1.0,1.0
1013,298,0,10,298_chunk_985c3a66-cfb5-41d2-8d06-b748394219bc,0.8341,False,0.3892,1.0,1.0
1013,298,4,1,298_chunk_c855aed0-1f75-4517-b86c-54e3b104a52c,2.5492,True,0.3803,0.9742,0.9677
1013,298,4,2,298_chunk_132ec1e5-7d43-4050-bc2e-c9d1143d0675,2.3996,True,0.4149,0.9742,0.9677
1013,298,4,3,298_chunk_c85e141c-e83f-4bb8-96c0-dc6ae72c7445,1.678,False,0.3801,0.9742,0.9677
1013,298,4,4,298_chunk_504f25c1-6216-4d40-ba95-73b4c00d5c26,1.5253,False,0.3873,0.9742,0.9677
1013,298,4,5,298_chunk_bad94a03-1f43-4bf6-9244-fecd8a2e587f,1.4297,False,0.4423,0.9742,0.9677
1013,298,4,6,298_chunk_6c9369c4-cc7c-40dc-8ac6-803ad9972165,1.247,False,0.3594,0.9742,0.9677
1013,298,4,7,298_chunk_33e1a2fa-2723-49fb-9c6f-16bbeb460415,1.0552,False,0.3945,0.9742,0.9677
1013,298,4,8,298_chunk_98ab2d5b-f4fa-43c7-b4e0-9de840699ae7,0.9532,True,0.4143,0.9742,0.9677
1013,298,4,9,298_chunk_d9d3cda8-9bb5-47cf-bce1-5fea4a75407b,0.8826,False,0.4112,0.9742,0.9677
1013,298,4,10,298_chunk_985c3a66-cfb5-41d2-8d06-b748394219bc,0.8341,False,0.3914,0.9742,0.9677
1013,298,8,1,298_chunk_c855aed0-1f75-4517-b86c-54e3b104a52c,2.5492,True,0.4596,0.9484,0.9355
1013,298,8,2,298_chunk_132ec1e5-7d43-4050-bc2e-c9d1143d0675,2.3996,True,0.4456,0.9484,0.9355
1013,298,8,3,298_chunk_c85e141c-e83f-4bb8-96c0-dc6ae72c7445,1.678,False,0.4279,0.9484,0.9355
1013,298,8,4,298_chunk_504f25c1-6216-4d40-ba95-73b4c00d5c26,1.5253,False,0.4156,0.9484,0.9355
1013,298,8,5,298_chunk_bad94a03-1f43-4bf6-9244-fecd8a2e587f,1.4297,False,0.4349,0.9484,0.9355
1013,298,8,6,298_chunk_6c9369c4-cc7c-40dc-8ac6-803ad9972165,1.247,False,0.4151,0.9484,0.9355
1013,298,8,7,298_chunk_33e1a2fa-2723-49fb-9c6f-16bbeb460415,1.0552,False,0.43,0.9484,0.9355
1013,298,8,8,298_chunk_98ab2d5b-f4fa-43c7-b4e0-9de840699ae7,0.9532,True,0.4529,0.9484,0.9355
1013,298,8,9,298_chunk_d9d3cda8-9bb5-47cf-bce1-5fea4a75407b,0.8826,False,0.445,0.9484,0.9355
1013,298,8,10,298_chunk_985c3a66-cfb5-41d2-8d06-b748394219bc,0.8341,False,0.4215,0.9484,0.9355
1013,298,16,1,298_chunk_c855aed0-1f75-4517-b86c-54e3b104a52c,2.5492,True,0.4763,0.8968,0.871
1013,298,16,2,298_chunk_132ec1e5-7d43-4050-bc2e-c9d1143d0675,2.3996,True,0.537,0.8968,0.871
1013,298,16,3,298_chunk_c85e141c-e83f-4bb8-96c0-dc6ae72c7445,1.678,False,0.4318,0.8968,0.871
1013,298,16,4,298_chunk_504f25c1-6216-4d40-ba95-73b4c00d5c26,1.5253,False,0.4368,0.8968,0.871
1013,298,16,5,298_chunk_bad94a03-1f43-4bf6-9244-fecd8a2e587f,1.4297,False,0.438,0.8968,0.871
1013,298,16,6,298_chunk_6c9369c4-cc7c-40dc-8ac6-803ad9972165,1.247,False,0.4774,0.8968,0.871
1013,298,16,7,298_chunk_33e1a2fa-2723-49fb-9c6f-16bbeb460415,1.0552,False,0.4072,0.8968,0.871
1013,298,16,8,298_chunk_98ab2d5b-f4fa-43c7-b4e0-9de840699ae7,0.9532,True,0.5746,0.8968,0.871
1013,298,16,9,298_chunk_d9d3cda8-9bb5-47cf-bce1-5fea4a75407b,0.8826,False,0.471,0.8968,0.871
1013,298,16,10,298_chunk_985c3a66-cfb5-41d2-8d06-b748394219bc,0.8341,False,0.4543,0.8968,0.871
1013,298,24,1,298_chunk_c855aed0-1f75-4517-b86c-54e3b104a52c,2.5492,True,0.5069,0.8452,0.8065
1013,298,24,2,298_chunk_132ec1e5-7d43-4050-bc2e-c9d1143d0675,2.3996,True,0.5138,0.8452,0.8065
1013,298,24,3,298_chunk_c85e141c-e83f-4bb8-96c0-dc6ae72c7445,1.678,False,0.4256,0.8452,0.8065
1013,298,24,4,298_chunk_504f25c1-6216-4d40-ba95-73b4c00d5c26,1.5253,False,0.428,0.8452,0.8065
1013,298,24,5,298_chunk_bad94a03-1f43-4bf6-9244-fecd8a2e587f,1.4297,False,0.4262,0.8452,0.8065
1013,298,24,6,298_chunk_6c9369c4-cc7c-40dc-8ac6-803ad9972165,1.247,False,0.4169,0.8452,0.8065
1013,298,24,7,298_chunk_33e1a2fa-2723-49fb-9c6f-16bbeb460415,1.0552,False,0.4112,0.8452,0.8065
1013,298,24,8,298_chunk_98ab2d5b-f4fa-43c7-b4e0-9de840699ae7,0.9532,True,0.505,0.8452,0.8065
1013,298,24,9,298_chunk_d9d3cda8-9bb5-47cf-bce1-5fea4a75407b,0.8826,False,0.4112,0.8452,0.8065
1013,298,24,10,298_chunk_985c3a66-cfb5-41d2-8d06-b748394219bc,0.8341,False,0.4378,0.8452,0.8065
1013,298,31,1,298_chunk_c855aed0-1f75-4517-b86c-54e3b104a52c,2.5492,True,0.4819,0.8,0.75
1013,298,31,2,298_chunk_132ec1e5-7d43-4050-bc2e-c9d1143d0675,2.3996,True,0.4112,0.8,0.75
1013,298,31,3,298_chunk_c85e141c-e83f-4bb8-96c0-dc6ae72c7445,1.678,False,0.3631,0.8,0.75
1013,298,31,4,298_chunk_504f25c1-6216-4d40-ba95-73b4c00d5c26,1.5253,False,0.3539,0.8,0.75
1013,298,31,5,298_chunk_bad94a03-1f43-4bf6-9244-fecd8a2e587f,1.4297,False,0.3496,0.8,0.75
1013,298,31,6,298_chunk_6c9369c4-cc7c-40dc-8ac6-803ad9972165,1.247,False,0.3422,0.8,0.75
1013,298,31,7,298_chunk_33e1a2fa-2723-49fb-9c6f-16bbeb460415,1.0552,False,0.3725,0.8,0.75
1013,298,31,8,298_chunk_98ab2d5b-f4fa-43c7-b4e0-9de840699ae7,0.9532,True,0.489,0.8,0.75
1013,298,31,9,298_chunk_d9d3cda8-9bb5-47cf-bce1-5fea4a75407b,0.8826,False,0.3345,0.8,0.75
1013,298,31,10,298_chunk_985c3a66-cfb5-41d2-8d06-b748394219bc,0.8341,False,0.3581,0.8,0.75
1705,549,0,1,549_chunk_ed762cac-b639-472a-bafe-b4dda5b1337e,1.5246,False,0.3306,1.0,1.0
1705,549,0,2,549_chunk_be21a257-b1a7-4e8a-9e2d-783205dcdb6a,1.4389,True,0.3224,1.0,1.0
1705,549,0,3,549_chunk_1aeb7ac5-70c6-4544-8df5-91cc692f2d07,1.4014,False,0.3375,1.0,1.0
1705,549,0,4,549_chunk_109a5715-e11c-4106-9bc8-2d1b86b6c084,1.2965,False,0.3672,1.0,1.0
1705,549,0,5,549_chunk_63e21c32-2cd7-4791-89e6-75fe7a4ad0fb,1.2499,False,0.3691,1.0,1.0
1705,549,0,6,549_chunk_0fa27e0a-4a57-425e-870d-09666cbb9278,1.2154,True,0.3603,1.0,1.0
1705,549,0,7,549_chunk_ef99fd2f-124a-4e82-9350-fb8db04e6c7c,1.0619,False,0.3645,1.0,1.0
1705,549,0,8,549_chunk_c5417062-174e-435b-908b-88332a7fe709,1.0492,True,0.3603,1.0,1.0
1705,549,0,9,549_chunk_bbaa2846-9415-45c0-95a8-d426406bca05,0.9137,False,0.3372,1.0,1.0
1705,549,0,10,549_chunk_39a62b67-617c-4205-9e76-5c6a1ea60ac9,0.822,False,0.3586,1.0,1.0
1705,549,4,1,549_chunk_ed762cac-b639-472a-bafe-b4dda5b1337e,1.5246,False,0.4054,0.9742,0.9677
1705,549,4,2,549_chunk_be21a257-b1a7-4e8a-9e2d-783205dcdb6a,1.4389,True,0.42,0.9742,0.9677
1705,549,4,3,549_chunk_1aeb7ac5-70c6-4544-8df5-91cc692f2d07,1.4014,False,0.4132,0.9742,0.9677
1705,549,4,4,549_chunk_109a5715-e11c-4106-9bc8-2d1b86b6c084,1.2965,False,0.4036,0.9742,0.9677
1705,549,4,5,549_chunk_63e21c32-2cd7-4791-89e6-75fe7a4ad0fb,1.2499,False,0.3965,0.9742,0.9677
1705,549,4,6,549_chunk_0fa27e0a-4a57-425e-870d-09666cbb9278,1.2154,True,0.4263,0.9742,0.9677
1705,549,4,7,549_chunk_ef99fd2f-124a-4e82-9350-fb8db04e6c7c,1.0619,False,0.3889,0.9742,0.9677
1705,549,4,8,549_chunk_c5417062-174e-435b-908b-88332a7fe709,1.0492,True,0.3873,0.9742,0.9677
1705,549,4,9,549_chunk_bbaa2846-9415-45c0-95a8-d426406bca05,0.9137,False,0.3862,0.9742,0.9677
1705,549,4,10,549_chunk_39a62b67-617c-4205-9e76-5c6a1ea60ac9,0.822,False,0.3745,0.9742,0.9677
1705,549,8,1,549_chunk_ed762cac-b639-472a-bafe-b4dda5b1337e,1.5246,False,0.409,0.9484,0.9355
1705,549,8,2,549_chunk_be21a257-b1a7-4e8a-9e2d-783205dcdb6a,1.4389,True,0.4506,0.9484,0.9355
1705,549,8,3,549_chunk_1aeb7ac5-70c6-4544-8df5-91cc692f2d07,1.4014,False,0.4066,0.9484,0.9355
1705,549,8,4,549_chunk_109a5715-e11c-4106-9bc8-2d1b86b6c084,1.2965,False,0.4163,0.9484,0.9355
1705,549,8,5,549_chunk_63e21c32-2cd7-4791-89e6-75fe7a4ad0fb,1.2499,False,0.3846,0.9484,0.9355
1705,549,8,6,549_chunk_0fa27e0a-4a57-425e-870d-09666cbb9278,1.2154,True,0.4577,0.9484,0.9355
1705,549,8,7,549_chunk_ef99fd2f-124a-4e82-9350-fb8db04e6c7c,1.0619,False,0.4225,0.9484,0.9355
1705,549,8,8,549_chunk_c5417062-174e-435b-908b-88332a7fe709,1.0492,True,0.4371,0.9484,0.9355
1705,549,8,9,549_chunk_bbaa2846-9415-45c0-95a8-d426406bca05,0.9137,False,0.4357,0.9484,0.9355
1705,549,8,10,549_chunk_39a62b67-617c-4205-9e76-5c6a1ea60ac9,0.822,False,0.4412,0.9484,0.9355
1705,549,16,1,549_chunk_ed762cac-b639-472a-bafe-b4dda5b1337e,1.5246,False,0.4177,0.8968,0.871
1705,549,16,2,549_chunk_be21a257-b1a7-4e8a-9e2d-783205dcdb6a,1.4389,True,0.4966,0.8968,0.871
1705,549,16,3,549_chunk_1aeb7ac5-70c6-4544-8df5-91cc692f2d07,1.4014,False,0.4345,0.8968,0.871
1705,549,16,4,549_chunk_109a5715-e11c-4106-9bc8-2d1b86b6c084,1.2965,False,0.4311,0.8968,0.871
1705,549,16,5,549_chunk_63e21c32-2cd7-4791-89e6-75fe7a4ad0fb,1.2499,False,0.4665,0.8968,0.871
1705,549,16,6,549_chunk_0fa27e0a-4a57-425e-870d-09666cbb9278,1.2154,True,0.5079,0.8968,0.871
1705,549,16,7,549_chunk_ef99fd2f-124a-4e82-9350-fb8db04e6c7c,1.0619,False,0.4446,0.8968,0.871
1705,549,16,8,549_chunk_c5417062-174e-435b-908b-88332a7fe709,1.0492,True,0.4717,0.8968,0.871
1705,549,16,9,549_chunk_bbaa2846-9415-45c0-95a8-d426406bca05,0.9137,False,0.4626,0.8968,0.871
1705,549,16,10,549_chunk_39a62b67-617c-4205-9e76-5c6a1ea60ac9,0.822,False,0.4251,0.8968,0.871
1705,549,24,1,549_chunk_ed762cac-b639-472a-bafe-b4dda5b1337e,1.5246,False,0.4163,0.8452,0.8065
1705,549,24,2,549_chunk_be21a257-b1a7-4e8a-9e2d-783205dcdb6a,1.4389,True,0.5136,0.8452,0.8065
1705,549,24,3,549_chunk_1aeb7ac5-70c6-4544-8df5-91cc692f2d07,1.4014,False,0.4424,0.8452,0.8065
1705,549,24,4,549_chunk_109a5715-e11c-4106-9bc8-2d1b86b6c084,1.2965,False,0.389,0.8452,0.8065
1705,549,24,5,549_chunk_63e21c32-2cd7-4791-89e6-75fe7a4ad0fb,1.2499,False,0.3547,0.8452,0.8065
1705,549,24,6,549_chunk_0fa27e0a-4a57-425e-870d-09666cbb9278,1.2154,True,0.5117,0.8452,0.8065
1705,549,24,7,549_chunk_ef99fd2f-124a-4e82-9350-fb8db04e6c7c,1.0619,False,0.4511,0.8452,0.8065
1705,549,24,8,549_chunk_c5417062-174e-435b-908b-88332a7fe709,1.0492,True,0.5328,0.8452,0.8065
1705,549,24,9,549_chunk_bbaa2846-9415-45c0-95a8-d426406bca05,0.9137,False,0.4193,0.8452,0.8065
1705,549,24,10,549_chunk_39a62b67-617c-4205-9e76-5c6a1ea60ac9,0.822,False,0.4053,0.8452,0.8065
1705,549,31,1,549_chunk_ed762cac-b639-472a-bafe-b4dda5b1337e,1.5246,False,0.3661,0.8,0.75
1705,549,31,2,549_chunk_be21a257-b1a7-4e8a-9e2d-783205dcdb6a,1.4389,True,0.4505,0.8,0.75
1705,549,31,3,549_chunk_1aeb7ac5-70c6-4544-8df5-91cc692f2d07,1.4014,False,0.3595,0.8,0.75
1705,549,31,4,549_chunk_109a5715-e11c-4106-9bc8-2d1b86b6c084,1.2965,False,0.3601,0.8,0.75
1705,549,31,5,549_chunk_63e21c32-2cd7-4791-89e6-75fe7a4ad0fb,1.2499,False,0.3712,0.8,0.75
1705,549,31,6,549_chunk_0fa27e0a-4a57-425e-870d-09666cbb9278,1.2154,True,0.5252,0.8,0.75
1705,549,31,7,549_chunk_ef99fd2f-124a-4e82-9350-fb8db04e6c7c,1.0619,False,0.3578,0.8,0.75
1705,549,31,8,549_chunk_c5417062-174e-435b-908b-88332a7fe709,1.0492,True,0.4598,0.8,0.75
1705,549,31,9,549_chunk_bbaa2846-9415-45c0-95a8-d426406bca05,0.9137,False,0.3495,0.8,0.75
1705,549,31,10,549_chunk_39a62b67-617c-4205-9e76-5c6a1ea60ac9,0.822,False,0.3146,0.8,0.75
2196,794,0,1,794_chunk_f551d831-c0d5-4410-b1e3-ed0ce51a408d,2.9256,False,0.3361,1.0,1.0
2196,794,0,2,794_chunk_c129355d-fd7b-463d-b376-b24433331bf5,1.7796,False,0.3418,1.0,1.0
2196,794,0,3,794_chunk_73f1819e-8d9b-40c4-9c0d-829817c0d140,1.5365,False,0.3395,1.0,1.0
2196,794,0,4,794_chunk_a9ce98f8-129c-4ebe-9c57-0c576af9009b,1.4658,False,0.353,1.0,1.0
2196,794,0,5,794_chunk_e865918e-0b0b-48af-a454-59772fe9df69,1.4314,False,0.3336,1.0,1.0
2196,794,0,6,794_chunk_2d49a49f-9e97-4e23-a31b-0f030626f114,1.3532,False,0.3724,1.0,1.0
2196,794,0,7,794_chunk_6a1f3ef8-57b1-45e5-a9c4-190340e55ea2,1.0467,False,0.35,1.0,1.0
2196,794,0,8,794_chunk_0b2337b1-02a2-4a5c-8f7e-a4bc42adf8c1,0.5583,False,0.3498,1.0,1.0
2196,794,0,9,794_chunk_93cd81d5-081d-4657-acdf-f625b76f0f7c,0.5497,False,0.3434,1.0,1.0
2196,794,0,10,794_chunk_9d8b3e5d-181d-4630-bbd0-a2ddad8963b0,0.5414,False,0.3531,1.0,1.0
2196,794,4,1,794_chunk_f551d831-c0d5-4410-b1e3-ed0ce51a408d,2.9256,False,0.4059,0.9742,0.9677
2196,794,4,2,794_chunk_c129355d-fd7b-463d-b376-b24433331bf5,1.7796,False,0.3721,0.9742,0.9677
2196,794,4,3,794_chunk_73f1819e-8d9b-40c4-9c0d-829817c0d140,1.5365,False,0.3763,0.9742,0.9677
2196,794,4,4,794_chunk_a9ce98f8-129c-4ebe-9c57-0c576af9009b,1.4658,False,0.3834,0.9742,0.9677
2196,794,4,5,794_chunk_e865918e-0b0b-48af-a454-59772fe9df69,1.4314,False,0.3625,0.9742,0.9677
2196,794,4,6,794_chunk_2d49a49f-9e97-4e23-a31b-0f030626f114,1.3532,False,0.3731,0.9742,0.9677
2196,794,4,7,794_chunk_6a1f3ef8-57b1-45e5-a9c4-190340e55ea2,1.0467,False,0.3799,0.9742,0.9677
2196,794,4,8,794_chunk_0b2337b1-02a2-4a5c-8f7e-a4bc42adf8c1,0.5583,False,0.4069,0.9742,0.9677
2196,794,4,9,794_chunk_93cd81d5-081d-4657-acdf-f625b76f0f7c,0.5497,False,0.3947,0.9742,0.9677
2196,794,4,10,794_chunk_9d8b3e5d-181d-4630-bbd0-a2ddad8963b0,0.5414,False,0.3933,0.9742,0.9677
2196,794,8,1,794_chunk_f551d831-c0d5-4410-b1e3-ed0ce51a408d,2.9256,False,0.4395,0.9484,0.9355
2196,794,8,2,794_chunk_c129355d-fd7b-463d-b376-b24433331bf5,1.7796,False,0.4197,0.9484,0.9355
2196,794,8,3,794_chunk_73f1819e-8d9b-40c4-9c0d-829817c0d140,1.5365,False,0.4303,0.9484,0.9355
2196,794,8,4,794_chunk_a9ce98f8-129c-4ebe-9c57-0c576af9009b,1.4658,False,0.4204,0.9484,0.9355
2196,794,8,5,794_chunk_e865918e-0b0b-48af-a454-59772fe9df69,1.4314,False,0.4278,0.9484,0.9355
2196,794,8,6,794_chunk_2d49a49f-9e97-4e23-a31b-0f030626f114,1.3532,False,0.4108,0.9484,0.9355
2196,794,8,7,794_chunk_6a1f3ef8-57b1-45e5-a9c4-190340e55ea2,1.0467,False,0.3737,0.9484,0.9355
2196,794,8,8,794_chunk_0b2337b1-02a2-4a5c-8f7e-a4bc42adf8c1,0.5583,False,0.4198,0.9484,0.9355
2196,794,8,9,794_chunk_93cd81d5-081d-4657-acdf-f625b76f0f7c,0.5497,False,0.4509,0.9484,0.9355
2196,794,8,10,794_chunk_9d8b3e5d-181d-4630-bbd0-a2ddad8963b0,0.5414,False,0.441,0.9484,0.9355
2196,794,16,1,794_chunk_f551d831-c0d5-4410-b1e3-ed0ce51a408d,2.9256,False,0.4692,0.8968,0.871
2196,794,16,2,794_chunk_c129355d-fd7b-463d-b376-b24433331bf5,1.7796,False,0.4746,0.8968,0.871
2196,794,16,3,794_chunk_73f1819e-8d9b-40c4-9c0d-829817c0d140,1.5365,False,0.4516,0.8968,0.871
2196,794,16,4,794_chunk_a9ce98f8-129c-4ebe-9c57-0c576af9009b,1.4658,False,0.4538,0.8968,0.871
2196,794,16,5,794_chunk_e865918e-0b0b-48af-a454-59772fe9df69,1.4314,False,0.4375,0.8968,0.871
2196,794,16,6,794_chunk_2d49a49f-9e97-4e23-a31b-0f030626f114,1.3532,False,0.4436,0.8968,0.871
2196,794,16,7,794_chunk_6a1f3ef8-57b1-45e5-a9c4-190340e55ea2,1.0467,False,0.4622,0.8968,0.871
2196,794,16,8,794_chunk_0b2337b1-02a2-4a5c-8f7e-a4bc42adf8c1,0.5583,False,0.4739,0.8968,0.871
2196,794,16,9,794_chunk_93cd81d5-081d-4657-acdf-f625b76f0f7c,0.5497,False,0.4471,0.8968,0.871
2196,794,16,10,794_chunk_9d8b3e5d-181d-4630-bbd0-a2ddad8963b0,0.5414,False,0.4409,0.8968,0.871
2196,794,24,1,794_chunk_f551d831-c0d5-4410-b1e3-ed0ce51a408d,2.9256,False,0.4151,0.8452,0.8065
2196,794,24,2,794_chunk_c129355d-fd7b-463d-b376-b24433331bf5,1.7796,False,0.4272,0.8452,0.8065
2196,794,24,3,794_chunk_73f1819e-8d9b-40c4-9c0d-829817c0d140,1.5365,False,0.3863,0.8452,0.8065
2196,794,24,4,794_chunk_a9ce98f8-129c-4ebe-9c57-0c576af9009b,1.4658,False,0.3692,0.8452,0.8065
2196,794,24,5,794_chunk_e865918e-0b0b-48af-a454-59772fe9df69,1.4314,False,0.4041,0.8452,0.8065
2196,794,24,6,794_chunk_2d49a49f-9e97-4e23-a31b-0f030626f114,1.3532,False,0.3907,0.8452,0.8065
2196,794,24,7,794_chunk_6a1f3ef8-57b1-45e5-a9c4-190340e55ea2,1.0467,False,0.405,0.8452,0.8065
2196,794,24,8,794_chunk_0b2337b1-02a2-4a5c-8f7e-a4bc42adf8c1,0.5583,False,0.4122,0.8452,0.8065
2196,794,24,9,794_chunk_93cd81d5-081d-4657-acdf-f625b76f0f7c,0.5497,False,0.4061,0.8452,0.8065
2196,794,24,10,794_chunk_9d8b3e5d-181d-4630-bbd0-a2ddad8963b0,0.5414,False,0.4442,0.8452,0.8065
2196,794,31,1,794_chunk_f551d831-c0d5-4410-b1e3-ed0ce51a408d,2.9256,False,0.3565,0.8,0.75
2196,794,31,2,794_chunk_c129355d-fd7b-463d-b376-b24433331bf5,1.7796,False,0.356,0.8,0.75
2196,794,31,3,794_chunk_73f1819e-8d9b-40c4-9c0d-829817c0d140,1.5365,False,0.3624,0.8,0.75
2196,794,31,4,794_chunk_a9ce98f8-129c-4ebe-9c57-0c576af9009b,1.4658,False,0.3272,0.8,0.75
2196,794,31,5,794_chunk_e865918e-0b0b-48af-a454-59772fe9df69,1.4314,False,0.3708,0.8,0.75
2196,794,31,6,794_chunk_2d49a49f-9e97-4e23-a31b-0f030626f114,1.3532,False,0.3485,0.8,0.75
2196,794,31,7,794_chunk_6a1f3ef8-57b1-45e5-a9c4-190340e55ea2,1.0467,False,0.3634,0.8,0.75
2196,794,31,8,794_chunk_0b2337b1-02a2-4a5c-8f7e-a4bc42adf8c1,0.5583,False,0.3286,0.8,0.75
2196,794,31,9,794_chunk_93cd81d5-081d-4657-acdf-f625b76f0f7c,0.5497,False,0.3189,0.8,0.75
2196,794,31,10,794_chunk_9d8b3e5d-181d-4630-bbd0-a2ddad8963b0,0.5414,False,0.3664,0.8,0.75
1264,388,0,1,388_chunk_48f14534-2fc4-4386-9c8a-e0dabda342ee,1.4964,False,0.3575,1.0,1.0
1264,388,0,2,388_chunk_e5153ac5-1a72-4953-95b4-5c864c548011,1.0484,False,0.332,1.0,1.0
1264,388,0,3,388_chunk_65997b18-4158-49f8-b372-8379fa351d1c,0.9205,False,0.3326,1.0,1.0
1264,388,0,4,388_chunk_101afee1-9d47-405f-9449-a2087221847f,0.7771,False,0.3725,1.0,1.0
1264,388,0,5,388_chunk_99787873-d8ce-4a83-8de0-d9d73504451e,0.7616,False,0.3262,1.0,1.0
1264,388,0,6,388_chunk_13e2dd14-87d1-4d98-9d99-8a3a4c9680dc,0.3803,False,0.3829,1.0,1.0
1264,388,0,7,388_chunk_edf4bffc-7659-436e-a825-7595c9105d67,0.3757,False,0.332,1.0,1.0
1264,388,0,8,388_chunk_4c6c4aae-37f1-4a23-b14e-378d4f92d842,0.3495,False,0.3628,1.0,1.0
1264,388,0,9,388_chunk_78af6ebb-9991-4530-a79f-5f596b55da23,0.2685,False,0.3434,1.0,1.0
1264,388,0,10,388_chunk_b2ca81b2-9c86-4b09-8cc1-582967ede7d2,0.2322,False,0.3621,1.0,1.0
1264,388,4,1,388_chunk_48f14534-2fc4-4386-9c8a-e0dabda342ee,1.4964,False,0.3786,0.9742,0.9677
1264,388,4,2,388_chunk_e5153ac5-1a72-4953-95b4-5c864c548011,1.0484,False,0.3862,0.9742,0.9677
1264,388,4,3,388_chunk_65997b18-4158-49f8-b372-8379fa351d1c,0.9205,False,0.3903,0.9742,0.9677
1264,388,4,4,388_chunk_101afee1-9d47-405f-9449-a2087221847f,0.7771,False,0.3694,0.9742,0.9677
1264,388,4,5,388_chunk_99787873-d8ce-4a83-8de0-d9d73504451e,0.7616,False,0.4043,0.9742,0.9677
1264,388,4,6,388_chunk_13e2dd14-87d1-4d98-9d99-8a3a4c9680dc,0.3803,False,0.3792,0.9742,0.9677
1264,388,4,7,388_chunk_edf4bffc-7659-436e-a825-7595c9105d67,0.3757,False,0.3849,0.9742,0.9677
1264,388,4,8,388_chunk_4c6c4aae-37f1-4a23-b14e-378d4f92d842,0.3495,False,0.3695,0.9742,0.9677
1264,388,4,9,388_chunk_78af6ebb-9991-4530-a79f-5f596b55da23,0.2685,False,0.3382,0.9742,0.9677
1264,388,4,10,388_chunk_b2ca81b2-9c86-4b09-8cc1-582967ede7d2,0.2322,False,0.3856,0.9742,0.9677
1264,388,8,1,388_chunk_48f14534-2fc4-4386-9c8a-e0dabda342ee,1.4964,False,0.4707,0.9484,0.9355
1264,388,8,2,388_chunk_e5153ac5-1a72-4953-95b4-5c864c548011,1.0484,False,0.4382,0.9484,0.9355
1264,388,8,3,388_chunk_65997b18-4158-49f8-b372-8379fa351d1c,0.9205,False,0.4221,0.9484,0.9355
1264,388,8,4,388_chunk_101afee1-9d47-405f-9449-a2087221847f,0.7771,False,0.4172,0.9484,0.9355
1264,388,8,5,388_chunk_99787873-d8ce-4a83-8de0-d9d73504451e,0.7616,False,0.4229,0.9484,0.9355
1264,388,8,6,388_chunk_13e2dd14-87d1-4d98-9d99-8a3a4c9680dc,0.3803,False,0.4334,0.9484,0.9355
1264,388,8,7,388_chunk_edf4bffc-7659-436e-a825-7595c9105d67,0.3757,False,0.3989,0.9484,0.9355
1264,388,8,8,388_chunk_4c6c4aae-37f1-4a23-b14e-378d4f92d842,0.3495,False,0.4448,0.9484,0.9355
1264,388,8,9,388_chunk_78af6ebb-9991-4530-a79f-5f596b55da23,0.2685,False,0.4368,0.9484,0.9355
1264,388,8,10,388_chunk_b2ca81b2-9c86-4b09-8cc1-582967ede7d2,0.2322,False,0.4368,0.9484,0.9355
1264,388,16,1,388_chunk_48f14534-2fc4-4386-9c8a-e0dabda342ee,1.4964,False,0.4586,0.8968,0.871
1264,388,16,2,388_chunk_e5153ac5-1a72-4953-95b4-5c864c548011,1.0484,False,0.4503,0.8968,0.871
1264,388,16,3,388_chunk_65997b18-4158-49f8-b372-8379fa351d1c,0.9205,False,0.4633,0.8968,0.871
1264,388,16,4,388_chunk_101afee1-9d47-405f-9449-a2087221847f,0.7771,False,0.4617,0.8968,0.871
1264,388,16,5,388_chunk_99787873-d8ce-4a83-8de0-d9d73504451e,0.7616,False,0.4428,0.8968,0.871
1264,388,16,6,388_chunk_13e2dd14-87d1-4d98-9d99-8a3a4c9680dc,0.3803,False,0.4384,0.8968,0.871
1264,388,16,7,388_chunk_edf4bffc-7659-436e-a825-7595c9105d67,0.3757,False,0.4519,0.8968,0.871
1264,388,16,8,388_chunk_4c6c4aae-37f1-4a23-b14e-378d4f92d842,0.3495,False,0.4809,0.8968,0.871
1264,388,16,9,388_chunk_78af6ebb-9991-4530-a79f-5f596b55da23,0.2685,False,0.4251,0.8968,0.871
1264,388,16,10,388_chunk_b2ca81b2-9c86-4b09-8cc1-582967ede7d2,0.2322,False,0.4205,0.8968,0.871
1264,388,24,1,388_chunk_48f14534-2fc4-4386-9c8a-e0dabda342ee,1.4964,False,0.4184,0.8452,0.8065
1264,388,24,2,388_chunk_e5153ac5-1a72-4953-95b4-5c864c548011,1.0484,False,0.4162,0.8452,0.8065
1264,388,24,3,388_chunk_65997b18-4158-49f8-b372-8379fa351d1c,0.9205,False,0.4186,0.8452,0.8065
1264,388,24,4,388_chunk_101afee1-9d47-405f-9449-a2087221847f,0.7771,False,0.42,0.8452,0.8065
1264,388,24,5,388_chunk_99787873-d8ce-4a83-8de0-d9d73504451e,0.7616,False,0.4107,0.8452,0.8065
1264,388,24,6,388_chunk_13e2dd14-87d1-4d98-9d99-8a3a4c9680dc,0.3803,False,0.4449,0.8452,0.8065
1264,388,24,7,388_chunk_edf4bffc-7659-436e-a825-7595c9105d67,0.3757,False,0.3831,0.8452,0.8065
1264,388,24,8,388_chunk_4c6c4aae-37f1-4a23-b14e-378d4f92d842,0.3495,False,0.3986,0.8452,0.8065
1264,388,24,9,388_chunk_78af6ebb-9991-4530-a79f-5f596b55da23,0.2685,False,0.4131,0.8452,0.8065
1264,388,24,10,388_chunk_b2ca81b2-9c86-4b09-8cc1-582967ede7d2,0.2322,False,0.3823,0.8452,0.8065
1264,388,31,1,388_chunk_48f14534-2fc4-4386-9c8a-e0dabda342ee,1.4964,False,0.3465,0.8,0.75
1264,388,31,2,388_chunk_e5153ac5-1a72-4953-95b4-5c864c548011,1.0484,False,0.3832,0.8,0.75
1264,388,31,3,388_chunk_65997b18-4158-49f8-b372-8379fa351d1c,0.9205,False,0.3504,0.8,0.75
1264,388,31,4,388_chunk_101afee1-9d47-405f-9449-a2087221847f,0.7771,False,0.3546,0.8,0.75
1264,388,31,5,388_chunk_99787873-d8ce-4a83-8de0-d9d73504451e,0.7616,False,0.3248,0.8,0.75
1264,388,31,6,388_chunk_13e2dd14-87d1-4d98-9d99-8a3a4c9680dc,0.3803,False,0.3377,0.8,0.75
1264,388,31,7,388_chunk_edf4bffc-7659-436e-a825-7595c9105d67,0.3757,False,0.3425,0.8,0.75
1264,388,31,8,388_chunk_4c6c4aae-37f1-4a23-b14e-378d4f92d842,0.3495,False,0.3436,0.8,0.75
1264,388,31,9,388_chunk_78af6ebb-9991-4530-a79f-5f596b55da23,0.2685,False,0.3756,0.8,0.75
1264,388,31,10,388_chunk_b2ca81b2-9c86-4b09-8cc1-582967ede7d2,0.2322,False,0.3612,0.8,0.75
1213,372,0,1,372_chunk_7396a223-43a5-472e-9422-6a5d87578e83,1.9048,False,0.3278,1.0,1.0
1213,372,0,2,372_chunk_12c09c17-3f01-45ec-afe9-93f44138c11f,1.527,False,0.3549,1.0,1.0
1213,372,0,3,372_chunk_c8c1226a-ff56-46cd-89ac-c5d6671b08de,1.257,False,0.36,1.0,1.0
1213,372,0,4,372_chunk_466963b3-af0a-4f83-a577-651de549fee8,1.1959,False,0.3728,1.0,1.0
1213,372,0,5,372_chunk_9bf594fa-44f5-45d6-a1b5-7ec3b5e28308,1.1463,False,0.3816,1.0,1.0
1213,372,0,6,372_chunk_cc195c3e-c1d7-4bc1-b080-39659fcd9676,1.1357,False,0.3297,1.0,1.0
1213,372,0,7,372_chunk_bb9b7239-57b7-4542-8a8f-249e4be677f1,1.0971,False,0.3338,1.0,1.0
1213,372,0,8,372_chunk_02781738-568d-4c1b-bcf9-f18d44ef8ec1,1.0434,False,0.3248,1.0,1.0
1213,372,0,9,372_chunk_9359c15d-64a4-422c-9a56-cc243509cdb6,0.8978,False,0.3453,1.0,1.0
1213,372,0,10,372_chunk_7166197c-8fe6-4fbe-9dab-457c0cd28d51,0.842,False,0.3593,1.0,1.0
1213,372,4,1,372_chunk_7396a223-43a5-472e-9422-6a5d87578e83,1.9048,False,0.4092,0.9742,0.9677
1213,372,4,2,372_chunk_12c09c17-3f01-45ec-afe9-93f44138c11f,1.527,False,0.3879,0.9742,0.9677
1213,372,4,3,372_chunk_c8c1226a-ff56-46cd-89ac-c5d6671b08de,1.257,False,0.383,0.9742,0.9677
1213,372,4,4,372_chunk_466963b3-af0a-4f83-a577-651de549fee8,1.1959,False,0.3925,0.9742,0.9677
1213,372,4,5,372_chunk_9bf594fa-44f5-45d6-a1b5-7ec3b5e28308,1.1463,False,0.3727,0.9742,0.9677
1213,372,4,6,372_chunk_cc195c3e-c1d7-4bc1-b080-39659fcd9676,1.1357,False,0.4312,0.9742,0.9677
1213,372,4,7,372_chunk_bb9b7239-57b7-4542-8a8f-249e4be677f1,1.0971,False,0.3573,0.9742,0.9677
1213,372,4,8,372_chunk_02781738-568d-4c1b-bcf9-f18d44ef8ec1,1.0434,False,0.3931,0.9742,0.9677
1213,372,4,9,372_chunk_9359c15d-64a4-422c-9a56-cc243509cdb6,0.8978,False,0.4299,0.9742,0.9677
1213,372,4,10,372_chunk_7166197c-8fe6-4fbe-9dab-457c0cd28d51,0.842,False,0.3896,0.9742,0.9677
1213,372,8,1,372_chunk_7396a223-43a5-472e-9422-6a5d87578e83,1.9048,False,0.4187,0.9484,0.9355
1213,372,8,2,372_chunk_12c09c17-3f01-45ec-afe9-93f44138c11f,1.527,False,0.4153,0.9484,0.9355
1213,372,8,3,372_chunk_c8c1226a-ff56-46cd-89ac-c5d6671b08de,1.257,False,0.4189,0.9484,0.9355
1213,372,8,4,372_chunk_466963b3-af0a-4f83-a577-651de549fee8,1.1959,False,0.4499,0.9484,0.9355
1213,372,8,5,372_chunk_9bf594fa-44f5-45d6-a1b5-7ec3b5e28308,1.1463,False,0.3782,0.9484,0.9355
1213,372,8,6,372_chunk_cc195c3e-c1d7-4bc1-b080-39659fcd9676,1.1357,False,0.4531,0.9484,0.9355
1213,372,8,7,372_chunk_bb9b7239-57b7-4542-8a8f-249e4be677f1,1.0971,False,0.394,0.9484,0.9355
1213,372,8,8,372_chunk_02781738-568d-4c1b-bcf9-f18d44ef8ec1,1.0434,False,0.4171,0.9484,0.9355
1213,372,8,9,372_chunk_9359c15d-64a4-422c-9a56-cc243509cdb6,0.8978,False,0.4139,0.9484,0.9355
1213,372,8,10,372_chunk_7166197c-8fe6-4fbe-9dab-457c0cd28d51,0.842,False,0.4343,0.9484,0.9355
1213,372,16,1,372_chunk_7396a223-43a5-472e-9422-6a5d87578e83,1.9048,False,0.4179,0.8968,0.871
1213,372,16,2,372_chunk_12c09c17-3f01-45ec-afe9-93f44138c11f,1.527,False,0.4591,0.8968,0.871
1213,372,16,3,372_chunk_c8c1226a-ff56-46cd-89ac-c5d6671b08de,1.257,False,0.4904,0.8968,0.871
1213,372,16,4,372_chunk_466963b3-af0a-4f83-a577-651de549fee8,1.1959,False,0.4226,0.8968,0.871
1213,372,16,5,372_chunk_9bf594fa-44f5-45d6-a1b5-7ec3b5e28308,1.1463,False,0.4537,0.8968,0.871
1213,372,16,6,372_chunk_cc195c3e-c1d7-4bc1-b080-39659fcd9676,1.1357,False,0.4366,0.8968,0.871
1213,372,16,7,372_chunk_bb9b7239-57b7-4542-8a8f-249e4be677f1,1.0971,False,0.4584,0.8968,0.871
1213,372,16,8,372_chunk_02781738-568d-4c1b-bcf9-f18d44ef8ec1,1.0434,False,0.4503,0.8968,0.871
1213,372,16,9,372_chunk_9359c15d-64a4-422c-9a56-cc243509cdb6,0.8978,False,0.437,0.8968,0.871
1213,372,16,10,372_chunk_7166197c-8fe6-4fbe-9dab-457c0cd28d51,0.842,False,0.4596,0.8968,0.871
1213,372,24,1,372_chunk_7396a223-43a5-472e-9422-6a5d87578e83,1.9048,False,0.4512,0.8452,0.8065
1213,372,24,2,372_chunk_12c09c17-3f01-45ec-afe9-93f44138c11f,1.527,False,0.4113,0.8452,0.8065
1213,372,24,3,372_chunk_c8c1226a-ff56-46cd-89ac-c5d6671b08de,1.257,False,0.4295,0.8452,0.8065
1213,372,24,4,372_chunk_466963b3-af0a-4f83-a577-651de549fee8,1.1959,False,0.3893,0.8452,0.8065
1213,372,24,5,372_chunk_9bf594fa-44f5-45d6-a1b5-7ec3b5e28308,1.1463,False,0.396,0.8452,0.8065
1213,372,24,6,372_chunk_cc195c3e-c1d7-4bc1-b080-39659fcd9676,1.1357,False,0.4246,0.8452,0.8065
1213,372,24,7,372_chunk_bb9b7239-57b7-4542-8a8f-249e4be677f1,1.0971,False,0.4448,0.8452,0.8065
1213,372,24,8,372_chunk_02781738-568d-4c1b-bcf9-f18d44ef8ec1,1.0434,False,0.4222,0.8452,0.8065
1213,372,24,9,372_chunk_9359c15d-64a4-422c-9a56-cc243509cdb6,0.8978,False,0.4089,0.8452,0.8065
1213,372,24,10,372_chunk_7166197c-8fe6-4fbe-9dab-457c0cd28d51,0.842,False,0.4151,0.8452,0.8065
1213,372,31,1,372_chunk_7396a223-43a5-472e-9422-6a5d87578e83,1.9048,False,0.325,0.8,0.75
1213,372,31,2,372_chunk_12c09c17-3f01-45ec-afe9-93f44138c11f,1.527,False,0.3621,0.8,0.75
1213,372,31,3,372_chunk_c8c1226a-ff56-46cd-89ac-c5d6671b08de,1.257,False,0.3676,0.8,0.75
1213,372,31,4,372_chunk_466963b3-af0a-4f83-a577-651de549fee8,1.1959,False,0.341,0.8,0.75
1213,372,31,5,372_chunk_9bf594fa-44f5-45d6-a1b5-7ec3b5e28308,1.1463,False,0.3406,0.8,0.75
1213,372,31,6,372_chunk_cc195c3e-c1d7-4bc1-b080-39659fcd9676,1.1357,False,0.3553,0.8,0.75
1213,372,31,7,372_chunk_bb9b7239-57b7-4542-8a8f-249e4be677f1,1.0971,False,0.3413,0.8,0.75
1213,372,31,8,372_chunk_02781738-568d-4c1b-bcf9-f18d44ef8ec1,1.0434,False,0.3487,0.8,0.75
1213,372,31,9,372_chunk_9359c15d-64a4-422c-9a56-cc243509cdb6,0.8978,False,0.392,0.8,0.75
1213,372,31,10,372_chunk_7166197c-8fe6-4fbe-9dab-457c0cd28d51,0.842,False,0.3451,0.8,0.75
1920,640,0,1,640_chunk_6f443877-f622-4e62-a939-5d3b9e97c0d3,4.0151,False,0.3428,1.0,1.0
1920,640,0,2,640_chunk_4d0eba75-5bf0-4fca-9cd1-b9ba6bdc1011,3.5091,False,0.337,1.0,1.0
1920,640,0,3,640_chunk_9075b5ba-19db-4a8c-9386-1d6df45fac0c,2.2945,False,0.3649,1.0,1.0
1920,640,0,4,640_chunk_43ab4f27-f3c0-41fb-8c00-392eaa28e13b,2.1003,False,0.3464,1.0,1.0
1920,640,0,5,640_chunk_c6bc3d5e-5ee3-4efa-8bd5-95da063cc1ff,2.0517,True,0.337,1.0,1.0
1920,640,0,6,640_chunk_a11ee1fc-be6c-4f00-bf43-4d890cc3e4d4,2.0078,False,0.3764,1.0,1.0
1920,640,0,7,640_chunk_22a22fca-53c2-41b8-8d24-d544ebf65b5c,1.9564,False,0.3784,1.0,1.0
1920,640,0,8,640_chunk_5756ecf3-a1d3-4fe9-b665-d91adfcb06f3,1.7554,False,0.338,1.0,1.0
1920,640,0,9,640_chunk_1c6bf19c-8abf-48f6-8560-87c8a7c170c6,1.3256,False,0.3127,1.0,1.0
1920,640,0,10,640_chunk_d45e8c9e-8e05-4fbb-be51-a39458bf2f00,1.1171,False,0.3702,1.0,1.0
1920,640,4,1,640_chunk_6f443877-f622-4e62-a939-5d3b9e97c0d3,4.0151,False,0.3757,0.9742,0.9677
1920,640,4,2,640_chunk_4d0eba75-5bf0-4fca-9cd1-b9ba6bdc1011,3.5091,False,0.4052,0.9742,0.9677
1920,640,4,3,640_chunk_9075b5ba-19db-4a8c-9386-1d6df45fac0c,2.2945,False,0.35,0.9742,0.9677
1920,640,4,4,640_chunk_43ab4f27-f3c0-41fb-8c00-392eaa28e13b,2.1003,False,0.4073,0.9742,0.9677
1920,640,4,5,640_chunk_c6bc3d5e-5ee3-4efa-8bd5-95da063cc1ff,2.0517,True,0.3807,0.9742,0.9677
1920,640,4,6,640_chunk_a11ee1fc-be6c-4f00-bf43-4d890cc3e4d4,2.0078,False,0.4041,0.9742,0.9677
1920,640,4,7,640_chunk_22a22fca-53c2-41b8-8d24-d544ebf65b5c,1.9564,False,0.3897,0.9742,0.9677
1920,640,4,8,640_chunk_5756ecf3-a1d3-4fe9-b665-d91adfcb06f3,1.7554,False,0.3704,0.9742,0.9677
1920,640,4,9,640_chunk_1c6bf19c-8abf-48f6-8560-87c8a7c170c6,1.3256,False,0.3813,0.9742,0.9677
1920,640,4,10,640_chunk_d45e8c9e-8e05-4fbb-be51-a39458bf2f00,1.1171,False,0.4032,0.9742,0.9677
1920,640,8,1,640_chunk_6f443877-f622-4e62-a939-5d3b9e97c0d3,4.0151,False,0.4246,0.9484,0.9355
1920,640,8,2,640_chunk_4d0eba75-5bf0-4fca-9cd1-b9ba6bdc1011,3.5091,False,0.4342,0.9484,0.9355
1920,640,8,3,640_chunk_9075b5ba-19db-4a8c-9386-1d6df45fac0c,2.2945,False,0.462,0.9484,0.9355
1920,640,8,4,640_chunk_43ab4f27-f3c0-41fb-8c00-392eaa28e13b,2.1003,False,0.3912,0.9484,0.9355
1920,640,8,5,640_chunk_c6bc3d5e-5ee3-4efa-8bd5-95da063cc1ff,2.0517,True,0.4858,0.9484,0.9355
1920,640,8,6,640_chunk_a11ee1fc-be6c-4f00-bf43-4d890cc3e4d4,2.0078,False,0.4246,0.9484,0.9355
1920,640,8,7,640_chunk_22a22fca-53c2-41b8-8d24-d544ebf65b5c,1.9564,False,0.4045,0.9484,0.9355
1920,640,8,8,640_chunk_5756ecf3-a1d3-4fe9-b665-d91adfcb06f3,1.7554,False,0.3959,0.9484,0.9355
1920,640,8,9,640_chunk_1c6bf19c-8abf-48f6-8560-87c8a7c170c6,1.3256,False,0.4187,0.9484,0.9355
1920,640,8,10,640_chunk_d45e8c9e-8e05-4fbb-be51-a39458bf2f00,1.1171,False,0.4409,0.9484,0.9355
1920,640,16,1,640_chunk_6f443877-f622-4e62-a939-5d3b9e97c0d3,4.0151,False,0.4473,0.8968,0.871
1920,640,16,2,640_chunk_4d0eba75-5bf0-4fca-9cd1-b9ba6bdc1011,3.5091,False,0.4801,0.8968,0.871
1920,640,16,3,640_chunk_9075b5ba-19db-4a8c-9386-1d6df45fac0c,2.2945,False,0.4208,0.8968,0.871
1920,640,16,4,640_chunk_43ab4f27-f3c0-41fb-8c00-392eaa28e13b,2.1003,False,0.4496,0.8968,0.871
1920,640,16,5,640_chunk_c6bc3d5e-5ee3-4efa-8bd5-95da063cc1ff,2.0517,True,0.4868,0.8968,0.871
1920,640,16,6,640_chunk_a11ee1fc-be6c-4f00-bf43-4d890cc3e4d4,2.0078,False,0.4571,0.8968,0.871
1920,640,16,7,640_chunk_22a22fca-53c2-41b8-8d24-d544ebf65b5c,1.9564,False,0.4676,0.8968,0.871
1920,640,16,8,640_chunk_5756ecf3-a1d3-4fe9-b665-d91adfcb06f3,1.7554,False,0.4415,0.8968,0.871
1920,640,16,9,640_chunk_1c6bf19c-8abf-48f6-8560-87c8a7c170c6,1.3256,False,0.3978,0.8968,0.871
1920,640,16,10,640_chunk_d45e8c9e-8e05-4fbb-be51-a39458bf2f00,1.1171,False,0.4539,0.8968,0.871
1920,640,24,1,640_chunk_6f443877-f622-4e62-a939-5d3b9e97c0d3,4.0151,False,0.4239,0.8452,0.8065
1920,640,24,2,640_chunk_4d0eba75-5bf0-4fca-9cd1-b9ba6bdc1011,3.5091,False,0.4232,0.8452,0.8065
1920,640,24,3,640_chunk_9075b5ba-19db-4a8c-9386-1d6df45fac0c,2.2945,False,0.4399,0.8452,0.8065
1920,640,24,4,640_chunk_43ab4f27-f3c0-41fb-8c00-392eaa28e13b,2.1003,False,0.3937,0.8452,0.8065
1920,640,24,5,640_chunk_c6bc3d5e-5ee3-4efa-8bd5-95da063cc1ff,2.0517,True,0.5216,0.8452,0.8065
1920,640,24,6,640_chunk_a11ee1fc-be6c-4f00-bf43-4d890cc3e4d4,2.0078,False,0.439,0.8452,0.8065
1920,640,24,7,640_chunk_22a22fca-53c2-41b8-8d24-d544ebf65b5c,1.9564,False,0.3796,0.8452,0.8065
1920,640,24,8,640_chunk_5756ecf3-a1d3-4fe9-b665-d91adfcb06f3,1.7554,False,0.4215,0.8452,0.8065
1920,640,24,9,640_chunk_1c6bf19c-8abf-48f6-8560-87c8a7c170c6,1.3256,False,0.4051,0.8452,0.8065
1920,640,24,10,640_chunk_d45e8c9e-8e05-4fbb-be51-a39458bf2f00,1.1171,False,0.4135,0.8452,0.8065
1920,640,31,1,640_chunk_6f443877-f622-4e62-a939-5d3b9e97c0d3,4.0151,False,0.357,0.8,0.75
1920,640,31,2,640_chunk_4d0eba75-5bf0-4fca-9cd1-b9ba6bdc1011,3.5091,False,0.3403,0.8,0.75
1920,640,31,3,640_chunk_9075b5ba-19db-4a8c-9386-1d6df45fac0c,2.2945,False,0.3365,0.8,0.75
1920,640,31,4,640_chunk_43ab4f27-f3c0-41fb-8c00-392eaa28e13b,2.1003,False,0.3507,0.8,0.75
1920,640,31,5,640_chunk_c6bc3d5e-5ee3-4efa-8bd5-95da063cc1ff,2.0517,True,0.4483,0.8,0.75
1920,640,31,6,640_chunk_a11ee1fc-be6c-4f00-bf43-4d890cc3e4d4,2.0078,False,0.3283,0.8,0.75
1920,640,31,7,640_chunk_22a22fca-53c2-41b8-8d24-d544ebf65b5c,1.9564,False,0.3636,0.8,0.75
1920,640,31,8,640_chunk_5756ecf3-a1d3-4fe9-b665-d91adfcb06f3,1.7554,False,0.327,0.8,0.75
1920,640,31,9,640_chunk_1c6bf19c-8abf-48f6-8560-87c8a7c170c6,1.3256,False,0.3633,0.8,0.75
1920,640,31,10,640_chunk_d45e8c9e-8e05-4fbb-be51-a39458bf2f00,1.1171,False,0.3593,0.8,0.75
1965,665,0,1,665_chunk_b339e252-b964-483e-bb97-10e4e8b9ca26,2.4379,True,0.3155,1.0,1.0
1965,665,0,2,665_chunk_48b64aa8-a1c3-4361-9293-ef99031c106a,2.4214,True,0.3364,1.0,1.0
1965,665,0,3,665_chunk_5c8a95ff-a352-4d11-9f55-14faddf24cf8,2.0332,False,0.3739,1.0,1.0
1965,665,0,4,665_chunk_a89e4ac1-9e83-4b24-9339-1759fa5f1503,1.6856,True,0.3304,1.0,1.0
1965,665,0,5,665_chunk_ee6cf616-fa88-4b44-84b7-8dd4670abb05,1.6111,True,0.3407,1.0,1.0
1965,665,0,6,665_chunk_89c36ca2-3cce-449a-9170-8243a24545b5,1.4175,True,0.3592,1.0,1.0
1965,665,0,7,665_chunk_99815ddb-b61e-4a42-b1f5-9dc56f7bdd3c,1.3201,True,0.3657,1.0,1.0
1965,665,0,8,665_chunk_1f2fc232-dfcc-47d9-999d-7630a3360c43,1.2253,False,0.345,1.0,1.0
1965,665,0,9,665_chunk_b52808fe-7985-4eb9-971a-b96278f4a3ee,1.1905,False,0.338,1.0,1.0
1965,665,0,10,665_chunk_41686827-0f4b-4751-84fb-73a68b17a302,0.8311,False,0.3784,1.0,1.0
1965,665,4,1,665_chunk_b339e252-b964-483e-bb97-10e4e8b9ca26,2.4379,True,0.4397,0.9742,0.9677
1965,665,4,2,665_chunk_48b64aa8-a1c3-4361-9293-ef99031c106a,2.4214,True,0.4245,0.9742,0.9677
1965,665,4,3,665_chunk_5c8a95ff-a352-4d11-9f55-14faddf24cf8,2.0332,False,0.3911,0.9742,0.9677
1965,665,4,4,665_chunk_a89e4ac1-9e83-4b24-9339-1759fa5f1503,1.6856,True,0.3888,0.9742,0.9677
1965,665,4,5,665_chunk_ee6cf616-fa88-4b44-84b7-8dd4670abb05,1.6111,True,0.3883,0.9742,0.9677
1965,665,4,6,665_chunk_89c36ca2-3cce-449a-9170-8243a24545b5,1.4175,True,0.4154,0.9742,0.9677
1965,665,4,7,665_chunk_99815ddb-b61e-4a42-b1f5-9dc56f7bdd3c,1.3201,True,0.4133,0.9742,0.9677
1965,665,4,8,665_chunk_1f2fc232-dfcc-47d9-999d-7630a3360c43,1.2253,False,0.4175,0.9742,0.9677
1965,665,4,9,665_chunk_b52808fe-7985-4eb9-971a-b96278f4a3ee,1.1905,False,0.4024,0.9742,0.9677
1965,665,4,10,665_chunk_41686827-0f4b-4751-84fb-73a68b17a302,0.8311,False,0.3594,0.9742,0.9677
1965,665,8,1,665_chunk_b339e252-b964-483e-bb97-10e4e8b9ca26,2.4379,True,0.4745,0.9484,0.9355
1965,665,8,2,665_chunk_48b64aa8-a1c3-4361-9293-ef99031c106a,2.4214,True,0.4335,0.9484,0.9355
1965,665,8,3,665_chunk_5c8a95ff-a352-4d11-9f55-14faddf24cf8,2.0332,False,0.4148,0.9484,0.9355
1965,665,8,4,665_chunk_a89e4ac1-9e83-4b24-9339-1759fa5f1503,1.6856,True,0.4585,0.9484,0.9355
1965,665,8,5,665_chunk_ee6cf616-fa88-4b44-84b7-8dd4670abb05,1.6111,True,0.4934,0.9484,0.9355
1965,665,8,6,665_chunk_89c36ca2-3cce-449a-9170-8243a24545b5,1.4175,True,0.5156,0.9484,0.9355
1965,665,8,7,665_chunk_99815ddb-b61e-4a42-b1f5-9dc56f7bdd3c,1.3201,True,0.4656,0.9484,0.9355
1965,665,8,8,665_chunk_1f2fc232-dfcc-47d9-999d-7630a3360c43,1.2253,False,0.4188,0.9484,0.9355
1965,665,8,9,665_chunk_b52808fe-7985-4eb9-971a-b96278f4a3ee,1.1905,False,0.4332,0.9484,0.9355
1965,665,8,10,665_chunk_41686827-0f4b-4751-84fb-73a68b17a302,0.8311,False,0.4402,0.9484,0.9355
1965,665,16,1,665_chunk_b339e252-b964-483e-bb97-10e4e8b9ca26,2.4379,True,0.5054,0.8968,0.871
1965,665,16,2,665_chunk_48b64aa8-a1c3-4361-9293-ef99031c106a,2.4214,True,0.5477,0.8968,0.871
1965,665,16,3,665_chunk_5c8a95ff-a352-4d11-9f55-14faddf24cf8,2.0332,False,0.4545,0.8968,0.871
1965,665,16,4,665_chunk_a89e4ac1-9e83-4b24-9339-1759fa5f1503,1.6856,True,0.5218,0.8968,0.871
1965,665,16,5,665_chunk_ee6cf616-fa88-4b44-84b7-8dd4670abb05,1.6111,True,0.5251,0.8968,0.871
1965,665,16,6,665_chunk_89c36ca2-3cce-449a-9170-8243a24545b5,1.4175,True,0.5202,0.8968,0.871
1965,665,16,7,665_chunk_99815ddb-b61e-4a42-b1f5-9dc56f7bdd3c,1.3201,True,0.5286,0.8968,0.871
1965,665,16,8,665_chunk_1f2fc232-dfcc-47d9-999d-7630a3360c43,1.2253,False,0.4375,0.8968,0.871
1965,665,16,9,665_chunk_b52808fe-7985-4eb9-971a-b96278f4a3ee,1.1905,False,0.4387,0.8968,0.871
1965,665,16,10,665_chunk_41686827-0f4b-4751-84fb-73a68b17a302,0.8311,False,0.4279,0.8968,0.871
1965,665,24,1,665_chunk_b339e252-b964-483e-bb97-10e4e8b9ca26,2.4379,True,0.5168,0.8452,0.8065
1965,665,24,2,665_chunk_48b64aa8-a1c3-4361-9293-ef99031c106a,2.4214,True,0.5236,0.8452,0.8065
1965,665,24,3,665_chunk_5c8a95ff-a352-4d11-9f55-14faddf24cf8,2.0332,False,0.4243,0.8452,0.8065
1965,665,24,4,665_chunk_a89e4ac1-9e83-4b24-9339-1759fa5f1503,1.6856,True,0.5415,0.8452,0.8065
1965,665,24,5,665_chunk_ee6cf616-fa88-4b44-84b7-8dd4670abb05,1.6111,True,0.5079,0.8452,0.8065
1965,665,24,6,665_chunk_89c36ca2-3cce-449a-9170-8243a24545b5,1.4175,True,0.5214,0.8452,0.8065
1965,665,24,7,665_chunk_99815ddb-b61e-4a42-b1f5-9dc56f7bdd3c,1.3201,True,0.4862,0.8452,0.8065
1965,665,24,8,665_chunk_1f2fc232-dfcc-47d9-999d-7630a3360c43,1.2253,False,0.4074,0.8452,0.8065
1965,665,24,9,665_chunk_b52808fe-7985-4eb9-971a-b96278f4a3ee,1.1905,False,0.429,0.8452,0.8065
1965,665,24,10,665_chunk_41686827-0f4b-4751-84fb-73a68b17a302,0.8311,False,0.4321,0.8452,0.8065
1965,665,31,1,665_chunk_b339e252-b964-483e-bb97-10e4e8b9ca26,2.4379,True,0.4641,0.8,0.75
1965,665,31,2,665_chunk_48b64aa8-a1c3-4361-9293-ef99031c106a,2.4214,True,0.4686,0.8,0.75
1965,665,31,3,665_chunk_5c8a95ff-a352-4d11-9f55-14faddf24cf8,2.0332,False,0.3196,0.8,0.75
1965,665,31,4,665_chunk_a89e4ac1-9e83-4b24-9339-1759fa5f1503,1.6856,True,0.4629,0.8,0.75
1965,665,31,5,665_chunk_ee6cf616-fa88-4b44-84b7-8dd4670abb05,1.6111,True,0.4878,0.8,0.75
1965,665,31,6,665_chunk_89c36ca2-3cce-449a-9170-8243a24545b5,1.4175,True,0.4815,0.8,0.75
1965,665,31,7,665_chunk_99815ddb-b61e-4a42-b1f5-9dc56f7bdd3c,1.3201,True,0.48,0.8,0.75
1965,665,31,8,665_chunk_1f2fc232-dfcc-47d9-999d-7630a3360c43,1.2253,False,0.351,0.8,0.75
1965,665,31,9,665_chunk_b52808fe-7985-4eb9-971a-b96278f4a3ee,1.1905,False,0.3501,0.8,0.75
1965,665,31,10,665_chunk_41686827-0f4b-4751-84fb-73a68b17a302,0.8311,False,0.3368,0.8,0.75
1028,304,0,1,304_chunk_9712e21a-d2a3-4bbc-b027-c8047814f970,3.3552,False,0.364,1.0,1.0
1028,304,0,2,304_chunk_87b10471-3905-4e2d-ba2e-bf473cddcb01,3.3484,False,0.3584,1.0,1.0
1028,304,0,3,304_chunk_59c41313-2d1b-461d-b748-1f078bec3712,2.7282,False,0.3598,1.0,1.0
1028,304,0,4,304_chunk_be9ece7d-1755-434f-8a6f-95a1514a6714,2.1653,False,0.3395,1.0,1.0
1028,304,0,5,304_chunk_c7b0a8e4-9f22-4d8b-96dd-db88031efc88,1.8782,True,0.3069,1.0,1.0
1028,304,0,6,304_chunk_1b70f95e-d762-4e99-b501-d0f98af39371,1.6857,True,0.3719,1.0,1.0
1028,304,0,7,304_chunk_17fe2ba0-9e25-4dc9-b381-64c9d808a008,1.0457,False,0.3404,1.0,1.0
1028,304,0,8,304_chunk_c982d54c-e115-4e0b-bb8f-088d16416653,1.0206,False,0.3327,1.0,1.0
1028,304,0,9,304_chunk_3adeb146-9bc3-44b2-9c6a-08f07f348464,0.9939,False,0.3639,1.0,1.0
1028,304,0,10,304_chunk_d68a8cd2-3489-4dde-913d-41cd4d698ab1,0.9783,False,0.3422,1.0,1.0
1028,304,4,1,304_chunk_9712e21a-d2a3-4bbc-b027-c8047814f970,3.3552,False,0.4106,0.9742,0.9677
1028,304,4,2,304_chunk_87b10471-3905-4e2d-ba2e-bf473cddcb01,3.3484,False,0.4018,0.9742,0.9677
1028,304,4,3,304_chunk_59c41313-2d1b-461d-b748-1f078bec3712,2.7282,False,0.4031,0.9742,0.9677
1028,304,4,4,304_chunk_be9ece7d-1755-434f-8a6f-95a1514a6714,2.1653,False,0.3621,0.9742,0.9677
1028,304,4,5,304_chunk_c7b0a8e4-9f22-4d8b-96dd-db88031efc88,1.8782,True,0.4292,0.9742,0.9677
1028,304,4,6,304_chunk_1b70f95e-d762-4e99-b501-d0f98af39371,1.6857,True,0.4101,0.9742,0.9677
1028,304,4,7,304_chunk_17fe2ba0-9e25-4dc9-b381-64c9d808a008,1.0457,False,0.3821,0.9742,0.9677
1028,304,4,8,304_chunk_c982d54c-e115-4e0b-bb8f-088d16416653,1.0206,False,0.3923,0.9742,0.9677
1028,304,4,9,304_chunk_3adeb146-9bc3-44b2-9c6a-08f07f348464,0.9939,False,0.3539,0.9742,0.9677
1028,304,4,10,304_chunk_d68a8cd2-3489-4dde-913d-41cd4d698ab1,0.9783,False,0.3976,0.9742,0.9677
1028,304,8,1,304_chunk_9712e21a-d2a3-4bbc-b027-c8047814f970,3.3552,False,0.4019,0.9484,0.9355
1028,304,8,2,304_chunk_87b10471-3905-4e2d-ba2e-bf473cddcb01,3.3484,False,0.3954,0.9484,0.9355
1028,304,8,3,304_chunk_59c41313-2d1b-461d-b748-1f078bec3712,2.7282,False,0.392,0.9484,0.9355
1028,304,8,4,304_chunk_be9ece7d-1755-434f-8a6f-95a1514a6714,2.1653,False,0.4447,0.9484,0.9355
1028,304,8,5,304_chunk_c7b0a8e4-9f22-4d8b-96dd-db88031efc88,1.8782,True,0.4409,0.9484,0.9355
1028,304,8,6,304_chunk_1b70f95e-d762-4e99-b501-d0f98af39371,1.6857,True,0.4841,0.9484,0.9355
1028,304,8,7,304_chunk_17fe2ba0-9e25-4dc9-b381-64c9d808a008,1.0457,False,0.4118,0.9484,0.9355
1028,304,8,8,304_chunk_c982d54c-e115-4e0b-bb8f-088d16416653,1.0206,False,0.3883,0.9484,0.9355
1028,304,8,9,304_chunk_3adeb146-9bc3-44b2-9c6a-08f07f348464,0.9939,False,0.4001,0.9484,0.9355
1028,304,8,10,304_chunk_d68a8cd2-3489-4dde-913d-41cd4d698ab1,0.9783,False,0.4472,0.9484,0.9355
1028,304,16,1,304_chunk_9712e21a-d2a3-4bbc-b027-c8047814f970,3.3552,False,0.4468,0.8968,0.871
1028,304,16,2,304_chunk_87b10471-3905-4e2d-ba2e-bf473cddcb01,3.3484,False,0.4389,0.8968,0.871
1028,304,16,3,304_chunk_59c41313-2d1b-461d-b748-1f078bec3712,2.7282,False,0.4531,0.8968,0.871
1028,304,16,4,304_chunk_be9ece7d-1755-434f-8a6f-95a1514a6714,2.1653,False,0.4599,0.8968,0.871
1028,304,16,5,304_chunk_c7b0a8e4-9f22-4d8b-96dd-db88031efc88,1.8782,True,0.5342,0.8968,0.871
1028,304,16,6,304_chunk_1b70f95e-d762-4e99-b501-d0f98af39371,1.6857,True,0.5408,0.8968,0.871
1028,304,16,7,304_chunk_17fe2ba0-9e25-4dc9-b381-64c9d808a008,1.0457,False,0.4427,0.8968,0.871
1028,304,16,8,304_chunk_c982d54c-e115-4e0b-bb8f-088d16416653,1.0206,False,0.4234,0.8968,0.871
1028,304,16,9,304_chunk_3adeb146-9bc3-44b2-9c6a-08f07f348464,0.9939,False,0.4416,0.8968,0.871
1028,304,16,10,304_chunk_d68a8cd2-3489-4dde-913d-41cd4d698ab1,0.9783,False,0.4551,0.8968,0.871
1028,304,24,1,304_chunk_9712e21a-d2a3-4bbc-b027-c8047814f970,3.3552,False,0.3959,0.8452,0.8065
1028,304,24,2,304_chunk_87b10471-3905-4e2d-ba2e-bf473cddcb01,3.3484,False,0.396,0.8452,0.8065
1028,304,24,3,304_chunk_59c41313-2d1b-461d-b748-1f078bec3712,2.7282,False,0.422,0.8452,0.8065
1028,304,24,4,304_chunk_be9ece7d-1755-434f-8a6f-95a1514a6714,2.1653,False,0.4142,0.8452,0.8065
1028,304,24,5,304_chunk_c7b0a8e4-9f22-4d8b-96dd-db88031efc88,1.8782,True,0.5087,0.8452,0.8065
1028,304,24,6,304_chunk_1b70f95e-d762-4e99-b501-d0f98af39371,1.6857,True,0.4929,0.8452,0.8065
1028,304,24,7,304_chunk_17fe2ba0-9e25-4dc9-b381-64c9d808a008,1.0457,False,0.4105,0.8452,0.8065
1028,304,24,8,304_chunk_c982d54c-e115-4e0b-bb8f-088d16416653,1.0206,False,0.3967,0.8452,0.8065
1028,304,24,9,304_chunk_3adeb146-9bc3-44b2-9c6a-08f07f348464,0.9939,False,0.4329,0.8452,0.8065
1028,304,24,10,304_chunk_d68a8cd2-3489-4dde-913d-41cd4d698ab1,0.9783,False,0.4358,0.8452,0.8065
1028,304,31,1,304_chunk_9712e21a-d2a3-4bbc-b027-c8047814f970,3.3552,False,0.3131,0.8,0.75
1028,304,31,2,304_chunk_87b10471-3905-4e2d-ba2e-bf473cddcb01,3.3484,False,0.3314,0.8,0.75
1028,304,31,3,304_chunk_59c41313-2d1b-461d-b748-1f078bec3712,2.7282,False,0.3201,0.8,0.75
1028,304,31,4,304_chunk_be9ece7d-1755-434f-8a6f-95a1514a6714,2.1653,False,0.337,0.8,0.75
1028,304,31,5,304_chunk_c7b0a8e4-9f22-4d8b-96dd-db88031efc88,1.8782,True,0.4683,0.8,0.75
1028,304,31,6,304_chunk_1b70f95e-d762-4e99-b501-d0f98af39371,1.6857,True,0.441,0.8,0.75
1028,304,31,7,304_chunk_17fe2ba0-9e25-4dc9-b381-64c9d808a008,1.0457,False,0.3316,0.8,0.75
1028,304,31,8,304_chunk_c982d54c-e115-4e0b-bb8f-088d16416653,1.0206,False,0.3299,0.8,0.75
1028,304,31,9,304_chunk_3adeb146-9bc3-44b2-9c6a-08f07f348464,0.9939,False,0.3541,0.8,0.75
1028,304,31,10,304_chunk_d68a8cd2-3489-4dde-913d-41cd4d698ab1,0.9783,False,0.3514,0.8,0.75
