question_id,paper_id,layer,passage_rank,passage_id,attention_mass,attention_share
1029,304,0,1,304_chunk_d68a8cd2-3489-4dde-913d-41cd4d698ab1,1.0248,0.2343
1029,304,0,2,304_chunk_1b70f95e-d762-4e99-b501-d0f98af39371,0.7719,0.1765
1029,304,0,3,304_chunk_be9ece7d-1755-434f-8a6f-95a1514a6714,0.6389,0.1461
1029,304,0,4,304_chunk_17fe2ba0-9e25-4dc9-b381-64c9d808a008,0.5485,0.1254
1029,304,0,5,304_chunk_3adeb146-9bc3-44b2-9c6a-08f07f348464,0.3562,0.0814
1029,304,0,6,304_chunk_59c41313-2d1b-461d-b748-1f078bec3712,0.2748,0.0628
1029,304,0,7,304_chunk_c74eca36-74bf-4e5f-85be-311c4b58ee89,0.3021,0.0691
1029,304,0,8,304_chunk_dfea1a76-64c7-49ca-9eeb-14775f5104e8,0.2121,0.0485
1029,304,0,9,304_chunk_c2eb1b87-2445-48b6-8c50-7afa7a086102,0.1119,0.0256
1029,304,0,10,304_chunk_ccaa4ff4-0d1d-4d1e-833a-781999c87afa,0.1325,0.0303
1029,304,4,1,304_chunk_d68a8cd2-3489-4dde-913d-41cd4d698ab1,0.9768,0.2602
1029,304,4,2,304_chunk_1b70f95e-d762-4e99-b501-d0f98af39371,0.7555,0.2012
1029,304,4,3,304_chunk_be9ece7d-1755-434f-8a6f-95a1514a6714,0.6186,0.1648
1029,304,4,4,304_chunk_17fe2ba0-9e25-4dc9-b381-64c9d808a008,0.3767,0.1003
1029,304,4,5,304_chunk_3adeb146-9bc3-44b2-9c6a-08f07f348464,0.2816,0.075
1029,304,4,6,304_chunk_59c41313-2d1b-461d-b748-1f078bec3712,0.2584,0.0688
1029,304,4,7,304_chunk_c74eca36-74bf-4e5f-85be-311c4b58ee89,0.1725,0.0459
1029,304,4,8,304_chunk_dfea1a76-64c7-49ca-9eeb-14775f5104e8,0.1895,0.0505
1029,304,4,9,304_chunk_c2eb1b87-2445-48b6-8c50-7afa7a086102,0.0899,0.024
1029,304,4,10,304_chunk_ccaa4ff4-0d1d-4d1e-833a-781999c87afa,0.0348,0.0093
1029,304,8,1,304_chunk_d68a8cd2-3489-4dde-913d-41cd4d698ab1,1.0733,0.2657
1029,304,8,2,304_chunk_1b70f95e-d762-4e99-b501-d0f98af39371,0.7675,0.19
1029,304,8,3,304_chunk_be9ece7d-1755-434f-8a6f-95a1514a6714,0.6099,0.151
1029,304,8,4,304_chunk_17fe2ba0-9e25-4dc9-b381-64c9d808a008,0.4011,0.0993
1029,304,8,5,304_chunk_3adeb146-9bc3-44b2-9c6a-08f07f348464,0.3407,0.0843
1029,304,8,6,304_chunk_59c41313-2d1b-461d-b748-1f078bec3712,0.2921,0.0723
1029,304,8,7,304_chunk_c74eca36-74bf-4e5f-85be-311c4b58ee89,0.1656,0.041
1029,304,8,8,304_chunk_dfea1a76-64c7-49ca-9eeb-14775f5104e8,0.1926,0.0477
1029,304,8,9,304_chunk_c2eb1b87-2445-48b6-8c50-7afa7a086102,0.1053,0.0261
1029,304,8,10,304_chunk_ccaa4ff4-0d1d-4d1e-833a-781999c87afa,0.0908,0.0225
1029,304,16,1,304_chunk_d68a8cd2-3489-4dde-913d-41cd4d698ab1,0.9699,0.2428
1029,304,16,2,304_chunk_1b70f95e-d762-4e99-b501-d0f98af39371,0.8714,0.2181
1029,304,16,3,304_chunk_be9ece7d-1755-434f-8a6f-95a1514a6714,0.6059,0.1517
1029,304,16,4,304_chunk_17fe2ba0-9e25-4dc9-b381-64c9d808a008,0.4195,0.105
1029,304,16,5,304_chunk_3adeb146-9bc3-44b2-9c6a-08f07f348464,0.409,0.1024
1029,304,16,6,304_chunk_59c41313-2d1b-461d-b748-1f078bec3712,0.2255,0.0564
1029,304,16,7,304_chunk_c74eca36-74bf-4e5f-85be-311c4b58ee89,0.2336,0.0585
1029,304,16,8,304_chunk_dfea1a76-64c7-49ca-9eeb-14775f5104e8,0.0758,0.019
1029,304,16,9,304_chunk_c2eb1b87-2445-48b6-8c50-7afa7a086102,0.0689,0.0173
1029,304,16,10,304_chunk_ccaa4ff4-0d1d-4d1e-833a-781999c87afa,0.1152,0.0288
1029,304,24,1,304_chunk_d68a8cd2-3489-4dde-913d-41cd4d698ab1,1.0369,0.2577
1029,304,24,2,304_chunk_1b70f95e-d762-4e99-b501-d0f98af39371,0.7874,0.1957
1029,304,24,3,304_chunk_be9ece7d-1755-434f-8a6f-95a1514a6714,0.6007,0.1493
1029,304,24,4,304_chunk_17fe2ba0-9e25-4dc9-b381-64c9d808a008,0.4573,0.1137
1029,304,24,5,304_chunk_3adeb146-9bc3-44b2-9c6a-08f07f348464,0.294,0.0731
1029,304,24,6,304_chunk_59c41313-2d1b-461d-b748-1f078bec3712,0.2505,0.0623
1029,304,24,7,304_chunk_c74eca36-74bf-4e5f-85be-311c4b58ee89,0.2001,0.0497
1029,304,24,8,304_chunk_dfea1a76-64c7-49ca-9eeb-14775f5104e8,0.2266,0.0563
1029,304,24,9,304_chunk_c2eb1b87-2445-48b6-8c50-7afa7a086102,0.1525,0.0379
1029,304,24,10,304_chunk_ccaa4ff4-0d1d-4d1e-833a-781999c87afa,0.0172,0.0043
1029,304,31,1,304_chunk_d68a8cd2-3489-4dde-913d-41cd4d698ab1,1.0162,0.2391
1029,304,31,2,304_chunk_1b70f95e-d762-4e99-b501-d0f98af39371,0.7595,0.1787
1029,304,31,3,304_chunk_be9ece7d-1755-434f-8a6f-95a1514a6714,0.5727,0.1348
1029,304,31,4,304_chunk_17fe2ba0-9e25-4dc9-b381-64c9d808a008,0.503,0.1184
1029,304,31,5,304_chunk_3adeb146-9bc3-44b2-9c6a-08f07f348464,0.4194,0.0987
1029,304,31,6,304_chunk_59c41313-2d1b-461d-b748-1f078bec3712,0.3331,0.0784
1029,304,31,7,304_chunk_c74eca36-74bf-4e5f-85be-311c4b58ee89,0.1812,0.0426
1029,304,31,8,304_chunk_dfea1a76-64c7-49ca-9eeb-14775f5104e8,0.1583,0.0373
1029,304,31,9,304_chunk_c2eb1b87-2445-48b6-8c50-7afa7a086102,0.1519,0.0357
1029,304,31,10,304_chunk_ccaa4ff4-0d1d-4d1e-833a-781999c87afa,0.1542,0.0363
639,175,0,1,175_chunk_5ca533c2-33cf-423d-acdd-03932d252a8d,1.0181,0.2465
639,175,0,2,175_chunk_2db949ec-bd8a-461b-a1c9-3bbee0abfaf3,0.8557,0.2072
639,175,0,3,175_chunk_7dd7553a-6c0e-456c-8415-3f005ecd0cd0,0.6047,0.1464
639,175,0,4,175_chunk_ae66a08a-f0b1-410f-a262-e493c0f0e668,0.5506,0.1333
639,175,0,5,175_chunk_388f6a46-dc47-4a44-accf-f18bb7b63e3c,0.2369,0.0574
639,175,0,6,175_chunk_d0c6c298-590e-47a8-a67a-1947d5576e64,0.3276,0.0793
639,175,0,7,175_chunk_6d80a985-d47e-4aba-baf6-7759085a93c5,0.2275,0.0551
639,175,0,8,175_chunk_6af12dd8-839a-423f-b835-8a5a1a5b2655,0.1588,0.0385
639,175,0,9,175_chunk_a7bb44a1-7dbe-4f58-9580-64993b63a31b,0.1399,0.0339
639,175,0,10,175_chunk_e2f924c7-7648-4975-83de-6f99365f9b92,0.01,0.0024
639,175,4,1,175_chunk_5ca533c2-33cf-423d-acdd-03932d252a8d,0.989,0.2212
639,175,4,2,175_chunk_2db949ec-bd8a-461b-a1c9-3bbee0abfaf3,0.8418,0.1883
639,175,4,3,175_chunk_7dd7553a-6c0e-456c-8415-3f005ecd0cd0,0.7256,0.1623
639,175,4,4,175_chunk_ae66a08a-f0b1-410f-a262-e493c0f0e668,0.4916,0.1099
639,175,4,5,175_chunk_388f6a46-dc47-4a44-accf-f18bb7b63e3c,0.3275,0.0732
639,175,4,6,175_chunk_d0c6c298-590e-47a8-a67a-1947d5576e64,0.2614,0.0585
639,175,4,7,175_chunk_6d80a985-d47e-4aba-baf6-7759085a93c5,0.2689,0.0601
639,175,4,8,175_chunk_6af12dd8-839a-423f-b835-8a5a1a5b2655,0.2354,0.0526
639,175,4,9,175_chunk_a7bb44a1-7dbe-4f58-9580-64993b63a31b,0.154,0.0344
639,175,4,10,175_chunk_e2f924c7-7648-4975-83de-6f99365f9b92,0.1762,0.0394
639,175,8,1,175_chunk_5ca533c2-33cf-423d-acdd-03932d252a8d,1.0049,0.2176
639,175,8,2,175_chunk_2db949ec-bd8a-461b-a1c9-3bbee0abfaf3,0.9176,0.1987
639,175,8,3,175_chunk_7dd7553a-6c0e-456c-8415-3f005ecd0cd0,0.6618,0.1433
639,175,8,4,175_chunk_ae66a08a-f0b1-410f-a262-e493c0f0e668,0.5463,0.1183
639,175,8,5,175_chunk_388f6a46-dc47-4a44-accf-f18bb7b63e3c,0.3483,0.0754
639,175,8,6,175_chunk_d0c6c298-590e-47a8-a67a-1947d5576e64,0.2133,0.0462
639,175,8,7,175_chunk_6d80a985-d47e-4aba-baf6-7759085a93c5,0.2379,0.0515
639,175,8,8,175_chunk_6af12dd8-839a-423f-b835-8a5a1a5b2655,0.2771,0.06
639,175,8,9,175_chunk_a7bb44a1-7dbe-4f58-9580-64993b63a31b,0.2259,0.0489
639,175,8,10,175_chunk_e2f924c7-7648-4975-83de-6f99365f9b92,0.184,0.0399
639,175,16,1,175_chunk_5ca533c2-33cf-423d-acdd-03932d252a8d,0.9292,0.1784
639,175,16,2,175_chunk_2db949ec-bd8a-461b-a1c9-3bbee0abfaf3,0.9384,0.1802
639,175,16,3,175_chunk_7dd7553a-6c0e-456c-8415-3f005ecd0cd0,0.77,0.1478
639,175,16,4,175_chunk_ae66a08a-f0b1-410f-a262-e493c0f0e668,0.6129,0.1177
639,175,16,5,175_chunk_388f6a46-dc47-4a44-accf-f18bb7b63e3c,0.3598,0.0691
639,175,16,6,175_chunk_d0c6c298-590e-47a8-a67a-1947d5576e64,0.3067,0.0589
639,175,16,7,175_chunk_6d80a985-d47e-4aba-baf6-7759085a93c5,0.3174,0.0609
639,175,16,8,175_chunk_6af12dd8-839a-423f-b835-8a5a1a5b2655,0.3631,0.0697
639,175,16,9,175_chunk_a7bb44a1-7dbe-4f58-9580-64993b63a31b,0.3289,0.0631
639,175,16,10,175_chunk_e2f924c7-7648-4975-83de-6f99365f9b92,0.2823,0.0542
639,175,24,1,175_chunk_5ca533c2-33cf-423d-acdd-03932d252a8d,0.9041,0.1547
639,175,24,2,175_chunk_2db949ec-bd8a-461b-a1c9-3bbee0abfaf3,1.0484,0.1794
639,175,24,3,175_chunk_7dd7553a-6c0e-456c-8415-3f005ecd0cd0,0.8805,0.1507
639,175,24,4,175_chunk_ae66a08a-f0b1-410f-a262-e493c0f0e668,0.8665,0.1483
639,175,24,5,175_chunk_388f6a46-dc47-4a44-accf-f18bb7b63e3c,0.3583,0.0613
639,175,24,6,175_chunk_d0c6c298-590e-47a8-a67a-1947d5576e64,0.3016,0.0516
639,175,24,7,175_chunk_6d80a985-d47e-4aba-baf6-7759085a93c5,0.2214,0.0379
639,175,24,8,175_chunk_6af12dd8-839a-423f-b835-8a5a1a5b2655,0.3863,0.0661
639,175,24,9,175_chunk_a7bb44a1-7dbe-4f58-9580-64993b63a31b,0.4634,0.0793
639,175,24,10,175_chunk_e2f924c7-7648-4975-83de-6f99365f9b92,0.414,0.0708
639,175,31,1,175_chunk_5ca533c2-33cf-423d-acdd-03932d252a8d,1.0396,0.1654
639,175,31,2,175_chunk_2db949ec-bd8a-461b-a1c9-3bbee0abfaf3,1.0833,0.1724
639,175,31,3,175_chunk_7dd7553a-6c0e-456c-8415-3f005ecd0cd0,1.0267,0.1634
639,175,31,4,175_chunk_ae66a08a-f0b1-410f-a262-e493c0f0e668,0.7523,0.1197
639,175,31,5,175_chunk_388f6a46-dc47-4a44-accf-f18bb7b63e3c,0.3972,0.0632
639,175,31,6,175_chunk_d0c6c298-590e-47a8-a67a-1947d5576e64,0.396,0.063
639,175,31,7,175_chunk_6d80a985-d47e-4aba-baf6-7759085a93c5,0.1736,0.0276
639,175,31,8,175_chunk_6af12dd8-839a-423f-b835-8a5a1a5b2655,0.4955,0.0788
639,175,31,9,175_chunk_a7bb44a1-7dbe-4f58-9580-64993b63a31b,0.4903,0.078
639,175,31,10,175_chunk_e2f924c7-7648-4975-83de-6f99365f9b92,0.4302,0.0685
2161,772,0,1,772_chunk_9e9dc76a-69f3-43f5-9ff3-424c113eacc0,1.0114,0.2455
2161,772,0,2,772_chunk_bb80b6b0-3bf3-4e81-bfa1-f698b5f89484,0.8442,0.2049
2161,772,0,3,772_chunk_175278c6-bb1c-4da0-8a67-8c761691cbfa,0.5262,0.1277
2161,772,0,4,772_chunk_34931dc7-079b-4bc1-88b3-84fcb4eabbdc,0.4816,0.1169
2161,772,0,5,772_chunk_dbdb3b12-2fc9-49fa-ac82-fd6fa4720636,0.3809,0.0924
2161,772,0,6,772_chunk_71234d80-84b1-489e-935a-474184277980,0.3256,0.079
2161,772,0,7,772_chunk_477ea82b-9ba6-4efb-abb6-2e7e378c5f1d,0.1613,0.0391
2161,772,0,8,772_chunk_20e7b9e0-09ce-4470-8d08-e0d92e9202db,0.1078,0.0262
2161,772,0,9,772_chunk_a2438300-da36-423e-b7ff-1a6f2327a7c4,0.1614,0.0392
2161,772,0,10,772_chunk_61303bef-8fe9-4deb-818c-cf3de63316fe,0.1202,0.0292
2161,772,4,1,772_chunk_9e9dc76a-69f3-43f5-9ff3-424c113eacc0,1.0125,0.237
2161,772,4,2,772_chunk_bb80b6b0-3bf3-4e81-bfa1-f698b5f89484,0.8413,0.197
2161,772,4,3,772_chunk_175278c6-bb1c-4da0-8a67-8c761691cbfa,0.5725,0.134
2161,772,4,4,772_chunk_34931dc7-079b-4bc1-88b3-84fcb4eabbdc,0.484,0.1133
2161,772,4,5,772_chunk_dbdb3b12-2fc9-49fa-ac82-fd6fa4720636,0.3825,0.0896
2161,772,4,6,772_chunk_71234d80-84b1-489e-935a-474184277980,0.2508,0.0587
2161,772,4,7,772_chunk_477ea82b-9ba6-4efb-abb6-2e7e378c5f1d,0.3164,0.0741
2161,772,4,8,772_chunk_20e7b9e0-09ce-4470-8d08-e0d92e9202db,0.1975,0.0462
2161,772,4,9,772_chunk_a2438300-da36-423e-b7ff-1a6f2327a7c4,0.0758,0.0177
2161,772,4,10,772_chunk_61303bef-8fe9-4deb-818c-cf3de63316fe,0.1382,0.0324
2161,772,8,1,772_chunk_9e9dc76a-69f3-43f5-9ff3-424c113eacc0,0.9513,0.2161
2161,772,8,2,772_chunk_bb80b6b0-3bf3-4e81-bfa1-f698b5f89484,0.9085,0.2064
2161,772,8,3,772_chunk_175278c6-bb1c-4da0-8a67-8c761691cbfa,0.6645,0.1509
2161,772,8,4,772_chunk_34931dc7-079b-4bc1-88b3-84fcb4eabbdc,0.4313,0.098
2161,772,8,5,772_chunk_dbdb3b12-2fc9-49fa-ac82-fd6fa4720636,0.416,0.0945
2161,772,8,6,772_chunk_71234d80-84b1-489e-935a-474184277980,0.3071,0.0698
2161,772,8,7,772_chunk_477ea82b-9ba6-4efb-abb6-2e7e378c5f1d,0.2642,0.06
2161,772,8,8,772_chunk_20e7b9e0-09ce-4470-8d08-e0d92e9202db,0.2686,0.061
2161,772,8,9,772_chunk_a2438300-da36-423e-b7ff-1a6f2327a7c4,0.1231,0.028
2161,772,8,10,772_chunk_61303bef-8fe9-4deb-818c-cf3de63316fe,0.0677,0.0154
2161,772,16,1,772_chunk_9e9dc76a-69f3-43f5-9ff3-424c113eacc0,0.9555,0.2119
2161,772,16,2,772_chunk_bb80b6b0-3bf3-4e81-bfa1-f698b5f89484,0.9187,0.2037
2161,772,16,3,772_chunk_175278c6-bb1c-4da0-8a67-8c761691cbfa,0.6027,0.1336
2161,772,16,4,772_chunk_34931dc7-079b-4bc1-88b3-84fcb4eabbdc,0.4894,0.1085
2161,772,16,5,772_chunk_dbdb3b12-2fc9-49fa-ac82-fd6fa4720636,0.3817,0.0846
2161,772,16,6,772_chunk_71234d80-84b1-489e-935a-474184277980,0.3279,0.0727
2161,772,16,7,772_chunk_477ea82b-9ba6-4efb-abb6-2e7e378c5f1d,0.2238,0.0496
2161,772,16,8,772_chunk_20e7b9e0-09ce-4470-8d08-e0d92e9202db,0.2465,0.0547
2161,772,16,9,772_chunk_a2438300-da36-423e-b7ff-1a6f2327a7c4,0.1221,0.0271
2161,772,16,10,772_chunk_61303bef-8fe9-4deb-818c-cf3de63316fe,0.2414,0.0535
2161,772,24,1,772_chunk_9e9dc76a-69f3-43f5-9ff3-424c113eacc0,1.0313,0.2395
2161,772,24,2,772_chunk_bb80b6b0-3bf3-4e81-bfa1-f698b5f89484,1.0069,0.2338
2161,772,24,3,772_chunk_175278c6-bb1c-4da0-8a67-8c761691cbfa,0.553,0.1284
2161,772,24,4,772_chunk_34931dc7-079b-4bc1-88b3-84fcb4eabbdc,0.4965,0.1153
2161,772,24,5,772_chunk_dbdb3b12-2fc9-49fa-ac82-fd6fa4720636,0.3567,0.0828
2161,772,24,6,772_chunk_71234d80-84b1-489e-935a-474184277980,0.3222,0.0748
2161,772,24,7,772_chunk_477ea82b-9ba6-4efb-abb6-2e7e378c5f1d,0.2468,0.0573
2161,772,24,8,772_chunk_20e7b9e0-09ce-4470-8d08-e0d92e9202db,0.1701,0.0395
2161,772,24,9,772_chunk_a2438300-da36-423e-b7ff-1a6f2327a7c4,0.093,0.0216
2161,772,24,10,772_chunk_61303bef-8fe9-4deb-818c-cf3de63316fe,0.0297,0.0069
2161,772,31,1,772_chunk_9e9dc76a-69f3-43f5-9ff3-424c113eacc0,0.9777,0.2219
2161,772,31,2,772_chunk_bb80b6b0-3bf3-4e81-bfa1-f698b5f89484,1.1716,0.2659
2161,772,31,3,772_chunk_175278c6-bb1c-4da0-8a67-8c761691cbfa,0.6172,0.1401
2161,772,31,4,772_chunk_34931dc7-079b-4bc1-88b3-84fcb4eabbdc,0.4101,0.0931
2161,772,31,5,772_chunk_dbdb3b12-2fc9-49fa-ac82-fd6fa4720636,0.3765,0.0855
2161,772,31,6,772_chunk_71234d80-84b1-489e-935a-474184277980,0.3058,0.0694
2161,772,31,7,772_chunk_477ea82b-9ba6-4efb-abb6-2e7e378c5f1d,0.1789,0.0406
2161,772,31,8,772_chunk_20e7b9e0-09ce-4470-8d08-e0d92e9202db,0.1815,0.0412
2161,772,31,9,772_chunk_a2438300-da36-423e-b7ff-1a6f2327a7c4,0.1382,0.0314
2161,772,31,10,772_chunk_61303bef-8fe9-4deb-818c-cf3de63316fe,0.0483,0.011
125,36,0,1,36_chunk_a8953304-4c8b-413a-94ed-0229ed6bc251,1.0285,0.2411
125,36,0,2,36_chunk_f4475ebc-7ae9-4f46-81f4-27e75b4a94da,0.8356,0.1958
125,36,0,3,36_chunk_f0dbc35c-4edd-457f-a793-32c86866331e,0.6542,0.1533
125,36,0,4,36_chunk_0b387435-a581-41e6-b938-8913a950cb5e,0.5049,0.1183
125,36,0,5,36_chunk_198525d3-bf23-4581-9fa6-91d95fb7793a,0.3521,0.0825
125,36,0,6,36_chunk_ff98f00e-ea2b-4ee8-9364-e5d119741937,0.3245,0.076
125,36,0,7,36_chunk_529c66f1-5bf5-45ef-97cd-6b67846dd5e7,0.1845,0.0432
125,36,0,8,36_chunk_b08da188-9d7d-46ff-bdc3-1ddae9cfe3c6,0.1619,0.038
125,36,0,9,36_chunk_bfda89f0-c0d1-4cf1-9c8d-8f1142c5644f,0.1111,0.026
125,36,0,10,36_chunk_17385ce9-50d9-44d1-b64d-8b8d90e2b47a,0.1095,0.0257
125,36,4,1,36_chunk_a8953304-4c8b-413a-94ed-0229ed6bc251,1.1609,0.2768
125,36,4,2,36_chunk_f4475ebc-7ae9-4f46-81f4-27e75b4a94da,0.7306,0.1742
125,36,4,3,36_chunk_f0dbc35c-4edd-457f-a793-32c86866331e,0.6408,0.1528
125,36,4,4,36_chunk_0b387435-a581-41e6-b938-8913a950cb5e,0.3917,0.0934
125,36,4,5,36_chunk_198525d3-bf23-4581-9fa6-91d95fb7793a,0.3443,0.0821
125,36,4,6,36_chunk_ff98f00e-ea2b-4ee8-9364-e5d119741937,0.341,0.0813
125,36,4,7,36_chunk_529c66f1-5bf5-45ef-97cd-6b67846dd5e7,0.2263,0.054
125,36,4,8,36_chunk_b08da188-9d7d-46ff-bdc3-1ddae9cfe3c6,0.1199,0.0286
125,36,4,9,36_chunk_bfda89f0-c0d1-4cf1-9c8d-8f1142c5644f,0.0996,0.0237
125,36,4,10,36_chunk_17385ce9-50d9-44d1-b64d-8b8d90e2b47a,0.1394,0.0332
125,36,8,1,36_chunk_a8953304-4c8b-413a-94ed-0229ed6bc251,1.0538,0.2433
125,36,8,2,36_chunk_f4475ebc-7ae9-4f46-81f4-27e75b4a94da,0.8799,0.2032
125,36,8,3,36_chunk_f0dbc35c-4edd-457f-a793-32c86866331e,0.6088,0.1406
125,36,8,4,36_chunk_0b387435-a581-41e6-b938-8913a950cb5e,0.4398,0.1015
125,36,8,5,36_chunk_198525d3-bf23-4581-9fa6-91d95fb7793a,0.4751,0.1097
125,36,8,6,36_chunk_ff98f00e-ea2b-4ee8-9364-e5d119741937,0.3182,0.0735
125,36,8,7,36_chunk_529c66f1-5bf5-45ef-97cd-6b67846dd5e7,0.1219,0.0281
125,36,8,8,36_chunk_b08da188-9d7d-46ff-bdc3-1ddae9cfe3c6,0.1831,0.0423
125,36,8,9,36_chunk_bfda89f0-c0d1-4cf1-9c8d-8f1142c5644f,0.1022,0.0236
125,36,8,10,36_chunk_17385ce9-50d9-44d1-b64d-8b8d90e2b47a,0.148,0.0342
125,36,16,1,36_chunk_a8953304-4c8b-413a-94ed-0229ed6bc251,1.141,0.253
125,36,16,2,36_chunk_f4475ebc-7ae9-4f46-81f4-27e75b4a94da,0.9537,0.2115
125,36,16,3,36_chunk_f0dbc35c-4edd-457f-a793-32c86866331e,0.6318,0.1401
125,36,16,4,36_chunk_0b387435-a581-41e6-b938-8913a950cb5e,0.5157,0.1143
125,36,16,5,36_chunk_198525d3-bf23-4581-9fa6-91d95fb7793a,0.3079,0.0683
125,36,16,6,36_chunk_ff98f00e-ea2b-4ee8-9364-e5d119741937,0.2698,0.0598
125,36,16,7,36_chunk_529c66f1-5bf5-45ef-97cd-6b67846dd5e7,0.1994,0.0442
125,36,16,8,36_chunk_b08da188-9d7d-46ff-bdc3-1ddae9cfe3c6,0.1411,0.0313
125,36,16,9,36_chunk_bfda89f0-c0d1-4cf1-9c8d-8f1142c5644f,0.2236,0.0496
125,36,16,10,36_chunk_17385ce9-50d9-44d1-b64d-8b8d90e2b47a,0.1256,0.0279
125,36,24,1,36_chunk_a8953304-4c8b-413a-94ed-0229ed6bc251,1.2079,0.2506
125,36,24,2,36_chunk_f4475ebc-7ae9-4f46-81f4-27e75b4a94da,1.0957,0.2273
125,36,24,3,36_chunk_f0dbc35c-4edd-457f-a793-32c86866331e,0.7126,0.1478
125,36,24,4,36_chunk_0b387435-a581-41e6-b938-8913a950cb5e,0.524,0.1087
125,36,24,5,36_chunk_198525d3-bf23-4581-9fa6-91d95fb7793a,0.2919,0.0606
125,36,24,6,36_chunk_ff98f00e-ea2b-4ee8-9364-e5d119741937,0.2623,0.0544
125,36,24,7,36_chunk_529c66f1-5bf5-45ef-97cd-6b67846dd5e7,0.2865,0.0594
125,36,24,8,36_chunk_b08da188-9d7d-46ff-bdc3-1ddae9cfe3c6,0.1384,0.0287
125,36,24,9,36_chunk_bfda89f0-c0d1-4cf1-9c8d-8f1142c5644f,0.1575,0.0327
125,36,24,10,36_chunk_17385ce9-50d9-44d1-b64d-8b8d90e2b47a,0.1441,0.0299
125,36,31,1,36_chunk_a8953304-4c8b-413a-94ed-0229ed6bc251,1.3037,0.2893
125,36,31,2,36_chunk_f4475ebc-7ae9-4f46-81f4-27e75b4a94da,1.1258,0.2498
125,36,31,3,36_chunk_f0dbc35c-4edd-457f-a793-32c86866331e,0.4445,0.0986
125,36,31,4,36_chunk_0b387435-a581-41e6-b938-8913a950cb5e,0.4211,0.0934
125,36,31,5,36_chunk_198525d3-bf23-4581-9fa6-91d95fb7793a,0.3553,0.0788
125,36,31,6,36_chunk_ff98f00e-ea2b-4ee8-9364-e5d119741937,0.2241,0.0497
125,36,31,7,36_chunk_529c66f1-5bf5-45ef-97cd-6b67846dd5e7,0.3048,0.0676
125,36,31,8,36_chunk_b08da188-9d7d-46ff-bdc3-1ddae9cfe3c6,0.1023,0.0227
125,36,31,9,36_chunk_bfda89f0-c0d1-4cf1-9c8d-8f1142c5644f,0.1133,0.0251
125,36,31,10,36_chunk_17385ce9-50d9-44d1-b64d-8b8d90e2b47a,0.1119,0.0248
2262,837,0,1,837_chunk_e44f8b37-7644-4de6-b37d-a18469547828,1.0057,0.2383
2262,837,0,2,837_chunk_d02e0a91-4aa3-41fc-8bb5-998c0ebe5652,0.8119,0.1924
2262,837,0,3,837_chunk_1f511010-09ea-4b11-b0c4-4fbed7532937,0.6858,0.1625
2262,837,0,4,837_chunk_007029c6-94d3-468b-bd12-da2cdbb9e4d0,0.4105,0.0973
2262,837,0,5,837_chunk_b4030487-6024-4b13-a2f0-e790b8399a03,0.4745,0.1125
2262,837,0,6,837_chunk_9f48a6b2-a8ea-4b29-94e9-872c3b397b0d,0.1889,0.0448
2262,837,0,7,837_chunk_4895a274-4726-4831-80e6-2cb9b11b6c60,0.2155,0.0511
2262,837,0,8,837_chunk_55ebf31d-53b8-4f64-b415-2ba91ebd8f77,0.2032,0.0482
2262,837,0,9,837_chunk_557ceb89-e7c7-4489-8ca5-12fa409b36da,0.1494,0.0354
2262,837,0,10,837_chunk_50df95fc-ad10-43ee-bca2-caf871c04301,0.0743,0.0176
2262,837,4,1,837_chunk_e44f8b37-7644-4de6-b37d-a18469547828,0.9896,0.2308
2262,837,4,2,837_chunk_d02e0a91-4aa3-41fc-8bb5-998c0ebe5652,0.7542,0.1759
2262,837,4,3,837_chunk_1f511010-09ea-4b11-b0c4-4fbed7532937,0.5771,0.1346
2262,837,4,4,837_chunk_007029c6-94d3-468b-bd12-da2cdbb9e4d0,0.5148,0.1201
2262,837,4,5,837_chunk_b4030487-6024-4b13-a2f0-e790b8399a03,0.3857,0.0899
2262,837,4,6,837_chunk_9f48a6b2-a8ea-4b29-94e9-872c3b397b0d,0.2519,0.0587
2262,837,4,7,837_chunk_4895a274-4726-4831-80e6-2cb9b11b6c60,0.2681,0.0625
2262,837,4,8,837_chunk_55ebf31d-53b8-4f64-b415-2ba91ebd8f77,0.2343,0.0546
2262,837,4,9,837_chunk_557ceb89-e7c7-4489-8ca5-12fa409b36da,0.176,0.041
2262,837,4,10,837_chunk_50df95fc-ad10-43ee-bca2-caf871c04301,0.1369,0.0319
2262,837,8,1,837_chunk_e44f8b37-7644-4de6-b37d-a18469547828,0.9586,0.2232
2262,837,8,2,837_chunk_d02e0a91-4aa3-41fc-8bb5-998c0ebe5652,0.7508,0.1748
2262,837,8,3,837_chunk_1f511010-09ea-4b11-b0c4-4fbed7532937,0.6439,0.1499
2262,837,8,4,837_chunk_007029c6-94d3-468b-bd12-da2cdbb9e4d0,0.5029,0.1171
2262,837,8,5,837_chunk_b4030487-6024-4b13-a2f0-e790b8399a03,0.3668,0.0854
2262,837,8,6,837_chunk_9f48a6b2-a8ea-4b29-94e9-872c3b397b0d,0.2924,0.0681
2262,837,8,7,837_chunk_4895a274-4726-4831-80e6-2cb9b11b6c60,0.287,0.0668
2262,837,8,8,837_chunk_55ebf31d-53b8-4f64-b415-2ba91ebd8f77,0.2345,0.0546
2262,837,8,9,837_chunk_557ceb89-e7c7-4489-8ca5-12fa409b36da,0.1627,0.0379
2262,837,8,10,837_chunk_50df95fc-ad10-43ee-bca2-caf871c04301,0.0953,0.0222
2262,837,16,1,837_chunk_e44f8b37-7644-4de6-b37d-a18469547828,0.9891,0.2173
2262,837,16,2,837_chunk_d02e0a91-4aa3-41fc-8bb5-998c0ebe5652,0.8337,0.1832
2262,837,16,3,837_chunk_1f511010-09ea-4b11-b0c4-4fbed7532937,0.6478,0.1423
2262,837,16,4,837_chunk_007029c6-94d3-468b-bd12-da2cdbb9e4d0,0.513,0.1127
2262,837,16,5,837_chunk_b4030487-6024-4b13-a2f0-e790b8399a03,0.4332,0.0952
2262,837,16,6,837_chunk_9f48a6b2-a8ea-4b29-94e9-872c3b397b0d,0.2876,0.0632
2262,837,16,7,837_chunk_4895a274-4726-4831-80e6-2cb9b11b6c60,0.2572,0.0565
2262,837,16,8,837_chunk_55ebf31d-53b8-4f64-b415-2ba91ebd8f77,0.3389,0.0745
2262,837,16,9,837_chunk_557ceb89-e7c7-4489-8ca5-12fa409b36da,0.1515,0.0333
2262,837,16,10,837_chunk_50df95fc-ad10-43ee-bca2-caf871c04301,0.0989,0.0217
2262,837,24,1,837_chunk_e44f8b37-7644-4de6-b37d-a18469547828,1.0048,0.22
2262,837,24,2,837_chunk_d02e0a91-4aa3-41fc-8bb5-998c0ebe5652,0.8086,0.177
2262,837,24,3,837_chunk_1f511010-09ea-4b11-b0c4-4fbed7532937,0.5656,0.1238
2262,837,24,4,837_chunk_007029c6-94d3-468b-bd12-da2cdbb9e4d0,0.577,0.1263
2262,837,24,5,837_chunk_b4030487-6024-4b13-a2f0-e790b8399a03,0.3176,0.0695
2262,837,24,6,837_chunk_9f48a6b2-a8ea-4b29-94e9-872c3b397b0d,0.2258,0.0494
2262,837,24,7,837_chunk_4895a274-4726-4831-80e6-2cb9b11b6c60,0.281,0.0615
2262,837,24,8,837_chunk_55ebf31d-53b8-4f64-b415-2ba91ebd8f77,0.4843,0.106
2262,837,24,9,837_chunk_557ceb89-e7c7-4489-8ca5-12fa409b36da,0.1665,0.0365
2262,837,24,10,837_chunk_50df95fc-ad10-43ee-bca2-caf871c04301,0.1368,0.03
2262,837,31,1,837_chunk_e44f8b37-7644-4de6-b37d-a18469547828,0.9994,0.2271
2262,837,31,2,837_chunk_d02e0a91-4aa3-41fc-8bb5-998c0ebe5652,0.7339,0.1668
2262,837,31,3,837_chunk_1f511010-09ea-4b11-b0c4-4fbed7532937,0.6103,0.1387
2262,837,31,4,837_chunk_007029c6-94d3-468b-bd12-da2cdbb9e4d0,0.4385,0.0996
2262,837,31,5,837_chunk_b4030487-6024-4b13-a2f0-e790b8399a03,0.4166,0.0947
2262,837,31,6,837_chunk_9f48a6b2-a8ea-4b29-94e9-872c3b397b0d,0.2792,0.0634
2262,837,31,7,837_chunk_4895a274-4726-4831-80e6-2cb9b11b6c60,0.1819,0.0413
2262,837,31,8,837_chunk_55ebf31d-53b8-4f64-b415-2ba91ebd8f77,0.5077,0.1154
2262,837,31,9,837_chunk_557ceb89-e7c7-4489-8ca5-12fa409b36da,0.156,0.0354
2262,837,31,10,837_chunk_50df95fc-ad10-43ee-bca2-caf871c04301,0.0772,0.0175
1265,388,0,1,388_chunk_99787873-d8ce-4a83-8de0-d9d73504451e,1.0155,0.2428
1265,388,0,2,388_chunk_b2ca81b2-9c86-4b09-8cc1-582967ede7d2,0.8526,0.2039
1265,388,0,3,388_chunk_e5153ac5-1a72-4953-95b4-5c864c548011,0.6494,0.1553
1265,388,0,4,388_chunk_edf4bffc-7659-436e-a825-7595c9105d67,0.4644,0.111
1265,388,0,5,388_chunk_209a5a80-430e-4e21-988c-67000a9b2ba4,0.3669,0.0877
1265,388,0,6,388_chunk_48f14534-2fc4-4386-9c8a-e0dabda342ee,0.2364,0.0565
1265,388,0,7,388_chunk_101afee1-9d47-405f-9449-a2087221847f,0.2222,0.0531
1265,388,0,8,388_chunk_65997b18-4158-49f8-b372-8379fa351d1c,0.1593,0.0381
1265,388,0,9,388_chunk_13e2dd14-87d1-4d98-9d99-8a3a4c9680dc,0.1515,0.0362
1265,388,0,10,388_chunk_78af6ebb-9991-4530-a79f-5f596b55da23,0.064,0.0153
1265,388,4,1,388_chunk_99787873-d8ce-4a83-8de0-d9d73504451e,1.026,0.2359
1265,388,4,2,388_chunk_b2ca81b2-9c86-4b09-8cc1-582967ede7d2,0.9006,0.207
1265,388,4,3,388_chunk_e5153ac5-1a72-4953-95b4-5c864c548011,0.6011,0.1382
1265,388,4,4,388_chunk_edf4bffc-7659-436e-a825-7595c9105d67,0.5376,0.1236
1265,388,4,5,388_chunk_209a5a80-430e-4e21-988c-67000a9b2ba4,0.4024,0.0925
1265,388,4,6,388_chunk_48f14534-2fc4-4386-9c8a-e0dabda342ee,0.2664,0.0613
1265,388,4,7,388_chunk_101afee1-9d47-405f-9449-a2087221847f,0.2343,0.0539
1265,388,4,8,388_chunk_65997b18-4158-49f8-b372-8379fa351d1c,0.1744,0.0401
1265,388,4,9,388_chunk_13e2dd14-87d1-4d98-9d99-8a3a4c9680dc,0.1402,0.0322
1265,388,4,10,388_chunk_78af6ebb-9991-4530-a79f-5f596b55da23,0.0667,0.0153
1265,388,8,1,388_chunk_99787873-d8ce-4a83-8de0-d9d73504451e,1.0012,0.2145
1265,388,8,2,388_chunk_b2ca81b2-9c86-4b09-8cc1-582967ede7d2,0.894,0.1915
1265,388,8,3,388_chunk_e5153ac5-1a72-4953-95b4-5c864c548011,0.6791,0.1455
1265,388,8,4,388_chunk_edf4bffc-7659-436e-a825-7595c9105d67,0.6107,0.1308
1265,388,8,5,388_chunk_209a5a80-430e-4e21-988c-67000a9b2ba4,0.4755,0.1019
1265,388,8,6,388_chunk_48f14534-2fc4-4386-9c8a-e0dabda342ee,0.2481,0.0532
1265,388,8,7,388_chunk_101afee1-9d47-405f-9449-a2087221847f,0.2667,0.0571
1265,388,8,8,388_chunk_65997b18-4158-49f8-b372-8379fa351d1c,0.1829,0.0392
1265,388,8,9,388_chunk_13e2dd14-87d1-4d98-9d99-8a3a4c9680dc,0.2448,0.0524
1265,388,8,10,388_chunk_78af6ebb-9991-4530-a79f-5f596b55da23,0.065,0.0139
1265,388,16,1,388_chunk_99787873-d8ce-4a83-8de0-d9d73504451e,0.958,0.2174
1265,388,16,2,388_chunk_b2ca81b2-9c86-4b09-8cc1-582967ede7d2,0.9295,0.211
1265,388,16,3,388_chunk_e5153ac5-1a72-4953-95b4-5c864c548011,0.5003,0.1136
1265,388,16,4,388_chunk_edf4bffc-7659-436e-a825-7595c9105d67,0.6267,0.1423
1265,388,16,5,388_chunk_209a5a80-430e-4e21-988c-67000a9b2ba4,0.3299,0.0749
1265,388,16,6,388_chunk_48f14534-2fc4-4386-9c8a-e0dabda342ee,0.294,0.0667
1265,388,16,7,388_chunk_101afee1-9d47-405f-9449-a2087221847f,0.2402,0.0545
1265,388,16,8,388_chunk_65997b18-4158-49f8-b372-8379fa351d1c,0.2676,0.0607
1265,388,16,9,388_chunk_13e2dd14-87d1-4d98-9d99-8a3a4c9680dc,0.1829,0.0415
1265,388,16,10,388_chunk_78af6ebb-9991-4530-a79f-5f596b55da23,0.0766,0.0174
1265,388,24,1,388_chunk_99787873-d8ce-4a83-8de0-d9d73504451e,0.9551,0.2002
1265,388,24,2,388_chunk_b2ca81b2-9c86-4b09-8cc1-582967ede7d2,1.0744,0.2252
1265,388,24,3,388_chunk_e5153ac5-1a72-4953-95b4-5c864c548011,0.5405,0.1133
1265,388,24,4,388_chunk_edf4bffc-7659-436e-a825-7595c9105d67,0.8349,0.175
1265,388,24,5,388_chunk_209a5a80-430e-4e21-988c-67000a9b2ba4,0.4269,0.0895
1265,388,24,6,388_chunk_48f14534-2fc4-4386-9c8a-e0dabda342ee,0.263,0.0551
1265,388,24,7,388_chunk_101afee1-9d47-405f-9449-a2087221847f,0.1375,0.0288
1265,388,24,8,388_chunk_65997b18-4158-49f8-b372-8379fa351d1c,0.2415,0.0506
1265,388,24,9,388_chunk_13e2dd14-87d1-4d98-9d99-8a3a4c9680dc,0.1296,0.0272
1265,388,24,10,388_chunk_78af6ebb-9991-4530-a79f-5f596b55da23,0.1673,0.0351
1265,388,31,1,388_chunk_99787873-d8ce-4a83-8de0-d9d73504451e,0.9203,0.1949
1265,388,31,2,388_chunk_b2ca81b2-9c86-4b09-8cc1-582967ede7d2,1.0988,0.2327
1265,388,31,3,388_chunk_e5153ac5-1a72-4953-95b4-5c864c548011,0.6068,0.1285
1265,388,31,4,388_chunk_edf4bffc-7659-436e-a825-7595c9105d67,0.8247,0.1746
1265,388,31,5,388_chunk_209a5a80-430e-4e21-988c-67000a9b2ba4,0.3454,0.0731
1265,388,31,6,388_chunk_48f14534-2fc4-4386-9c8a-e0dabda342ee,0.3176,0.0673
1265,388,31,7,388_chunk_101afee1-9d47-405f-9449-a2087221847f,0.1697,0.0359
1265,388,31,8,388_chunk_65997b18-4158-49f8-b372-8379fa351d1c,0.1667,0.0353
1265,388,31,9,388_chunk_13e2dd14-87d1-4d98-9d99-8a3a4c9680dc,0.1414,0.0299
1265,388,31,10,388_chunk_78af6ebb-9991-4530-a79f-5f596b55da23,0.1311,0.0278
951,276,0,1,276_chunk_597196e1-59f0-40aa-8e94-f500a388e528,1.103,0.2491
951,276,0,2,276_chunk_b32fd720-d681-4ea1-bbda-37184d09ed2e,0.8666,0.1957
951,276,0,3,276_chunk_0b089a16-e818-4389-b5f4-7c68b962f12e,0.5941,0.1342
951,276,0,4,276_chunk_f5fc23af-54bf-4420-af45-54072fba4492,0.5209,0.1176
951,276,0,5,276_chunk_d1571d22-0f34-42f4-b216-4e75fa92a8c2,0.4001,0.0904
951,276,0,6,276_chunk_48a5c5d8-9145-4764-98a1-1fec11de5fe8,0.3549,0.0802
951,276,0,7,276_chunk_c8c52f14-6d09-4039-809c-4a02e87f6e62,0.1749,0.0395
951,276,0,8,276_chunk_662e9221-d999-48a5-9161-8886171930c7,0.2081,0.047
951,276,0,9,276_chunk_db65ec6e-8d48-49a0-89e2-509629e398e9,0.1883,0.0425
951,276,0,10,276_chunk_5021e489-7161-4c17-9997-5dc02bb00d17,0.0175,0.0039
951,276,4,1,276_chunk_597196e1-59f0-40aa-8e94-f500a388e528,0.9408,0.2318
951,276,4,2,276_chunk_b32fd720-d681-4ea1-bbda-37184d09ed2e,0.6768,0.1667
951,276,4,3,276_chunk_0b089a16-e818-4389-b5f4-7c68b962f12e,0.5931,0.1461
951,276,4,4,276_chunk_f5fc23af-54bf-4420-af45-54072fba4492,0.5082,0.1252
951,276,4,5,276_chunk_d1571d22-0f34-42f4-b216-4e75fa92a8c2,0.443,0.1091
951,276,4,6,276_chunk_48a5c5d8-9145-4764-98a1-1fec11de5fe8,0.2902,0.0715
951,276,4,7,276_chunk_c8c52f14-6d09-4039-809c-4a02e87f6e62,0.3046,0.075
951,276,4,8,276_chunk_662e9221-d999-48a5-9161-8886171930c7,0.1048,0.0258
951,276,4,9,276_chunk_db65ec6e-8d48-49a0-89e2-509629e398e9,0.0502,0.0124
951,276,4,10,276_chunk_5021e489-7161-4c17-9997-5dc02bb00d17,0.1478,0.0364
951,276,8,1,276_chunk_597196e1-59f0-40aa-8e94-f500a388e528,1.0192,0.2541
951,276,8,2,276_chunk_b32fd720-d681-4ea1-bbda-37184d09ed2e,0.7772,0.1938
951,276,8,3,276_chunk_0b089a16-e818-4389-b5f4-7c68b962f12e,0.5032,0.1255
951,276,8,4,276_chunk_f5fc23af-54bf-4420-af45-54072fba4492,0.4679,0.1167
951,276,8,5,276_chunk_d1571d22-0f34-42f4-b216-4e75fa92a8c2,0.3027,0.0755
951,276,8,6,276_chunk_48a5c5d8-9145-4764-98a1-1fec11de5fe8,0.32,0.0798
951,276,8,7,276_chunk_c8c52f14-6d09-4039-809c-4a02e87f6e62,0.2415,0.0602
951,276,8,8,276_chunk_662e9221-d999-48a5-9161-8886171930c7,0.1268,0.0316
951,276,8,9,276_chunk_db65ec6e-8d48-49a0-89e2-509629e398e9,0.1096,0.0273
951,276,8,10,276_chunk_5021e489-7161-4c17-9997-5dc02bb00d17,0.1428,0.0356
951,276,16,1,276_chunk_597196e1-59f0-40aa-8e94-f500a388e528,0.9969,0.2408
951,276,16,2,276_chunk_b32fd720-d681-4ea1-bbda-37184d09ed2e,0.8266,0.1996
951,276,16,3,276_chunk_0b089a16-e818-4389-b5f4-7c68b962f12e,0.5572,0.1346
951,276,16,4,276_chunk_f5fc23af-54bf-4420-af45-54072fba4492,0.4976,0.1202
951,276,16,5,276_chunk_d1571d22-0f34-42f4-b216-4e75fa92a8c2,0.3414,0.0825
951,276,16,6,276_chunk_48a5c5d8-9145-4764-98a1-1fec11de5fe8,0.2469,0.0596
951,276,16,7,276_chunk_c8c52f14-6d09-4039-809c-4a02e87f6e62,0.2178,0.0526
951,276,16,8,276_chunk_662e9221-d999-48a5-9161-8886171930c7,0.122,0.0295
951,276,16,9,276_chunk_db65ec6e-8d48-49a0-89e2-509629e398e9,0.1077,0.026
951,276,16,10,276_chunk_5021e489-7161-4c17-9997-5dc02bb00d17,0.2262,0.0546
951,276,24,1,276_chunk_597196e1-59f0-40aa-8e94-f500a388e528,1.0982,0.2444
951,276,24,2,276_chunk_b32fd720-d681-4ea1-bbda-37184d09ed2e,0.7806,0.1737
951,276,24,3,276_chunk_0b089a16-e818-4389-b5f4-7c68b962f12e,0.5715,0.1272
951,276,24,4,276_chunk_f5fc23af-54bf-4420-af45-54072fba4492,0.4831,0.1075
951,276,24,5,276_chunk_d1571d22-0f34-42f4-b216-4e75fa92a8c2,0.3623,0.0806
951,276,24,6,276_chunk_48a5c5d8-9145-4764-98a1-1fec11de5fe8,0.2755,0.0613
951,276,24,7,276_chunk_c8c52f14-6d09-4039-809c-4a02e87f6e62,0.2538,0.0565
951,276,24,8,276_chunk_662e9221-d999-48a5-9161-8886171930c7,0.2116,0.0471
951,276,24,9,276_chunk_db65ec6e-8d48-49a0-89e2-509629e398e9,0.1088,0.0242
951,276,24,10,276_chunk_5021e489-7161-4c17-9997-5dc02bb00d17,0.3476,0.0774
951,276,31,1,276_chunk_597196e1-59f0-40aa-8e94-f500a388e528,0.9862,0.2104
951,276,31,2,276_chunk_b32fd720-d681-4ea1-bbda-37184d09ed2e,0.6637,0.1416
951,276,31,3,276_chunk_0b089a16-e818-4389-b5f4-7c68b962f12e,0.5308,0.1132
951,276,31,4,276_chunk_f5fc23af-54bf-4420-af45-54072fba4492,0.5407,0.1153
951,276,31,5,276_chunk_d1571d22-0f34-42f4-b216-4e75fa92a8c2,0.4501,0.096
951,276,31,6,276_chunk_48a5c5d8-9145-4764-98a1-1fec11de5fe8,0.2741,0.0585
951,276,31,7,276_chunk_c8c52f14-6d09-4039-809c-4a02e87f6e62,0.252,0.0538
951,276,31,8,276_chunk_662e9221-d999-48a5-9161-8886171930c7,0.1893,0.0404
951,276,31,9,276_chunk_db65ec6e-8d48-49a0-89e2-509629e398e9,0.2893,0.0617
951,276,31,10,276_chunk_5021e489-7161-4c17-9997-5dc02bb00d17,0.5114,0.1091
1495,467,0,1,467_chunk_1a966ac8-eaa4-4e6e-af1a-3dca8bd6544b,0.9996,0.243
1495,467,0,2,467_chunk_863e6136-e8f6-4d1d-b5ab-c76e87893ba7,0.8528,0.2073
1495,467,0,3,467_chunk_63ea67ae-f80c-444b-af3f-35d09a9664bf,0.6104,0.1484
1495,467,0,4,467_chunk_561f01aa-d818-42b6-80b6-a5e8c5411361,0.4293,0.1044
1495,467,0,5,467_chunk_654d9c50-d9a0-41a7-9e4e-3bdb77503933,0.444,0.108
1495,467,0,6,467_chunk_2f086321-10ba-4609-ab63-51fa91b17938,0.3135,0.0762
1495,467,0,7,467_chunk_4c723cea-e377-4b35-892e-a074fae9a074,0.1713,0.0416
1495,467,0,8,467_chunk_18190a4d-0bef-4470-a948-f2d13b4dbb06,0.1643,0.0399
1495,467,0,9,467_chunk_cf93dcc6-d183-4d63-83e2-eb7b661353de,0.0916,0.0223
1495,467,0,10,467_pad_10,0.0363,0.0088
1495,467,4,1,467_chunk_1a966ac8-eaa4-4e6e-af1a-3dca8bd6544b,1.0915,0.2617
1495,467,4,2,467_chunk_863e6136-e8f6-4d1d-b5ab-c76e87893ba7,0.8743,0.2096
1495,467,4,3,467_chunk_63ea67ae-f80c-444b-af3f-35d09a9664bf,0.5366,0.1286
1495,467,4,4,467_chunk_561f01aa-d818-42b6-80b6-a5e8c5411361,0.5005,0.12
1495,467,4,5,467_chunk_654d9c50-d9a0-41a7-9e4e-3bdb77503933,0.3805,0.0912
1495,467,4,6,467_chunk_2f086321-10ba-4609-ab63-51fa91b17938,0.2621,0.0628
1495,467,4,7,467_chunk_4c723cea-e377-4b35-892e-a074fae9a074,0.1935,0.0464
1495,467,4,8,467_chunk_18190a4d-0bef-4470-a948-f2d13b4dbb06,0.1306,0.0313
1495,467,4,9,467_chunk_cf93dcc6-d183-4d63-83e2-eb7b661353de,0.1378,0.033
1495,467,4,10,467_pad_10,0.0639,0.0153
1495,467,8,1,467_chunk_1a966ac8-eaa4-4e6e-af1a-3dca8bd6544b,1.1038,0.256
1495,467,8,2,467_chunk_863e6136-e8f6-4d1d-b5ab-c76e87893ba7,0.7763,0.18
1495,467,8,3,467_chunk_63ea67ae-f80c-444b-af3f-35d09a9664bf,0.5946,0.1379
1495,467,8,4,467_chunk_561f01aa-d818-42b6-80b6-a5e8c5411361,0.427,0.099
1495,467,8,5,467_chunk_654d9c50-d9a0-41a7-9e4e-3bdb77503933,0.4294,0.0996
1495,467,8,6,467_chunk_2f086321-10ba-4609-ab63-51fa91b17938,0.3243,0.0752
1495,467,8,7,467_chunk_4c723cea-e377-4b35-892e-a074fae9a074,0.2482,0.0576
1495,467,8,8,467_chunk_18190a4d-0bef-4470-a948-f2d13b4dbb06,0.1249,0.029
1495,467,8,9,467_chunk_cf93dcc6-d183-4d63-83e2-eb7b661353de,0.1403,0.0325
1495,467,8,10,467_pad_10,0.143,0.0332
1495,467,16,1,467_chunk_1a966ac8-eaa4-4e6e-af1a-3dca8bd6544b,1.0972,0.2606
1495,467,16,2,467_chunk_863e6136-e8f6-4d1d-b5ab-c76e87893ba7,0.806,0.1914
1495,467,16,3,467_chunk_63ea67ae-f80c-444b-af3f-35d09a9664bf,0.5734,0.1362
1495,467,16,4,467_chunk_561f01aa-d818-42b6-80b6-a5e8c5411361,0.5009,0.119
1495,467,16,5,467_chunk_654d9c50-d9a0-41a7-9e4e-3bdb77503933,0.5104,0.1212
1495,467,16,6,467_chunk_2f086321-10ba-4609-ab63-51fa91b17938,0.1963,0.0466
1495,467,16,7,467_chunk_4c723cea-e377-4b35-892e-a074fae9a074,0.1418,0.0337
1495,467,16,8,467_chunk_18190a4d-0bef-4470-a948-f2d13b4dbb06,0.1762,0.0418
1495,467,16,9,467_chunk_cf93dcc6-d183-4d63-83e2-eb7b661353de,0.1483,0.0352
1495,467,16,10,467_pad_10,0.0602,0.0143
1495,467,24,1,467_chunk_1a966ac8-eaa4-4e6e-af1a-3dca8bd6544b,1.3029,0.2892
1495,467,24,2,467_chunk_863e6136-e8f6-4d1d-b5ab-c76e87893ba7,0.6957,0.1544
1495,467,24,3,467_chunk_63ea67ae-f80c-444b-af3f-35d09a9664bf,0.6032,0.1339
1495,467,24,4,467_chunk_561f01aa-d818-42b6-80b6-a5e8c5411361,0.4118,0.0914
1495,467,24,5,467_chunk_654d9c50-d9a0-41a7-9e4e-3bdb77503933,0.6063,0.1346
1495,467,24,6,467_chunk_2f086321-10ba-4609-ab63-51fa91b17938,0.2889,0.0641
1495,467,24,7,467_chunk_4c723cea-e377-4b35-892e-a074fae9a074,0.1801,0.04
1495,467,24,8,467_chunk_18190a4d-0bef-4470-a948-f2d13b4dbb06,0.1545,0.0343
1495,467,24,9,467_chunk_cf93dcc6-d183-4d63-83e2-eb7b661353de,0.1856,0.0412
1495,467,24,10,467_pad_10,0.0766,0.017
1495,467,31,1,467_chunk_1a966ac8-eaa4-4e6e-af1a-3dca8bd6544b,1.3918,0.2913
1495,467,31,2,467_chunk_863e6136-e8f6-4d1d-b5ab-c76e87893ba7,0.7223,0.1512
1495,467,31,3,467_chunk_63ea67ae-f80c-444b-af3f-35d09a9664bf,0.633,0.1325
1495,467,31,4,467_chunk_561f01aa-d818-42b6-80b6-a5e8c5411361,0.5444,0.114
1495,467,31,5,467_chunk_654d9c50-d9a0-41a7-9e4e-3bdb77503933,0.5943,0.1244
1495,467,31,6,467_chunk_2f086321-10ba-4609-ab63-51fa91b17938,0.2467,0.0516
1495,467,31,7,467_chunk_4c723cea-e377-4b35-892e-a074fae9a074,0.252,0.0527
1495,467,31,8,467_chunk_18190a4d-0bef-4470-a948-f2d13b4dbb06,0.1636,0.0343
1495,467,31,9,467_chunk_cf93dcc6-d183-4d63-83e2-eb7b661353de,0.1539,0.0322
1495,467,31,10,467_pad_10,0.0752,0.0157
550,150,0,1,150_chunk_062c4259-790e-485f-8a07-84d9adb45af9,1.0145,0.2492
550,150,0,2,150_chunk_9b7b831f-04f9-4474-85d1-38beaed99bcf,0.8826,0.2168
550,150,0,3,150_chunk_cf05167e-e24b-4102-924b-906fc88f5258,0.6501,0.1597
550,150,0,4,150_chunk_36fa3324-ed40-44b1-b424-2a2fefbd85db,0.4561,0.112
550,150,0,5,150_chunk_124ab712-3e60-479f-b7cc-e1348b6b07d7,0.4279,0.1051
550,150,0,6,150_chunk_ac336844-598d-4cd6-9db3-bdea5a06e2c8,0.2661,0.0654
550,150,0,7,150_chunk_19ad0c10-8ec4-4157-80b0-4a038509ce3b,0.1212,0.0298
550,150,0,8,150_chunk_c0acb436-1643-48e4-852e-0fa9f4da74bc,0.1234,0.0303
550,150,0,9,150_chunk_51685794-05ce-47c3-9b97-1ac3c94b8213,0.0418,0.0103
550,150,0,10,150_chunk_01232135-f0bd-46b5-b263-55b77eb1f94e,0.0878,0.0216
550,150,4,1,150_chunk_062c4259-790e-485f-8a07-84d9adb45af9,1.0461,0.241
550,150,4,2,150_chunk_9b7b831f-04f9-4474-85d1-38beaed99bcf,0.9078,0.2092
550,150,4,3,150_chunk_cf05167e-e24b-4102-924b-906fc88f5258,0.668,0.1539
550,150,4,4,150_chunk_36fa3324-ed40-44b1-b424-2a2fefbd85db,0.4614,0.1063
550,150,4,5,150_chunk_124ab712-3e60-479f-b7cc-e1348b6b07d7,0.4093,0.0943
550,150,4,6,150_chunk_ac336844-598d-4cd6-9db3-bdea5a06e2c8,0.1759,0.0405
550,150,4,7,150_chunk_19ad0c10-8ec4-4157-80b0-4a038509ce3b,0.2349,0.0541
550,150,4,8,150_chunk_c0acb436-1643-48e4-852e-0fa9f4da74bc,0.2123,0.0489
550,150,4,9,150_chunk_51685794-05ce-47c3-9b97-1ac3c94b8213,0.0614,0.0141
550,150,4,10,150_chunk_01232135-f0bd-46b5-b263-55b77eb1f94e,0.1626,0.0375
550,150,8,1,150_chunk_062c4259-790e-485f-8a07-84d9adb45af9,1.1072,0.2451
550,150,8,2,150_chunk_9b7b831f-04f9-4474-85d1-38beaed99bcf,0.8484,0.1878
550,150,8,3,150_chunk_cf05167e-e24b-4102-924b-906fc88f5258,0.7285,0.1613
550,150,8,4,150_chunk_36fa3324-ed40-44b1-b424-2a2fefbd85db,0.5859,0.1297
550,150,8,5,150_chunk_124ab712-3e60-479f-b7cc-e1348b6b07d7,0.377,0.0835
550,150,8,6,150_chunk_ac336844-598d-4cd6-9db3-bdea5a06e2c8,0.2989,0.0662
550,150,8,7,150_chunk_19ad0c10-8ec4-4157-80b0-4a038509ce3b,0.2002,0.0443
550,150,8,8,150_chunk_c0acb436-1643-48e4-852e-0fa9f4da74bc,0.1313,0.0291
550,150,8,9,150_chunk_51685794-05ce-47c3-9b97-1ac3c94b8213,0.1769,0.0392
550,150,8,10,150_chunk_01232135-f0bd-46b5-b263-55b77eb1f94e,0.0626,0.0139
550,150,16,1,150_chunk_062c4259-790e-485f-8a07-84d9adb45af9,1.1842,0.2534
550,150,16,2,150_chunk_9b7b831f-04f9-4474-85d1-38beaed99bcf,0.9356,0.2002
550,150,16,3,150_chunk_cf05167e-e24b-4102-924b-906fc88f5258,0.8111,0.1736
550,150,16,4,150_chunk_36fa3324-ed40-44b1-b424-2a2fefbd85db,0.489,0.1047
550,150,16,5,150_chunk_124ab712-3e60-479f-b7cc-e1348b6b07d7,0.4198,0.0898
550,150,16,6,150_chunk_ac336844-598d-4cd6-9db3-bdea5a06e2c8,0.261,0.0559
550,150,16,7,150_chunk_19ad0c10-8ec4-4157-80b0-4a038509ce3b,0.2096,0.0449
550,150,16,8,150_chunk_c0acb436-1643-48e4-852e-0fa9f4da74bc,0.1248,0.0267
550,150,16,9,150_chunk_51685794-05ce-47c3-9b97-1ac3c94b8213,0.1131,0.0242
550,150,16,10,150_chunk_01232135-f0bd-46b5-b263-55b77eb1f94e,0.1243,0.0266
550,150,24,1,150_chunk_062c4259-790e-485f-8a07-84d9adb45af9,1.3088,0.2584
550,150,24,2,150_chunk_9b7b831f-04f9-4474-85d1-38beaed99bcf,1.0037,0.1982
550,150,24,3,150_chunk_cf05167e-e24b-4102-924b-906fc88f5258,0.921,0.1818
550,150,24,4,150_chunk_36fa3324-ed40-44b1-b424-2a2fefbd85db,0.5401,0.1066
550,150,24,5,150_chunk_124ab712-3e60-479f-b7cc-e1348b6b07d7,0.3886,0.0767
550,150,24,6,150_chunk_ac336844-598d-4cd6-9db3-bdea5a06e2c8,0.3803,0.0751
550,150,24,7,150_chunk_19ad0c10-8ec4-4157-80b0-4a038509ce3b,0.1844,0.0364
550,150,24,8,150_chunk_c0acb436-1643-48e4-852e-0fa9f4da74bc,0.1115,0.022
550,150,24,9,150_chunk_51685794-05ce-47c3-9b97-1ac3c94b8213,0.0464,0.0092
550,150,24,10,150_chunk_01232135-f0bd-46b5-b263-55b77eb1f94e,0.1802,0.0356
550,150,31,1,150_chunk_062c4259-790e-485f-8a07-84d9adb45af9,1.3827,0.2564
550,150,31,2,150_chunk_9b7b831f-04f9-4474-85d1-38beaed99bcf,1.126,0.2088
550,150,31,3,150_chunk_cf05167e-e24b-4102-924b-906fc88f5258,0.9705,0.18
550,150,31,4,150_chunk_36fa3324-ed40-44b1-b424-2a2fefbd85db,0.4161,0.0772
550,150,31,5,150_chunk_124ab712-3e60-479f-b7cc-e1348b6b07d7,0.4902,0.0909
550,150,31,6,150_chunk_ac336844-598d-4cd6-9db3-bdea5a06e2c8,0.293,0.0543
550,150,31,7,150_chunk_19ad0c10-8ec4-4157-80b0-4a038509ce3b,0.2286,0.0424
550,150,31,8,150_chunk_c0acb436-1643-48e4-852e-0fa9f4da74bc,0.2101,0.0389
550,150,31,9,150_chunk_51685794-05ce-47c3-9b97-1ac3c94b8213,0.1594,0.0296
550,150,31,10,150_chunk_01232135-f0bd-46b5-b263-55b77eb1f94e,0.1166,0.0216
1377,423,0,1,423_chunk_ed3037c5-9b93-4060-9bf0-18087799a0f9,0.9154,0.235
1377,423,0,2,423_chunk_e1340759-eeb5-4d24-b60d-cbc85feab4a6,0.8553,0.2196
1377,423,0,3,423_chunk_e2a99b17-c228-49ca-bf26-c6578f01adb1,0.5986,0.1537
1377,423,0,4,423_chunk_7cd857a2-4ade-4e38-ba48-0ff6d1b537fc,0.451,0.1158
1377,423,0,5,423_chunk_bfea7c71-1ef9-4557-9163-1c6f5f89d73b,0.3173,0.0815
1377,423,0,6,423_chunk_0db00322-73fe-465c-8af6-d56e8830c823,0.2038,0.0523
1377,423,0,7,423_chunk_c16749d0-9081-401a-9263-baff85ffb5cc,0.2643,0.0679
1377,423,0,8,423_chunk_9c636bdb-251e-4e40-bcc3-2e7ae9b9070b,0.1774,0.0456
1377,423,0,9,423_chunk_5eaeedac-cd08-4108-94be-f550bb62d330,0.0708,0.0182
1377,423,0,10,423_chunk_d1072745-744d-44b1-bfa3-e027628ac12c,0.0406,0.0104
1377,423,4,1,423_chunk_ed3037c5-9b93-4060-9bf0-18087799a0f9,0.9832,0.2438
1377,423,4,2,423_chunk_e1340759-eeb5-4d24-b60d-cbc85feab4a6,0.8623,0.2138
1377,423,4,3,423_chunk_e2a99b17-c228-49ca-bf26-c6578f01adb1,0.5936,0.1472
1377,423,4,4,423_chunk_7cd857a2-4ade-4e38-ba48-0ff6d1b537fc,0.3972,0.0985
1377,423,4,5,423_chunk_bfea7c71-1ef9-4557-9163-1c6f5f89d73b,0.4008,0.0994
1377,423,4,6,423_chunk_0db00322-73fe-465c-8af6-d56e8830c823,0.2729,0.0677
1377,423,4,7,423_chunk_c16749d0-9081-401a-9263-baff85ffb5cc,0.0883,0.0219
1377,423,4,8,423_chunk_9c636bdb-251e-4e40-bcc3-2e7ae9b9070b,0.1711,0.0424
1377,423,4,9,423_chunk_5eaeedac-cd08-4108-94be-f550bb62d330,0.1238,0.0307
1377,423,4,10,423_chunk_d1072745-744d-44b1-bfa3-e027628ac12c,0.1402,0.0348
1377,423,8,1,423_chunk_ed3037c5-9b93-4060-9bf0-18087799a0f9,1.0924,0.2453
1377,423,8,2,423_chunk_e1340759-eeb5-4d24-b60d-cbc85feab4a6,0.8351,0.1875
1377,423,8,3,423_chunk_e2a99b17-c228-49ca-bf26-c6578f01adb1,0.5931,0.1332
1377,423,8,4,423_chunk_7cd857a2-4ade-4e38-ba48-0ff6d1b537fc,0.417,0.0936
1377,423,8,5,423_chunk_bfea7c71-1ef9-4557-9163-1c6f5f89d73b,0.5869,0.1318
1377,423,8,6,423_chunk_0db00322-73fe-465c-8af6-d56e8830c823,0.2895,0.065
1377,423,8,7,423_chunk_c16749d0-9081-401a-9263-baff85ffb5cc,0.2238,0.0503
1377,423,8,8,423_chunk_9c636bdb-251e-4e40-bcc3-2e7ae9b9070b,0.1726,0.0387
1377,423,8,9,423_chunk_5eaeedac-cd08-4108-94be-f550bb62d330,0.1452,0.0326
1377,423,8,10,423_chunk_d1072745-744d-44b1-bfa3-e027628ac12c,0.0982,0.022
1377,423,16,1,423_chunk_ed3037c5-9b93-4060-9bf0-18087799a0f9,0.9713,0.2309
1377,423,16,2,423_chunk_e1340759-eeb5-4d24-b60d-cbc85feab4a6,0.7515,0.1786
1377,423,16,3,423_chunk_e2a99b17-c228-49ca-bf26-c6578f01adb1,0.6049,0.1438
1377,423,16,4,423_chunk_7cd857a2-4ade-4e38-ba48-0ff6d1b537fc,0.4452,0.1058
1377,423,16,5,423_chunk_bfea7c71-1ef9-4557-9163-1c6f5f89d73b,0.5129,0.1219
1377,423,16,6,423_chunk_0db00322-73fe-465c-8af6-d56e8830c823,0.2918,0.0694
1377,423,16,7,423_chunk_c16749d0-9081-401a-9263-baff85ffb5cc,0.2104,0.05
1377,423,16,8,423_chunk_9c636bdb-251e-4e40-bcc3-2e7ae9b9070b,0.249,0.0592
1377,423,16,9,423_chunk_5eaeedac-cd08-4108-94be-f550bb62d330,0.01,0.0024
1377,423,16,10,423_chunk_d1072745-744d-44b1-bfa3-e027628ac12c,0.16,0.038
1377,423,24,1,423_chunk_ed3037c5-9b93-4060-9bf0-18087799a0f9,1.0623,0.2427
1377,423,24,2,423_chunk_e1340759-eeb5-4d24-b60d-cbc85feab4a6,0.6751,0.1543
1377,423,24,3,423_chunk_e2a99b17-c228-49ca-bf26-c6578f01adb1,0.5894,0.1347
1377,423,24,4,423_chunk_7cd857a2-4ade-4e38-ba48-0ff6d1b537fc,0.4538,0.1037
1377,423,24,5,423_chunk_bfea7c71-1ef9-4557-9163-1c6f5f89d73b,0.5685,0.1299
1377,423,24,6,423_chunk_0db00322-73fe-465c-8af6-d56e8830c823,0.2476,0.0566
1377,423,24,7,423_chunk_c16749d0-9081-401a-9263-baff85ffb5cc,0.1676,0.0383
1377,423,24,8,423_chunk_9c636bdb-251e-4e40-bcc3-2e7ae9b9070b,0.2614,0.0597
1377,423,24,9,423_chunk_5eaeedac-cd08-4108-94be-f550bb62d330,0.1821,0.0416
1377,423,24,10,423_chunk_d1072745-744d-44b1-bfa3-e027628ac12c,0.169,0.0386
1377,423,31,1,423_chunk_ed3037c5-9b93-4060-9bf0-18087799a0f9,1.0361,0.2313
1377,423,31,2,423_chunk_e1340759-eeb5-4d24-b60d-cbc85feab4a6,0.7223,0.1613
1377,423,31,3,423_chunk_e2a99b17-c228-49ca-bf26-c6578f01adb1,0.5803,0.1296
1377,423,31,4,423_chunk_7cd857a2-4ade-4e38-ba48-0ff6d1b537fc,0.4968,0.1109
1377,423,31,5,423_chunk_bfea7c71-1ef9-4557-9163-1c6f5f89d73b,0.6568,0.1466
1377,423,31,6,423_chunk_0db00322-73fe-465c-8af6-d56e8830c823,0.3222,0.0719
1377,423,31,7,423_chunk_c16749d0-9081-401a-9263-baff85ffb5cc,0.2111,0.0471
1377,423,31,8,423_chunk_9c636bdb-251e-4e40-bcc3-2e7ae9b9070b,0.155,0.0346
1377,423,31,9,423_chunk_5eaeedac-cd08-4108-94be-f550bb62d330,0.1709,0.0382
1377,423,31,10,423_chunk_d1072745-744d-44b1-bfa3-e027628ac12c,0.1276,0.0285
1365,419,0,1,419_chunk_01ef3e5b-d534-44bd-b306-0ed08befdb78,0.9739,0.2418
1365,419,0,2,419_chunk_0c5ba591-422e-4c80-bc07-0cb6347e1d06,0.8313,0.2064
1365,419,0,3,419_chunk_06cfd14d-6acc-41a5-88e4-eb7d3b52a317,0.5713,0.1419
1365,419,0,4,419_chunk_f4391453-95a7-48bc-a0a2-03f5c11ee506,0.4019,0.0998
1365,419,0,5,419_chunk_7246f4b6-c542-4e23-8671-99727820d372,0.29,0.072
1365,419,0,6,419_chunk_0522f888-2f5c-4bcc-b0ad-285be39c066c,0.3168,0.0787
1365,419,0,7,419_chunk_6d2d373b-26c7-4e81-8b71-dab76139b071,0.1591,0.0395
1365,419,0,8,419_chunk_39430db3-44c0-4132-81d3-1ed6cb8f4384,0.2615,0.0649
1365,419,0,9,419_chunk_f9c63cb3-1e2e-4ba4-a44b-8e5f2ca4f7de,0.0312,0.0078
1365,419,0,10,419_chunk_24bc9e15-bdbb-4cc7-91a0-67676ef5f60e,0.1902,0.0472
1365,419,4,1,419_chunk_01ef3e5b-d534-44bd-b306-0ed08befdb78,1.0106,0.231
1365,419,4,2,419_chunk_0c5ba591-422e-4c80-bc07-0cb6347e1d06,0.8191,0.1873
1365,419,4,3,419_chunk_06cfd14d-6acc-41a5-88e4-eb7d3b52a317,0.6244,0.1428
1365,419,4,4,419_chunk_f4391453-95a7-48bc-a0a2-03f5c11ee506,0.5375,0.1229
1365,419,4,5,419_chunk_7246f4b6-c542-4e23-8671-99727820d372,0.366,0.0837
1365,419,4,6,419_chunk_0522f888-2f5c-4bcc-b0ad-285be39c066c,0.3868,0.0884
1365,419,4,7,419_chunk_6d2d373b-26c7-4e81-8b71-dab76139b071,0.2288,0.0523
1365,419,4,8,419_chunk_39430db3-44c0-4132-81d3-1ed6cb8f4384,0.1813,0.0414
1365,419,4,9,419_chunk_f9c63cb3-1e2e-4ba4-a44b-8e5f2ca4f7de,0.1172,0.0268
1365,419,4,10,419_chunk_24bc9e15-bdbb-4cc7-91a0-67676ef5f60e,0.1026,0.0234
1365,419,8,1,419_chunk_01ef3e5b-d534-44bd-b306-0ed08befdb78,1.0154,0.2328
1365,419,8,2,419_chunk_0c5ba591-422e-4c80-bc07-0cb6347e1d06,0.7836,0.1796
1365,419,8,3,419_chunk_06cfd14d-6acc-41a5-88e4-eb7d3b52a317,0.6294,0.1443
1365,419,8,4,419_chunk_f4391453-95a7-48bc-a0a2-03f5c11ee506,0.5999,0.1375
1365,419,8,5,419_chunk_7246f4b6-c542-4e23-8671-99727820d372,0.3764,0.0863
1365,419,8,6,419_chunk_0522f888-2f5c-4bcc-b0ad-285be39c066c,0.3676,0.0843
1365,419,8,7,419_chunk_6d2d373b-26c7-4e81-8b71-dab76139b071,0.2241,0.0514
1365,419,8,8,419_chunk_39430db3-44c0-4132-81d3-1ed6cb8f4384,0.1912,0.0438
1365,419,8,9,419_chunk_f9c63cb3-1e2e-4ba4-a44b-8e5f2ca4f7de,0.1083,0.0248
1365,419,8,10,419_chunk_24bc9e15-bdbb-4cc7-91a0-67676ef5f60e,0.0665,0.0152
1365,419,16,1,419_chunk_01ef3e5b-d534-44bd-b306-0ed08befdb78,1.0098,0.2004
1365,419,16,2,419_chunk_0c5ba591-422e-4c80-bc07-0cb6347e1d06,0.9105,0.1807
1365,419,16,3,419_chunk_06cfd14d-6acc-41a5-88e4-eb7d3b52a317,0.8076,0.1603
1365,419,16,4,419_chunk_f4391453-95a7-48bc-a0a2-03f5c11ee506,0.5679,0.1127
1365,419,16,5,419_chunk_7246f4b6-c542-4e23-8671-99727820d372,0.4193,0.0832
1365,419,16,6,419_chunk_0522f888-2f5c-4bcc-b0ad-285be39c066c,0.4908,0.0974
1365,419,16,7,419_chunk_6d2d373b-26c7-4e81-8b71-dab76139b071,0.2359,0.0468
1365,419,16,8,419_chunk_39430db3-44c0-4132-81d3-1ed6cb8f4384,0.2229,0.0442
1365,419,16,9,419_chunk_f9c63cb3-1e2e-4ba4-a44b-8e5f2ca4f7de,0.2186,0.0434
1365,419,16,10,419_chunk_24bc9e15-bdbb-4cc7-91a0-67676ef5f60e,0.1561,0.031
1365,419,24,1,419_chunk_01ef3e5b-d534-44bd-b306-0ed08befdb78,0.908,0.185
1365,419,24,2,419_chunk_0c5ba591-422e-4c80-bc07-0cb6347e1d06,0.9858,0.2009
1365,419,24,3,419_chunk_06cfd14d-6acc-41a5-88e4-eb7d3b52a317,0.8463,0.1724
1365,419,24,4,419_chunk_f4391453-95a7-48bc-a0a2-03f5c11ee506,0.7446,0.1517
1365,419,24,5,419_chunk_7246f4b6-c542-4e23-8671-99727820d372,0.3938,0.0802
1365,419,24,6,419_chunk_0522f888-2f5c-4bcc-b0ad-285be39c066c,0.5212,0.1062
1365,419,24,7,419_chunk_6d2d373b-26c7-4e81-8b71-dab76139b071,0.2325,0.0474
1365,419,24,8,419_chunk_39430db3-44c0-4132-81d3-1ed6cb8f4384,0.136,0.0277
1365,419,24,9,419_chunk_f9c63cb3-1e2e-4ba4-a44b-8e5f2ca4f7de,0.1048,0.0213
1365,419,24,10,419_chunk_24bc9e15-bdbb-4cc7-91a0-67676ef5f60e,0.0351,0.0071
1365,419,31,1,419_chunk_01ef3e5b-d534-44bd-b306-0ed08befdb78,0.9538,0.1719
1365,419,31,2,419_chunk_0c5ba591-422e-4c80-bc07-0cb6347e1d06,1.0612,0.1912
1365,419,31,3,419_chunk_06cfd14d-6acc-41a5-88e4-eb7d3b52a317,0.9077,0.1636
1365,419,31,4,419_chunk_f4391453-95a7-48bc-a0a2-03f5c11ee506,0.875,0.1577
1365,419,31,5,419_chunk_7246f4b6-c542-4e23-8671-99727820d372,0.3204,0.0577
1365,419,31,6,419_chunk_0522f888-2f5c-4bcc-b0ad-285be39c066c,0.7681,0.1384
1365,419,31,7,419_chunk_6d2d373b-26c7-4e81-8b71-dab76139b071,0.2478,0.0446
1365,419,31,8,419_chunk_39430db3-44c0-4132-81d3-1ed6cb8f4384,0.183,0.033
1365,419,31,9,419_chunk_f9c63cb3-1e2e-4ba4-a44b-8e5f2ca4f7de,0.0924,0.0167
1365,419,31,10,419_chunk_24bc9e15-bdbb-4cc7-91a0-67676ef5f60e,0.1404,0.0253
1401,431,0,1,431_chunk_4e67f703-b409-4f0d-b81c-6e507b8a320d,1.0354,0.2484
1401,431,0,2,431_chunk_5fe09df1-bd71-4182-b2e3-50ae4edc5b6e,0.7507,0.1801
1401,431,0,3,431_chunk_d512c6a7-ce6a-4e4d-bbeb-5f3dc16c746c,0.6382,0.1531
1401,431,0,4,431_chunk_c1c51f72-ca59-45ff-a2aa-ed03479173e2,0.521,0.125
1401,431,0,5,431_chunk_88ea68cf-5b6b-44a7-8a74-c0fe39caeb69,0.399,0.0957
1401,431,0,6,431_chunk_b30e52c1-1ef4-4b48-8ce2-c9f4fbd9b552,0.208,0.0499
1401,431,0,7,431_chunk_f9838a0a-262b-4e94-8327-1fbd8562dd10,0.1868,0.0448
1401,431,0,8,431_chunk_8a429184-7c0f-4cc0-b9db-8665329a0848,0.1614,0.0387
1401,431,0,9,431_chunk_7f496e64-8f4e-4a9c-97d2-984800c5a3b3,0.1316,0.0316
1401,431,0,10,431_chunk_c9a5f1bd-bb6d-48c9-a168-23e09976ac30,0.1364,0.0327
1401,431,4,1,431_chunk_4e67f703-b409-4f0d-b81c-6e507b8a320d,1.0089,0.2376
1401,431,4,2,431_chunk_5fe09df1-bd71-4182-b2e3-50ae4edc5b6e,0.712,0.1677
1401,431,4,3,431_chunk_d512c6a7-ce6a-4e4d-bbeb-5f3dc16c746c,0.6707,0.1579
1401,431,4,4,431_chunk_c1c51f72-ca59-45ff-a2aa-ed03479173e2,0.5029,0.1184
1401,431,4,5,431_chunk_88ea68cf-5b6b-44a7-8a74-c0fe39caeb69,0.3959,0.0932
1401,431,4,6,431_chunk_b30e52c1-1ef4-4b48-8ce2-c9f4fbd9b552,0.3405,0.0802
1401,431,4,7,431_chunk_f9838a0a-262b-4e94-8327-1fbd8562dd10,0.2648,0.0624
1401,431,4,8,431_chunk_8a429184-7c0f-4cc0-b9db-8665329a0848,0.1967,0.0463
1401,431,4,9,431_chunk_7f496e64-8f4e-4a9c-97d2-984800c5a3b3,0.1318,0.031
1401,431,4,10,431_chunk_c9a5f1bd-bb6d-48c9-a168-23e09976ac30,0.0224,0.0053
1401,431,8,1,431_chunk_4e67f703-b409-4f0d-b81c-6e507b8a320d,1.0215,0.2401
1401,431,8,2,431_chunk_5fe09df1-bd71-4182-b2e3-50ae4edc5b6e,0.7892,0.1855
1401,431,8,3,431_chunk_d512c6a7-ce6a-4e4d-bbeb-5f3dc16c746c,0.7104,0.167
1401,431,8,4,431_chunk_c1c51f72-ca59-45ff-a2aa-ed03479173e2,0.4085,0.096
1401,431,8,5,431_chunk_88ea68cf-5b6b-44a7-8a74-c0fe39caeb69,0.3138,0.0738
1401,431,8,6,431_chunk_b30e52c1-1ef4-4b48-8ce2-c9f4fbd9b552,0.3392,0.0797
1401,431,8,7,431_chunk_f9838a0a-262b-4e94-8327-1fbd8562dd10,0.2212,0.052
1401,431,8,8,431_chunk_8a429184-7c0f-4cc0-b9db-8665329a0848,0.2078,0.0488
1401,431,8,9,431_chunk_7f496e64-8f4e-4a9c-97d2-984800c5a3b3,0.1368,0.0321
1401,431,8,10,431_chunk_c9a5f1bd-bb6d-48c9-a168-23e09976ac30,0.1069,0.0251
1401,431,16,1,431_chunk_4e67f703-b409-4f0d-b81c-6e507b8a320d,1.0469,0.2434
1401,431,16,2,431_chunk_5fe09df1-bd71-4182-b2e3-50ae4edc5b6e,0.753,0.1751
1401,431,16,3,431_chunk_d512c6a7-ce6a-4e4d-bbeb-5f3dc16c746c,0.792,0.1841
1401,431,16,4,431_chunk_c1c51f72-ca59-45ff-a2aa-ed03479173e2,0.4493,0.1044
1401,431,16,5,431_chunk_88ea68cf-5b6b-44a7-8a74-c0fe39caeb69,0.3462,0.0805
1401,431,16,6,431_chunk_b30e52c1-1ef4-4b48-8ce2-c9f4fbd9b552,0.271,0.063
1401,431,16,7,431_chunk_f9838a0a-262b-4e94-8327-1fbd8562dd10,0.2342,0.0545
1401,431,16,8,431_chunk_8a429184-7c0f-4cc0-b9db-8665329a0848,0.1498,0.0348
1401,431,16,9,431_chunk_7f496e64-8f4e-4a9c-97d2-984800c5a3b3,0.1981,0.0461
1401,431,16,10,431_chunk_c9a5f1bd-bb6d-48c9-a168-23e09976ac30,0.0607,0.0141
1401,431,24,1,431_chunk_4e67f703-b409-4f0d-b81c-6e507b8a320d,0.9907,0.2171
1401,431,24,2,431_chunk_5fe09df1-bd71-4182-b2e3-50ae4edc5b6e,0.7568,0.1658
1401,431,24,3,431_chunk_d512c6a7-ce6a-4e4d-bbeb-5f3dc16c746c,0.9498,0.2081
1401,431,24,4,431_chunk_c1c51f72-ca59-45ff-a2aa-ed03479173e2,0.4822,0.1057
1401,431,24,5,431_chunk_88ea68cf-5b6b-44a7-8a74-c0fe39caeb69,0.4195,0.0919
1401,431,24,6,431_chunk_b30e52c1-1ef4-4b48-8ce2-c9f4fbd9b552,0.2122,0.0465
1401,431,24,7,431_chunk_f9838a0a-262b-4e94-8327-1fbd8562dd10,0.2365,0.0518
1401,431,24,8,431_chunk_8a429184-7c0f-4cc0-b9db-8665329a0848,0.2183,0.0478
1401,431,24,9,431_chunk_7f496e64-8f4e-4a9c-97d2-984800c5a3b3,0.1394,0.0306
1401,431,24,10,431_chunk_c9a5f1bd-bb6d-48c9-a168-23e09976ac30,0.1587,0.0348
1401,431,31,1,431_chunk_4e67f703-b409-4f0d-b81c-6e507b8a320d,0.9741,0.2069
1401,431,31,2,431_chunk_5fe09df1-bd71-4182-b2e3-50ae4edc5b6e,0.8493,0.1803
1401,431,31,3,431_chunk_d512c6a7-ce6a-4e4d-bbeb-5f3dc16c746c,1.0715,0.2275
1401,431,31,4,431_chunk_c1c51f72-ca59-45ff-a2aa-ed03479173e2,0.4542,0.0965
1401,431,31,5,431_chunk_88ea68cf-5b6b-44a7-8a74-c0fe39caeb69,0.3456,0.0734
1401,431,31,6,431_chunk_b30e52c1-1ef4-4b48-8ce2-c9f4fbd9b552,0.3592,0.0763
1401,431,31,7,431_chunk_f9838a0a-262b-4e94-8327-1fbd8562dd10,0.3021,0.0642
1401,431,31,8,431_chunk_8a429184-7c0f-4cc0-b9db-8665329a0848,0.1476,0.0313
1401,431,31,9,431_chunk_7f496e64-8f4e-4a9c-97d2-984800c5a3b3,0.1143,0.0243
1401,431,31,10,431_chunk_c9a5f1bd-bb6d-48c9-a168-23e09976ac30,0.0913,0.0194
1682,542,0,1,542_chunk_a784fa8c-2452-4052-be26-5bcd61757ede,0.9975,0.2344
1682,542,0,2,542_chunk_9facb7e6-641e-4737-bf22-086acce463d6,0.8125,0.1909
1682,542,0,3,542_chunk_396cc800-e4c7-42e5-a92f-aaeeba749b7f,0.5504,0.1293
1682,542,0,4,542_chunk_cab66ecb-3dfc-4548-815e-aced5024106f,0.4915,0.1155
1682,542,0,5,542_chunk_899969bf-98d3-403f-be63-06332e5bb968,0.3762,0.0884
1682,542,0,6,542_chunk_010d813e-b0b3-4d48-a52c-cfe3fa3c3d4a,0.3111,0.0731
1682,542,0,7,542_chunk_6dea9424-0420-47a1-a1db-43dfef06af2a,0.2376,0.0558
1682,542,0,8,542_chunk_0eb9fa0b-0dce-4d01-9383-263a2c1e73b8,0.2965,0.0697
1682,542,0,9,542_chunk_1b58d8f5-f59a-4757-915e-0962497ec5d0,0.1034,0.0243
1682,542,0,10,542_chunk_8754ce8c-89a2-4de9-bce3-0e43e61689e8,0.0788,0.0185
1682,542,4,1,542_chunk_a784fa8c-2452-4052-be26-5bcd61757ede,0.9688,0.2311
1682,542,4,2,542_chunk_9facb7e6-641e-4737-bf22-086acce463d6,0.751,0.1792
1682,542,4,3,542_chunk_396cc800-e4c7-42e5-a92f-aaeeba749b7f,0.5747,0.1371
1682,542,4,4,542_chunk_cab66ecb-3dfc-4548-815e-aced5024106f,0.5318,0.1269
1682,542,4,5,542_chunk_899969bf-98d3-403f-be63-06332e5bb968,0.4389,0.1047
1682,542,4,6,542_chunk_010d813e-b0b3-4d48-a52c-cfe3fa3c3d4a,0.3031,0.0723
1682,542,4,7,542_chunk_6dea9424-0420-47a1-a1db-43dfef06af2a,0.1815,0.0433
1682,542,4,8,542_chunk_0eb9fa0b-0dce-4d01-9383-263a2c1e73b8,0.1973,0.0471
1682,542,4,9,542_chunk_1b58d8f5-f59a-4757-915e-0962497ec5d0,0.1077,0.0257
1682,542,4,10,542_chunk_8754ce8c-89a2-4de9-bce3-0e43e61689e8,0.137,0.0327
1682,542,8,1,542_chunk_a784fa8c-2452-4052-be26-5bcd61757ede,1.0101,0.2267
1682,542,8,2,542_chunk_9facb7e6-641e-4737-bf22-086acce463d6,0.703,0.1578
1682,542,8,3,542_chunk_396cc800-e4c7-42e5-a92f-aaeeba749b7f,0.6839,0.1535
1682,542,8,4,542_chunk_cab66ecb-3dfc-4548-815e-aced5024106f,0.5622,0.1262
1682,542,8,5,542_chunk_899969bf-98d3-403f-be63-06332e5bb968,0.3372,0.0757
1682,542,8,6,542_chunk_010d813e-b0b3-4d48-a52c-cfe3fa3c3d4a,0.3574,0.0802
1682,542,8,7,542_chunk_6dea9424-0420-47a1-a1db-43dfef06af2a,0.2374,0.0533
1682,542,8,8,542_chunk_0eb9fa0b-0dce-4d01-9383-263a2c1e73b8,0.1905,0.0428
1682,542,8,9,542_chunk_1b58d8f5-f59a-4757-915e-0962497ec5d0,0.1683,0.0378
1682,542,8,10,542_chunk_8754ce8c-89a2-4de9-bce3-0e43e61689e8,0.2059,0.0462
1682,542,16,1,542_chunk_a784fa8c-2452-4052-be26-5bcd61757ede,0.9912,0.2301
1682,542,16,2,542_chunk_9facb7e6-641e-4737-bf22-086acce463d6,0.7389,0.1715
1682,542,16,3,542_chunk_396cc800-e4c7-42e5-a92f-aaeeba749b7f,0.5376,0.1248
1682,542,16,4,542_chunk_cab66ecb-3dfc-4548-815e-aced5024106f,0.4358,0.1012
1682,542,16,5,542_chunk_899969bf-98d3-403f-be63-06332e5bb968,0.3662,0.085
1682,542,16,6,542_chunk_010d813e-b0b3-4d48-a52c-cfe3fa3c3d4a,0.5569,0.1293
1682,542,16,7,542_chunk_6dea9424-0420-47a1-a1db-43dfef06af2a,0.1972,0.0458
1682,542,16,8,542_chunk_0eb9fa0b-0dce-4d01-9383-263a2c1e73b8,0.185,0.0429
1682,542,16,9,542_chunk_1b58d8f5-f59a-4757-915e-0962497ec5d0,0.1345,0.0312
1682,542,16,10,542_chunk_8754ce8c-89a2-4de9-bce3-0e43e61689e8,0.1648,0.0383
1682,542,24,1,542_chunk_a784fa8c-2452-4052-be26-5bcd61757ede,1.1263,0.2361
1682,542,24,2,542_chunk_9facb7e6-641e-4737-bf22-086acce463d6,0.7523,0.1577
1682,542,24,3,542_chunk_396cc800-e4c7-42e5-a92f-aaeeba749b7f,0.5821,0.122
1682,542,24,4,542_chunk_cab66ecb-3dfc-4548-815e-aced5024106f,0.5246,0.11
1682,542,24,5,542_chunk_899969bf-98d3-403f-be63-06332e5bb968,0.402,0.0843
1682,542,24,6,542_chunk_010d813e-b0b3-4d48-a52c-cfe3fa3c3d4a,0.6498,0.1362
1682,542,24,7,542_chunk_6dea9424-0420-47a1-a1db-43dfef06af2a,0.2523,0.0529
1682,542,24,8,542_chunk_0eb9fa0b-0dce-4d01-9383-263a2c1e73b8,0.1558,0.0327
1682,542,24,9,542_chunk_1b58d8f5-f59a-4757-915e-0962497ec5d0,0.1649,0.0346
1682,542,24,10,542_chunk_8754ce8c-89a2-4de9-bce3-0e43e61689e8,0.1608,0.0337
1682,542,31,1,542_chunk_a784fa8c-2452-4052-be26-5bcd61757ede,1.041,0.217
1682,542,31,2,542_chunk_9facb7e6-641e-4737-bf22-086acce463d6,0.8042,0.1676
1682,542,31,3,542_chunk_396cc800-e4c7-42e5-a92f-aaeeba749b7f,0.6599,0.1375
1682,542,31,4,542_chunk_cab66ecb-3dfc-4548-815e-aced5024106f,0.5308,0.1106
1682,542,31,5,542_chunk_899969bf-98d3-403f-be63-06332e5bb968,0.437,0.0911
1682,542,31,6,542_chunk_010d813e-b0b3-4d48-a52c-cfe3fa3c3d4a,0.6689,0.1394
1682,542,31,7,542_chunk_6dea9424-0420-47a1-a1db-43dfef06af2a,0.2148,0.0448
1682,542,31,8,542_chunk_0eb9fa0b-0dce-4d01-9383-263a2c1e73b8,0.1811,0.0377
1682,542,31,9,542_chunk_1b58d8f5-f59a-4757-915e-0962497ec5d0,0.1957,0.0408
1682,542,31,10,542_chunk_8754ce8c-89a2-4de9-bce3-0e43e61689e8,0.0646,0.0135
1005,294,0,1,294_chunk_c335c74c-79fe-43b6-8b3f-dfdc8fc59d9b,0.9846,0.2304
1005,294,0,2,294_chunk_e2ed0809-7ba0-4fc0-b0a5-3e808aa9adb9,0.7898,0.1848
1005,294,0,3,294_chunk_84628536-66ce-4a45-bbdf-601c2b9e257c,0.619,0.1449
1005,294,0,4,294_chunk_7a7d2ddd-b2c1-405b-9514-42d18ceb51ac,0.5512,0.129
1005,294,0,5,294_chunk_cde00845-fc28-4d38-a54b-3975d8e8c811,0.3631,0.085
1005,294,0,6,294_chunk_4ba5b4d6-8ee9-4089-8a9a-2fdaf93aefbb,0.3005,0.0703
1005,294,0,7,294_chunk_37fa5deb-a2cb-43db-973e-2ad38ac725ce,0.2535,0.0593
1005,294,0,8,294_chunk_3b026119-a3c4-487e-a9d3-3b40d101e2d2,0.1831,0.0429
1005,294,0,9,294_chunk_2c592a39-2b59-4c62-ae54-837cb75ada72,0.113,0.0264
1005,294,0,10,294_chunk_61af89db-c485-4bf7-adab-0057e7bba1ae,0.1151,0.0269
1005,294,4,1,294_chunk_c335c74c-79fe-43b6-8b3f-dfdc8fc59d9b,1.0988,0.2423
1005,294,4,2,294_chunk_e2ed0809-7ba0-4fc0-b0a5-3e808aa9adb9,0.7726,0.1704
1005,294,4,3,294_chunk_84628536-66ce-4a45-bbdf-601c2b9e257c,0.6132,0.1352
1005,294,4,4,294_chunk_7a7d2ddd-b2c1-405b-9514-42d18ceb51ac,0.4374,0.0965
1005,294,4,5,294_chunk_cde00845-fc28-4d38-a54b-3975d8e8c811,0.4728,0.1043
1005,294,4,6,294_chunk_4ba5b4d6-8ee9-4089-8a9a-2fdaf93aefbb,0.2555,0.0563
1005,294,4,7,294_chunk_37fa5deb-a2cb-43db-973e-2ad38ac725ce,0.2403,0.053
1005,294,4,8,294_chunk_3b026119-a3c4-487e-a9d3-3b40d101e2d2,0.2378,0.0524
1005,294,4,9,294_chunk_2c592a39-2b59-4c62-ae54-837cb75ada72,0.2588,0.0571
1005,294,4,10,294_chunk_61af89db-c485-4bf7-adab-0057e7bba1ae,0.1473,0.0325
1005,294,8,1,294_chunk_c335c74c-79fe-43b6-8b3f-dfdc8fc59d9b,1.0626,0.225
1005,294,8,2,294_chunk_e2ed0809-7ba0-4fc0-b0a5-3e808aa9adb9,0.9632,0.204
1005,294,8,3,294_chunk_84628536-66ce-4a45-bbdf-601c2b9e257c,0.5341,0.1131
1005,294,8,4,294_chunk_7a7d2ddd-b2c1-405b-9514-42d18ceb51ac,0.3624,0.0768
1005,294,8,5,294_chunk_cde00845-fc28-4d38-a54b-3975d8e8c811,0.4802,0.1017
1005,294,8,6,294_chunk_4ba5b4d6-8ee9-4089-8a9a-2fdaf93aefbb,0.3517,0.0745
1005,294,8,7,294_chunk_37fa5deb-a2cb-43db-973e-2ad38ac725ce,0.2624,0.0556
1005,294,8,8,294_chunk_3b026119-a3c4-487e-a9d3-3b40d101e2d2,0.2995,0.0634
1005,294,8,9,294_chunk_2c592a39-2b59-4c62-ae54-837cb75ada72,0.2378,0.0504
1005,294,8,10,294_chunk_61af89db-c485-4bf7-adab-0057e7bba1ae,0.1675,0.0355
1005,294,16,1,294_chunk_c335c74c-79fe-43b6-8b3f-dfdc8fc59d9b,1.1166,0.2016
1005,294,16,2,294_chunk_e2ed0809-7ba0-4fc0-b0a5-3e808aa9adb9,1.0031,0.1811
1005,294,16,3,294_chunk_84628536-66ce-4a45-bbdf-601c2b9e257c,0.639,0.1154
1005,294,16,4,294_chunk_7a7d2ddd-b2c1-405b-9514-42d18ceb51ac,0.4674,0.0844
1005,294,16,5,294_chunk_cde00845-fc28-4d38-a54b-3975d8e8c811,0.6409,0.1157
1005,294,16,6,294_chunk_4ba5b4d6-8ee9-4089-8a9a-2fdaf93aefbb,0.4136,0.0747
1005,294,16,7,294_chunk_37fa5deb-a2cb-43db-973e-2ad38ac725ce,0.3275,0.0591
1005,294,16,8,294_chunk_3b026119-a3c4-487e-a9d3-3b40d101e2d2,0.3198,0.0577
1005,294,16,9,294_chunk_2c592a39-2b59-4c62-ae54-837cb75ada72,0.3137,0.0566
1005,294,16,10,294_chunk_61af89db-c485-4bf7-adab-0057e7bba1ae,0.2982,0.0538
1005,294,24,1,294_chunk_c335c74c-79fe-43b6-8b3f-dfdc8fc59d9b,1.2589,0.1944
1005,294,24,2,294_chunk_e2ed0809-7ba0-4fc0-b0a5-3e808aa9adb9,1.0674,0.1648
1005,294,24,3,294_chunk_84628536-66ce-4a45-bbdf-601c2b9e257c,0.544,0.084
1005,294,24,4,294_chunk_7a7d2ddd-b2c1-405b-9514-42d18ceb51ac,0.5446,0.0841
1005,294,24,5,294_chunk_cde00845-fc28-4d38-a54b-3975d8e8c811,0.6347,0.098
1005,294,24,6,294_chunk_4ba5b4d6-8ee9-4089-8a9a-2fdaf93aefbb,0.6133,0.0947
1005,294,24,7,294_chunk_37fa5deb-a2cb-43db-973e-2ad38ac725ce,0.5112,0.079
1005,294,24,8,294_chunk_3b026119-a3c4-487e-a9d3-3b40d101e2d2,0.4676,0.0722
1005,294,24,9,294_chunk_2c592a39-2b59-4c62-ae54-837cb75ada72,0.4348,0.0671
1005,294,24,10,294_chunk_61af89db-c485-4bf7-adab-0057e7bba1ae,0.3988,0.0616
1005,294,31,1,294_chunk_c335c74c-79fe-43b6-8b3f-dfdc8fc59d9b,1.3821,0.1935
1005,294,31,2,294_chunk_e2ed0809-7ba0-4fc0-b0a5-3e808aa9adb9,1.1953,0.1673
1005,294,31,3,294_chunk_84628536-66ce-4a45-bbdf-601c2b9e257c,0.6164,0.0863
1005,294,31,4,294_chunk_7a7d2ddd-b2c1-405b-9514-42d18ceb51ac,0.5078,0.0711
1005,294,31,5,294_chunk_cde00845-fc28-4d38-a54b-3975d8e8c811,0.7134,0.0999
1005,294,31,6,294_chunk_4ba5b4d6-8ee9-4089-8a9a-2fdaf93aefbb,0.7085,0.0992
1005,294,31,7,294_chunk_37fa5deb-a2cb-43db-973e-2ad38ac725ce,0.5393,0.0755
1005,294,31,8,294_chunk_3b026119-a3c4-487e-a9d3-3b40d101e2d2,0.6138,0.0859
1005,294,31,9,294_chunk_2c592a39-2b59-4c62-ae54-837cb75ada72,0.4833,0.0677
1005,294,31,10,294_chunk_61af89db-c485-4bf7-adab-0057e7bba1ae,0.3839,0.0537
636,175,0,1,175_chunk_2feed7b7-1df8-4d64-8f9a-b437ca28eaf5,1.0393,0.2468
636,175,0,2,175_chunk_f644cf6d-c824-4b69-aba7-c9727578922d,0.8001,0.19
636,175,0,3,175_chunk_ae66a08a-f0b1-410f-a262-e493c0f0e668,0.5582,0.1326
636,175,0,4,175_chunk_388f6a46-dc47-4a44-accf-f18bb7b63e3c,0.47,0.1116
636,175,0,5,175_chunk_b7754bbe-087a-4fd8-ae50-a7e3a3a148b3,0.3677,0.0873
636,175,0,6,175_chunk_a21e5aa5-4645-409c-8fc4-1930e7a7632c,0.2286,0.0543
636,175,0,7,175_chunk_6d80a985-d47e-4aba-baf6-7759085a93c5,0.2983,0.0708
636,175,0,8,175_chunk_1943a0fc-3e9d-401e-aa7e-659fa1663bbb,0.2176,0.0517
636,175,0,9,175_chunk_d0c6c298-590e-47a8-a67a-1947d5576e64,0.1243,0.0295
636,175,0,10,175_chunk_9b547add-ba8a-4d2a-bae1-e947682d8ea4,0.1067,0.0254
636,175,4,1,175_chunk_2feed7b7-1df8-4d64-8f9a-b437ca28eaf5,1.0556,0.251
636,175,4,2,175_chunk_f644cf6d-c824-4b69-aba7-c9727578922d,0.6767,0.1609
636,175,4,3,175_chunk_ae66a08a-f0b1-410f-a262-e493c0f0e668,0.5942,0.1413
636,175,4,4,175_chunk_388f6a46-dc47-4a44-accf-f18bb7b63e3c,0.4834,0.115
636,175,4,5,175_chunk_b7754bbe-087a-4fd8-ae50-a7e3a3a148b3,0.3178,0.0756
636,175,4,6,175_chunk_a21e5aa5-4645-409c-8fc4-1930e7a7632c,0.2724,0.0648
636,175,4,7,175_chunk_6d80a985-d47e-4aba-baf6-7759085a93c5,0.313,0.0744
636,175,4,8,175_chunk_1943a0fc-3e9d-401e-aa7e-659fa1663bbb,0.251,0.0597
636,175,4,9,175_chunk_d0c6c298-590e-47a8-a67a-1947d5576e64,0.1068,0.0254
636,175,4,10,175_chunk_9b547add-ba8a-4d2a-bae1-e947682d8ea4,0.134,0.0319
636,175,8,1,175_chunk_2feed7b7-1df8-4d64-8f9a-b437ca28eaf5,1.1603,0.2488
636,175,8,2,175_chunk_f644cf6d-c824-4b69-aba7-c9727578922d,0.825,0.1769
636,175,8,3,175_chunk_ae66a08a-f0b1-410f-a262-e493c0f0e668,0.6095,0.1307
636,175,8,4,175_chunk_388f6a46-dc47-4a44-accf-f18bb7b63e3c,0.5303,0.1137
636,175,8,5,175_chunk_b7754bbe-087a-4fd8-ae50-a7e3a3a148b3,0.4028,0.0864
636,175,8,6,175_chunk_a21e5aa5-4645-409c-8fc4-1930e7a7632c,0.3062,0.0656
636,175,8,7,175_chunk_6d80a985-d47e-4aba-baf6-7759085a93c5,0.2679,0.0574
636,175,8,8,175_chunk_1943a0fc-3e9d-401e-aa7e-659fa1663bbb,0.2959,0.0634
636,175,8,9,175_chunk_d0c6c298-590e-47a8-a67a-1947d5576e64,0.1878,0.0403
636,175,8,10,175_chunk_9b547add-ba8a-4d2a-bae1-e947682d8ea4,0.0786,0.0169
636,175,16,1,175_chunk_2feed7b7-1df8-4d64-8f9a-b437ca28eaf5,1.2465,0.2553
636,175,16,2,175_chunk_f644cf6d-c824-4b69-aba7-c9727578922d,0.7887,0.1616
636,175,16,3,175_chunk_ae66a08a-f0b1-410f-a262-e493c0f0e668,0.7103,0.1455
636,175,16,4,175_chunk_388f6a46-dc47-4a44-accf-f18bb7b63e3c,0.6186,0.1267
636,175,16,5,175_chunk_b7754bbe-087a-4fd8-ae50-a7e3a3a148b3,0.4547,0.0931
636,175,16,6,175_chunk_a21e5aa5-4645-409c-8fc4-1930e7a7632c,0.2964,0.0607
636,175,16,7,175_chunk_6d80a985-d47e-4aba-baf6-7759085a93c5,0.1906,0.039
636,175,16,8,175_chunk_1943a0fc-3e9d-401e-aa7e-659fa1663bbb,0.3302,0.0676
636,175,16,9,175_chunk_d0c6c298-590e-47a8-a67a-1947d5576e64,0.1193,0.0244
636,175,16,10,175_chunk_9b547add-ba8a-4d2a-bae1-e947682d8ea4,0.1266,0.0259
636,175,24,1,175_chunk_2feed7b7-1df8-4d64-8f9a-b437ca28eaf5,1.2971,0.2513
636,175,24,2,175_chunk_f644cf6d-c824-4b69-aba7-c9727578922d,0.7501,0.1453
636,175,24,3,175_chunk_ae66a08a-f0b1-410f-a262-e493c0f0e668,0.6053,0.1173
636,175,24,4,175_chunk_388f6a46-dc47-4a44-accf-f18bb7b63e3c,0.8504,0.1648
636,175,24,5,175_chunk_b7754bbe-087a-4fd8-ae50-a7e3a3a148b3,0.4543,0.088
636,175,24,6,175_chunk_a21e5aa5-4645-409c-8fc4-1930e7a7632c,0.3083,0.0597
636,175,24,7,175_chunk_6d80a985-d47e-4aba-baf6-7759085a93c5,0.225,0.0436
636,175,24,8,175_chunk_1943a0fc-3e9d-401e-aa7e-659fa1663bbb,0.4507,0.0873
636,175,24,9,175_chunk_d0c6c298-590e-47a8-a67a-1947d5576e64,0.166,0.0322
636,175,24,10,175_chunk_9b547add-ba8a-4d2a-bae1-e947682d8ea4,0.0543,0.0105
636,175,31,1,175_chunk_2feed7b7-1df8-4d64-8f9a-b437ca28eaf5,1.3371,0.2602
636,175,31,2,175_chunk_f644cf6d-c824-4b69-aba7-c9727578922d,0.6954,0.1353
636,175,31,3,175_chunk_ae66a08a-f0b1-410f-a262-e493c0f0e668,0.6265,0.1219
636,175,31,4,175_chunk_388f6a46-dc47-4a44-accf-f18bb7b63e3c,0.8547,0.1663
636,175,31,5,175_chunk_b7754bbe-087a-4fd8-ae50-a7e3a3a148b3,0.3437,0.0669
636,175,31,6,175_chunk_a21e5aa5-4645-409c-8fc4-1930e7a7632c,0.3652,0.0711
636,175,31,7,175_chunk_6d80a985-d47e-4aba-baf6-7759085a93c5,0.1618,0.0315
636,175,31,8,175_chunk_1943a0fc-3e9d-401e-aa7e-659fa1663bbb,0.4506,0.0877
636,175,31,9,175_chunk_d0c6c298-590e-47a8-a67a-1947d5576e64,0.1466,0.0285
636,175,31,10,175_chunk_9b547add-ba8a-4d2a-bae1-e947682d8ea4,0.1578,0.0307
1367,419,0,1,419_chunk_24bc9e15-bdbb-4cc7-91a0-67676ef5f60e,0.9687,0.2317
1367,419,0,2,419_chunk_7246f4b6-c542-4e23-8671-99727820d372,0.7986,0.191
1367,419,0,3,419_chunk_0c5ba591-422e-4c80-bc07-0cb6347e1d06,0.6312,0.151
1367,419,0,4,419_chunk_39430db3-44c0-4132-81d3-1ed6cb8f4384,0.4854,0.1161
1367,419,0,5,419_chunk_f4391453-95a7-48bc-a0a2-03f5c11ee506,0.3404,0.0814
1367,419,0,6,419_chunk_eb4c81e3-3afb-4808-b4fe-5cc196d7a758,0.2529,0.0605
1367,419,0,7,419_chunk_93649e40-fecd-4584-aa06-7d6a7d752322,0.2219,0.0531
1367,419,0,8,419_chunk_06cfd14d-6acc-41a5-88e4-eb7d3b52a317,0.2324,0.0556
1367,419,0,9,419_chunk_b47d65b9-26d5-4895-8ff8-55b43a33cfc0,0.1625,0.0389
1367,419,0,10,419_chunk_8c9e28a8-37dd-4a5e-afd1-a2244f6b03b0,0.0869,0.0208
1367,419,4,1,419_chunk_24bc9e15-bdbb-4cc7-91a0-67676ef5f60e,1.0386,0.2555
1367,419,4,2,419_chunk_7246f4b6-c542-4e23-8671-99727820d372,0.6364,0.1566
1367,419,4,3,419_chunk_0c5ba591-422e-4c80-bc07-0cb6347e1d06,0.7091,0.1744
1367,419,4,4,419_chunk_39430db3-44c0-4132-81d3-1ed6cb8f4384,0.4305,0.1059
1367,419,4,5,419_chunk_f4391453-95a7-48bc-a0a2-03f5c11ee506,0.3498,0.086
1367,419,4,6,419_chunk_eb4c81e3-3afb-4808-b4fe-5cc196d7a758,0.2305,0.0567
1367,419,4,7,419_chunk_93649e40-fecd-4584-aa06-7d6a7d752322,0.2036,0.0501
1367,419,4,8,419_chunk_06cfd14d-6acc-41a5-88e4-eb7d3b52a317,0.2318,0.057
1367,419,4,9,419_chunk_b47d65b9-26d5-4895-8ff8-55b43a33cfc0,0.112,0.0275
1367,419,4,10,419_chunk_8c9e28a8-37dd-4a5e-afd1-a2244f6b03b0,0.1227,0.0302
1367,419,8,1,419_chunk_24bc9e15-bdbb-4cc7-91a0-67676ef5f60e,0.9977,0.2254
1367,419,8,2,419_chunk_7246f4b6-c542-4e23-8671-99727820d372,0.8027,0.1814
1367,419,8,3,419_chunk_0c5ba591-422e-4c80-bc07-0cb6347e1d06,0.7007,0.1583
1367,419,8,4,419_chunk_39430db3-44c0-4132-81d3-1ed6cb8f4384,0.4985,0.1127
1367,419,8,5,419_chunk_f4391453-95a7-48bc-a0a2-03f5c11ee506,0.4177,0.0944
1367,419,8,6,419_chunk_eb4c81e3-3afb-4808-b4fe-5cc196d7a758,0.2618,0.0592
1367,419,8,7,419_chunk_93649e40-fecd-4584-aa06-7d6a7d752322,0.2356,0.0532
1367,419,8,8,419_chunk_06cfd14d-6acc-41a5-88e4-eb7d3b52a317,0.1524,0.0344
1367,419,8,9,419_chunk_b47d65b9-26d5-4895-8ff8-55b43a33cfc0,0.2104,0.0475
1367,419,8,10,419_chunk_8c9e28a8-37dd-4a5e-afd1-a2244f6b03b0,0.1479,0.0334
1367,419,16,1,419_chunk_24bc9e15-bdbb-4cc7-91a0-67676ef5f60e,0.9826,0.2036
1367,419,16,2,419_chunk_7246f4b6-c542-4e23-8671-99727820d372,0.7613,0.1578
1367,419,16,3,419_chunk_0c5ba591-422e-4c80-bc07-0cb6347e1d06,0.7711,0.1598
1367,419,16,4,419_chunk_39430db3-44c0-4132-81d3-1ed6cb8f4384,0.7568,0.1568
1367,419,16,5,419_chunk_f4391453-95a7-48bc-a0a2-03f5c11ee506,0.387,0.0802
1367,419,16,6,419_chunk_eb4c81e3-3afb-4808-b4fe-5cc196d7a758,0.308,0.0638
1367,419,16,7,419_chunk_93649e40-fecd-4584-aa06-7d6a7d752322,0.4553,0.0943
1367,419,16,8,419_chunk_06cfd14d-6acc-41a5-88e4-eb7d3b52a317,0.1857,0.0385
1367,419,16,9,419_chunk_b47d65b9-26d5-4895-8ff8-55b43a33cfc0,0.1224,0.0254
1367,419,16,10,419_chunk_8c9e28a8-37dd-4a5e-afd1-a2244f6b03b0,0.0956,0.0198
1367,419,24,1,419_chunk_24bc9e15-bdbb-4cc7-91a0-67676ef5f60e,0.9964,0.1994
1367,419,24,2,419_chunk_7246f4b6-c542-4e23-8671-99727820d372,0.7769,0.1555
1367,419,24,3,419_chunk_0c5ba591-422e-4c80-bc07-0cb6347e1d06,0.9139,0.1829
1367,419,24,4,419_chunk_39430db3-44c0-4132-81d3-1ed6cb8f4384,0.7459,0.1493
1367,419,24,5,419_chunk_f4391453-95a7-48bc-a0a2-03f5c11ee506,0.4045,0.081
1367,419,24,6,419_chunk_eb4c81e3-3afb-4808-b4fe-5cc196d7a758,0.2825,0.0565
1367,419,24,7,419_chunk_93649e40-fecd-4584-aa06-7d6a7d752322,0.498,0.0997
1367,419,24,8,419_chunk_06cfd14d-6acc-41a5-88e4-eb7d3b52a317,0.0739,0.0148
1367,419,24,9,419_chunk_b47d65b9-26d5-4895-8ff8-55b43a33cfc0,0.1812,0.0363
1367,419,24,10,419_chunk_8c9e28a8-37dd-4a5e-afd1-a2244f6b03b0,0.1227,0.0246
1367,419,31,1,419_chunk_24bc9e15-bdbb-4cc7-91a0-67676ef5f60e,1.0499,0.2001
1367,419,31,2,419_chunk_7246f4b6-c542-4e23-8671-99727820d372,0.634,0.1208
1367,419,31,3,419_chunk_0c5ba591-422e-4c80-bc07-0cb6347e1d06,1.0609,0.2022
1367,419,31,4,419_chunk_39430db3-44c0-4132-81d3-1ed6cb8f4384,0.8154,0.1554
1367,419,31,5,419_chunk_f4391453-95a7-48bc-a0a2-03f5c11ee506,0.4233,0.0807
1367,419,31,6,419_chunk_eb4c81e3-3afb-4808-b4fe-5cc196d7a758,0.2345,0.0447
1367,419,31,7,419_chunk_93649e40-fecd-4584-aa06-7d6a7d752322,0.6038,0.115
1367,419,31,8,419_chunk_06cfd14d-6acc-41a5-88e4-eb7d3b52a317,0.1211,0.0231
1367,419,31,9,419_chunk_b47d65b9-26d5-4895-8ff8-55b43a33cfc0,0.1041,0.0198
1367,419,31,10,419_chunk_8c9e28a8-37dd-4a5e-afd1-a2244f6b03b0,0.2011,0.0383
2100,735,0,1,735_chunk_708f8a6d-e361-485b-be38-77a2ad1b16b1,1.0553,0.2481
2100,735,0,2,735_chunk_b20ab379-d285-4eeb-84eb-abac74ef1ead,0.8382,0.197
2100,735,0,3,735_chunk_47ba51c1-326f-46dc-92a6-13513f9947ca,0.6385,0.1501
2100,735,0,4,735_chunk_cdcfca02-a603-4419-b255-a8f934433e12,0.4152,0.0976
2100,735,0,5,735_chunk_827904e0-2e11-4393-be82-c4f21f01ea1c,0.4496,0.1057
2100,735,0,6,735_chunk_08ecbf7e-4d3f-4649-8bf2-cb52dcd539d9,0.2292,0.0539
2100,735,0,7,735_chunk_d8bcac95-f8c6-433d-aa08-cb5983a064e4,0.2383,0.056
2100,735,0,8,735_chunk_a6ea27ca-97ec-4638-9e18-c2e7bd23543f,0.1361,0.032
2100,735,0,9,735_chunk_bf98ffc1-93bd-4b14-8dfc-190a27d3a0c9,0.1321,0.0311
2100,735,0,10,735_chunk_6b6436d9-cbe1-4001-8d89-e8f08c817a44,0.1218,0.0286
2100,735,4,1,735_chunk_708f8a6d-e361-485b-be38-77a2ad1b16b1,1.0161,0.2291
2100,735,4,2,735_chunk_b20ab379-d285-4eeb-84eb-abac74ef1ead,0.8451,0.1906
2100,735,4,3,735_chunk_47ba51c1-326f-46dc-92a6-13513f9947ca,0.6872,0.155
2100,735,4,4,735_chunk_cdcfca02-a603-4419-b255-a8f934433e12,0.495,0.1116
2100,735,4,5,735_chunk_827904e0-2e11-4393-be82-c4f21f01ea1c,0.3557,0.0802
2100,735,4,6,735_chunk_08ecbf7e-4d3f-4649-8bf2-cb52dcd539d9,0.3347,0.0755
2100,735,4,7,735_chunk_d8bcac95-f8c6-433d-aa08-cb5983a064e4,0.2826,0.0637
2100,735,4,8,735_chunk_a6ea27ca-97ec-4638-9e18-c2e7bd23543f,0.1124,0.0253
2100,735,4,9,735_chunk_bf98ffc1-93bd-4b14-8dfc-190a27d3a0c9,0.1652,0.0373
2100,735,4,10,735_chunk_6b6436d9-cbe1-4001-8d89-e8f08c817a44,0.1405,0.0317
2100,735,8,1,735_chunk_708f8a6d-e361-485b-be38-77a2ad1b16b1,0.9851,0.2348
2100,735,8,2,735_chunk_b20ab379-d285-4eeb-84eb-abac74ef1ead,0.9379,0.2236
2100,735,8,3,735_chunk_47ba51c1-326f-46dc-92a6-13513f9947ca,0.599,0.1428
2100,735,8,4,735_chunk_cdcfca02-a603-4419-b255-a8f934433e12,0.4786,0.1141
2100,735,8,5,735_chunk_827904e0-2e11-4393-be82-c4f21f01ea1c,0.3592,0.0856
2100,735,8,6,735_chunk_08ecbf7e-4d3f-4649-8bf2-cb52dcd539d9,0.2873,0.0685
2100,735,8,7,735_chunk_d8bcac95-f8c6-433d-aa08-cb5983a064e4,0.1683,0.0401
2100,735,8,8,735_chunk_a6ea27ca-97ec-4638-9e18-c2e7bd23543f,0.1018,0.0243
2100,735,8,9,735_chunk_bf98ffc1-93bd-4b14-8dfc-190a27d3a0c9,0.2151,0.0513
2100,735,8,10,735_chunk_6b6436d9-cbe1-4001-8d89-e8f08c817a44,0.0631,0.015
2100,735,16,1,735_chunk_708f8a6d-e361-485b-be38-77a2ad1b16b1,0.9504,0.2201
2100,735,16,2,735_chunk_b20ab379-d285-4eeb-84eb-abac74ef1ead,0.8518,0.1972
2100,735,16,3,735_chunk_47ba51c1-326f-46dc-92a6-13513f9947ca,0.5746,0.133
2100,735,16,4,735_chunk_cdcfca02-a603-4419-b255-a8f934433e12,0.4062,0.0941
2100,735,16,5,735_chunk_827904e0-2e11-4393-be82-c4f21f01ea1c,0.45,0.1042
2100,735,16,6,735_chunk_08ecbf7e-4d3f-4649-8bf2-cb52dcd539d9,0.337,0.078
2100,735,16,7,735_chunk_d8bcac95-f8c6-433d-aa08-cb5983a064e4,0.1887,0.0437
2100,735,16,8,735_chunk_a6ea27ca-97ec-4638-9e18-c2e7bd23543f,0.2864,0.0663
2100,735,16,9,735_chunk_bf98ffc1-93bd-4b14-8dfc-190a27d3a0c9,0.1844,0.0427
2100,735,16,10,735_chunk_6b6436d9-cbe1-4001-8d89-e8f08c817a44,0.0892,0.0206
2100,735,24,1,735_chunk_708f8a6d-e361-485b-be38-77a2ad1b16b1,0.875,0.1902
2100,735,24,2,735_chunk_b20ab379-d285-4eeb-84eb-abac74ef1ead,1.1643,0.253
2100,735,24,3,735_chunk_47ba51c1-326f-46dc-92a6-13513f9947ca,0.5371,0.1167
2100,735,24,4,735_chunk_cdcfca02-a603-4419-b255-a8f934433e12,0.3901,0.0848
2100,735,24,5,735_chunk_827904e0-2e11-4393-be82-c4f21f01ea1c,0.419,0.0911
2100,735,24,6,735_chunk_08ecbf7e-4d3f-4649-8bf2-cb52dcd539d9,0.4085,0.0888
2100,735,24,7,735_chunk_d8bcac95-f8c6-433d-aa08-cb5983a064e4,0.2923,0.0635
2100,735,24,8,735_chunk_a6ea27ca-97ec-4638-9e18-c2e7bd23543f,0.202,0.0439
2100,735,24,9,735_chunk_bf98ffc1-93bd-4b14-8dfc-190a27d3a0c9,0.1651,0.0359
2100,735,24,10,735_chunk_6b6436d9-cbe1-4001-8d89-e8f08c817a44,0.1481,0.0322
2100,735,31,1,735_chunk_708f8a6d-e361-485b-be38-77a2ad1b16b1,1.0379,0.2409
2100,735,31,2,735_chunk_b20ab379-d285-4eeb-84eb-abac74ef1ead,1.1429,0.2653
2100,735,31,3,735_chunk_47ba51c1-326f-46dc-92a6-13513f9947ca,0.6117,0.142
2100,735,31,4,735_chunk_cdcfca02-a603-4419-b255-a8f934433e12,0.4692,0.1089
2100,735,31,5,735_chunk_827904e0-2e11-4393-be82-c4f21f01ea1c,0.3302,0.0766
2100,735,31,6,735_chunk_08ecbf7e-4d3f-4649-8bf2-cb52dcd539d9,0.2725,0.0632
2100,735,31,7,735_chunk_d8bcac95-f8c6-433d-aa08-cb5983a064e4,0.1385,0.0321
2100,735,31,8,735_chunk_a6ea27ca-97ec-4638-9e18-c2e7bd23543f,0.1689,0.0392
2100,735,31,9,735_chunk_bf98ffc1-93bd-4b14-8dfc-190a27d3a0c9,0.0859,0.0199
2100,735,31,10,735_chunk_6b6436d9-cbe1-4001-8d89-e8f08c817a44,0.0502,0.0117
1402,431,0,1,431_chunk_d512c6a7-ce6a-4e4d-bbeb-5f3dc16c746c,1.0053,0.2438
1402,431,0,2,431_chunk_9f181ced-26d6-448f-8f32-220594d7ff56,0.7121,0.1727
1402,431,0,3,431_chunk_f9838a0a-262b-4e94-8327-1fbd8562dd10,0.5765,0.1398
1402,431,0,4,431_chunk_c1c51f72-ca59-45ff-a2aa-ed03479173e2,0.4884,0.1185
1402,431,0,5,431_chunk_c9a5f1bd-bb6d-48c9-a168-23e09976ac30,0.2882,0.0699
1402,431,0,6,431_chunk_fa95d241-03bb-40a0-8a50-c2c10da42797,0.3085,0.0748
1402,431,0,7,431_chunk_5fe09df1-bd71-4182-b2e3-50ae4edc5b6e,0.2221,0.0539
1402,431,0,8,431_chunk_8a429184-7c0f-4cc0-b9db-8665329a0848,0.2014,0.0489
1402,431,0,9,431_chunk_88ea68cf-5b6b-44a7-8a74-c0fe39caeb69,0.1465,0.0355
1402,431,0,10,431_chunk_7f496e64-8f4e-4a9c-97d2-984800c5a3b3,0.1736,0.0421
1402,431,4,1,431_chunk_d512c6a7-ce6a-4e4d-bbeb-5f3dc16c746c,1.0514,0.2523
1402,431,4,2,431_chunk_9f181ced-26d6-448f-8f32-220594d7ff56,0.7573,0.1818
1402,431,4,3,431_chunk_f9838a0a-262b-4e94-8327-1fbd8562dd10,0.6126,0.147
1402,431,4,4,431_chunk_c1c51f72-ca59-45ff-a2aa-ed03479173e2,0.4995,0.1199
1402,431,4,5,431_chunk_c9a5f1bd-bb6d-48c9-a168-23e09976ac30,0.3703,0.0889
1402,431,4,6,431_chunk_fa95d241-03bb-40a0-8a50-c2c10da42797,0.2885,0.0693
1402,431,4,7,431_chunk_5fe09df1-bd71-4182-b2e3-50ae4edc5b6e,0.188,0.0451
1402,431,4,8,431_chunk_8a429184-7c0f-4cc0-b9db-8665329a0848,0.1406,0.0338
1402,431,4,9,431_chunk_88ea68cf-5b6b-44a7-8a74-c0fe39caeb69,0.0652,0.0156
1402,431,4,10,431_chunk_7f496e64-8f4e-4a9c-97d2-984800c5a3b3,0.1929,0.0463
1402,431,8,1,431_chunk_d512c6a7-ce6a-4e4d-bbeb-5f3dc16c746c,1.0281,0.2422
1402,431,8,2,431_chunk_9f181ced-26d6-448f-8f32-220594d7ff56,0.7442,0.1753
1402,431,8,3,431_chunk_f9838a0a-262b-4e94-8327-1fbd8562dd10,0.5706,0.1344
1402,431,8,4,431_chunk_c1c51f72-ca59-45ff-a2aa-ed03479173e2,0.5171,0.1218
1402,431,8,5,431_chunk_c9a5f1bd-bb6d-48c9-a168-23e09976ac30,0.3531,0.0832
1402,431,8,6,431_chunk_fa95d241-03bb-40a0-8a50-c2c10da42797,0.3489,0.0822
1402,431,8,7,431_chunk_5fe09df1-bd71-4182-b2e3-50ae4edc5b6e,0.1895,0.0446
1402,431,8,8,431_chunk_8a429184-7c0f-4cc0-b9db-8665329a0848,0.1877,0.0442
1402,431,8,9,431_chunk_88ea68cf-5b6b-44a7-8a74-c0fe39caeb69,0.0936,0.022
1402,431,8,10,431_chunk_7f496e64-8f4e-4a9c-97d2-984800c5a3b3,0.2127,0.0501
1402,431,16,1,431_chunk_d512c6a7-ce6a-4e4d-bbeb-5f3dc16c746c,1.1213,0.2505
1402,431,16,2,431_chunk_9f181ced-26d6-448f-8f32-220594d7ff56,0.7943,0.1774
1402,431,16,3,431_chunk_f9838a0a-262b-4e94-8327-1fbd8562dd10,0.6382,0.1426
1402,431,16,4,431_chunk_c1c51f72-ca59-45ff-a2aa-ed03479173e2,0.4931,0.1101
1402,431,16,5,431_chunk_c9a5f1bd-bb6d-48c9-a168-23e09976ac30,0.3586,0.0801
1402,431,16,6,431_chunk_fa95d241-03bb-40a0-8a50-c2c10da42797,0.28,0.0625
1402,431,16,7,431_chunk_5fe09df1-bd71-4182-b2e3-50ae4edc5b6e,0.2253,0.0503
1402,431,16,8,431_chunk_8a429184-7c0f-4cc0-b9db-8665329a0848,0.1664,0.0372
1402,431,16,9,431_chunk_88ea68cf-5b6b-44a7-8a74-c0fe39caeb69,0.1835,0.041
1402,431,16,10,431_chunk_7f496e64-8f4e-4a9c-97d2-984800c5a3b3,0.2159,0.0482
1402,431,24,1,431_chunk_d512c6a7-ce6a-4e4d-bbeb-5f3dc16c746c,1.2431,0.2669
1402,431,24,2,431_chunk_9f181ced-26d6-448f-8f32-220594d7ff56,0.7103,0.1525
1402,431,24,3,431_chunk_f9838a0a-262b-4e94-8327-1fbd8562dd10,0.6021,0.1293
1402,431,24,4,431_chunk_c1c51f72-ca59-45ff-a2aa-ed03479173e2,0.6014,0.1291
1402,431,24,5,431_chunk_c9a5f1bd-bb6d-48c9-a168-23e09976ac30,0.3277,0.0704
1402,431,24,6,431_chunk_fa95d241-03bb-40a0-8a50-c2c10da42797,0.3685,0.0791
1402,431,24,7,431_chunk_5fe09df1-bd71-4182-b2e3-50ae4edc5b6e,0.307,0.0659
1402,431,24,8,431_chunk_8a429184-7c0f-4cc0-b9db-8665329a0848,0.1461,0.0314
1402,431,24,9,431_chunk_88ea68cf-5b6b-44a7-8a74-c0fe39caeb69,0.1638,0.0352
1402,431,24,10,431_chunk_7f496e64-8f4e-4a9c-97d2-984800c5a3b3,0.1868,0.0401
1402,431,31,1,431_chunk_d512c6a7-ce6a-4e4d-bbeb-5f3dc16c746c,1.331,0.3174
1402,431,31,2,431_chunk_9f181ced-26d6-448f-8f32-220594d7ff56,0.7686,0.1833
1402,431,31,3,431_chunk_f9838a0a-262b-4e94-8327-1fbd8562dd10,0.5774,0.1377
1402,431,31,4,431_chunk_c1c51f72-ca59-45ff-a2aa-ed03479173e2,0.4216,0.1005
1402,431,31,5,431_chunk_c9a5f1bd-bb6d-48c9-a168-23e09976ac30,0.3354,0.08
1402,431,31,6,431_chunk_fa95d241-03bb-40a0-8a50-c2c10da42797,0.2253,0.0537
1402,431,31,7,431_chunk_5fe09df1-bd71-4182-b2e3-50ae4edc5b6e,0.2248,0.0536
1402,431,31,8,431_chunk_8a429184-7c0f-4cc0-b9db-8665329a0848,0.1353,0.0323
1402,431,31,9,431_chunk_88ea68cf-5b6b-44a7-8a74-c0fe39caeb69,0.147,0.0351
1402,431,31,10,431_chunk_7f496e64-8f4e-4a9c-97d2-984800c5a3b3,0.0276,0.0066
879,252,0,1,252_chunk_f767e7a5-929b-466e-bf9b-ffd4444c387c,1.0279,0.2523
879,252,0,2,252_chunk_f52f7c99-17c2-4b22-bf33-0e0102dc922a,0.7826,0.1921
879,252,0,3,252_chunk_fae463fd-b07c-4ff3-98c5-34c67d1c8ac6,0.6335,0.1555
879,252,0,4,252_chunk_de8301bd-5896-498e-a33b-79e3864106da,0.4263,0.1046
879,252,0,5,252_chunk_0276a12d-c254-4804-802a-1d0912471d62,0.3763,0.0924
879,252,0,6,252_chunk_fb792b9a-9116-442a-8e2f-906af45be133,0.2158,0.053
879,252,0,7,252_chunk_23bcf6d0-8572-4c16-a7be-3f23ab57ebbc,0.2176,0.0534
879,252,0,8,252_chunk_d930581f-6070-4745-a13f-ddf0c30165fc,0.1286,0.0316
879,252,0,9,252_chunk_382ee909-c65c-4958-9a54-ab947130b2b6,0.0986,0.0242
879,252,0,10,252_chunk_6ac634d0-c122-4997-841a-077276a64501,0.1672,0.041
879,252,4,1,252_chunk_f767e7a5-929b-466e-bf9b-ffd4444c387c,1.0546,0.2393
879,252,4,2,252_chunk_f52f7c99-17c2-4b22-bf33-0e0102dc922a,0.8093,0.1836
879,252,4,3,252_chunk_fae463fd-b07c-4ff3-98c5-34c67d1c8ac6,0.5971,0.1355
879,252,4,4,252_chunk_de8301bd-5896-498e-a33b-79e3864106da,0.4565,0.1036
879,252,4,5,252_chunk_0276a12d-c254-4804-802a-1d0912471d62,0.4285,0.0972
879,252,4,6,252_chunk_fb792b9a-9116-442a-8e2f-906af45be133,0.2936,0.0666
879,252,4,7,252_chunk_23bcf6d0-8572-4c16-a7be-3f23ab57ebbc,0.3391,0.0769
879,252,4,8,252_chunk_d930581f-6070-4745-a13f-ddf0c30165fc,0.1934,0.0439
879,252,4,9,252_chunk_382ee909-c65c-4958-9a54-ab947130b2b6,0.1449,0.0329
879,252,4,10,252_chunk_6ac634d0-c122-4997-841a-077276a64501,0.0899,0.0204
879,252,8,1,252_chunk_f767e7a5-929b-466e-bf9b-ffd4444c387c,1.0067,0.2517
879,252,8,2,252_chunk_f52f7c99-17c2-4b22-bf33-0e0102dc922a,0.7712,0.1928
879,252,8,3,252_chunk_fae463fd-b07c-4ff3-98c5-34c67d1c8ac6,0.7323,0.1831
879,252,8,4,252_chunk_de8301bd-5896-498e-a33b-79e3864106da,0.5202,0.1301
879,252,8,5,252_chunk_0276a12d-c254-4804-802a-1d0912471d62,0.3286,0.0822
879,252,8,6,252_chunk_fb792b9a-9116-442a-8e2f-906af45be133,0.2199,0.055
879,252,8,7,252_chunk_23bcf6d0-8572-4c16-a7be-3f23ab57ebbc,0.1313,0.0328
879,252,8,8,252_chunk_d930581f-6070-4745-a13f-ddf0c30165fc,0.1992,0.0498
879,252,8,9,252_chunk_382ee909-c65c-4958-9a54-ab947130b2b6,0.0802,0.02
879,252,8,10,252_chunk_6ac634d0-c122-4997-841a-077276a64501,0.01,0.0025
879,252,16,1,252_chunk_f767e7a5-929b-466e-bf9b-ffd4444c387c,1.0194,0.2228
879,252,16,2,252_chunk_f52f7c99-17c2-4b22-bf33-0e0102dc922a,0.9035,0.1974
879,252,16,3,252_chunk_fae463fd-b07c-4ff3-98c5-34c67d1c8ac6,0.7869,0.172
879,252,16,4,252_chunk_de8301bd-5896-498e-a33b-79e3864106da,0.5143,0.1124
879,252,16,5,252_chunk_0276a12d-c254-4804-802a-1d0912471d62,0.372,0.0813
879,252,16,6,252_chunk_fb792b9a-9116-442a-8e2f-906af45be133,0.2816,0.0615
879,252,16,7,252_chunk_23bcf6d0-8572-4c16-a7be-3f23ab57ebbc,0.2691,0.0588
879,252,16,8,252_chunk_d930581f-6070-4745-a13f-ddf0c30165fc,0.1593,0.0348
879,252,16,9,252_chunk_382ee909-c65c-4958-9a54-ab947130b2b6,0.1487,0.0325
879,252,16,10,252_chunk_6ac634d0-c122-4997-841a-077276a64501,0.1215,0.0265
879,252,24,1,252_chunk_f767e7a5-929b-466e-bf9b-ffd4444c387c,0.9666,0.2172
879,252,24,2,252_chunk_f52f7c99-17c2-4b22-bf33-0e0102dc922a,0.8284,0.1861
879,252,24,3,252_chunk_fae463fd-b07c-4ff3-98c5-34c67d1c8ac6,0.8688,0.1952
879,252,24,4,252_chunk_de8301bd-5896-498e-a33b-79e3864106da,0.4346,0.0976
879,252,24,5,252_chunk_0276a12d-c254-4804-802a-1d0912471d62,0.3947,0.0887
879,252,24,6,252_chunk_fb792b9a-9116-442a-8e2f-906af45be133,0.2416,0.0543
879,252,24,7,252_chunk_23bcf6d0-8572-4c16-a7be-3f23ab57ebbc,0.2245,0.0504
879,252,24,8,252_chunk_d930581f-6070-4745-a13f-ddf0c30165fc,0.1733,0.0389
879,252,24,9,252_chunk_382ee909-c65c-4958-9a54-ab947130b2b6,0.1896,0.0426
879,252,24,10,252_chunk_6ac634d0-c122-4997-841a-077276a64501,0.1291,0.029
879,252,31,1,252_chunk_f767e7a5-929b-466e-bf9b-ffd4444c387c,0.9987,0.2238
879,252,31,2,252_chunk_f52f7c99-17c2-4b22-bf33-0e0102dc922a,0.8197,0.1836
879,252,31,3,252_chunk_fae463fd-b07c-4ff3-98c5-34c67d1c8ac6,1.026,0.2299
879,252,31,4,252_chunk_de8301bd-5896-498e-a33b-79e3864106da,0.5003,0.1121
879,252,31,5,252_chunk_0276a12d-c254-4804-802a-1d0912471d62,0.3684,0.0825
879,252,31,6,252_chunk_fb792b9a-9116-442a-8e2f-906af45be133,0.2209,0.0495
879,252,31,7,252_chunk_23bcf6d0-8572-4c16-a7be-3f23ab57ebbc,0.1699,0.0381
879,252,31,8,252_chunk_d930581f-6070-4745-a13f-ddf0c30165fc,0.1585,0.0355
879,252,31,9,252_chunk_382ee909-c65c-4958-9a54-ab947130b2b6,0.1049,0.0235
879,252,31,10,252_chunk_6ac634d0-c122-4997-841a-077276a64501,0.0961,0.0215
918,266,0,1,266_chunk_6826ff19-a0a8-46a9-8117-705ae725181e,1.0765,0.2512
918,266,0,2,266_chunk_e5e83cb7-9c4f-4618-a735-849da3cf45ad,0.8397,0.196
918,266,0,3,266_chunk_64a6dfe6-4f9a-4fe5-8c0f-840fa4f7fbe9,0.5959,0.1391
918,266,0,4,266_chunk_2226fcac-fda6-4577-bf16-2c3e2aabcba6,0.5469,0.1276
918,266,0,5,266_chunk_a1e10b7c-266a-47c6-b1ba-d8d3107de1ac,0.3753,0.0876
918,266,0,6,266_chunk_05e76fe2-f372-4850-ac63-f727c75f2256,0.2697,0.0629
918,266,0,7,266_chunk_0995cd37-633a-4fc8-b2eb-2cc2081fb855,0.1925,0.0449
918,266,0,8,266_chunk_3d884056-d0fe-4236-9068-92b727feef2a,0.1587,0.037
918,266,0,9,266_chunk_312e3da2-22f0-446e-b31e-e0552d0d627d,0.1159,0.0271
918,266,0,10,266_chunk_d9de0488-edd3-4300-9a5e-e084b7d2c5c1,0.1139,0.0266
918,266,4,1,266_chunk_6826ff19-a0a8-46a9-8117-705ae725181e,1.008,0.2434
918,266,4,2,266_chunk_e5e83cb7-9c4f-4618-a735-849da3cf45ad,0.8241,0.199
918,266,4,3,266_chunk_64a6dfe6-4f9a-4fe5-8c0f-840fa4f7fbe9,0.6735,0.1626
918,266,4,4,266_chunk_2226fcac-fda6-4577-bf16-2c3e2aabcba6,0.5319,0.1284
918,266,4,5,266_chunk_a1e10b7c-266a-47c6-b1ba-d8d3107de1ac,0.4154,0.1003
918,266,4,6,266_chunk_05e76fe2-f372-4850-ac63-f727c75f2256,0.2123,0.0512
918,266,4,7,266_chunk_0995cd37-633a-4fc8-b2eb-2cc2081fb855,0.0954,0.023
918,266,4,8,266_chunk_3d884056-d0fe-4236-9068-92b727feef2a,0.2205,0.0532
918,266,4,9,266_chunk_312e3da2-22f0-446e-b31e-e0552d0d627d,0.067,0.0162
918,266,4,10,266_chunk_d9de0488-edd3-4300-9a5e-e084b7d2c5c1,0.0942,0.0227
918,266,8,1,266_chunk_6826ff19-a0a8-46a9-8117-705ae725181e,0.9415,0.2344
918,266,8,2,266_chunk_e5e83cb7-9c4f-4618-a735-849da3cf45ad,0.779,0.194
918,266,8,3,266_chunk_64a6dfe6-4f9a-4fe5-8c0f-840fa4f7fbe9,0.7239,0.1803
918,266,8,4,266_chunk_2226fcac-fda6-4577-bf16-2c3e2aabcba6,0.5103,0.1271
918,266,8,5,266_chunk_a1e10b7c-266a-47c6-b1ba-d8d3107de1ac,0.3391,0.0844
918,266,8,6,266_chunk_05e76fe2-f372-4850-ac63-f727c75f2256,0.157,0.0391
918,266,8,7,266_chunk_0995cd37-633a-4fc8-b2eb-2cc2081fb855,0.1958,0.0488
918,266,8,8,266_chunk_3d884056-d0fe-4236-9068-92b727feef2a,0.1934,0.0481
918,266,8,9,266_chunk_312e3da2-22f0-446e-b31e-e0552d0d627d,0.0614,0.0153
918,266,8,10,266_chunk_d9de0488-edd3-4300-9a5e-e084b7d2c5c1,0.1146,0.0285
918,266,16,1,266_chunk_6826ff19-a0a8-46a9-8117-705ae725181e,0.9992,0.2254
918,266,16,2,266_chunk_e5e83cb7-9c4f-4618-a735-849da3cf45ad,0.9884,0.2229
918,266,16,3,266_chunk_64a6dfe6-4f9a-4fe5-8c0f-840fa4f7fbe9,0.7932,0.1789
918,266,16,4,266_chunk_2226fcac-fda6-4577-bf16-2c3e2aabcba6,0.4237,0.0956
918,266,16,5,266_chunk_a1e10b7c-266a-47c6-b1ba-d8d3107de1ac,0.4277,0.0965
918,266,16,6,266_chunk_05e76fe2-f372-4850-ac63-f727c75f2256,0.2786,0.0628
918,266,16,7,266_chunk_0995cd37-633a-4fc8-b2eb-2cc2081fb855,0.2218,0.05
918,266,16,8,266_chunk_3d884056-d0fe-4236-9068-92b727feef2a,0.1271,0.0287
918,266,16,9,266_chunk_312e3da2-22f0-446e-b31e-e0552d0d627d,0.1132,0.0255
918,266,16,10,266_chunk_d9de0488-edd3-4300-9a5e-e084b7d2c5c1,0.0612,0.0138
918,266,24,1,266_chunk_6826ff19-a0a8-46a9-8117-705ae725181e,0.9914,0.2082
918,266,24,2,266_chunk_e5e83cb7-9c4f-4618-a735-849da3cf45ad,1.1354,0.2384
918,266,24,3,266_chunk_64a6dfe6-4f9a-4fe5-8c0f-840fa4f7fbe9,0.8089,0.1699
918,266,24,4,266_chunk_2226fcac-fda6-4577-bf16-2c3e2aabcba6,0.3917,0.0823
918,266,24,5,266_chunk_a1e10b7c-266a-47c6-b1ba-d8d3107de1ac,0.4414,0.0927
918,266,24,6,266_chunk_05e76fe2-f372-4850-ac63-f727c75f2256,0.276,0.058
918,266,24,7,266_chunk_0995cd37-633a-4fc8-b2eb-2cc2081fb855,0.1897,0.0398
918,266,24,8,266_chunk_3d884056-d0fe-4236-9068-92b727feef2a,0.2258,0.0474
918,266,24,9,266_chunk_312e3da2-22f0-446e-b31e-e0552d0d627d,0.1051,0.0221
918,266,24,10,266_chunk_d9de0488-edd3-4300-9a5e-e084b7d2c5c1,0.1967,0.0413
918,266,31,1,266_chunk_6826ff19-a0a8-46a9-8117-705ae725181e,1.0339,0.2029
918,266,31,2,266_chunk_e5e83cb7-9c4f-4618-a735-849da3cf45ad,1.1044,0.2167
918,266,31,3,266_chunk_64a6dfe6-4f9a-4fe5-8c0f-840fa4f7fbe9,1.0644,0.2089
918,266,31,4,266_chunk_2226fcac-fda6-4577-bf16-2c3e2aabcba6,0.4421,0.0868
918,266,31,5,266_chunk_a1e10b7c-266a-47c6-b1ba-d8d3107de1ac,0.405,0.0795
918,266,31,6,266_chunk_05e76fe2-f372-4850-ac63-f727c75f2256,0.3015,0.0592
918,266,31,7,266_chunk_0995cd37-633a-4fc8-b2eb-2cc2081fb855,0.2882,0.0566
918,266,31,8,266_chunk_3d884056-d0fe-4236-9068-92b727feef2a,0.2518,0.0494
918,266,31,9,266_chunk_312e3da2-22f0-446e-b31e-e0552d0d627d,0.1369,0.0269
918,266,31,10,266_chunk_d9de0488-edd3-4300-9a5e-e084b7d2c5c1,0.0677,0.0133
546,150,0,1,150_chunk_062c4259-790e-485f-8a07-84d9adb45af9,0.9477,0.2253
546,150,0,2,150_chunk_64740a8b-4d2f-405b-887b-aaace2e72921,0.8056,0.1915
546,150,0,3,150_chunk_a79d7800-42cb-4dd7-9a88-25ee57fd03aa,0.6658,0.1583
546,150,0,4,150_chunk_ac336844-598d-4cd6-9db3-bdea5a06e2c8,0.5083,0.1208
546,150,0,5,150_chunk_01232135-f0bd-46b5-b263-55b77eb1f94e,0.4177,0.0993
546,150,0,6,150_chunk_5eaa651a-25c6-4fbe-b685-5ab2c169472d,0.2487,0.0591
546,150,0,7,150_chunk_51a6c045-19cb-422e-a848-1db5a074507f,0.152,0.0361
546,150,0,8,150_chunk_c0acb436-1643-48e4-852e-0fa9f4da74bc,0.2488,0.0592
546,150,0,9,150_chunk_88175ca2-b8eb-48df-8974-63d3f5278083,0.1192,0.0283
546,150,0,10,150_chunk_b57c44a3-d3e3-4515-8766-607906620d9f,0.0929,0.0221
546,150,4,1,150_chunk_062c4259-790e-485f-8a07-84d9adb45af9,1.0664,0.2342
546,150,4,2,150_chunk_64740a8b-4d2f-405b-887b-aaace2e72921,0.8066,0.1772
546,150,4,3,150_chunk_a79d7800-42cb-4dd7-9a88-25ee57fd03aa,0.6293,0.1382
546,150,4,4,150_chunk_ac336844-598d-4cd6-9db3-bdea5a06e2c8,0.5806,0.1275
546,150,4,5,150_chunk_01232135-f0bd-46b5-b263-55b77eb1f94e,0.3357,0.0737
546,150,4,6,150_chunk_5eaa651a-25c6-4fbe-b685-5ab2c169472d,0.3329,0.0731
546,150,4,7,150_chunk_51a6c045-19cb-422e-a848-1db5a074507f,0.226,0.0496
546,150,4,8,150_chunk_c0acb436-1643-48e4-852e-0fa9f4da74bc,0.1872,0.0411
546,150,4,9,150_chunk_88175ca2-b8eb-48df-8974-63d3f5278083,0.2569,0.0564
546,150,4,10,150_chunk_b57c44a3-d3e3-4515-8766-607906620d9f,0.1308,0.0287
546,150,8,1,150_chunk_062c4259-790e-485f-8a07-84d9adb45af9,1.0269,0.2485
546,150,8,2,150_chunk_64740a8b-4d2f-405b-887b-aaace2e72921,0.8324,0.2014
546,150,8,3,150_chunk_a79d7800-42cb-4dd7-9a88-25ee57fd03aa,0.5883,0.1424
546,150,8,4,150_chunk_ac336844-598d-4cd6-9db3-bdea5a06e2c8,0.4304,0.1041
546,150,8,5,150_chunk_01232135-f0bd-46b5-b263-55b77eb1f94e,0.3156,0.0764
546,150,8,6,150_chunk_5eaa651a-25c6-4fbe-b685-5ab2c169472d,0.1882,0.0455
546,150,8,7,150_chunk_51a6c045-19cb-422e-a848-1db5a074507f,0.3259,0.0789
546,150,8,8,150_chunk_c0acb436-1643-48e4-852e-0fa9f4da74bc,0.1186,0.0287
546,150,8,9,150_chunk_88175ca2-b8eb-48df-8974-63d3f5278083,0.2146,0.0519
546,150,8,10,150_chunk_b57c44a3-d3e3-4515-8766-607906620d9f,0.0916,0.0222
546,150,16,1,150_chunk_062c4259-790e-485f-8a07-84d9adb45af9,1.0154,0.2239
546,150,16,2,150_chunk_64740a8b-4d2f-405b-887b-aaace2e72921,0.8196,0.1807
546,150,16,3,150_chunk_a79d7800-42cb-4dd7-9a88-25ee57fd03aa,0.6496,0.1432
546,150,16,4,150_chunk_ac336844-598d-4cd6-9db3-bdea5a06e2c8,0.4432,0.0977
546,150,16,5,150_chunk_01232135-f0bd-46b5-b263-55b77eb1f94e,0.3595,0.0793
546,150,16,6,150_chunk_5eaa651a-25c6-4fbe-b685-5ab2c169472d,0.3006,0.0663
546,150,16,7,150_chunk_51a6c045-19cb-422e-a848-1db5a074507f,0.2107,0.0465
546,150,16,8,150_chunk_c0acb436-1643-48e4-852e-0fa9f4da74bc,0.2541,0.056
546,150,16,9,150_chunk_88175ca2-b8eb-48df-8974-63d3f5278083,0.3405,0.0751
546,150,16,10,150_chunk_b57c44a3-d3e3-4515-8766-607906620d9f,0.1421,0.0313
546,150,24,1,150_chunk_062c4259-790e-485f-8a07-84d9adb45af9,1.0331,0.2291
546,150,24,2,150_chunk_64740a8b-4d2f-405b-887b-aaace2e72921,0.8375,0.1857
546,150,24,3,150_chunk_a79d7800-42cb-4dd7-9a88-25ee57fd03aa,0.6156,0.1365
546,150,24,4,150_chunk_ac336844-598d-4cd6-9db3-bdea5a06e2c8,0.4075,0.0904
546,150,24,5,150_chunk_01232135-f0bd-46b5-b263-55b77eb1f94e,0.3879,0.086
546,150,24,6,150_chunk_5eaa651a-25c6-4fbe-b685-5ab2c169472d,0.2539,0.0563
546,150,24,7,150_chunk_51a6c045-19cb-422e-a848-1db5a074507f,0.1967,0.0436
546,150,24,8,150_chunk_c0acb436-1643-48e4-852e-0fa9f4da74bc,0.2031,0.045
546,150,24,9,150_chunk_88175ca2-b8eb-48df-8974-63d3f5278083,0.4682,0.1038
546,150,24,10,150_chunk_b57c44a3-d3e3-4515-8766-607906620d9f,0.1065,0.0236
546,150,31,1,150_chunk_062c4259-790e-485f-8a07-84d9adb45af9,1.0154,0.2099
546,150,31,2,150_chunk_64740a8b-4d2f-405b-887b-aaace2e72921,0.8639,0.1786
546,150,31,3,150_chunk_a79d7800-42cb-4dd7-9a88-25ee57fd03aa,0.6186,0.1279
546,150,31,4,150_chunk_ac336844-598d-4cd6-9db3-bdea5a06e2c8,0.6025,0.1245
546,150,31,5,150_chunk_01232135-f0bd-46b5-b263-55b77eb1f94e,0.3962,0.0819
546,150,31,6,150_chunk_5eaa651a-25c6-4fbe-b685-5ab2c169472d,0.1985,0.041
546,150,31,7,150_chunk_51a6c045-19cb-422e-a848-1db5a074507f,0.2608,0.0539
546,150,31,8,150_chunk_c0acb436-1643-48e4-852e-0fa9f4da74bc,0.1928,0.0399
546,150,31,9,150_chunk_88175ca2-b8eb-48df-8974-63d3f5278083,0.5498,0.1137
546,150,31,10,150_chunk_b57c44a3-d3e3-4515-8766-607906620d9f,0.1391,0.0287
2190,790,0,1,790_chunk_6f6dc795-5ebf-4e88-890a-a04d15a66518,1.0598,0.2576
2190,790,0,2,790_chunk_18280d81-bec5-4f10-ad40-f2439b0b906e,0.7483,0.1819
2190,790,0,3,790_chunk_924c62a9-3327-43b5-a0e1-b989d44e1fed,0.5998,0.1458
2190,790,0,4,790_chunk_83effbe2-dd6c-4958-8e34-8a20079aa68c,0.4731,0.115
2190,790,0,5,790_chunk_fac35cfe-1ff6-4d0c-97de-8818e87e4840,0.3286,0.0799
2190,790,0,6,790_chunk_4b40dbd0-6174-49e3-aaab-b373b4c3ae68,0.3189,0.0775
2190,790,0,7,790_chunk_04ff5e13-37ca-45ef-b861-45c4579f8c52,0.2171,0.0528
2190,790,0,8,790_chunk_f1ac7d9a-2d38-40c7-9c0e-feb4d0e61a36,0.1948,0.0473
2190,790,0,9,790_chunk_5cd48fc9-507e-4ef9-8433-613554fa0e54,0.091,0.0221
2190,790,0,10,790_chunk_f9a5a89c-272b-475d-8bbc-9e3ac0924be4,0.0835,0.0203
2190,790,4,1,790_chunk_6f6dc795-5ebf-4e88-890a-a04d15a66518,1.0361,0.241
2190,790,4,2,790_chunk_18280d81-bec5-4f10-ad40-f2439b0b906e,0.7602,0.1768
2190,790,4,3,790_chunk_924c62a9-3327-43b5-a0e1-b989d44e1fed,0.738,0.1716
2190,790,4,4,790_chunk_83effbe2-dd6c-4958-8e34-8a20079aa68c,0.4975,0.1157
2190,790,4,5,790_chunk_fac35cfe-1ff6-4d0c-97de-8818e87e4840,0.3791,0.0882
2190,790,4,6,790_chunk_4b40dbd0-6174-49e3-aaab-b373b4c3ae68,0.3331,0.0775
2190,790,4,7,790_chunk_04ff5e13-37ca-45ef-b861-45c4579f8c52,0.1522,0.0354
2190,790,4,8,790_chunk_f1ac7d9a-2d38-40c7-9c0e-feb4d0e61a36,0.1309,0.0304
2190,790,4,9,790_chunk_5cd48fc9-507e-4ef9-8433-613554fa0e54,0.1042,0.0242
2190,790,4,10,790_chunk_f9a5a89c-272b-475d-8bbc-9e3ac0924be4,0.1685,0.0392
2190,790,8,1,790_chunk_6f6dc795-5ebf-4e88-890a-a04d15a66518,0.9724,0.1939
2190,790,8,2,790_chunk_18280d81-bec5-4f10-ad40-f2439b0b906e,0.9067,0.1808
2190,790,8,3,790_chunk_924c62a9-3327-43b5-a0e1-b989d44e1fed,0.6686,0.1334
2190,790,8,4,790_chunk_83effbe2-dd6c-4958-8e34-8a20079aa68c,0.5719,0.1141
2190,790,8,5,790_chunk_fac35cfe-1ff6-4d0c-97de-8818e87e4840,0.445,0.0887
2190,790,8,6,790_chunk_4b40dbd0-6174-49e3-aaab-b373b4c3ae68,0.3868,0.0771
2190,790,8,7,790_chunk_04ff5e13-37ca-45ef-b861-45c4579f8c52,0.3262,0.0651
2190,790,8,8,790_chunk_f1ac7d9a-2d38-40c7-9c0e-feb4d0e61a36,0.3245,0.0647
2190,790,8,9,790_chunk_5cd48fc9-507e-4ef9-8433-613554fa0e54,0.2769,0.0552
2190,790,8,10,790_chunk_f9a5a89c-272b-475d-8bbc-9e3ac0924be4,0.135,0.0269
2190,790,16,1,790_chunk_6f6dc795-5ebf-4e88-890a-a04d15a66518,1.0389,0.2089
2190,790,16,2,790_chunk_18280d81-bec5-4f10-ad40-f2439b0b906e,0.7512,0.1511
2190,790,16,3,790_chunk_924c62a9-3327-43b5-a0e1-b989d44e1fed,0.7463,0.1501
2190,790,16,4,790_chunk_83effbe2-dd6c-4958-8e34-8a20079aa68c,0.6528,0.1313
2190,790,16,5,790_chunk_fac35cfe-1ff6-4d0c-97de-8818e87e4840,0.3594,0.0723
2190,790,16,6,790_chunk_4b40dbd0-6174-49e3-aaab-b373b4c3ae68,0.2638,0.0531
2190,790,16,7,790_chunk_04ff5e13-37ca-45ef-b861-45c4579f8c52,0.2579,0.0519
2190,790,16,8,790_chunk_f1ac7d9a-2d38-40c7-9c0e-feb4d0e61a36,0.4022,0.0809
2190,790,16,9,790_chunk_5cd48fc9-507e-4ef9-8433-613554fa0e54,0.3204,0.0644
2190,790,16,10,790_chunk_f9a5a89c-272b-475d-8bbc-9e3ac0924be4,0.1793,0.0361
2190,790,24,1,790_chunk_6f6dc795-5ebf-4e88-890a-a04d15a66518,0.9429,0.1822
2190,790,24,2,790_chunk_18280d81-bec5-4f10-ad40-f2439b0b906e,0.7691,0.1486
2190,790,24,3,790_chunk_924c62a9-3327-43b5-a0e1-b989d44e1fed,0.8417,0.1626
2190,790,24,4,790_chunk_83effbe2-dd6c-4958-8e34-8a20079aa68c,0.65,0.1256
2190,790,24,5,790_chunk_fac35cfe-1ff6-4d0c-97de-8818e87e4840,0.3637,0.0703
2190,790,24,6,790_chunk_4b40dbd0-6174-49e3-aaab-b373b4c3ae68,0.2804,0.0542
2190,790,24,7,790_chunk_04ff5e13-37ca-45ef-b861-45c4579f8c52,0.2988,0.0577
2190,790,24,8,790_chunk_f1ac7d9a-2d38-40c7-9c0e-feb4d0e61a36,0.4763,0.092
2190,790,24,9,790_chunk_5cd48fc9-507e-4ef9-8433-613554fa0e54,0.3551,0.0686
2190,790,24,10,790_chunk_f9a5a89c-272b-475d-8bbc-9e3ac0924be4,0.1981,0.0383
2190,790,31,1,790_chunk_6f6dc795-5ebf-4e88-890a-a04d15a66518,1.0611,0.1859
2190,790,31,2,790_chunk_18280d81-bec5-4f10-ad40-f2439b0b906e,0.8079,0.1416
2190,790,31,3,790_chunk_924c62a9-3327-43b5-a0e1-b989d44e1fed,0.9452,0.1656
2190,790,31,4,790_chunk_83effbe2-dd6c-4958-8e34-8a20079aa68c,0.7744,0.1357
2190,790,31,5,790_chunk_fac35cfe-1ff6-4d0c-97de-8818e87e4840,0.3493,0.0612
2190,790,31,6,790_chunk_4b40dbd0-6174-49e3-aaab-b373b4c3ae68,0.3409,0.0597
2190,790,31,7,790_chunk_04ff5e13-37ca-45ef-b861-45c4579f8c52,0.3174,0.0556
2190,790,31,8,790_chunk_f1ac7d9a-2d38-40c7-9c0e-feb4d0e61a36,0.6009,0.1053
2190,790,31,9,790_chunk_5cd48fc9-507e-4ef9-8433-613554fa0e54,0.4609,0.0808
2190,790,31,10,790_chunk_f9a5a89c-272b-475d-8bbc-9e3ac0924be4,0.0494,0.0087
878,252,0,1,252_chunk_23bcf6d0-8572-4c16-a7be-3f23ab57ebbc,0.9986,0.2293
878,252,0,2,252_chunk_8b7f0de8-d76a-4157-b28f-274996772f5a,0.8674,0.1992
878,252,0,3,252_chunk_0276a12d-c254-4804-802a-1d0912471d62,0.6896,0.1583
878,252,0,4,252_chunk_6ac634d0-c122-4997-841a-077276a64501,0.4495,0.1032
878,252,0,5,252_chunk_d930581f-6070-4745-a13f-ddf0c30165fc,0.3378,0.0776
878,252,0,6,252_chunk_dd353118-3a0a-4848-a14f-a34670f19d8b,0.3099,0.0712
878,252,0,7,252_chunk_de8301bd-5896-498e-a33b-79e3864106da,0.1732,0.0398
878,252,0,8,252_chunk_c5d9cb4d-be44-4d69-b654-382a5cd0ef03,0.1889,0.0434
878,252,0,9,252_chunk_fae463fd-b07c-4ff3-98c5-34c67d1c8ac6,0.1736,0.0399
878,252,0,10,252_chunk_f767e7a5-929b-466e-bf9b-ffd4444c387c,0.1667,0.0383
878,252,4,1,252_chunk_23bcf6d0-8572-4c16-a7be-3f23ab57ebbc,0.995,0.2387
878,252,4,2,252_chunk_8b7f0de8-d76a-4157-b28f-274996772f5a,0.7686,0.1844
878,252,4,3,252_chunk_0276a12d-c254-4804-802a-1d0912471d62,0.5626,0.135
878,252,4,4,252_chunk_6ac634d0-c122-4997-841a-077276a64501,0.431,0.1034
878,252,4,5,252_chunk_d930581f-6070-4745-a13f-ddf0c30165fc,0.4017,0.0964
878,252,4,6,252_chunk_dd353118-3a0a-4848-a14f-a34670f19d8b,0.3049,0.0731
878,252,4,7,252_chunk_de8301bd-5896-498e-a33b-79e3864106da,0.2688,0.0645
878,252,4,8,252_chunk_c5d9cb4d-be44-4d69-b654-382a5cd0ef03,0.1336,0.0321
878,252,4,9,252_chunk_fae463fd-b07c-4ff3-98c5-34c67d1c8ac6,0.21,0.0504
878,252,4,10,252_chunk_f767e7a5-929b-466e-bf9b-ffd4444c387c,0.0918,0.022
878,252,8,1,252_chunk_23bcf6d0-8572-4c16-a7be-3f23ab57ebbc,0.9989,0.2453
878,252,8,2,252_chunk_8b7f0de8-d76a-4157-b28f-274996772f5a,0.7414,0.1821
878,252,8,3,252_chunk_0276a12d-c254-4804-802a-1d0912471d62,0.4853,0.1192
878,252,8,4,252_chunk_6ac634d0-c122-4997-841a-077276a64501,0.5166,0.1269
878,252,8,5,252_chunk_d930581f-6070-4745-a13f-ddf0c30165fc,0.495,0.1216
878,252,8,6,252_chunk_dd353118-3a0a-4848-a14f-a34670f19d8b,0.2724,0.0669
878,252,8,7,252_chunk_de8301bd-5896-498e-a33b-79e3864106da,0.2265,0.0556
878,252,8,8,252_chunk_c5d9cb4d-be44-4d69-b654-382a5cd0ef03,0.1996,0.049
878,252,8,9,252_chunk_fae463fd-b07c-4ff3-98c5-34c67d1c8ac6,0.0572,0.014
878,252,8,10,252_chunk_f767e7a5-929b-466e-bf9b-ffd4444c387c,0.0789,0.0194
878,252,16,1,252_chunk_23bcf6d0-8572-4c16-a7be-3f23ab57ebbc,1.0397,0.249
878,252,16,2,252_chunk_8b7f0de8-d76a-4157-b28f-274996772f5a,0.7161,0.1715
878,252,16,3,252_chunk_0276a12d-c254-4804-802a-1d0912471d62,0.6212,0.1488
878,252,16,4,252_chunk_6ac634d0-c122-4997-841a-077276a64501,0.4045,0.0969
878,252,16,5,252_chunk_d930581f-6070-4745-a13f-ddf0c30165fc,0.5718,0.1369
878,252,16,6,252_chunk_dd353118-3a0a-4848-a14f-a34670f19d8b,0.2847,0.0682
878,252,16,7,252_chunk_de8301bd-5896-498e-a33b-79e3864106da,0.1424,0.0341
878,252,16,8,252_chunk_c5d9cb4d-be44-4d69-b654-382a5cd0ef03,0.232,0.0556
878,252,16,9,252_chunk_fae463fd-b07c-4ff3-98c5-34c67d1c8ac6,0.0986,0.0236
878,252,16,10,252_chunk_f767e7a5-929b-466e-bf9b-ffd4444c387c,0.0649,0.0155
878,252,24,1,252_chunk_23bcf6d0-8572-4c16-a7be-3f23ab57ebbc,1.01,0.227
878,252,24,2,252_chunk_8b7f0de8-d76a-4157-b28f-274996772f5a,0.8362,0.1879
878,252,24,3,252_chunk_0276a12d-c254-4804-802a-1d0912471d62,0.5557,0.1249
878,252,24,4,252_chunk_6ac634d0-c122-4997-841a-077276a64501,0.4755,0.1068
878,252,24,5,252_chunk_d930581f-6070-4745-a13f-ddf0c30165fc,0.6603,0.1484
878,252,24,6,252_chunk_dd353118-3a0a-4848-a14f-a34670f19d8b,0.3212,0.0722
878,252,24,7,252_chunk_de8301bd-5896-498e-a33b-79e3864106da,0.232,0.0521
878,252,24,8,252_chunk_c5d9cb4d-be44-4d69-b654-382a5cd0ef03,0.1554,0.0349
878,252,24,9,252_chunk_fae463fd-b07c-4ff3-98c5-34c67d1c8ac6,0.094,0.0211
878,252,24,10,252_chunk_f767e7a5-929b-466e-bf9b-ffd4444c387c,0.1097,0.0247
878,252,31,1,252_chunk_23bcf6d0-8572-4c16-a7be-3f23ab57ebbc,0.9464,0.2202
878,252,31,2,252_chunk_8b7f0de8-d76a-4157-b28f-274996772f5a,0.6327,0.1473
878,252,31,3,252_chunk_0276a12d-c254-4804-802a-1d0912471d62,0.6284,0.1462
878,252,31,4,252_chunk_6ac634d0-c122-4997-841a-077276a64501,0.5176,0.1205
878,252,31,5,252_chunk_d930581f-6070-4745-a13f-ddf0c30165fc,0.5997,0.1396
878,252,31,6,252_chunk_dd353118-3a0a-4848-a14f-a34670f19d8b,0.236,0.0549
878,252,31,7,252_chunk_de8301bd-5896-498e-a33b-79e3864106da,0.2541,0.0591
878,252,31,8,252_chunk_c5d9cb4d-be44-4d69-b654-382a5cd0ef03,0.2766,0.0644
878,252,31,9,252_chunk_fae463fd-b07c-4ff3-98c5-34c67d1c8ac6,0.1364,0.0317
878,252,31,10,252_chunk_f767e7a5-929b-466e-bf9b-ffd4444c387c,0.069,0.0161
964,282,0,1,282_chunk_c9b60c0a-c8f6-4044-b202-9c9bc02cfd8c,0.9854,0.2312
964,282,0,2,282_chunk_bab92faf-9bb7-4bd7-b72e-2094304d2174,0.7006,0.1644
964,282,0,3,282_chunk_86cecd61-124a-45e9-ba7a-392a6e041061,0.6507,0.1527
964,282,0,4,282_chunk_4354fb88-aa8f-4b7f-83a8-f5cbaf52e10b,0.4685,0.1099
964,282,0,5,282_chunk_a13137d8-efd2-4a80-a153-ff0e0e0fbc04,0.3589,0.0842
964,282,0,6,282_chunk_50cf45ea-5ce5-40d8-a5df-2f4cd8076f63,0.4462,0.1047
964,282,0,7,282_chunk_6dc09aac-f64a-4f7b-bc0a-4c3542c165b2,0.2381,0.0559
964,282,0,8,282_chunk_63fdbe3f-e0a0-4e11-bbce-251adc5850db,0.1362,0.032
964,282,0,9,282_chunk_55d2a2b3-4a71-4975-aec8-aed28fd22e8c,0.114,0.0268
964,282,0,10,282_chunk_32627456-a0b6-497d-86b6-e975ec69e265,0.1628,0.0382
964,282,4,1,282_chunk_c9b60c0a-c8f6-4044-b202-9c9bc02cfd8c,1.0508,0.2377
964,282,4,2,282_chunk_bab92faf-9bb7-4bd7-b72e-2094304d2174,0.7069,0.1599
964,282,4,3,282_chunk_86cecd61-124a-45e9-ba7a-392a6e041061,0.6525,0.1476
964,282,4,4,282_chunk_4354fb88-aa8f-4b7f-83a8-f5cbaf52e10b,0.439,0.0993
964,282,4,5,282_chunk_a13137d8-efd2-4a80-a153-ff0e0e0fbc04,0.5067,0.1146
964,282,4,6,282_chunk_50cf45ea-5ce5-40d8-a5df-2f4cd8076f63,0.3405,0.077
964,282,4,7,282_chunk_6dc09aac-f64a-4f7b-bc0a-4c3542c165b2,0.2008,0.0454
964,282,4,8,282_chunk_63fdbe3f-e0a0-4e11-bbce-251adc5850db,0.2378,0.0538
964,282,4,9,282_chunk_55d2a2b3-4a71-4975-aec8-aed28fd22e8c,0.1387,0.0314
964,282,4,10,282_chunk_32627456-a0b6-497d-86b6-e975ec69e265,0.148,0.0335
964,282,8,1,282_chunk_c9b60c0a-c8f6-4044-b202-9c9bc02cfd8c,1.1146,0.2581
964,282,8,2,282_chunk_bab92faf-9bb7-4bd7-b72e-2094304d2174,0.7365,0.1706
964,282,8,3,282_chunk_86cecd61-124a-45e9-ba7a-392a6e041061,0.5744,0.133
964,282,8,4,282_chunk_4354fb88-aa8f-4b7f-83a8-f5cbaf52e10b,0.5239,0.1213
964,282,8,5,282_chunk_a13137d8-efd2-4a80-a153-ff0e0e0fbc04,0.4415,0.1022
964,282,8,6,282_chunk_50cf45ea-5ce5-40d8-a5df-2f4cd8076f63,0.2663,0.0617
964,282,8,7,282_chunk_6dc09aac-f64a-4f7b-bc0a-4c3542c165b2,0.1754,0.0406
964,282,8,8,282_chunk_63fdbe3f-e0a0-4e11-bbce-251adc5850db,0.195,0.0452
964,282,8,9,282_chunk_55d2a2b3-4a71-4975-aec8-aed28fd22e8c,0.2385,0.0552
964,282,8,10,282_chunk_32627456-a0b6-497d-86b6-e975ec69e265,0.052,0.012
964,282,16,1,282_chunk_c9b60c0a-c8f6-4044-b202-9c9bc02cfd8c,1.1819,0.2463
964,282,16,2,282_chunk_bab92faf-9bb7-4bd7-b72e-2094304d2174,0.8494,0.177
964,282,16,3,282_chunk_86cecd61-124a-45e9-ba7a-392a6e041061,0.6025,0.1256
964,282,16,4,282_chunk_4354fb88-aa8f-4b7f-83a8-f5cbaf52e10b,0.495,0.1032
964,282,16,5,282_chunk_a13137d8-efd2-4a80-a153-ff0e0e0fbc04,0.4954,0.1032
964,282,16,6,282_chunk_50cf45ea-5ce5-40d8-a5df-2f4cd8076f63,0.3079,0.0642
964,282,16,7,282_chunk_6dc09aac-f64a-4f7b-bc0a-4c3542c165b2,0.2138,0.0445
964,282,16,8,282_chunk_63fdbe3f-e0a0-4e11-bbce-251adc5850db,0.2231,0.0465
964,282,16,9,282_chunk_55d2a2b3-4a71-4975-aec8-aed28fd22e8c,0.1947,0.0406
964,282,16,10,282_chunk_32627456-a0b6-497d-86b6-e975ec69e265,0.2349,0.0489
964,282,24,1,282_chunk_c9b60c0a-c8f6-4044-b202-9c9bc02cfd8c,1.2999,0.2701
964,282,24,2,282_chunk_bab92faf-9bb7-4bd7-b72e-2094304d2174,0.7951,0.1652
964,282,24,3,282_chunk_86cecd61-124a-45e9-ba7a-392a6e041061,0.6162,0.1281
964,282,24,4,282_chunk_4354fb88-aa8f-4b7f-83a8-f5cbaf52e10b,0.4547,0.0945
964,282,24,5,282_chunk_a13137d8-efd2-4a80-a153-ff0e0e0fbc04,0.6558,0.1363
964,282,24,6,282_chunk_50cf45ea-5ce5-40d8-a5df-2f4cd8076f63,0.2717,0.0565
964,282,24,7,282_chunk_6dc09aac-f64a-4f7b-bc0a-4c3542c165b2,0.2316,0.0481
964,282,24,8,282_chunk_63fdbe3f-e0a0-4e11-bbce-251adc5850db,0.2397,0.0498
964,282,24,9,282_chunk_55d2a2b3-4a71-4975-aec8-aed28fd22e8c,0.085,0.0177
964,282,24,10,282_chunk_32627456-a0b6-497d-86b6-e975ec69e265,0.1624,0.0337
964,282,31,1,282_chunk_c9b60c0a-c8f6-4044-b202-9c9bc02cfd8c,1.4159,0.2931
964,282,31,2,282_chunk_bab92faf-9bb7-4bd7-b72e-2094304d2174,0.7729,0.16
964,282,31,3,282_chunk_86cecd61-124a-45e9-ba7a-392a6e041061,0.5004,0.1036
964,282,31,4,282_chunk_4354fb88-aa8f-4b7f-83a8-f5cbaf52e10b,0.442,0.0915
964,282,31,5,282_chunk_a13137d8-efd2-4a80-a153-ff0e0e0fbc04,0.7827,0.162
964,282,31,6,282_chunk_50cf45ea-5ce5-40d8-a5df-2f4cd8076f63,0.2854,0.0591
964,282,31,7,282_chunk_6dc09aac-f64a-4f7b-bc0a-4c3542c165b2,0.1732,0.0358
964,282,31,8,282_chunk_63fdbe3f-e0a0-4e11-bbce-251adc5850db,0.1485,0.0307
964,282,31,9,282_chunk_55d2a2b3-4a71-4975-aec8-aed28fd22e8c,0.1774,0.0367
964,282,31,10,282_chunk_32627456-a0b6-497d-86b6-e975ec69e265,0.1327,0.0275
403,105,0,1,105_chunk_8095af8c-96e8-4dff-ac3e-e4d98c5596a4,1.0202,0.2471
403,105,0,2,105_chunk_1e397196-234e-45b5-a17c-e8851c662d56,0.7776,0.1884
403,105,0,3,105_chunk_8b84242a-4620-49d4-91de-00bc2f25fb9f,0.5613,0.136
403,105,0,4,105_chunk_30ce730d-04d2-4572-b704-136cbf7e55f4,0.4886,0.1184
403,105,0,5,105_chunk_8df9c9b2-d840-45e5-9e79-091b7acb5a02,0.3089,0.0748
403,105,0,6,105_chunk_c200c31c-4c9c-48eb-9dfb-18415fda3992,0.3459,0.0838
403,105,0,7,105_chunk_6d497edf-0a7c-4e8a-9725-451f67cc8c3a,0.1999,0.0484
403,105,0,8,105_chunk_14f449f8-2c95-4580-b06a-5debb6f8dd32,0.1838,0.0445
403,105,0,9,105_chunk_7e1bcf23-dca0-4b78-afcb-e818da9aab97,0.1495,0.0362
403,105,0,10,105_chunk_fd99af7b-5d83-4509-ad74-bad8b9d4f206,0.0925,0.0224
403,105,4,1,105_chunk_8095af8c-96e8-4dff-ac3e-e4d98c5596a4,1.0293,0.2459
403,105,4,2,105_chunk_1e397196-234e-45b5-a17c-e8851c662d56,0.7551,0.1804
403,105,4,3,105_chunk_8b84242a-4620-49d4-91de-00bc2f25fb9f,0.6501,0.1553
403,105,4,4,105_chunk_30ce730d-04d2-4572-b704-136cbf7e55f4,0.4051,0.0968
403,105,4,5,105_chunk_8df9c9b2-d840-45e5-9e79-091b7acb5a02,0.3742,0.0894
403,105,4,6,105_chunk_c200c31c-4c9c-48eb-9dfb-18415fda3992,0.3835,0.0916
403,105,4,7,105_chunk_6d497edf-0a7c-4e8a-9725-451f67cc8c3a,0.1731,0.0414
403,105,4,8,105_chunk_14f449f8-2c95-4580-b06a-5debb6f8dd32,0.1399,0.0334
403,105,4,9,105_chunk_7e1bcf23-dca0-4b78-afcb-e818da9aab97,0.161,0.0385
403,105,4,10,105_chunk_fd99af7b-5d83-4509-ad74-bad8b9d4f206,0.1144,0.0273
403,105,8,1,105_chunk_8095af8c-96e8-4dff-ac3e-e4d98c5596a4,1.0175,0.2333
403,105,8,2,105_chunk_1e397196-234e-45b5-a17c-e8851c662d56,0.8033,0.1842
403,105,8,3,105_chunk_8b84242a-4620-49d4-91de-00bc2f25fb9f,0.6383,0.1464
403,105,8,4,105_chunk_30ce730d-04d2-4572-b704-136cbf7e55f4,0.5279,0.121
403,105,8,5,105_chunk_8df9c9b2-d840-45e5-9e79-091b7acb5a02,0.3884,0.0891
403,105,8,6,105_chunk_c200c31c-4c9c-48eb-9dfb-18415fda3992,0.2744,0.0629
403,105,8,7,105_chunk_6d497edf-0a7c-4e8a-9725-451f67cc8c3a,0.2568,0.0589
403,105,8,8,105_chunk_14f449f8-2c95-4580-b06a-5debb6f8dd32,0.2688,0.0616
403,105,8,9,105_chunk_7e1bcf23-dca0-4b78-afcb-e818da9aab97,0.1287,0.0295
403,105,8,10,105_chunk_fd99af7b-5d83-4509-ad74-bad8b9d4f206,0.0567,0.013
403,105,16,1,105_chunk_8095af8c-96e8-4dff-ac3e-e4d98c5596a4,1.0554,0.2548
403,105,16,2,105_chunk_1e397196-234e-45b5-a17c-e8851c662d56,0.7728,0.1866
403,105,16,3,105_chunk_8b84242a-4620-49d4-91de-00bc2f25fb9f,0.4979,0.1202
403,105,16,4,105_chunk_30ce730d-04d2-4572-b704-136cbf7e55f4,0.5147,0.1243
403,105,16,5,105_chunk_8df9c9b2-d840-45e5-9e79-091b7acb5a02,0.3411,0.0824
403,105,16,6,105_chunk_c200c31c-4c9c-48eb-9dfb-18415fda3992,0.282,0.0681
403,105,16,7,105_chunk_6d497edf-0a7c-4e8a-9725-451f67cc8c3a,0.2397,0.0579
403,105,16,8,105_chunk_14f449f8-2c95-4580-b06a-5debb6f8dd32,0.1833,0.0443
403,105,16,9,105_chunk_7e1bcf23-dca0-4b78-afcb-e818da9aab97,0.1708,0.0412
403,105,16,10,105_chunk_fd99af7b-5d83-4509-ad74-bad8b9d4f206,0.0836,0.0202
403,105,24,1,105_chunk_8095af8c-96e8-4dff-ac3e-e4d98c5596a4,1.0257,0.2352
403,105,24,2,105_chunk_1e397196-234e-45b5-a17c-e8851c662d56,0.7658,0.1756
403,105,24,3,105_chunk_8b84242a-4620-49d4-91de-00bc2f25fb9f,0.6435,0.1475
403,105,24,4,105_chunk_30ce730d-04d2-4572-b704-136cbf7e55f4,0.5031,0.1154
403,105,24,5,105_chunk_8df9c9b2-d840-45e5-9e79-091b7acb5a02,0.3211,0.0736
403,105,24,6,105_chunk_c200c31c-4c9c-48eb-9dfb-18415fda3992,0.3408,0.0781
403,105,24,7,105_chunk_6d497edf-0a7c-4e8a-9725-451f67cc8c3a,0.1963,0.045
403,105,24,8,105_chunk_14f449f8-2c95-4580-b06a-5debb6f8dd32,0.2142,0.0491
403,105,24,9,105_chunk_7e1bcf23-dca0-4b78-afcb-e818da9aab97,0.1537,0.0352
403,105,24,10,105_chunk_fd99af7b-5d83-4509-ad74-bad8b9d4f206,0.1973,0.0452
403,105,31,1,105_chunk_8095af8c-96e8-4dff-ac3e-e4d98c5596a4,0.9888,0.2417
403,105,31,2,105_chunk_1e397196-234e-45b5-a17c-e8851c662d56,0.7613,0.1861
403,105,31,3,105_chunk_8b84242a-4620-49d4-91de-00bc2f25fb9f,0.6056,0.148
403,105,31,4,105_chunk_30ce730d-04d2-4572-b704-136cbf7e55f4,0.4572,0.1118
403,105,31,5,105_chunk_8df9c9b2-d840-45e5-9e79-091b7acb5a02,0.4079,0.0997
403,105,31,6,105_chunk_c200c31c-4c9c-48eb-9dfb-18415fda3992,0.2057,0.0503
403,105,31,7,105_chunk_6d497edf-0a7c-4e8a-9725-451f67cc8c3a,0.1704,0.0417
403,105,31,8,105_chunk_14f449f8-2c95-4580-b06a-5debb6f8dd32,0.1204,0.0294
403,105,31,9,105_chunk_7e1bcf23-dca0-4b78-afcb-e818da9aab97,0.1829,0.0447
403,105,31,10,105_chunk_fd99af7b-5d83-4509-ad74-bad8b9d4f206,0.1909,0.0467
1502,469,0,1,469_chunk_e04bdb89-38bc-4e1c-9731-c946707cc393,0.8648,0.2056
1502,469,0,2,469_chunk_e12b4bdb-8c95-47f8-9f21-40bb7c1cd589,0.8127,0.1932
1502,469,0,3,469_chunk_74251ea8-5e60-4b19-b953-d0cc9e3035f1,0.5738,0.1364
1502,469,0,4,469_chunk_ee1583b9-0d52-4149-a113-a51c4e32ab6c,0.3808,0.0906
1502,469,0,5,469_chunk_73d695bc-a25b-4ebb-819e-83fad119bfe6,0.3934,0.0936
1502,469,0,6,469_chunk_89df6286-a32a-46bb-bdac-d1b696653116,0.3552,0.0845
1502,469,0,7,469_chunk_f4a48188-a227-499a-ba26-2afff4f813f2,0.2163,0.0514
1502,469,0,8,469_chunk_06008a99-ce74-47fa-9669-323edd3a8846,0.2214,0.0526
1502,469,0,9,469_chunk_b4299e4c-6fea-4eda-8a6f-327d0d19eddb,0.2159,0.0513
1502,469,0,10,469_chunk_8ecea0d6-d3fe-45cd-8158-f8cca6dc7957,0.1711,0.0407
1502,469,4,1,469_chunk_e04bdb89-38bc-4e1c-9731-c946707cc393,1.082,0.2533
1502,469,4,2,469_chunk_e12b4bdb-8c95-47f8-9f21-40bb7c1cd589,0.8159,0.191
1502,469,4,3,469_chunk_74251ea8-5e60-4b19-b953-d0cc9e3035f1,0.6103,0.1429
1502,469,4,4,469_chunk_ee1583b9-0d52-4149-a113-a51c4e32ab6c,0.3923,0.0918
1502,469,4,5,469_chunk_73d695bc-a25b-4ebb-819e-83fad119bfe6,0.3556,0.0832
1502,469,4,6,469_chunk_89df6286-a32a-46bb-bdac-d1b696653116,0.2443,0.0572
1502,469,4,7,469_chunk_f4a48188-a227-499a-ba26-2afff4f813f2,0.3317,0.0776
1502,469,4,8,469_chunk_06008a99-ce74-47fa-9669-323edd3a8846,0.165,0.0386
1502,469,4,9,469_chunk_b4299e4c-6fea-4eda-8a6f-327d0d19eddb,0.1415,0.0331
1502,469,4,10,469_chunk_8ecea0d6-d3fe-45cd-8158-f8cca6dc7957,0.133,0.0311
1502,469,8,1,469_chunk_e04bdb89-38bc-4e1c-9731-c946707cc393,1.0022,0.2491
1502,469,8,2,469_chunk_e12b4bdb-8c95-47f8-9f21-40bb7c1cd589,0.8636,0.2146
1502,469,8,3,469_chunk_74251ea8-5e60-4b19-b953-d0cc9e3035f1,0.5754,0.143
1502,469,8,4,469_chunk_ee1583b9-0d52-4149-a113-a51c4e32ab6c,0.4821,0.1198
1502,469,8,5,469_chunk_73d695bc-a25b-4ebb-819e-83fad119bfe6,0.3308,0.0822
1502,469,8,6,469_chunk_89df6286-a32a-46bb-bdac-d1b696653116,0.2205,0.0548
1502,469,8,7,469_chunk_f4a48188-a227-499a-ba26-2afff4f813f2,0.1925,0.0479
1502,469,8,8,469_chunk_06008a99-ce74-47fa-9669-323edd3a8846,0.1719,0.0427
1502,469,8,9,469_chunk_b4299e4c-6fea-4eda-8a6f-327d0d19eddb,0.1139,0.0283
1502,469,8,10,469_chunk_8ecea0d6-d3fe-45cd-8158-f8cca6dc7957,0.0708,0.0176
1502,469,16,1,469_chunk_e04bdb89-38bc-4e1c-9731-c946707cc393,0.9297,0.2325
1502,469,16,2,469_chunk_e12b4bdb-8c95-47f8-9f21-40bb7c1cd589,0.7746,0.1937
1502,469,16,3,469_chunk_74251ea8-5e60-4b19-b953-d0cc9e3035f1,0.5313,0.1329
1502,469,16,4,469_chunk_ee1583b9-0d52-4149-a113-a51c4e32ab6c,0.5104,0.1276
1502,469,16,5,469_chunk_73d695bc-a25b-4ebb-819e-83fad119bfe6,0.372,0.093
1502,469,16,6,469_chunk_89df6286-a32a-46bb-bdac-d1b696653116,0.2136,0.0534
1502,469,16,7,469_chunk_f4a48188-a227-499a-ba26-2afff4f813f2,0.2077,0.0519
1502,469,16,8,469_chunk_06008a99-ce74-47fa-9669-323edd3a8846,0.1362,0.034
1502,469,16,9,469_chunk_b4299e4c-6fea-4eda-8a6f-327d0d19eddb,0.1513,0.0378
1502,469,16,10,469_chunk_8ecea0d6-d3fe-45cd-8158-f8cca6dc7957,0.1724,0.0431
1502,469,24,1,469_chunk_e04bdb89-38bc-4e1c-9731-c946707cc393,0.9062,0.2232
1502,469,24,2,469_chunk_e12b4bdb-8c95-47f8-9f21-40bb7c1cd589,0.7846,0.1933
1502,469,24,3,469_chunk_74251ea8-5e60-4b19-b953-d0cc9e3035f1,0.5985,0.1474
1502,469,24,4,469_chunk_ee1583b9-0d52-4149-a113-a51c4e32ab6c,0.5059,0.1246
1502,469,24,5,469_chunk_73d695bc-a25b-4ebb-819e-83fad119bfe6,0.3785,0.0932
1502,469,24,6,469_chunk_89df6286-a32a-46bb-bdac-d1b696653116,0.2489,0.0613
1502,469,24,7,469_chunk_f4a48188-a227-499a-ba26-2afff4f813f2,0.2072,0.051
1502,469,24,8,469_chunk_06008a99-ce74-47fa-9669-323edd3a8846,0.134,0.033
1502,469,24,9,469_chunk_b4299e4c-6fea-4eda-8a6f-327d0d19eddb,0.1891,0.0466
1502,469,24,10,469_chunk_8ecea0d6-d3fe-45cd-8158-f8cca6dc7957,0.1065,0.0262
1502,469,31,1,469_chunk_e04bdb89-38bc-4e1c-9731-c946707cc393,1.0951,0.2761
1502,469,31,2,469_chunk_e12b4bdb-8c95-47f8-9f21-40bb7c1cd589,0.7758,0.1956
1502,469,31,3,469_chunk_74251ea8-5e60-4b19-b953-d0cc9e3035f1,0.5711,0.144
1502,469,31,4,469_chunk_ee1583b9-0d52-4149-a113-a51c4e32ab6c,0.3967,0.1
1502,469,31,5,469_chunk_73d695bc-a25b-4ebb-819e-83fad119bfe6,0.2777,0.07
1502,469,31,6,469_chunk_89df6286-a32a-46bb-bdac-d1b696653116,0.2073,0.0523
1502,469,31,7,469_chunk_f4a48188-a227-499a-ba26-2afff4f813f2,0.2365,0.0596
1502,469,31,8,469_chunk_06008a99-ce74-47fa-9669-323edd3a8846,0.1992,0.0502
1502,469,31,9,469_chunk_b4299e4c-6fea-4eda-8a6f-327d0d19eddb,0.0563,0.0142
1502,469,31,10,469_chunk_8ecea0d6-d3fe-45cd-8158-f8cca6dc7957,0.1502,0.0379
1504,470,0,1,470_chunk_b678d853-a06a-49ec-8564-4646c117082c,0.9934,0.2396
1504,470,0,2,470_chunk_581f5f17-aa2a-4a0a-886b-e4c8478fb048,0.7826,0.1888
1504,470,0,3,470_chunk_1cb349e5-6ca2-4392-8478-64d6419a775a,0.5953,0.1436
1504,470,0,4,470_chunk_3d344a52-e2b8-43e2-aa5e-f7f1cbcda152,0.4399,0.1061
1504,470,0,5,470_chunk_6b850efa-1596-41d0-ab71-4f4174738639,0.3763,0.0908
1504,470,0,6,470_chunk_a97ad5cc-ff3a-4db7-8b77-0082c4d0f2e1,0.3086,0.0744
1504,470,0,7,470_chunk_a2a06299-3d89-4377-a087-fdfe80a8e12c,0.1686,0.0407
1504,470,0,8,470_chunk_099f9051-3463-4d56-bf39-4734fe49844c,0.2443,0.0589
1504,470,0,9,470_chunk_bf0bbece-c54e-45f8-a3fd-a1a74fbc45fa,0.1304,0.0315
1504,470,0,10,470_chunk_7ddce1f6-9de8-4d4f-a5ca-8f3569483aea,0.1063,0.0257
1504,470,4,1,470_chunk_b678d853-a06a-49ec-8564-4646c117082c,1.0354,0.2476
1504,470,4,2,470_chunk_581f5f17-aa2a-4a0a-886b-e4c8478fb048,0.7905,0.189
1504,470,4,3,470_chunk_1cb349e5-6ca2-4392-8478-64d6419a775a,0.6542,0.1564
1504,470,4,4,470_chunk_3d344a52-e2b8-43e2-aa5e-f7f1cbcda152,0.4867,0.1164
1504,470,4,5,470_chunk_6b850efa-1596-41d0-ab71-4f4174738639,0.3373,0.0806
1504,470,4,6,470_chunk_a97ad5cc-ff3a-4db7-8b77-0082c4d0f2e1,0.3046,0.0728
1504,470,4,7,470_chunk_a2a06299-3d89-4377-a087-fdfe80a8e12c,0.1659,0.0397
1504,470,4,8,470_chunk_099f9051-3463-4d56-bf39-4734fe49844c,0.1792,0.0428
1504,470,4,9,470_chunk_bf0bbece-c54e-45f8-a3fd-a1a74fbc45fa,0.1337,0.032
1504,470,4,10,470_chunk_7ddce1f6-9de8-4d4f-a5ca-8f3569483aea,0.095,0.0227
1504,470,8,1,470_chunk_b678d853-a06a-49ec-8564-4646c117082c,0.9936,0.244
1504,470,8,2,470_chunk_581f5f17-aa2a-4a0a-886b-e4c8478fb048,0.6847,0.1681
1504,470,8,3,470_chunk_1cb349e5-6ca2-4392-8478-64d6419a775a,0.5791,0.1422
1504,470,8,4,470_chunk_3d344a52-e2b8-43e2-aa5e-f7f1cbcda152,0.477,0.1171
1504,470,8,5,470_chunk_6b850efa-1596-41d0-ab71-4f4174738639,0.3759,0.0923
1504,470,8,6,470_chunk_a97ad5cc-ff3a-4db7-8b77-0082c4d0f2e1,0.2351,0.0577
1504,470,8,7,470_chunk_a2a06299-3d89-4377-a087-fdfe80a8e12c,0.2864,0.0703
1504,470,8,8,470_chunk_099f9051-3463-4d56-bf39-4734fe49844c,0.1305,0.032
1504,470,8,9,470_chunk_bf0bbece-c54e-45f8-a3fd-a1a74fbc45fa,0.1838,0.0451
1504,470,8,10,470_chunk_7ddce1f6-9de8-4d4f-a5ca-8f3569483aea,0.1268,0.0311
1504,470,16,1,470_chunk_b678d853-a06a-49ec-8564-4646c117082c,0.9677,0.2254
1504,470,16,2,470_chunk_581f5f17-aa2a-4a0a-886b-e4c8478fb048,0.8676,0.2021
1504,470,16,3,470_chunk_1cb349e5-6ca2-4392-8478-64d6419a775a,0.5468,0.1274
1504,470,16,4,470_chunk_3d344a52-e2b8-43e2-aa5e-f7f1cbcda152,0.5183,0.1207
1504,470,16,5,470_chunk_6b850efa-1596-41d0-ab71-4f4174738639,0.4179,0.0973
1504,470,16,6,470_chunk_a97ad5cc-ff3a-4db7-8b77-0082c4d0f2e1,0.253,0.0589
1504,470,16,7,470_chunk_a2a06299-3d89-4377-a087-fdfe80a8e12c,0.2928,0.0682
1504,470,16,8,470_chunk_099f9051-3463-4d56-bf39-4734fe49844c,0.1613,0.0376
1504,470,16,9,470_chunk_bf0bbece-c54e-45f8-a3fd-a1a74fbc45fa,0.1498,0.0349
1504,470,16,10,470_chunk_7ddce1f6-9de8-4d4f-a5ca-8f3569483aea,0.1184,0.0276
1504,470,24,1,470_chunk_b678d853-a06a-49ec-8564-4646c117082c,0.9933,0.2393
1504,470,24,2,470_chunk_581f5f17-aa2a-4a0a-886b-e4c8478fb048,0.8193,0.1974
1504,470,24,3,470_chunk_1cb349e5-6ca2-4392-8478-64d6419a775a,0.6462,0.1557
1504,470,24,4,470_chunk_3d344a52-e2b8-43e2-aa5e-f7f1cbcda152,0.3849,0.0927
1504,470,24,5,470_chunk_6b850efa-1596-41d0-ab71-4f4174738639,0.4331,0.1043
1504,470,24,6,470_chunk_a97ad5cc-ff3a-4db7-8b77-0082c4d0f2e1,0.2034,0.049
1504,470,24,7,470_chunk_a2a06299-3d89-4377-a087-fdfe80a8e12c,0.2748,0.0662
1504,470,24,8,470_chunk_099f9051-3463-4d56-bf39-4734fe49844c,0.2301,0.0554
1504,470,24,9,470_chunk_bf0bbece-c54e-45f8-a3fd-a1a74fbc45fa,0.0808,0.0195
1504,470,24,10,470_chunk_7ddce1f6-9de8-4d4f-a5ca-8f3569483aea,0.0849,0.0204
1504,470,31,1,470_chunk_b678d853-a06a-49ec-8564-4646c117082c,0.9447,0.2316
1504,470,31,2,470_chunk_581f5f17-aa2a-4a0a-886b-e4c8478fb048,0.7681,0.1883
1504,470,31,3,470_chunk_1cb349e5-6ca2-4392-8478-64d6419a775a,0.5911,0.1449
1504,470,31,4,470_chunk_3d344a52-e2b8-43e2-aa5e-f7f1cbcda152,0.5113,0.1253
1504,470,31,5,470_chunk_6b850efa-1596-41d0-ab71-4f4174738639,0.4334,0.1062
1504,470,31,6,470_chunk_a97ad5cc-ff3a-4db7-8b77-0082c4d0f2e1,0.3563,0.0873
1504,470,31,7,470_chunk_a2a06299-3d89-4377-a087-fdfe80a8e12c,0.195,0.0478
1504,470,31,8,470_chunk_099f9051-3463-4d56-bf39-4734fe49844c,0.1633,0.04
1504,470,31,9,470_chunk_bf0bbece-c54e-45f8-a3fd-a1a74fbc45fa,0.0512,0.0125
1504,470,31,10,470_chunk_7ddce1f6-9de8-4d4f-a5ca-8f3569483aea,0.0651,0.016
2028,695,0,1,695_chunk_c0f6a395-d387-49d5-921a-68ac9a55128a,1.0273,0.2442
2028,695,0,2,695_chunk_c85f1cef-24b0-462b-bef5-86b4831d8cc7,0.7791,0.1852
2028,695,0,3,695_chunk_3d9aa887-c7f2-4886-94a9-c9a6527b54e1,0.5847,0.139
2028,695,0,4,695_chunk_af5e6b61-afff-4c4f-b7c6-c8eaf03be4e1,0.4669,0.111
2028,695,0,5,695_chunk_53193c59-96e3-48ac-a4a3-cde09d11f9e0,0.3635,0.0864
2028,695,0,6,695_chunk_598e1c89-c3f6-417a-8a6d-c292b33d8302,0.268,0.0637
2028,695,0,7,695_chunk_7b9e15d3-a07d-4df7-9d98-e41324866219,0.2102,0.05
2028,695,0,8,695_chunk_8474ec30-c707-49c8-8830-e3a64e040a92,0.2537,0.0603
2028,695,0,9,695_chunk_9a8ce64a-de64-4094-8ca1-3f93012b3015,0.1634,0.0388
2028,695,0,10,695_chunk_88d49558-197b-4d1f-b366-6f4393fc5145,0.0906,0.0215
2028,695,4,1,695_chunk_c0f6a395-d387-49d5-921a-68ac9a55128a,1.0348,0.2512
2028,695,4,2,695_chunk_c85f1cef-24b0-462b-bef5-86b4831d8cc7,0.8073,0.196
2028,695,4,3,695_chunk_3d9aa887-c7f2-4886-94a9-c9a6527b54e1,0.6652,0.1615
2028,695,4,4,695_chunk_af5e6b61-afff-4c4f-b7c6-c8eaf03be4e1,0.4908,0.1191
2028,695,4,5,695_chunk_53193c59-96e3-48ac-a4a3-cde09d11f9e0,0.3625,0.088
2028,695,4,6,695_chunk_598e1c89-c3f6-417a-8a6d-c292b33d8302,0.3089,0.075
2028,695,4,7,695_chunk_7b9e15d3-a07d-4df7-9d98-e41324866219,0.1446,0.0351
2028,695,4,8,695_chunk_8474ec30-c707-49c8-8830-e3a64e040a92,0.1174,0.0285
2028,695,4,9,695_chunk_9a8ce64a-de64-4094-8ca1-3f93012b3015,0.0756,0.0184
2028,695,4,10,695_chunk_88d49558-197b-4d1f-b366-6f4393fc5145,0.1125,0.0273
2028,695,8,1,695_chunk_c0f6a395-d387-49d5-921a-68ac9a55128a,1.0866,0.2541
2028,695,8,2,695_chunk_c85f1cef-24b0-462b-bef5-86b4831d8cc7,0.9807,0.2294
2028,695,8,3,695_chunk_3d9aa887-c7f2-4886-94a9-c9a6527b54e1,0.6384,0.1493
2028,695,8,4,695_chunk_af5e6b61-afff-4c4f-b7c6-c8eaf03be4e1,0.4974,0.1163
2028,695,8,5,695_chunk_53193c59-96e3-48ac-a4a3-cde09d11f9e0,0.2778,0.065
2028,695,8,6,695_chunk_598e1c89-c3f6-417a-8a6d-c292b33d8302,0.2594,0.0607
2028,695,8,7,695_chunk_7b9e15d3-a07d-4df7-9d98-e41324866219,0.1837,0.043
2028,695,8,8,695_chunk_8474ec30-c707-49c8-8830-e3a64e040a92,0.1427,0.0334
2028,695,8,9,695_chunk_9a8ce64a-de64-4094-8ca1-3f93012b3015,0.1269,0.0297
2028,695,8,10,695_chunk_88d49558-197b-4d1f-b366-6f4393fc5145,0.0818,0.0191
2028,695,16,1,695_chunk_c0f6a395-d387-49d5-921a-68ac9a55128a,0.901,0.2097
2028,695,16,2,695_chunk_c85f1cef-24b0-462b-bef5-86b4831d8cc7,0.9968,0.232
2028,695,16,3,695_chunk_3d9aa887-c7f2-4886-94a9-c9a6527b54e1,0.5529,0.1287
2028,695,16,4,695_chunk_af5e6b61-afff-4c4f-b7c6-c8eaf03be4e1,0.4843,0.1127
2028,695,16,5,695_chunk_53193c59-96e3-48ac-a4a3-cde09d11f9e0,0.4716,0.1097
2028,695,16,6,695_chunk_598e1c89-c3f6-417a-8a6d-c292b33d8302,0.2405,0.056
2028,695,16,7,695_chunk_7b9e15d3-a07d-4df7-9d98-e41324866219,0.0966,0.0225
2028,695,16,8,695_chunk_8474ec30-c707-49c8-8830-e3a64e040a92,0.1595,0.0371
2028,695,16,9,695_chunk_9a8ce64a-de64-4094-8ca1-3f93012b3015,0.1904,0.0443
2028,695,16,10,695_chunk_88d49558-197b-4d1f-b366-6f4393fc5145,0.2033,0.0473
2028,695,24,1,695_chunk_c0f6a395-d387-49d5-921a-68ac9a55128a,0.9385,0.2082
2028,695,24,2,695_chunk_c85f1cef-24b0-462b-bef5-86b4831d8cc7,1.0746,0.2384
2028,695,24,3,695_chunk_3d9aa887-c7f2-4886-94a9-c9a6527b54e1,0.5833,0.1294
2028,695,24,4,695_chunk_af5e6b61-afff-4c4f-b7c6-c8eaf03be4e1,0.4671,0.1036
2028,695,24,5,695_chunk_53193c59-96e3-48ac-a4a3-cde09d11f9e0,0.5001,0.1109
2028,695,24,6,695_chunk_598e1c89-c3f6-417a-8a6d-c292b33d8302,0.2114,0.0469
2028,695,24,7,695_chunk_7b9e15d3-a07d-4df7-9d98-e41324866219,0.2358,0.0523
2028,695,24,8,695_chunk_8474ec30-c707-49c8-8830-e3a64e040a92,0.1972,0.0437
2028,695,24,9,695_chunk_9a8ce64a-de64-4094-8ca1-3f93012b3015,0.1896,0.0421
2028,695,24,10,695_chunk_88d49558-197b-4d1f-b366-6f4393fc5145,0.1103,0.0245
2028,695,31,1,695_chunk_c0f6a395-d387-49d5-921a-68ac9a55128a,1.0154,0.2219
2028,695,31,2,695_chunk_c85f1cef-24b0-462b-bef5-86b4831d8cc7,1.1092,0.2424
2028,695,31,3,695_chunk_3d9aa887-c7f2-4886-94a9-c9a6527b54e1,0.62,0.1355
2028,695,31,4,695_chunk_af5e6b61-afff-4c4f-b7c6-c8eaf03be4e1,0.4552,0.0995
2028,695,31,5,695_chunk_53193c59-96e3-48ac-a4a3-cde09d11f9e0,0.399,0.0872
2028,695,31,6,695_chunk_598e1c89-c3f6-417a-8a6d-c292b33d8302,0.268,0.0586
2028,695,31,7,695_chunk_7b9e15d3-a07d-4df7-9d98-e41324866219,0.242,0.0529
2028,695,31,8,695_chunk_8474ec30-c707-49c8-8830-e3a64e040a92,0.1723,0.0377
2028,695,31,9,695_chunk_9a8ce64a-de64-4094-8ca1-3f93012b3015,0.1916,0.0419
2028,695,31,10,695_chunk_88d49558-197b-4d1f-b366-6f4393fc5145,0.1028,0.0225
1002,293,0,1,293_chunk_92b075a7-4be7-46b4-a3c4-56893abfb7e2,0.9973,0.2329
1002,293,0,2,293_chunk_adb6fcf3-1060-451b-bb6d-333e9003c3ff,0.7931,0.1852
1002,293,0,3,293_chunk_6097e73f-f027-4ea0-8e93-8f1691ced556,0.6326,0.1478
1002,293,0,4,293_chunk_754090fb-31ff-4385-9948-c68c14a23a06,0.5046,0.1179
1002,293,0,5,293_chunk_e0ac8208-9abd-4a1f-88a1-2a1287054646,0.3957,0.0924
1002,293,0,6,293_chunk_ec00180f-dd51-4c93-adb6-7d84189df8b4,0.291,0.068
1002,293,0,7,293_chunk_f371b222-6984-4137-8a39-483015f0e077,0.2133,0.0498
1002,293,0,8,293_chunk_11813f79-19af-44f4-9d2f-3ae82f54ba73,0.1662,0.0388
1002,293,0,9,293_chunk_b79370db-0e06-48d6-8e0a-06b76e53b7d6,0.1256,0.0293
1002,293,0,10,293_chunk_af745a97-a831-48d5-b09b-cd490a5255cd,0.1621,0.0379
1002,293,4,1,293_chunk_92b075a7-4be7-46b4-a3c4-56893abfb7e2,1.0748,0.2514
1002,293,4,2,293_chunk_adb6fcf3-1060-451b-bb6d-333e9003c3ff,0.6769,0.1583
1002,293,4,3,293_chunk_6097e73f-f027-4ea0-8e93-8f1691ced556,0.6845,0.1601
1002,293,4,4,293_chunk_754090fb-31ff-4385-9948-c68c14a23a06,0.4821,0.1128
1002,293,4,5,293_chunk_e0ac8208-9abd-4a1f-88a1-2a1287054646,0.3669,0.0858
1002,293,4,6,293_chunk_ec00180f-dd51-4c93-adb6-7d84189df8b4,0.2671,0.0625
1002,293,4,7,293_chunk_f371b222-6984-4137-8a39-483015f0e077,0.2793,0.0653
1002,293,4,8,293_chunk_11813f79-19af-44f4-9d2f-3ae82f54ba73,0.2212,0.0517
1002,293,4,9,293_chunk_b79370db-0e06-48d6-8e0a-06b76e53b7d6,0.0967,0.0226
1002,293,4,10,293_chunk_af745a97-a831-48d5-b09b-cd490a5255cd,0.1258,0.0294
1002,293,8,1,293_chunk_92b075a7-4be7-46b4-a3c4-56893abfb7e2,1.0417,0.2346
1002,293,8,2,293_chunk_adb6fcf3-1060-451b-bb6d-333e9003c3ff,0.8001,0.1802
1002,293,8,3,293_chunk_6097e73f-f027-4ea0-8e93-8f1691ced556,0.6655,0.1499
1002,293,8,4,293_chunk_754090fb-31ff-4385-9948-c68c14a23a06,0.5155,0.1161
1002,293,8,5,293_chunk_e0ac8208-9abd-4a1f-88a1-2a1287054646,0.4155,0.0936
1002,293,8,6,293_chunk_ec00180f-dd51-4c93-adb6-7d84189df8b4,0.3122,0.0703
1002,293,8,7,293_chunk_f371b222-6984-4137-8a39-483015f0e077,0.2594,0.0584
1002,293,8,8,293_chunk_11813f79-19af-44f4-9d2f-3ae82f54ba73,0.1996,0.045
1002,293,8,9,293_chunk_b79370db-0e06-48d6-8e0a-06b76e53b7d6,0.1033,0.0233
1002,293,8,10,293_chunk_af745a97-a831-48d5-b09b-cd490a5255cd,0.127,0.0286
1002,293,16,1,293_chunk_92b075a7-4be7-46b4-a3c4-56893abfb7e2,1.2207,0.252
1002,293,16,2,293_chunk_adb6fcf3-1060-451b-bb6d-333e9003c3ff,0.9972,0.2058
1002,293,16,3,293_chunk_6097e73f-f027-4ea0-8e93-8f1691ced556,0.8466,0.1748
1002,293,16,4,293_chunk_754090fb-31ff-4385-9948-c68c14a23a06,0.5078,0.1048
1002,293,16,5,293_chunk_e0ac8208-9abd-4a1f-88a1-2a1287054646,0.3855,0.0796
1002,293,16,6,293_chunk_ec00180f-dd51-4c93-adb6-7d84189df8b4,0.34,0.0702
1002,293,16,7,293_chunk_f371b222-6984-4137-8a39-483015f0e077,0.2218,0.0458
1002,293,16,8,293_chunk_11813f79-19af-44f4-9d2f-3ae82f54ba73,0.1297,0.0268
1002,293,16,9,293_chunk_b79370db-0e06-48d6-8e0a-06b76e53b7d6,0.1272,0.0263
1002,293,16,10,293_chunk_af745a97-a831-48d5-b09b-cd490a5255cd,0.0682,0.0141
1002,293,24,1,293_chunk_92b075a7-4be7-46b4-a3c4-56893abfb7e2,1.2372,0.2566
1002,293,24,2,293_chunk_adb6fcf3-1060-451b-bb6d-333e9003c3ff,1.0425,0.2162
1002,293,24,3,293_chunk_6097e73f-f027-4ea0-8e93-8f1691ced556,0.8379,0.1738
1002,293,24,4,293_chunk_754090fb-31ff-4385-9948-c68c14a23a06,0.457,0.0948
1002,293,24,5,293_chunk_e0ac8208-9abd-4a1f-88a1-2a1287054646,0.2732,0.0567
1002,293,24,6,293_chunk_ec00180f-dd51-4c93-adb6-7d84189df8b4,0.2972,0.0616
1002,293,24,7,293_chunk_f371b222-6984-4137-8a39-483015f0e077,0.2232,0.0463
1002,293,24,8,293_chunk_11813f79-19af-44f4-9d2f-3ae82f54ba73,0.1329,0.0276
1002,293,24,9,293_chunk_b79370db-0e06-48d6-8e0a-06b76e53b7d6,0.1683,0.0349
1002,293,24,10,293_chunk_af745a97-a831-48d5-b09b-cd490a5255cd,0.1523,0.0316
1002,293,31,1,293_chunk_92b075a7-4be7-46b4-a3c4-56893abfb7e2,1.2696,0.26
1002,293,31,2,293_chunk_adb6fcf3-1060-451b-bb6d-333e9003c3ff,1.0907,0.2233
1002,293,31,3,293_chunk_6097e73f-f027-4ea0-8e93-8f1691ced556,0.9181,0.188
1002,293,31,4,293_chunk_754090fb-31ff-4385-9948-c68c14a23a06,0.4254,0.0871
1002,293,31,5,293_chunk_e0ac8208-9abd-4a1f-88a1-2a1287054646,0.4094,0.0838
1002,293,31,6,293_chunk_ec00180f-dd51-4c93-adb6-7d84189df8b4,0.2768,0.0567
1002,293,31,7,293_chunk_f371b222-6984-4137-8a39-483015f0e077,0.2099,0.043
1002,293,31,8,293_chunk_11813f79-19af-44f4-9d2f-3ae82f54ba73,0.0736,0.0151
1002,293,31,9,293_chunk_b79370db-0e06-48d6-8e0a-06b76e53b7d6,0.1671,0.0342
1002,293,31,10,293_chunk_af745a97-a831-48d5-b09b-cd490a5255cd,0.0434,0.0089
1663,535,0,1,535_chunk_51ae1d54-3d3c-461f-84cc-918f8121e121,1.0404,0.2427
1663,535,0,2,535_chunk_6712426d-9e55-42da-8f17-3f61e26fc48a,0.7301,0.1704
1663,535,0,3,535_chunk_195d8b6b-dc54-46de-8aaa-3b028695ef86,0.6303,0.1471
1663,535,0,4,535_chunk_de8435e9-090f-4469-8741-ead0b084c0a9,0.4976,0.1161
1663,535,0,5,535_chunk_58ec79c7-af55-4b5b-aaa1-4950347a0863,0.4209,0.0982
1663,535,0,6,535_chunk_c2dac4cf-4b82-432a-b538-473dd70a9d3c,0.4245,0.099
1663,535,0,7,535_chunk_d06206f8-e6b9-4225-b65b-e8b3c1737891,0.2428,0.0566
1663,535,0,8,535_chunk_59d3ab07-16c9-472b-8da0-1f3564c0ec1a,0.1483,0.0346
1663,535,0,9,535_chunk_d44e3ea9-26de-4b02-b5ff-9a131d93e5fd,0.1341,0.0313
1663,535,0,10,535_chunk_7db82936-480f-4488-9097-7a2da5aadfbc,0.0169,0.004
1663,535,4,1,535_chunk_51ae1d54-3d3c-461f-84cc-918f8121e121,0.9653,0.2289
1663,535,4,2,535_chunk_6712426d-9e55-42da-8f17-3f61e26fc48a,0.7583,0.1798
1663,535,4,3,535_chunk_195d8b6b-dc54-46de-8aaa-3b028695ef86,0.5803,0.1376
1663,535,4,4,535_chunk_de8435e9-090f-4469-8741-ead0b084c0a9,0.5251,0.1245
1663,535,4,5,535_chunk_58ec79c7-af55-4b5b-aaa1-4950347a0863,0.3268,0.0775
1663,535,4,6,535_chunk_c2dac4cf-4b82-432a-b538-473dd70a9d3c,0.3877,0.0919
1663,535,4,7,535_chunk_d06206f8-e6b9-4225-b65b-e8b3c1737891,0.2683,0.0636
1663,535,4,8,535_chunk_59d3ab07-16c9-472b-8da0-1f3564c0ec1a,0.1733,0.0411
1663,535,4,9,535_chunk_d44e3ea9-26de-4b02-b5ff-9a131d93e5fd,0.1189,0.0282
1663,535,4,10,535_chunk_7db82936-480f-4488-9097-7a2da5aadfbc,0.1132,0.0268
1663,535,8,1,535_chunk_51ae1d54-3d3c-461f-84cc-918f8121e121,1.0413,0.2419
1663,535,8,2,535_chunk_6712426d-9e55-42da-8f17-3f61e26fc48a,0.7354,0.1708
1663,535,8,3,535_chunk_195d8b6b-dc54-46de-8aaa-3b028695ef86,0.5736,0.1332
1663,535,8,4,535_chunk_de8435e9-090f-4469-8741-ead0b084c0a9,0.5475,0.1272
1663,535,8,5,535_chunk_58ec79c7-af55-4b5b-aaa1-4950347a0863,0.3006,0.0698
1663,535,8,6,535_chunk_c2dac4cf-4b82-432a-b538-473dd70a9d3c,0.3359,0.078
1663,535,8,7,535_chunk_d06206f8-e6b9-4225-b65b-e8b3c1737891,0.2896,0.0673
1663,535,8,8,535_chunk_59d3ab07-16c9-472b-8da0-1f3564c0ec1a,0.2175,0.0505
1663,535,8,9,535_chunk_d44e3ea9-26de-4b02-b5ff-9a131d93e5fd,0.1485,0.0345
1663,535,8,10,535_chunk_7db82936-480f-4488-9097-7a2da5aadfbc,0.1151,0.0267
1663,535,16,1,535_chunk_51ae1d54-3d3c-461f-84cc-918f8121e121,1.0425,0.2211
1663,535,16,2,535_chunk_6712426d-9e55-42da-8f17-3f61e26fc48a,0.7719,0.1637
1663,535,16,3,535_chunk_195d8b6b-dc54-46de-8aaa-3b028695ef86,0.6261,0.1328
1663,535,16,4,535_chunk_de8435e9-090f-4469-8741-ead0b084c0a9,0.6479,0.1374
1663,535,16,5,535_chunk_58ec79c7-af55-4b5b-aaa1-4950347a0863,0.3811,0.0808
1663,535,16,6,535_chunk_c2dac4cf-4b82-432a-b538-473dd70a9d3c,0.438,0.0929
1663,535,16,7,535_chunk_d06206f8-e6b9-4225-b65b-e8b3c1737891,0.2818,0.0598
1663,535,16,8,535_chunk_59d3ab07-16c9-472b-8da0-1f3564c0ec1a,0.1671,0.0354
1663,535,16,9,535_chunk_d44e3ea9-26de-4b02-b5ff-9a131d93e5fd,0.2065,0.0438
1663,535,16,10,535_chunk_7db82936-480f-4488-9097-7a2da5aadfbc,0.1517,0.0322
1663,535,24,1,535_chunk_51ae1d54-3d3c-461f-84cc-918f8121e121,1.0483,0.2055
1663,535,24,2,535_chunk_6712426d-9e55-42da-8f17-3f61e26fc48a,0.8406,0.1648
1663,535,24,3,535_chunk_195d8b6b-dc54-46de-8aaa-3b028695ef86,0.611,0.1198
1663,535,24,4,535_chunk_de8435e9-090f-4469-8741-ead0b084c0a9,0.7532,0.1476
1663,535,24,5,535_chunk_58ec79c7-af55-4b5b-aaa1-4950347a0863,0.337,0.0661
1663,535,24,6,535_chunk_c2dac4cf-4b82-432a-b538-473dd70a9d3c,0.5417,0.1062
1663,535,24,7,535_chunk_d06206f8-e6b9-4225-b65b-e8b3c1737891,0.5249,0.1029
1663,535,24,8,535_chunk_59d3ab07-16c9-472b-8da0-1f3564c0ec1a,0.234,0.0459
1663,535,24,9,535_chunk_d44e3ea9-26de-4b02-b5ff-9a131d93e5fd,0.1284,0.0252
1663,535,24,10,535_chunk_7db82936-480f-4488-9097-7a2da5aadfbc,0.0829,0.0162
1663,535,31,1,535_chunk_51ae1d54-3d3c-461f-84cc-918f8121e121,1.0,0.2012
1663,535,31,2,535_chunk_6712426d-9e55-42da-8f17-3f61e26fc48a,0.8089,0.1627
1663,535,31,3,535_chunk_195d8b6b-dc54-46de-8aaa-3b028695ef86,0.5343,0.1075
1663,535,31,4,535_chunk_de8435e9-090f-4469-8741-ead0b084c0a9,0.7076,0.1423
1663,535,31,5,535_chunk_58ec79c7-af55-4b5b-aaa1-4950347a0863,0.3404,0.0685
1663,535,31,6,535_chunk_c2dac4cf-4b82-432a-b538-473dd70a9d3c,0.5755,0.1158
1663,535,31,7,535_chunk_d06206f8-e6b9-4225-b65b-e8b3c1737891,0.5477,0.1102
1663,535,31,8,535_chunk_59d3ab07-16c9-472b-8da0-1f3564c0ec1a,0.1664,0.0335
1663,535,31,9,535_chunk_d44e3ea9-26de-4b02-b5ff-9a131d93e5fd,0.1127,0.0227
1663,535,31,10,535_chunk_7db82936-480f-4488-9097-7a2da5aadfbc,0.178,0.0358
1809,595,0,1,595_chunk_f74dae32-c9f4-49b9-9e09-5d2b2c5dcd49,1.0188,0.2449
1809,595,0,2,595_chunk_88204939-3806-4c56-8192-e5e426dcda24,0.7337,0.1764
1809,595,0,3,595_chunk_bd151145-6751-4c21-9823-9f4d7a47fcc2,0.563,0.1354
1809,595,0,4,595_chunk_81434de2-a88a-418c-a36f-21786acbca0e,0.5286,0.1271
1809,595,0,5,595_chunk_586b5feb-1d9c-4f73-8529-f6885c295443,0.3084,0.0741
1809,595,0,6,595_chunk_29a737dc-0ab9-4a86-8a60-6bfffe7eebf3,0.3686,0.0886
1809,595,0,7,595_chunk_e1739873-9a3d-4b78-8155-fa162afea0f3,0.1781,0.0428
1809,595,0,8,595_chunk_1dbd660d-5850-4a06-b694-bab35fd6acc1,0.2057,0.0495
1809,595,0,9,595_chunk_11634afd-0341-43d9-a9f8-8c0eb3669dee,0.1189,0.0286
1809,595,0,10,595_chunk_fe3a8661-872a-4924-a856-9dfb9c676dd8,0.1356,0.0326
1809,595,4,1,595_chunk_f74dae32-c9f4-49b9-9e09-5d2b2c5dcd49,0.9728,0.2422
1809,595,4,2,595_chunk_88204939-3806-4c56-8192-e5e426dcda24,0.7707,0.1918
1809,595,4,3,595_chunk_bd151145-6751-4c21-9823-9f4d7a47fcc2,0.6086,0.1515
1809,595,4,4,595_chunk_81434de2-a88a-418c-a36f-21786acbca0e,0.4674,0.1164
1809,595,4,5,595_chunk_586b5feb-1d9c-4f73-8529-f6885c295443,0.4049,0.1008
1809,595,4,6,595_chunk_29a737dc-0ab9-4a86-8a60-6bfffe7eebf3,0.306,0.0762
1809,595,4,7,595_chunk_e1739873-9a3d-4b78-8155-fa162afea0f3,0.2117,0.0527
1809,595,4,8,595_chunk_1dbd660d-5850-4a06-b694-bab35fd6acc1,0.1692,0.0421
1809,595,4,9,595_chunk_11634afd-0341-43d9-a9f8-8c0eb3669dee,0.01,0.0025
1809,595,4,10,595_chunk_fe3a8661-872a-4924-a856-9dfb9c676dd8,0.0958,0.0239
1809,595,8,1,595_chunk_f74dae32-c9f4-49b9-9e09-5d2b2c5dcd49,1.1206,0.2403
1809,595,8,2,595_chunk_88204939-3806-4c56-8192-e5e426dcda24,0.818,0.1754
1809,595,8,3,595_chunk_bd151145-6751-4c21-9823-9f4d7a47fcc2,0.6056,0.1299
1809,595,8,4,595_chunk_81434de2-a88a-418c-a36f-21786acbca0e,0.5495,0.1178
1809,595,8,5,595_chunk_586b5feb-1d9c-4f73-8529-f6885c295443,0.369,0.0791
1809,595,8,6,595_chunk_29a737dc-0ab9-4a86-8a60-6bfffe7eebf3,0.4042,0.0867
1809,595,8,7,595_chunk_e1739873-9a3d-4b78-8155-fa162afea0f3,0.1641,0.0352
1809,595,8,8,595_chunk_1dbd660d-5850-4a06-b694-bab35fd6acc1,0.3198,0.0686
1809,595,8,9,595_chunk_11634afd-0341-43d9-a9f8-8c0eb3669dee,0.1711,0.0367
1809,595,8,10,595_chunk_fe3a8661-872a-4924-a856-9dfb9c676dd8,0.1413,0.0303
1809,595,16,1,595_chunk_f74dae32-c9f4-49b9-9e09-5d2b2c5dcd49,1.0219,0.2184
1809,595,16,2,595_chunk_88204939-3806-4c56-8192-e5e426dcda24,0.7798,0.1667
1809,595,16,3,595_chunk_bd151145-6751-4c21-9823-9f4d7a47fcc2,0.6402,0.1368
1809,595,16,4,595_chunk_81434de2-a88a-418c-a36f-21786acbca0e,0.6826,0.1459
1809,595,16,5,595_chunk_586b5feb-1d9c-4f73-8529-f6885c295443,0.3502,0.0748
1809,595,16,6,595_chunk_29a737dc-0ab9-4a86-8a60-6bfffe7eebf3,0.4385,0.0937
1809,595,16,7,595_chunk_e1739873-9a3d-4b78-8155-fa162afea0f3,0.2282,0.0488
1809,595,16,8,595_chunk_1dbd660d-5850-4a06-b694-bab35fd6acc1,0.4319,0.0923
1809,595,16,9,595_chunk_11634afd-0341-43d9-a9f8-8c0eb3669dee,0.0734,0.0157
1809,595,16,10,595_chunk_fe3a8661-872a-4924-a856-9dfb9c676dd8,0.032,0.0068
1809,595,24,1,595_chunk_f74dae32-c9f4-49b9-9e09-5d2b2c5dcd49,1.0082,0.2079
1809,595,24,2,595_chunk_88204939-3806-4c56-8192-e5e426dcda24,0.7813,0.1611
1809,595,24,3,595_chunk_bd151145-6751-4c21-9823-9f4d7a47fcc2,0.6152,0.1269
1809,595,24,4,595_chunk_81434de2-a88a-418c-a36f-21786acbca0e,0.7555,0.1558
1809,595,24,5,595_chunk_586b5feb-1d9c-4f73-8529-f6885c295443,0.3567,0.0736
1809,595,24,6,595_chunk_29a737dc-0ab9-4a86-8a60-6bfffe7eebf3,0.632,0.1303
1809,595,24,7,595_chunk_e1739873-9a3d-4b78-8155-fa162afea0f3,0.1431,0.0295
1809,595,24,8,595_chunk_1dbd660d-5850-4a06-b694-bab35fd6acc1,0.4033,0.0832
1809,595,24,9,595_chunk_11634afd-0341-43d9-a9f8-8c0eb3669dee,0.1302,0.0268
1809,595,24,10,595_chunk_fe3a8661-872a-4924-a856-9dfb9c676dd8,0.0232,0.0048
1809,595,31,1,595_chunk_f74dae32-c9f4-49b9-9e09-5d2b2c5dcd49,0.9912,0.1888
1809,595,31,2,595_chunk_88204939-3806-4c56-8192-e5e426dcda24,0.8619,0.1642
1809,595,31,3,595_chunk_bd151145-6751-4c21-9823-9f4d7a47fcc2,0.6076,0.1157
1809,595,31,4,595_chunk_81434de2-a88a-418c-a36f-21786acbca0e,0.8339,0.1588
1809,595,31,5,595_chunk_586b5feb-1d9c-4f73-8529-f6885c295443,0.3049,0.0581
1809,595,31,6,595_chunk_29a737dc-0ab9-4a86-8a60-6bfffe7eebf3,0.6057,0.1154
1809,595,31,7,595_chunk_e1739873-9a3d-4b78-8155-fa162afea0f3,0.2044,0.0389
1809,595,31,8,595_chunk_1dbd660d-5850-4a06-b694-bab35fd6acc1,0.5079,0.0967
1809,595,31,9,595_chunk_11634afd-0341-43d9-a9f8-8c0eb3669dee,0.1994,0.038
1809,595,31,10,595_chunk_fe3a8661-872a-4924-a856-9dfb9c676dd8,0.1333,0.0254
419,110,0,1,110_chunk_5c50cdaf-3b79-448f-9ff7-23c9f9729a3f,1.0494,0.2452
419,110,0,2,110_chunk_4d0e30dd-b47a-4d85-a5e2-6fbac7264cc8,0.775,0.1811
419,110,0,3,110_chunk_a0314314-ce29-478a-ac3b-c4892e20fad6,0.5905,0.138
419,110,0,4,110_chunk_b771afb4-14ae-42e9-b48d-27c79d686815,0.48,0.1121
419,110,0,5,110_chunk_1a5d527c-3326-45c3-be48-340183683433,0.3261,0.0762
419,110,0,6,110_chunk_fcfa7aae-8fa3-4b40-a47f-8c063f44cf5d,0.391,0.0914
419,110,0,7,110_chunk_9395484a-85da-4e1e-97f3-4207ec4e95f3,0.1427,0.0334
419,110,0,8,110_chunk_7afea951-b653-4cf2-88a8-40514bbba061,0.183,0.0428
419,110,0,9,110_chunk_37f682fd-891a-4ec7-96a9-11ba175824e5,0.2365,0.0553
419,110,0,10,110_chunk_eca22d24-66d0-42c2-94e7-9ce70b1b9ea3,0.1057,0.0247
419,110,4,1,110_chunk_5c50cdaf-3b79-448f-9ff7-23c9f9729a3f,0.9905,0.2305
419,110,4,2,110_chunk_4d0e30dd-b47a-4d85-a5e2-6fbac7264cc8,0.8061,0.1876
419,110,4,3,110_chunk_a0314314-ce29-478a-ac3b-c4892e20fad6,0.6427,0.1496
419,110,4,4,110_chunk_b771afb4-14ae-42e9-b48d-27c79d686815,0.5862,0.1364
419,110,4,5,110_chunk_1a5d527c-3326-45c3-be48-340183683433,0.2573,0.0599
419,110,4,6,110_chunk_fcfa7aae-8fa3-4b40-a47f-8c063f44cf5d,0.3632,0.0845
419,110,4,7,110_chunk_9395484a-85da-4e1e-97f3-4207ec4e95f3,0.1519,0.0354
419,110,4,8,110_chunk_7afea951-b653-4cf2-88a8-40514bbba061,0.2056,0.0478
419,110,4,9,110_chunk_37f682fd-891a-4ec7-96a9-11ba175824e5,0.159,0.037
419,110,4,10,110_chunk_eca22d24-66d0-42c2-94e7-9ce70b1b9ea3,0.1348,0.0314
419,110,8,1,110_chunk_5c50cdaf-3b79-448f-9ff7-23c9f9729a3f,0.9201,0.2014
419,110,8,2,110_chunk_4d0e30dd-b47a-4d85-a5e2-6fbac7264cc8,0.8922,0.1953
419,110,8,3,110_chunk_a0314314-ce29-478a-ac3b-c4892e20fad6,0.7981,0.1747
419,110,8,4,110_chunk_b771afb4-14ae-42e9-b48d-27c79d686815,0.4945,0.1082
419,110,8,5,110_chunk_1a5d527c-3326-45c3-be48-340183683433,0.3774,0.0826
419,110,8,6,110_chunk_fcfa7aae-8fa3-4b40-a47f-8c063f44cf5d,0.2534,0.0555
419,110,8,7,110_chunk_9395484a-85da-4e1e-97f3-4207ec4e95f3,0.2444,0.0535
419,110,8,8,110_chunk_7afea951-b653-4cf2-88a8-40514bbba061,0.2651,0.058
419,110,8,9,110_chunk_37f682fd-891a-4ec7-96a9-11ba175824e5,0.1936,0.0424
419,110,8,10,110_chunk_eca22d24-66d0-42c2-94e7-9ce70b1b9ea3,0.1298,0.0284
419,110,16,1,110_chunk_5c50cdaf-3b79-448f-9ff7-23c9f9729a3f,1.0902,0.2114
419,110,16,2,110_chunk_4d0e30dd-b47a-4d85-a5e2-6fbac7264cc8,0.9499,0.1842
419,110,16,3,110_chunk_a0314314-ce29-478a-ac3b-c4892e20fad6,0.8232,0.1596
419,110,16,4,110_chunk_b771afb4-14ae-42e9-b48d-27c79d686815,0.5883,0.1141
419,110,16,5,110_chunk_1a5d527c-3326-45c3-be48-340183683433,0.3201,0.0621
419,110,16,6,110_chunk_fcfa7aae-8fa3-4b40-a47f-8c063f44cf5d,0.3101,0.0601
419,110,16,7,110_chunk_9395484a-85da-4e1e-97f3-4207ec4e95f3,0.2973,0.0577
419,110,16,8,110_chunk_7afea951-b653-4cf2-88a8-40514bbba061,0.3722,0.0722
419,110,16,9,110_chunk_37f682fd-891a-4ec7-96a9-11ba175824e5,0.3003,0.0582
419,110,16,10,110_chunk_eca22d24-66d0-42c2-94e7-9ce70b1b9ea3,0.1054,0.0204
419,110,24,1,110_chunk_5c50cdaf-3b79-448f-9ff7-23c9f9729a3f,0.9375,0.1689
419,110,24,2,110_chunk_4d0e30dd-b47a-4d85-a5e2-6fbac7264cc8,1.08,0.1946
419,110,24,3,110_chunk_a0314314-ce29-478a-ac3b-c4892e20fad6,0.9216,0.166
419,110,24,4,110_chunk_b771afb4-14ae-42e9-b48d-27c79d686815,0.7207,0.1298
419,110,24,5,110_chunk_1a5d527c-3326-45c3-be48-340183683433,0.3444,0.062
419,110,24,6,110_chunk_fcfa7aae-8fa3-4b40-a47f-8c063f44cf5d,0.2998,0.054
419,110,24,7,110_chunk_9395484a-85da-4e1e-97f3-4207ec4e95f3,0.2013,0.0363
419,110,24,8,110_chunk_7afea951-b653-4cf2-88a8-40514bbba061,0.4414,0.0795
419,110,24,9,110_chunk_37f682fd-891a-4ec7-96a9-11ba175824e5,0.5113,0.0921
419,110,24,10,110_chunk_eca22d24-66d0-42c2-94e7-9ce70b1b9ea3,0.093,0.0168
419,110,31,1,110_chunk_5c50cdaf-3b79-448f-9ff7-23c9f9729a3f,0.9821,0.1662
419,110,31,2,110_chunk_4d0e30dd-b47a-4d85-a5e2-6fbac7264cc8,1.0964,0.1855
419,110,31,3,110_chunk_a0314314-ce29-478a-ac3b-c4892e20fad6,0.9937,0.1682
419,110,31,4,110_chunk_b771afb4-14ae-42e9-b48d-27c79d686815,0.8133,0.1376
419,110,31,5,110_chunk_1a5d527c-3326-45c3-be48-340183683433,0.3354,0.0568
419,110,31,6,110_chunk_fcfa7aae-8fa3-4b40-a47f-8c063f44cf5d,0.3526,0.0597
419,110,31,7,110_chunk_9395484a-85da-4e1e-97f3-4207ec4e95f3,0.2941,0.0498
419,110,31,8,110_chunk_7afea951-b653-4cf2-88a8-40514bbba061,0.4938,0.0836
419,110,31,9,110_chunk_37f682fd-891a-4ec7-96a9-11ba175824e5,0.392,0.0663
419,110,31,10,110_chunk_eca22d24-66d0-42c2-94e7-9ce70b1b9ea3,0.1558,0.0264
1013,298,0,1,298_chunk_c855aed0-1f75-4517-b86c-54e3b104a52c,1.0053,0.2384
1013,298,0,2,298_chunk_132ec1e5-7d43-4050-bc2e-c9d1143d0675,0.808,0.1917
1013,298,0,3,298_chunk_c85e141c-e83f-4bb8-96c0-dc6ae72c7445,0.7054,0.1673
1013,298,0,4,298_chunk_504f25c1-6216-4d40-ba95-73b4c00d5c26,0.3942,0.0935
1013,298,0,5,298_chunk_bad94a03-1f43-4bf6-9244-fecd8a2e587f,0.4487,0.1064
1013,298,0,6,298_chunk_6c9369c4-cc7c-40dc-8ac6-803ad9972165,0.2917,0.0692
1013,298,0,7,298_chunk_33e1a2fa-2723-49fb-9c6f-16bbeb460415,0.1782,0.0423
1013,298,0,8,298_chunk_98ab2d5b-f4fa-43c7-b4e0-9de840699ae7,0.1073,0.0254
1013,298,0,9,298_chunk_d9d3cda8-9bb5-47cf-bce1-5fea4a75407b,0.1259,0.0299
1013,298,0,10,298_chunk_985c3a66-cfb5-41d2-8d06-b748394219bc,0.1515,0.0359
1013,298,4,1,298_chunk_c855aed0-1f75-4517-b86c-54e3b104a52c,1.0388,0.2506
1013,298,4,2,298_chunk_132ec1e5-7d43-4050-bc2e-c9d1143d0675,0.8995,0.217
1013,298,4,3,298_chunk_c85e141c-e83f-4bb8-96c0-dc6ae72c7445,0.534,0.1288
1013,298,4,4,298_chunk_504f25c1-6216-4d40-ba95-73b4c00d5c26,0.4718,0.1138
1013,298,4,5,298_chunk_bad94a03-1f43-4bf6-9244-fecd8a2e587f,0.3053,0.0737
1013,298,4,6,298_chunk_6c9369c4-cc7c-40dc-8ac6-803ad9972165,0.3047,0.0735
1013,298,4,7,298_chunk_33e1a2fa-2723-49fb-9c6f-16bbeb460415,0.2675,0.0645
1013,298,4,8,298_chunk_98ab2d5b-f4fa-43c7-b4e0-9de840699ae7,0.1979,0.0477
1013,298,4,9,298_chunk_d9d3cda8-9bb5-47cf-bce1-5fea4a75407b,0.01,0.0024
1013,298,4,10,298_chunk_985c3a66-cfb5-41d2-8d06-b748394219bc,0.1153,0.0278
1013,298,8,1,298_chunk_c855aed0-1f75-4517-b86c-54e3b104a52c,1.1122,0.2492
1013,298,8,2,298_chunk_132ec1e5-7d43-4050-bc2e-c9d1143d0675,0.8893,0.1993
1013,298,8,3,298_chunk_c85e141c-e83f-4bb8-96c0-dc6ae72c7445,0.6683,0.1498
1013,298,8,4,298_chunk_504f25c1-6216-4d40-ba95-73b4c00d5c26,0.4188,0.0939
1013,298,8,5,298_chunk_bad94a03-1f43-4bf6-9244-fecd8a2e587f,0.4019,0.0901
1013,298,8,6,298_chunk_6c9369c4-cc7c-40dc-8ac6-803ad9972165,0.3461,0.0776
1013,298,8,7,298_chunk_33e1a2fa-2723-49fb-9c6f-16bbeb460415,0.1342,0.0301
1013,298,8,8,298_chunk_98ab2d5b-f4fa-43c7-b4e0-9de840699ae7,0.2801,0.0628
1013,298,8,9,298_chunk_d9d3cda8-9bb5-47cf-bce1-5fea4a75407b,0.1101,0.0247
1013,298,8,10,298_chunk_985c3a66-cfb5-41d2-8d06-b748394219bc,0.1013,0.0227
1013,298,16,1,298_chunk_c855aed0-1f75-4517-b86c-54e3b104a52c,1.198,0.2618
1013,298,16,2,298_chunk_132ec1e5-7d43-4050-bc2e-c9d1143d0675,0.9351,0.2043
1013,298,16,3,298_chunk_c85e141c-e83f-4bb8-96c0-dc6ae72c7445,0.5727,0.1251
1013,298,16,4,298_chunk_504f25c1-6216-4d40-ba95-73b4c00d5c26,0.4741,0.1036
1013,298,16,5,298_chunk_bad94a03-1f43-4bf6-9244-fecd8a2e587f,0.3135,0.0685
1013,298,16,6,298_chunk_6c9369c4-cc7c-40dc-8ac6-803ad9972165,0.2322,0.0507
1013,298,16,7,298_chunk_33e1a2fa-2723-49fb-9c6f-16bbeb460415,0.2571,0.0562
1013,298,16,8,298_chunk_98ab2d5b-f4fa-43c7-b4e0-9de840699ae7,0.297,0.0649
1013,298,16,9,298_chunk_d9d3cda8-9bb5-47cf-bce1-5fea4a75407b,0.1687,0.0368
1013,298,16,10,298_chunk_985c3a66-cfb5-41d2-8d06-b748394219bc,0.1285,0.0281
1013,298,24,1,298_chunk_c855aed0-1f75-4517-b86c-54e3b104a52c,1.1847,0.2407
1013,298,24,2,298_chunk_132ec1e5-7d43-4050-bc2e-c9d1143d0675,1.0159,0.2064
1013,298,24,3,298_chunk_c85e141c-e83f-4bb8-96c0-dc6ae72c7445,0.6662,0.1354
1013,298,24,4,298_chunk_504f25c1-6216-4d40-ba95-73b4c00d5c26,0.4233,0.086
1013,298,24,5,298_chunk_bad94a03-1f43-4bf6-9244-fecd8a2e587f,0.3447,0.07
1013,298,24,6,298_chunk_6c9369c4-cc7c-40dc-8ac6-803ad9972165,0.3096,0.0629
1013,298,24,7,298_chunk_33e1a2fa-2723-49fb-9c6f-16bbeb460415,0.2623,0.0533
1013,298,24,8,298_chunk_98ab2d5b-f4fa-43c7-b4e0-9de840699ae7,0.4322,0.0878
1013,298,24,9,298_chunk_d9d3cda8-9bb5-47cf-bce1-5fea4a75407b,0.1055,0.0214
1013,298,24,10,298_chunk_985c3a66-cfb5-41d2-8d06-b748394219bc,0.1765,0.0359
1013,298,31,1,298_chunk_c855aed0-1f75-4517-b86c-54e3b104a52c,1.4369,0.2695
1013,298,31,2,298_chunk_132ec1e5-7d43-4050-bc2e-c9d1143d0675,1.1777,0.2209
1013,298,31,3,298_chunk_c85e141c-e83f-4bb8-96c0-dc6ae72c7445,0.6108,0.1145
1013,298,31,4,298_chunk_504f25c1-6216-4d40-ba95-73b4c00d5c26,0.432,0.081
1013,298,31,5,298_chunk_bad94a03-1f43-4bf6-9244-fecd8a2e587f,0.3264,0.0612
1013,298,31,6,298_chunk_6c9369c4-cc7c-40dc-8ac6-803ad9972165,0.3126,0.0586
1013,298,31,7,298_chunk_33e1a2fa-2723-49fb-9c6f-16bbeb460415,0.2441,0.0458
1013,298,31,8,298_chunk_98ab2d5b-f4fa-43c7-b4e0-9de840699ae7,0.5939,0.1114
1013,298,31,9,298_chunk_d9d3cda8-9bb5-47cf-bce1-5fea4a75407b,0.1679,0.0315
1013,298,31,10,298_chunk_985c3a66-cfb5-41d2-8d06-b748394219bc,0.0302,0.0057
1705,549,0,1,549_chunk_ed762cac-b639-472a-bafe-b4dda5b1337e,0.984,0.2319
1705,549,0,2,549_chunk_be21a257-b1a7-4e8a-9e2d-783205dcdb6a,0.8686,0.2047
1705,549,0,3,549_chunk_1aeb7ac5-70c6-4544-8df5-91cc692f2d07,0.618,0.1457
1705,549,0,4,549_chunk_109a5715-e11c-4106-9bc8-2d1b86b6c084,0.4973,0.1172
1705,549,0,5,549_chunk_63e21c32-2cd7-4791-89e6-75fe7a4ad0fb,0.4012,0.0946
1705,549,0,6,549_chunk_0fa27e0a-4a57-425e-870d-09666cbb9278,0.3076,0.0725
1705,549,0,7,549_chunk_ef99fd2f-124a-4e82-9350-fb8db04e6c7c,0.2651,0.0625
1705,549,0,8,549_chunk_c5417062-174e-435b-908b-88332a7fe709,0.1429,0.0337
1705,549,0,9,549_chunk_bbaa2846-9415-45c0-95a8-d426406bca05,0.1074,0.0253
1705,549,0,10,549_chunk_39a62b67-617c-4205-9e76-5c6a1ea60ac9,0.0504,0.0119
1705,549,4,1,549_chunk_ed762cac-b639-472a-bafe-b4dda5b1337e,1.022,0.2277
1705,549,4,2,549_chunk_be21a257-b1a7-4e8a-9e2d-783205dcdb6a,0.8629,0.1922
1705,549,4,3,549_chunk_1aeb7ac5-70c6-4544-8df5-91cc692f2d07,0.6294,0.1402
1705,549,4,4,549_chunk_109a5715-e11c-4106-9bc8-2d1b86b6c084,0.5561,0.1239
1705,549,4,5,549_chunk_63e21c32-2cd7-4791-89e6-75fe7a4ad0fb,0.3676,0.0819
1705,549,4,6,549_chunk_0fa27e0a-4a57-425e-870d-09666cbb9278,0.3651,0.0813
1705,549,4,7,549_chunk_ef99fd2f-124a-4e82-9350-fb8db04e6c7c,0.1685,0.0375
1705,549,4,8,549_chunk_c5417062-174e-435b-908b-88332a7fe709,0.1996,0.0445
1705,549,4,9,549_chunk_bbaa2846-9415-45c0-95a8-d426406bca05,0.1701,0.0379
1705,549,4,10,549_chunk_39a62b67-617c-4205-9e76-5c6a1ea60ac9,0.1479,0.0329
1705,549,8,1,549_chunk_ed762cac-b639-472a-bafe-b4dda5b1337e,0.9853,0.2251
1705,549,8,2,549_chunk_be21a257-b1a7-4e8a-9e2d-783205dcdb6a,0.8655,0.1978
1705,549,8,3,549_chunk_1aeb7ac5-70c6-4544-8df5-91cc692f2d07,0.5306,0.1212
1705,549,8,4,549_chunk_109a5715-e11c-4106-9bc8-2d1b86b6c084,0.4545,0.1038
1705,549,8,5,549_chunk_63e21c32-2cd7-4791-89e6-75fe7a4ad0fb,0.4124,0.0942
1705,549,8,6,549_chunk_0fa27e0a-4a57-425e-870d-09666cbb9278,0.4056,0.0927
1705,549,8,7,549_chunk_ef99fd2f-124a-4e82-9350-fb8db04e6c7c,0.2482,0.0567
1705,549,8,8,549_chunk_c5417062-174e-435b-908b-88332a7fe709,0.2666,0.0609
1705,549,8,9,549_chunk_bbaa2846-9415-45c0-95a8-d426406bca05,0.1357,0.031
1705,549,8,10,549_chunk_39a62b67-617c-4205-9e76-5c6a1ea60ac9,0.0724,0.0165
1705,549,16,1,549_chunk_ed762cac-b639-472a-bafe-b4dda5b1337e,1.0349,0.223
1705,549,16,2,549_chunk_be21a257-b1a7-4e8a-9e2d-783205dcdb6a,0.9805,0.2113
1705,549,16,3,549_chunk_1aeb7ac5-70c6-4544-8df5-91cc692f2d07,0.6311,0.136
1705,549,16,4,549_chunk_109a5715-e11c-4106-9bc8-2d1b86b6c084,0.4461,0.0961
1705,549,16,5,549_chunk_63e21c32-2cd7-4791-89e6-75fe7a4ad0fb,0.2602,0.0561
1705,549,16,6,549_chunk_0fa27e0a-4a57-425e-870d-09666cbb9278,0.522,0.1125
1705,549,16,7,549_chunk_ef99fd2f-124a-4e82-9350-fb8db04e6c7c,0.1992,0.0429
1705,549,16,8,549_chunk_c5417062-174e-435b-908b-88332a7fe709,0.3113,0.0671
1705,549,16,9,549_chunk_bbaa2846-9415-45c0-95a8-d426406bca05,0.17,0.0366
1705,549,16,10,549_chunk_39a62b67-617c-4205-9e76-5c6a1ea60ac9,0.0858,0.0185
1705,549,24,1,549_chunk_ed762cac-b639-472a-bafe-b4dda5b1337e,1.053,0.2103
1705,549,24,2,549_chunk_be21a257-b1a7-4e8a-9e2d-783205dcdb6a,1.0806,0.2159
1705,549,24,3,549_chunk_1aeb7ac5-70c6-4544-8df5-91cc692f2d07,0.6407,0.128
1705,549,24,4,549_chunk_109a5715-e11c-4106-9bc8-2d1b86b6c084,0.4041,0.0807
1705,549,24,5,549_chunk_63e21c32-2cd7-4791-89e6-75fe7a4ad0fb,0.4285,0.0856
1705,549,24,6,549_chunk_0fa27e0a-4a57-425e-870d-09666cbb9278,0.5705,0.114
1705,549,24,7,549_chunk_ef99fd2f-124a-4e82-9350-fb8db04e6c7c,0.2047,0.0409
1705,549,24,8,549_chunk_c5417062-174e-435b-908b-88332a7fe709,0.4519,0.0903
1705,549,24,9,549_chunk_bbaa2846-9415-45c0-95a8-d426406bca05,0.0465,0.0093
1705,549,24,10,549_chunk_39a62b67-617c-4205-9e76-5c6a1ea60ac9,0.1258,0.0251
1705,549,31,1,549_chunk_ed762cac-b639-472a-bafe-b4dda5b1337e,0.9485,0.1897
1705,549,31,2,549_chunk_be21a257-b1a7-4e8a-9e2d-783205dcdb6a,1.0612,0.2123
1705,549,31,3,549_chunk_1aeb7ac5-70c6-4544-8df5-91cc692f2d07,0.5304,0.1061
1705,549,31,4,549_chunk_109a5715-e11c-4106-9bc8-2d1b86b6c084,0.528,0.1056
1705,549,31,5,549_chunk_63e21c32-2cd7-4791-89e6-75fe7a4ad0fb,0.3364,0.0673
1705,549,31,6,549_chunk_0fa27e0a-4a57-425e-870d-09666cbb9278,0.7132,0.1427
1705,549,31,7,549_chunk_ef99fd2f-124a-4e82-9350-fb8db04e6c7c,0.1963,0.0393
1705,549,31,8,549_chunk_c5417062-174e-435b-908b-88332a7fe709,0.4384,0.0877
1705,549,31,9,549_chunk_bbaa2846-9415-45c0-95a8-d426406bca05,0.0795,0.0159
1705,549,31,10,549_chunk_39a62b67-617c-4205-9e76-5c6a1ea60ac9,0.1672,0.0334
2196,794,0,1,794_chunk_f551d831-c0d5-4410-b1e3-ed0ce51a408d,0.9518,0.2338
2196,794,0,2,794_chunk_c129355d-fd7b-463d-b376-b24433331bf5,0.7309,0.1796
2196,794,0,3,794_chunk_73f1819e-8d9b-40c4-9c0d-829817c0d140,0.6237,0.1532
2196,794,0,4,794_chunk_a9ce98f8-129c-4ebe-9c57-0c576af9009b,0.4699,0.1154
2196,794,0,5,794_chunk_e865918e-0b0b-48af-a454-59772fe9df69,0.3695,0.0908
2196,794,0,6,794_chunk_2d49a49f-9e97-4e23-a31b-0f030626f114,0.2486,0.0611
2196,794,0,7,794_chunk_6a1f3ef8-57b1-45e5-a9c4-190340e55ea2,0.2116,0.052
2196,794,0,8,794_chunk_0b2337b1-02a2-4a5c-8f7e-a4bc42adf8c1,0.1276,0.0313
2196,794,0,9,794_chunk_93cd81d5-081d-4657-acdf-f625b76f0f7c,0.1798,0.0442
2196,794,0,10,794_chunk_9d8b3e5d-181d-4630-bbd0-a2ddad8963b0,0.1572,0.0386
2196,794,4,1,794_chunk_f551d831-c0d5-4410-b1e3-ed0ce51a408d,0.9077,0.2424
2196,794,4,2,794_chunk_c129355d-fd7b-463d-b376-b24433331bf5,0.7323,0.1956
2196,794,4,3,794_chunk_73f1819e-8d9b-40c4-9c0d-829817c0d140,0.5317,0.142
2196,794,4,4,794_chunk_a9ce98f8-129c-4ebe-9c57-0c576af9009b,0.4399,0.1175
2196,794,4,5,794_chunk_e865918e-0b0b-48af-a454-59772fe9df69,0.3637,0.0971
2196,794,4,6,794_chunk_2d49a49f-9e97-4e23-a31b-0f030626f114,0.214,0.0572
2196,794,4,7,794_chunk_6a1f3ef8-57b1-45e5-a9c4-190340e55ea2,0.177,0.0473
2196,794,4,8,794_chunk_0b2337b1-02a2-4a5c-8f7e-a4bc42adf8c1,0.1236,0.033
2196,794,4,9,794_chunk_93cd81d5-081d-4657-acdf-f625b76f0f7c,0.1457,0.0389
2196,794,4,10,794_chunk_9d8b3e5d-181d-4630-bbd0-a2ddad8963b0,0.1089,0.0291
2196,794,8,1,794_chunk_f551d831-c0d5-4410-b1e3-ed0ce51a408d,0.9639,0.2299
2196,794,8,2,794_chunk_c129355d-fd7b-463d-b376-b24433331bf5,0.7876,0.1879
2196,794,8,3,794_chunk_73f1819e-8d9b-40c4-9c0d-829817c0d140,0.5792,0.1382
2196,794,8,4,794_chunk_a9ce98f8-129c-4ebe-9c57-0c576af9009b,0.4588,0.1094
2196,794,8,5,794_chunk_e865918e-0b0b-48af-a454-59772fe9df69,0.4516,0.1077
2196,794,8,6,794_chunk_2d49a49f-9e97-4e23-a31b-0f030626f114,0.3535,0.0843
2196,794,8,7,794_chunk_6a1f3ef8-57b1-45e5-a9c4-190340e55ea2,0.1582,0.0377
2196,794,8,8,794_chunk_0b2337b1-02a2-4a5c-8f7e-a4bc42adf8c1,0.2153,0.0514
2196,794,8,9,794_chunk_93cd81d5-081d-4657-acdf-f625b76f0f7c,0.1759,0.042
2196,794,8,10,794_chunk_9d8b3e5d-181d-4630-bbd0-a2ddad8963b0,0.048,0.0114
2196,794,16,1,794_chunk_f551d831-c0d5-4410-b1e3-ed0ce51a408d,1.0409,0.2462
2196,794,16,2,794_chunk_c129355d-fd7b-463d-b376-b24433331bf5,0.8557,0.2024
2196,794,16,3,794_chunk_73f1819e-8d9b-40c4-9c0d-829817c0d140,0.5504,0.1302
2196,794,16,4,794_chunk_a9ce98f8-129c-4ebe-9c57-0c576af9009b,0.4265,0.1009
2196,794,16,5,794_chunk_e865918e-0b0b-48af-a454-59772fe9df69,0.4188,0.099
2196,794,16,6,794_chunk_2d49a49f-9e97-4e23-a31b-0f030626f114,0.3001,0.071
2196,794,16,7,794_chunk_6a1f3ef8-57b1-45e5-a9c4-190340e55ea2,0.2507,0.0593
2196,794,16,8,794_chunk_0b2337b1-02a2-4a5c-8f7e-a4bc42adf8c1,0.1908,0.0451
2196,794,16,9,794_chunk_93cd81d5-081d-4657-acdf-f625b76f0f7c,0.1549,0.0366
2196,794,16,10,794_chunk_9d8b3e5d-181d-4630-bbd0-a2ddad8963b0,0.0391,0.0092
2196,794,24,1,794_chunk_f551d831-c0d5-4410-b1e3-ed0ce51a408d,1.0524,0.247
2196,794,24,2,794_chunk_c129355d-fd7b-463d-b376-b24433331bf5,0.8373,0.1965
2196,794,24,3,794_chunk_73f1819e-8d9b-40c4-9c0d-829817c0d140,0.5951,0.1397
2196,794,24,4,794_chunk_a9ce98f8-129c-4ebe-9c57-0c576af9009b,0.4702,0.1103
2196,794,24,5,794_chunk_e865918e-0b0b-48af-a454-59772fe9df69,0.2913,0.0684
2196,794,24,6,794_chunk_2d49a49f-9e97-4e23-a31b-0f030626f114,0.3122,0.0733
2196,794,24,7,794_chunk_6a1f3ef8-57b1-45e5-a9c4-190340e55ea2,0.2517,0.0591
2196,794,24,8,794_chunk_0b2337b1-02a2-4a5c-8f7e-a4bc42adf8c1,0.1707,0.0401
2196,794,24,9,794_chunk_93cd81d5-081d-4657-acdf-f625b76f0f7c,0.1916,0.045
2196,794,24,10,794_chunk_9d8b3e5d-181d-4630-bbd0-a2ddad8963b0,0.0887,0.0208
2196,794,31,1,794_chunk_f551d831-c0d5-4410-b1e3-ed0ce51a408d,1.0282,0.2544
2196,794,31,2,794_chunk_c129355d-fd7b-463d-b376-b24433331bf5,0.7278,0.18
2196,794,31,3,794_chunk_73f1819e-8d9b-40c4-9c0d-829817c0d140,0.6054,0.1498
2196,794,31,4,794_chunk_a9ce98f8-129c-4ebe-9c57-0c576af9009b,0.4636,0.1147
2196,794,31,5,794_chunk_e865918e-0b0b-48af-a454-59772fe9df69,0.3791,0.0938
2196,794,31,6,794_chunk_2d49a49f-9e97-4e23-a31b-0f030626f114,0.268,0.0663
2196,794,31,7,794_chunk_6a1f3ef8-57b1-45e5-a9c4-190340e55ea2,0.2166,0.0536
2196,794,31,8,794_chunk_0b2337b1-02a2-4a5c-8f7e-a4bc42adf8c1,0.2151,0.0532
2196,794,31,9,794_chunk_93cd81d5-081d-4657-acdf-f625b76f0f7c,0.1135,0.0281
2196,794,31,10,794_chunk_9d8b3e5d-181d-4630-bbd0-a2ddad8963b0,0.0251,0.0062
1264,388,0,1,388_chunk_48f14534-2fc4-4386-9c8a-e0dabda342ee,0.9542,0.2292
1264,388,0,2,388_chunk_e5153ac5-1a72-4953-95b4-5c864c548011,0.7372,0.1771
1264,388,0,3,388_chunk_65997b18-4158-49f8-b372-8379fa351d1c,0.6032,0.1449
1264,388,0,4,388_chunk_101afee1-9d47-405f-9449-a2087221847f,0.4366,0.1049
1264,388,0,5,388_chunk_99787873-d8ce-4a83-8de0-d9d73504451e,0.402,0.0966
1264,388,0,6,388_chunk_13e2dd14-87d1-4d98-9d99-8a3a4c9680dc,0.3609,0.0867
1264,388,0,7,388_chunk_edf4bffc-7659-436e-a825-7595c9105d67,0.1941,0.0466
1264,388,0,8,388_chunk_4c6c4aae-37f1-4a23-b14e-378d4f92d842,0.1857,0.0446
1264,388,0,9,388_chunk_78af6ebb-9991-4530-a79f-5f596b55da23,0.1603,0.0385
1264,388,0,10,388_chunk_b2ca81b2-9c86-4b09-8cc1-582967ede7d2,0.129,0.031
1264,388,4,1,388_chunk_48f14534-2fc4-4386-9c8a-e0dabda342ee,1.0038,0.2374
1264,388,4,2,388_chunk_e5153ac5-1a72-4953-95b4-5c864c548011,0.8159,0.193
1264,388,4,3,388_chunk_65997b18-4158-49f8-b372-8379fa351d1c,0.6306,0.1492
1264,388,4,4,388_chunk_101afee1-9d47-405f-9449-a2087221847f,0.4105,0.0971
1264,388,4,5,388_chunk_99787873-d8ce-4a83-8de0-d9d73504451e,0.4113,0.0973
1264,388,4,6,388_chunk_13e2dd14-87d1-4d98-9d99-8a3a4c9680dc,0.3309,0.0783
1264,388,4,7,388_chunk_edf4bffc-7659-436e-a825-7595c9105d67,0.185,0.0437
1264,388,4,8,388_chunk_4c6c4aae-37f1-4a23-b14e-378d4f92d842,0.1757,0.0415
1264,388,4,9,388_chunk_78af6ebb-9991-4530-a79f-5f596b55da23,0.1695,0.0401
1264,388,4,10,388_chunk_b2ca81b2-9c86-4b09-8cc1-582967ede7d2,0.0949,0.0225
1264,388,8,1,388_chunk_48f14534-2fc4-4386-9c8a-e0dabda342ee,1.0536,0.2454
1264,388,8,2,388_chunk_e5153ac5-1a72-4953-95b4-5c864c548011,0.897,0.2089
1264,388,8,3,388_chunk_65997b18-4158-49f8-b372-8379fa351d1c,0.5672,0.1321
1264,388,8,4,388_chunk_101afee1-9d47-405f-9449-a2087221847f,0.4033,0.0939
1264,388,8,5,388_chunk_99787873-d8ce-4a83-8de0-d9d73504451e,0.3831,0.0892
1264,388,8,6,388_chunk_13e2dd14-87d1-4d98-9d99-8a3a4c9680dc,0.3226,0.0751
1264,388,8,7,388_chunk_edf4bffc-7659-436e-a825-7595c9105d67,0.2116,0.0493
1264,388,8,8,388_chunk_4c6c4aae-37f1-4a23-b14e-378d4f92d842,0.2464,0.0574
1264,388,8,9,388_chunk_78af6ebb-9991-4530-a79f-5f596b55da23,0.0684,0.0159
1264,388,8,10,388_chunk_b2ca81b2-9c86-4b09-8cc1-582967ede7d2,0.14,0.0326
1264,388,16,1,388_chunk_48f14534-2fc4-4386-9c8a-e0dabda342ee,0.9697,0.2327
1264,388,16,2,388_chunk_e5153ac5-1a72-4953-95b4-5c864c548011,0.8648,0.2076
1264,388,16,3,388_chunk_65997b18-4158-49f8-b372-8379fa351d1c,0.7062,0.1695
1264,388,16,4,388_chunk_101afee1-9d47-405f-9449-a2087221847f,0.434,0.1042
1264,388,16,5,388_chunk_99787873-d8ce-4a83-8de0-d9d73504451e,0.3404,0.0817
1264,388,16,6,388_chunk_13e2dd14-87d1-4d98-9d99-8a3a4c9680dc,0.3295,0.0791
1264,388,16,7,388_chunk_edf4bffc-7659-436e-a825-7595c9105d67,0.2038,0.0489
1264,388,16,8,388_chunk_4c6c4aae-37f1-4a23-b14e-378d4f92d842,0.1715,0.0412
1264,388,16,9,388_chunk_78af6ebb-9991-4530-a79f-5f596b55da23,0.1366,0.0328
1264,388,16,10,388_chunk_b2ca81b2-9c86-4b09-8cc1-582967ede7d2,0.01,0.0024
1264,388,24,1,388_chunk_48f14534-2fc4-4386-9c8a-e0dabda342ee,0.9993,0.2397
1264,388,24,2,388_chunk_e5153ac5-1a72-4953-95b4-5c864c548011,0.7443,0.1786
1264,388,24,3,388_chunk_65997b18-4158-49f8-b372-8379fa351d1c,0.5819,0.1396
1264,388,24,4,388_chunk_101afee1-9d47-405f-9449-a2087221847f,0.5445,0.1306
1264,388,24,5,388_chunk_99787873-d8ce-4a83-8de0-d9d73504451e,0.3051,0.0732
1264,388,24,6,388_chunk_13e2dd14-87d1-4d98-9d99-8a3a4c9680dc,0.3272,0.0785
1264,388,24,7,388_chunk_edf4bffc-7659-436e-a825-7595c9105d67,0.2092,0.0502
1264,388,24,8,388_chunk_4c6c4aae-37f1-4a23-b14e-378d4f92d842,0.1598,0.0383
1264,388,24,9,388_chunk_78af6ebb-9991-4530-a79f-5f596b55da23,0.1749,0.0419
1264,388,24,10,388_chunk_b2ca81b2-9c86-4b09-8cc1-582967ede7d2,0.1224,0.0294
1264,388,31,1,388_chunk_48f14534-2fc4-4386-9c8a-e0dabda342ee,1.0285,0.2472
1264,388,31,2,388_chunk_e5153ac5-1a72-4953-95b4-5c864c548011,0.8272,0.1989
1264,388,31,3,388_chunk_65997b18-4158-49f8-b372-8379fa351d1c,0.59,0.1418
1264,388,31,4,388_chunk_101afee1-9d47-405f-9449-a2087221847f,0.4418,0.1062
1264,388,31,5,388_chunk_99787873-d8ce-4a83-8de0-d9d73504451e,0.3136,0.0754
1264,388,31,6,388_chunk_13e2dd14-87d1-4d98-9d99-8a3a4c9680dc,0.2452,0.059
1264,388,31,7,388_chunk_edf4bffc-7659-436e-a825-7595c9105d67,0.3706,0.0891
1264,388,31,8,388_chunk_4c6c4aae-37f1-4a23-b14e-378d4f92d842,0.236,0.0567
1264,388,31,9,388_chunk_78af6ebb-9991-4530-a79f-5f596b55da23,0.0678,0.0163
1264,388,31,10,388_chunk_b2ca81b2-9c86-4b09-8cc1-582967ede7d2,0.0393,0.0094
1213,372,0,1,372_chunk_7396a223-43a5-472e-9422-6a5d87578e83,1.0088,0.2253
1213,372,0,2,372_chunk_12c09c17-3f01-45ec-afe9-93f44138c11f,0.9281,0.2072
1213,372,0,3,372_chunk_c8c1226a-ff56-46cd-89ac-c5d6671b08de,0.6249,0.1395
1213,372,0,4,372_chunk_466963b3-af0a-4f83-a577-651de549fee8,0.4567,0.102
1213,372,0,5,372_chunk_9bf594fa-44f5-45d6-a1b5-7ec3b5e28308,0.414,0.0924
1213,372,0,6,372_chunk_cc195c3e-c1d7-4bc1-b080-39659fcd9676,0.3106,0.0694
1213,372,0,7,372_chunk_bb9b7239-57b7-4542-8a8f-249e4be677f1,0.2441,0.0545
1213,372,0,8,372_chunk_02781738-568d-4c1b-bcf9-f18d44ef8ec1,0.2041,0.0456
1213,372,0,9,372_chunk_9359c15d-64a4-422c-9a56-cc243509cdb6,0.2382,0.0532
1213,372,0,10,372_chunk_7166197c-8fe6-4fbe-9dab-457c0cd28d51,0.0489,0.0109
1213,372,4,1,372_chunk_7396a223-43a5-472e-9422-6a5d87578e83,1.0237,0.2492
1213,372,4,2,372_chunk_12c09c17-3f01-45ec-afe9-93f44138c11f,0.7325,0.1783
1213,372,4,3,372_chunk_c8c1226a-ff56-46cd-89ac-c5d6671b08de,0.6343,0.1544
1213,372,4,4,372_chunk_466963b3-af0a-4f83-a577-651de549fee8,0.4264,0.1038
1213,372,4,5,372_chunk_9bf594fa-44f5-45d6-a1b5-7ec3b5e28308,0.347,0.0845
1213,372,4,6,372_chunk_cc195c3e-c1d7-4bc1-b080-39659fcd9676,0.2718,0.0661
1213,372,4,7,372_chunk_bb9b7239-57b7-4542-8a8f-249e4be677f1,0.2719,0.0662
1213,372,4,8,372_chunk_02781738-568d-4c1b-bcf9-f18d44ef8ec1,0.2197,0.0535
1213,372,4,9,372_chunk_9359c15d-64a4-422c-9a56-cc243509cdb6,0.073,0.0178
1213,372,4,10,372_chunk_7166197c-8fe6-4fbe-9dab-457c0cd28d51,0.1081,0.0263
1213,372,8,1,372_chunk_7396a223-43a5-472e-9422-6a5d87578e83,0.9645,0.2282
1213,372,8,2,372_chunk_12c09c17-3f01-45ec-afe9-93f44138c11f,0.7159,0.1694
1213,372,8,3,372_chunk_c8c1226a-ff56-46cd-89ac-c5d6671b08de,0.5957,0.1409
1213,372,8,4,372_chunk_466963b3-af0a-4f83-a577-651de549fee8,0.4569,0.1081
1213,372,8,5,372_chunk_9bf594fa-44f5-45d6-a1b5-7ec3b5e28308,0.4892,0.1158
1213,372,8,6,372_chunk_cc195c3e-c1d7-4bc1-b080-39659fcd9676,0.3082,0.0729
1213,372,8,7,372_chunk_bb9b7239-57b7-4542-8a8f-249e4be677f1,0.1542,0.0365
1213,372,8,8,372_chunk_02781738-568d-4c1b-bcf9-f18d44ef8ec1,0.1455,0.0344
1213,372,8,9,372_chunk_9359c15d-64a4-422c-9a56-cc243509cdb6,0.1864,0.0441
1213,372,8,10,372_chunk_7166197c-8fe6-4fbe-9dab-457c0cd28d51,0.2098,0.0496
1213,372,16,1,372_chunk_7396a223-43a5-472e-9422-6a5d87578e83,0.9207,0.23
1213,372,16,2,372_chunk_12c09c17-3f01-45ec-afe9-93f44138c11f,0.6848,0.171
1213,372,16,3,372_chunk_c8c1226a-ff56-46cd-89ac-c5d6671b08de,0.7001,0.1749
1213,372,16,4,372_chunk_466963b3-af0a-4f83-a577-651de549fee8,0.4918,0.1228
1213,372,16,5,372_chunk_9bf594fa-44f5-45d6-a1b5-7ec3b5e28308,0.3245,0.081
1213,372,16,6,372_chunk_cc195c3e-c1d7-4bc1-b080-39659fcd9676,0.3132,0.0782
1213,372,16,7,372_chunk_bb9b7239-57b7-4542-8a8f-249e4be677f1,0.0913,0.0228
1213,372,16,8,372_chunk_02781738-568d-4c1b-bcf9-f18d44ef8ec1,0.1739,0.0434
1213,372,16,9,372_chunk_9359c15d-64a4-422c-9a56-cc243509cdb6,0.1517,0.0379
1213,372,16,10,372_chunk_7166197c-8fe6-4fbe-9dab-457c0cd28d51,0.1516,0.0379
1213,372,24,1,372_chunk_7396a223-43a5-472e-9422-6a5d87578e83,0.9493,0.2362
1213,372,24,2,372_chunk_12c09c17-3f01-45ec-afe9-93f44138c11f,0.7831,0.1949
1213,372,24,3,372_chunk_c8c1226a-ff56-46cd-89ac-c5d6671b08de,0.5603,0.1394
1213,372,24,4,372_chunk_466963b3-af0a-4f83-a577-651de549fee8,0.4851,0.1207
1213,372,24,5,372_chunk_9bf594fa-44f5-45d6-a1b5-7ec3b5e28308,0.3231,0.0804
1213,372,24,6,372_chunk_cc195c3e-c1d7-4bc1-b080-39659fcd9676,0.2661,0.0662
1213,372,24,7,372_chunk_bb9b7239-57b7-4542-8a8f-249e4be677f1,0.1733,0.0431
1213,372,24,8,372_chunk_02781738-568d-4c1b-bcf9-f18d44ef8ec1,0.2063,0.0513
1213,372,24,9,372_chunk_9359c15d-64a4-422c-9a56-cc243509cdb6,0.1783,0.0444
1213,372,24,10,372_chunk_7166197c-8fe6-4fbe-9dab-457c0cd28d51,0.0937,0.0233
1213,372,31,1,372_chunk_7396a223-43a5-472e-9422-6a5d87578e83,1.0019,0.2297
1213,372,31,2,372_chunk_12c09c17-3f01-45ec-afe9-93f44138c11f,0.7064,0.1619
1213,372,31,3,372_chunk_c8c1226a-ff56-46cd-89ac-c5d6671b08de,0.5915,0.1356
1213,372,31,4,372_chunk_466963b3-af0a-4f83-a577-651de549fee8,0.4699,0.1077
1213,372,31,5,372_chunk_9bf594fa-44f5-45d6-a1b5-7ec3b5e28308,0.4989,0.1144
1213,372,31,6,372_chunk_cc195c3e-c1d7-4bc1-b080-39659fcd9676,0.2309,0.0529
1213,372,31,7,372_chunk_bb9b7239-57b7-4542-8a8f-249e4be677f1,0.2963,0.0679
1213,372,31,8,372_chunk_02781738-568d-4c1b-bcf9-f18d44ef8ec1,0.2236,0.0513
1213,372,31,9,372_chunk_9359c15d-64a4-422c-9a56-cc243509cdb6,0.1494,0.0342
1213,372,31,10,372_chunk_7166197c-8fe6-4fbe-9dab-457c0cd28d51,0.1933,0.0443
1920,640,0,1,640_chunk_6f443877-f622-4e62-a939-5d3b9e97c0d3,1.0619,0.2568
1920,640,0,2,640_chunk_4d0eba75-5bf0-4fca-9cd1-b9ba6bdc1011,0.7559,0.1828
1920,640,0,3,640_chunk_9075b5ba-19db-4a8c-9386-1d6df45fac0c,0.6044,0.1462
1920,640,0,4,640_chunk_43ab4f27-f3c0-41fb-8c00-392eaa28e13b,0.4753,0.1149
1920,640,0,5,640_chunk_c6bc3d5e-5ee3-4efa-8bd5-95da063cc1ff,0.4103,0.0992
1920,640,0,6,640_chunk_a11ee1fc-be6c-4f00-bf43-4d890cc3e4d4,0.1742,0.0421
1920,640,0,7,640_chunk_22a22fca-53c2-41b8-8d24-d544ebf65b5c,0.1928,0.0466
1920,640,0,8,640_chunk_5756ecf3-a1d3-4fe9-b665-d91adfcb06f3,0.1843,0.0446
1920,640,0,9,640_chunk_1c6bf19c-8abf-48f6-8560-87c8a7c170c6,0.1953,0.0472
1920,640,0,10,640_chunk_d45e8c9e-8e05-4fbb-be51-a39458bf2f00,0.0808,0.0195
1920,640,4,1,640_chunk_6f443877-f622-4e62-a939-5d3b9e97c0d3,0.9062,0.2283
1920,640,4,2,640_chunk_4d0eba75-5bf0-4fca-9cd1-b9ba6bdc1011,0.8098,0.2041
1920,640,4,3,640_chunk_9075b5ba-19db-4a8c-9386-1d6df45fac0c,0.5748,0.1448
1920,640,4,4,640_chunk_43ab4f27-f3c0-41fb-8c00-392eaa28e13b,0.4129,0.104
1920,640,4,5,640_chunk_c6bc3d5e-5ee3-4efa-8bd5-95da063cc1ff,0.3818,0.0962
1920,640,4,6,640_chunk_a11ee1fc-be6c-4f00-bf43-4d890cc3e4d4,0.2773,0.0699
1920,640,4,7,640_chunk_22a22fca-53c2-41b8-8d24-d544ebf65b5c,0.1929,0.0486
1920,640,4,8,640_chunk_5756ecf3-a1d3-4fe9-b665-d91adfcb06f3,0.0635,0.016
1920,640,4,9,640_chunk_1c6bf19c-8abf-48f6-8560-87c8a7c170c6,0.1802,0.0454
1920,640,4,10,640_chunk_d45e8c9e-8e05-4fbb-be51-a39458bf2f00,0.1691,0.0426
1920,640,8,1,640_chunk_6f443877-f622-4e62-a939-5d3b9e97c0d3,1.0326,0.2384
1920,640,8,2,640_chunk_4d0eba75-5bf0-4fca-9cd1-b9ba6bdc1011,0.7219,0.1667
1920,640,8,3,640_chunk_9075b5ba-19db-4a8c-9386-1d6df45fac0c,0.5965,0.1377
1920,640,8,4,640_chunk_43ab4f27-f3c0-41fb-8c00-392eaa28e13b,0.472,0.109
1920,640,8,5,640_chunk_c6bc3d5e-5ee3-4efa-8bd5-95da063cc1ff,0.4881,0.1127
1920,640,8,6,640_chunk_a11ee1fc-be6c-4f00-bf43-4d890cc3e4d4,0.3199,0.0739
1920,640,8,7,640_chunk_22a22fca-53c2-41b8-8d24-d544ebf65b5c,0.1864,0.043
1920,640,8,8,640_chunk_5756ecf3-a1d3-4fe9-b665-d91adfcb06f3,0.1779,0.0411
1920,640,8,9,640_chunk_1c6bf19c-8abf-48f6-8560-87c8a7c170c6,0.1582,0.0365
1920,640,8,10,640_chunk_d45e8c9e-8e05-4fbb-be51-a39458bf2f00,0.1782,0.0411
1920,640,16,1,640_chunk_6f443877-f622-4e62-a939-5d3b9e97c0d3,1.0352,0.2292
1920,640,16,2,640_chunk_4d0eba75-5bf0-4fca-9cd1-b9ba6bdc1011,0.8183,0.1812
1920,640,16,3,640_chunk_9075b5ba-19db-4a8c-9386-1d6df45fac0c,0.6107,0.1352
1920,640,16,4,640_chunk_43ab4f27-f3c0-41fb-8c00-392eaa28e13b,0.5429,0.1202
1920,640,16,5,640_chunk_c6bc3d5e-5ee3-4efa-8bd5-95da063cc1ff,0.569,0.126
1920,640,16,6,640_chunk_a11ee1fc-be6c-4f00-bf43-4d890cc3e4d4,0.2435,0.0539
1920,640,16,7,640_chunk_22a22fca-53c2-41b8-8d24-d544ebf65b5c,0.2933,0.0649
1920,640,16,8,640_chunk_5756ecf3-a1d3-4fe9-b665-d91adfcb06f3,0.2087,0.0462
1920,640,16,9,640_chunk_1c6bf19c-8abf-48f6-8560-87c8a7c170c6,0.1132,0.0251
1920,640,16,10,640_chunk_d45e8c9e-8e05-4fbb-be51-a39458bf2f00,0.0814,0.018
1920,640,24,1,640_chunk_6f443877-f622-4e62-a939-5d3b9e97c0d3,1.0148,0.2184
1920,640,24,2,640_chunk_4d0eba75-5bf0-4fca-9cd1-b9ba6bdc1011,0.802,0.1726
1920,640,24,3,640_chunk_9075b5ba-19db-4a8c-9386-1d6df45fac0c,0.6164,0.1326
1920,640,24,4,640_chunk_43ab4f27-f3c0-41fb-8c00-392eaa28e13b,0.4879,0.105
1920,640,24,5,640_chunk_c6bc3d5e-5ee3-4efa-8bd5-95da063cc1ff,0.7238,0.1557
1920,640,24,6,640_chunk_a11ee1fc-be6c-4f00-bf43-4d890cc3e4d4,0.3401,0.0732
1920,640,24,7,640_chunk_22a22fca-53c2-41b8-8d24-d544ebf65b5c,0.2327,0.0501
1920,640,24,8,640_chunk_5756ecf3-a1d3-4fe9-b665-d91adfcb06f3,0.2208,0.0475
1920,640,24,9,640_chunk_1c6bf19c-8abf-48f6-8560-87c8a7c170c6,0.0837,0.018
1920,640,24,10,640_chunk_d45e8c9e-8e05-4fbb-be51-a39458bf2f00,0.1253,0.027
1920,640,31,1,640_chunk_6f443877-f622-4e62-a939-5d3b9e97c0d3,1.0905,0.2497
1920,640,31,2,640_chunk_4d0eba75-5bf0-4fca-9cd1-b9ba6bdc1011,0.7679,0.1758
1920,640,31,3,640_chunk_9075b5ba-19db-4a8c-9386-1d6df45fac0c,0.5641,0.1292
1920,640,31,4,640_chunk_43ab4f27-f3c0-41fb-8c00-392eaa28e13b,0.4398,0.1007
1920,640,31,5,640_chunk_c6bc3d5e-5ee3-4efa-8bd5-95da063cc1ff,0.6634,0.1519
1920,640,31,6,640_chunk_a11ee1fc-be6c-4f00-bf43-4d890cc3e4d4,0.2473,0.0566
1920,640,31,7,640_chunk_22a22fca-53c2-41b8-8d24-d544ebf65b5c,0.2046,0.0468
1920,640,31,8,640_chunk_5756ecf3-a1d3-4fe9-b665-d91adfcb06f3,0.1035,0.0237
1920,640,31,9,640_chunk_1c6bf19c-8abf-48f6-8560-87c8a7c170c6,0.1361,0.0312
1920,640,31,10,640_chunk_d45e8c9e-8e05-4fbb-be51-a39458bf2f00,0.1505,0.0345
1965,665,0,1,665_chunk_b339e252-b964-483e-bb97-10e4e8b9ca26,0.9412,0.234
1965,665,0,2,665_chunk_48b64aa8-a1c3-4361-9293-ef99031c106a,0.734,0.1825
1965,665,0,3,665_chunk_5c8a95ff-a352-4d11-9f55-14faddf24cf8,0.6364,0.1582
1965,665,0,4,665_chunk_a89e4ac1-9e83-4b24-9339-1759fa5f1503,0.4249,0.1056
1965,665,0,5,665_chunk_ee6cf616-fa88-4b44-84b7-8dd4670abb05,0.391,0.0972
1965,665,0,6,665_chunk_89c36ca2-3cce-449a-9170-8243a24545b5,0.2181,0.0542
1965,665,0,7,665_chunk_99815ddb-b61e-4a42-b1f5-9dc56f7bdd3c,0.2655,0.066
1965,665,0,8,665_chunk_1f2fc232-dfcc-47d9-999d-7630a3360c43,0.1121,0.0279
1965,665,0,9,665_chunk_b52808fe-7985-4eb9-971a-b96278f4a3ee,0.163,0.0405
1965,665,0,10,665_chunk_41686827-0f4b-4751-84fb-73a68b17a302,0.1367,0.034
1965,665,4,1,665_chunk_b339e252-b964-483e-bb97-10e4e8b9ca26,1.0103,0.2415
1965,665,4,2,665_chunk_48b64aa8-a1c3-4361-9293-ef99031c106a,0.8531,0.2039
1965,665,4,3,665_chunk_5c8a95ff-a352-4d11-9f55-14faddf24cf8,0.6196,0.1481
1965,665,4,4,665_chunk_a89e4ac1-9e83-4b24-9339-1759fa5f1503,0.4906,0.1173
1965,665,4,5,665_chunk_ee6cf616-fa88-4b44-84b7-8dd4670abb05,0.3626,0.0867
1965,665,4,6,665_chunk_89c36ca2-3cce-449a-9170-8243a24545b5,0.2335,0.0558
1965,665,4,7,665_chunk_99815ddb-b61e-4a42-b1f5-9dc56f7bdd3c,0.2858,0.0683
1965,665,4,8,665_chunk_1f2fc232-dfcc-47d9-999d-7630a3360c43,0.0955,0.0228
1965,665,4,9,665_chunk_b52808fe-7985-4eb9-971a-b96278f4a3ee,0.1401,0.0335
1965,665,4,10,665_chunk_41686827-0f4b-4751-84fb-73a68b17a302,0.0922,0.022
1965,665,8,1,665_chunk_b339e252-b964-483e-bb97-10e4e8b9ca26,1.1243,0.2353
1965,665,8,2,665_chunk_48b64aa8-a1c3-4361-9293-ef99031c106a,0.854,0.1787
1965,665,8,3,665_chunk_5c8a95ff-a352-4d11-9f55-14faddf24cf8,0.5901,0.1235
1965,665,8,4,665_chunk_a89e4ac1-9e83-4b24-9339-1759fa5f1503,0.5993,0.1254
1965,665,8,5,665_chunk_ee6cf616-fa88-4b44-84b7-8dd4670abb05,0.475,0.0994
1965,665,8,6,665_chunk_89c36ca2-3cce-449a-9170-8243a24545b5,0.3926,0.0822
1965,665,8,7,665_chunk_99815ddb-b61e-4a42-b1f5-9dc56f7bdd3c,0.3369,0.0705
1965,665,8,8,665_chunk_1f2fc232-dfcc-47d9-999d-7630a3360c43,0.097,0.0203
1965,665,8,9,665_chunk_b52808fe-7985-4eb9-971a-b96278f4a3ee,0.1732,0.0362
1965,665,8,10,665_chunk_41686827-0f4b-4751-84fb-73a68b17a302,0.136,0.0285
1965,665,16,1,665_chunk_b339e252-b964-483e-bb97-10e4e8b9ca26,1.1298,0.2117
1965,665,16,2,665_chunk_48b64aa8-a1c3-4361-9293-ef99031c106a,0.9472,0.1775
1965,665,16,3,665_chunk_5c8a95ff-a352-4d11-9f55-14faddf24cf8,0.6046,0.1133
1965,665,16,4,665_chunk_a89e4ac1-9e83-4b24-9339-1759fa5f1503,0.6463,0.1211
1965,665,16,5,665_chunk_ee6cf616-fa88-4b44-84b7-8dd4670abb05,0.5652,0.1059
1965,665,16,6,665_chunk_89c36ca2-3cce-449a-9170-8243a24545b5,0.5387,0.101
1965,665,16,7,665_chunk_99815ddb-b61e-4a42-b1f5-9dc56f7bdd3c,0.4579,0.0858
1965,665,16,8,665_chunk_1f2fc232-dfcc-47d9-999d-7630a3360c43,0.1082,0.0203
1965,665,16,9,665_chunk_b52808fe-7985-4eb9-971a-b96278f4a3ee,0.1664,0.0312
1965,665,16,10,665_chunk_41686827-0f4b-4751-84fb-73a68b17a302,0.1718,0.0322
1965,665,24,1,665_chunk_b339e252-b964-483e-bb97-10e4e8b9ca26,1.2903,0.2103
1965,665,24,2,665_chunk_48b64aa8-a1c3-4361-9293-ef99031c106a,1.1043,0.18
1965,665,24,3,665_chunk_5c8a95ff-a352-4d11-9f55-14faddf24cf8,0.7071,0.1153
1965,665,24,4,665_chunk_a89e4ac1-9e83-4b24-9339-1759fa5f1503,0.7945,0.1295
1965,665,24,5,665_chunk_ee6cf616-fa88-4b44-84b7-8dd4670abb05,0.6513,0.1062
1965,665,24,6,665_chunk_89c36ca2-3cce-449a-9170-8243a24545b5,0.6097,0.0994
1965,665,24,7,665_chunk_99815ddb-b61e-4a42-b1f5-9dc56f7bdd3c,0.5013,0.0817
1965,665,24,8,665_chunk_1f2fc232-dfcc-47d9-999d-7630a3360c43,0.175,0.0285
1965,665,24,9,665_chunk_b52808fe-7985-4eb9-971a-b96278f4a3ee,0.1178,0.0192
1965,665,24,10,665_chunk_41686827-0f4b-4751-84fb-73a68b17a302,0.1836,0.0299
1965,665,31,1,665_chunk_b339e252-b964-483e-bb97-10e4e8b9ca26,1.3091,0.2109
1965,665,31,2,665_chunk_48b64aa8-a1c3-4361-9293-ef99031c106a,1.2054,0.1942
1965,665,31,3,665_chunk_5c8a95ff-a352-4d11-9f55-14faddf24cf8,0.6315,0.1018
1965,665,31,4,665_chunk_a89e4ac1-9e83-4b24-9339-1759fa5f1503,0.7524,0.1212
1965,665,31,5,665_chunk_ee6cf616-fa88-4b44-84b7-8dd4670abb05,0.7363,0.1186
1965,665,31,6,665_chunk_89c36ca2-3cce-449a-9170-8243a24545b5,0.5315,0.0856
1965,665,31,7,665_chunk_99815ddb-b61e-4a42-b1f5-9dc56f7bdd3c,0.6044,0.0974
1965,665,31,8,665_chunk_1f2fc232-dfcc-47d9-999d-7630a3360c43,0.218,0.0351
1965,665,31,9,665_chunk_b52808fe-7985-4eb9-971a-b96278f4a3ee,0.1057,0.017
1965,665,31,10,665_chunk_41686827-0f4b-4751-84fb-73a68b17a302,0.1116,0.018
1028,304,0,1,304_chunk_9712e21a-d2a3-4bbc-b027-c8047814f970,1.0615,0.2373
1028,304,0,2,304_chunk_87b10471-3905-4e2d-ba2e-bf473cddcb01,0.8631,0.1929
1028,304,0,3,304_chunk_59c41313-2d1b-461d-b748-1f078bec3712,0.6347,0.1419
1028,304,0,4,304_chunk_be9ece7d-1755-434f-8a6f-95a1514a6714,0.4284,0.0958
1028,304,0,5,304_chunk_c7b0a8e4-9f22-4d8b-96dd-db88031efc88,0.4672,0.1045
1028,304,0,6,304_chunk_1b70f95e-d762-4e99-b501-d0f98af39371,0.26,0.0581
1028,304,0,7,304_chunk_17fe2ba0-9e25-4dc9-b381-64c9d808a008,0.2064,0.0461
1028,304,0,8,304_chunk_c982d54c-e115-4e0b-bb8f-088d16416653,0.1909,0.0427
1028,304,0,9,304_chunk_3adeb146-9bc3-44b2-9c6a-08f07f348464,0.213,0.0476
1028,304,0,10,304_chunk_d68a8cd2-3489-4dde-913d-41cd4d698ab1,0.1481,0.0331
1028,304,4,1,304_chunk_9712e21a-d2a3-4bbc-b027-c8047814f970,1.0207,0.2468
1028,304,4,2,304_chunk_87b10471-3905-4e2d-ba2e-bf473cddcb01,0.802,0.1939
1028,304,4,3,304_chunk_59c41313-2d1b-461d-b748-1f078bec3712,0.6087,0.1472
1028,304,4,4,304_chunk_be9ece7d-1755-434f-8a6f-95a1514a6714,0.5003,0.1209
1028,304,4,5,304_chunk_c7b0a8e4-9f22-4d8b-96dd-db88031efc88,0.2866,0.0693
1028,304,4,6,304_chunk_1b70f95e-d762-4e99-b501-d0f98af39371,0.3168,0.0766
1028,304,4,7,304_chunk_17fe2ba0-9e25-4dc9-b381-64c9d808a008,0.2352,0.0569
1028,304,4,8,304_chunk_c982d54c-e115-4e0b-bb8f-088d16416653,0.1162,0.0281
1028,304,4,9,304_chunk_3adeb146-9bc3-44b2-9c6a-08f07f348464,0.1547,0.0374
1028,304,4,10,304_chunk_d68a8cd2-3489-4dde-913d-41cd4d698ab1,0.0952,0.023
1028,304,8,1,304_chunk_9712e21a-d2a3-4bbc-b027-c8047814f970,1.0878,0.248
1028,304,8,2,304_chunk_87b10471-3905-4e2d-ba2e-bf473cddcb01,0.8575,0.1955
1028,304,8,3,304_chunk_59c41313-2d1b-461d-b748-1f078bec3712,0.5832,0.133
1028,304,8,4,304_chunk_be9ece7d-1755-434f-8a6f-95a1514a6714,0.4648,0.106
1028,304,8,5,304_chunk_c7b0a8e4-9f22-4d8b-96dd-db88031efc88,0.4545,0.1036
1028,304,8,6,304_chunk_1b70f95e-d762-4e99-b501-d0f98af39371,0.3542,0.0808
1028,304,8,7,304_chunk_17fe2ba0-9e25-4dc9-b381-64c9d808a008,0.2329,0.0531
1028,304,8,8,304_chunk_c982d54c-e115-4e0b-bb8f-088d16416653,0.1359,0.031
1028,304,8,9,304_chunk_3adeb146-9bc3-44b2-9c6a-08f07f348464,0.0788,0.018
1028,304,8,10,304_chunk_d68a8cd2-3489-4dde-913d-41cd4d698ab1,0.1365,0.0311
1028,304,16,1,304_chunk_9712e21a-d2a3-4bbc-b027-c8047814f970,1.0315,0.2265
1028,304,16,2,304_chunk_87b10471-3905-4e2d-ba2e-bf473cddcb01,0.7386,0.1622
1028,304,16,3,304_chunk_59c41313-2d1b-461d-b748-1f078bec3712,0.6513,0.143
1028,304,16,4,304_chunk_be9ece7d-1755-434f-8a6f-95a1514a6714,0.4408,0.0968
1028,304,16,5,304_chunk_c7b0a8e4-9f22-4d8b-96dd-db88031efc88,0.5612,0.1232
1028,304,16,6,304_chunk_1b70f95e-d762-4e99-b501-d0f98af39371,0.5082,0.1116
1028,304,16,7,304_chunk_17fe2ba0-9e25-4dc9-b381-64c9d808a008,0.2214,0.0486
1028,304,16,8,304_chunk_c982d54c-e115-4e0b-bb8f-088d16416653,0.1965,0.0431
1028,304,16,9,304_chunk_3adeb146-9bc3-44b2-9c6a-08f07f348464,0.1095,0.024
1028,304,16,10,304_chunk_d68a8cd2-3489-4dde-913d-41cd4d698ab1,0.0956,0.021
1028,304,24,1,304_chunk_9712e21a-d2a3-4bbc-b027-c8047814f970,0.9897,0.2192
1028,304,24,2,304_chunk_87b10471-3905-4e2d-ba2e-bf473cddcb01,0.7415,0.1642
1028,304,24,3,304_chunk_59c41313-2d1b-461d-b748-1f078bec3712,0.5977,0.1324
1028,304,24,4,304_chunk_be9ece7d-1755-434f-8a6f-95a1514a6714,0.3949,0.0875
1028,304,24,5,304_chunk_c7b0a8e4-9f22-4d8b-96dd-db88031efc88,0.6143,0.1361
1028,304,24,6,304_chunk_1b70f95e-d762-4e99-b501-d0f98af39371,0.5432,0.1203
1028,304,24,7,304_chunk_17fe2ba0-9e25-4dc9-b381-64c9d808a008,0.2103,0.0466
1028,304,24,8,304_chunk_c982d54c-e115-4e0b-bb8f-088d16416653,0.1617,0.0358
1028,304,24,9,304_chunk_3adeb146-9bc3-44b2-9c6a-08f07f348464,0.1322,0.0293
1028,304,24,10,304_chunk_d68a8cd2-3489-4dde-913d-41cd4d698ab1,0.1294,0.0287
1028,304,31,1,304_chunk_9712e21a-d2a3-4bbc-b027-c8047814f970,1.0437,0.2274
1028,304,31,2,304_chunk_87b10471-3905-4e2d-ba2e-bf473cddcb01,0.7463,0.1626
1028,304,31,3,304_chunk_59c41313-2d1b-461d-b748-1f078bec3712,0.5464,0.119
1028,304,31,4,304_chunk_be9ece7d-1755-434f-8a6f-95a1514a6714,0.4203,0.0916
1028,304,31,5,304_chunk_c7b0a8e4-9f22-4d8b-96dd-db88031efc88,0.6935,0.1511
1028,304,31,6,304_chunk_1b70f95e-d762-4e99-b501-d0f98af39371,0.6189,0.1348
1028,304,31,7,304_chunk_17fe2ba0-9e25-4dc9-b381-64c9d808a008,0.1846,0.0402
1028,304,31,8,304_chunk_c982d54c-e115-4e0b-bb8f-088d16416653,0.109,0.0237
1028,304,31,9,304_chunk_3adeb146-9bc3-44b2-9c6a-08f07f348464,0.1125,0.0245
1028,304,31,10,304_chunk_d68a8cd2-3489-4dde-913d-41cd4d698ab1,0.1145,0.0249
