split,question_id,paper_id,is_unanswerable,num_evidence_paragraphs,num_highlighted_spans,total_evidence_words,mean_evidence_depth,evidence_redundancy,query_evidence_jaccard,query_evidence_coverage
train,512,139,False,1,1,99,0.7333,0.0,0.0426,0.6667
train,513,139,False,1,1,121,0.6667,0.0,0.0,0.0
train,745,207,False,3,3,330,0.4343666666666666,0.0343,0.0,0.0
train,746,207,False,1,1,96,0.2121,0.0,0.0392,0.4
train,1633,521,False,1,1,115,0.3333,0.0,0.0189,0.25
train,1221,375,False,1,1,59,0.7018,0.0,0.025,0.2
train,1222,375,False,1,1,73,0.6667,0.0,0.0455,0.6667
train,1223,375,False,2,2,182,0.8246,0.0833,0.0235,0.6667
train,56,13,True,1,1,52,0.6923,0.0,0.0,0.0
train,57,13,False,1,1,52,0.2308,0.0,0.0294,0.3333
train,1643,525,False,1,1,144,0.75,0.0,0.0328,0.6667
train,1644,525,False,1,1,100,0.6667,0.0,0.0263,0.3333
train,1645,525,False,1,1,15,0.5,0.0,0.0909,1.0
train,1811,596,False,2,2,192,0.41664999999999996,0.1,0.0361,0.5
train,1812,596,False,3,2,163,0.4583333333333333,0.0649,0.058,0.6667
train,1813,596,False,2,2,110,0.61455,0.0943,0.0172,0.1667
train,1814,596,False,1,1,55,0.5,0.0,0.0556,0.3333
train,456,123,False,3,2,185,0.8222333333333333,0.0551,0.0357,1.0
train,457,123,False,3,3,109,0.6222333333333333,0.1491,0.0179,0.5
train,458,123,False,2,2,90,0.6833499999999999,0.4,0.0217,0.5
train,459,123,False,3,3,117,0.6778,0.1701,0.0,0.0
train,1427,441,False,1,1,175,0.7778,0.0,0.0256,0.4
train,1428,441,False,5,5,427,0.20633999999999997,0.0454,0.0205,1.0
train,2309,883,False,1,1,109,0.0054,0.0,0.0294,0.4
train,2310,883,False,0,0,0,,0.0,0.0,0.0
train,2311,883,False,1,3,74,0.1892,0.0,0.0571,0.4
train,603,166,False,1,1,177,0.9524,0.0,0.0,0.0
train,604,166,False,1,2,155,0.4286,0.0,0.0114,0.5
train,605,166,False,1,2,188,0.619,0.0,0.0104,0.25
train,606,166,False,0,0,0,,0.0,0.0,0.0
train,607,166,False,1,1,169,0.5238,0.0,0.0,0.0
train,608,166,False,1,2,188,0.619,0.0,0.0208,0.4
train,609,166,False,1,1,155,0.4286,0.0,0.0112,0.3333
train,204,58,False,1,1,51,0.2637,0.0,0.0417,0.25
train,205,58,False,1,1,38,0.2857,0.0,0.04,0.2
train,206,58,False,3,3,77,0.6099,0.0587,0.0682,0.75
train,207,58,False,12,2,545,0.5357166666666666,0.1418,0.011,0.6667
train,2216,807,False,1,1,103,0.0588,0.0,0.0,0.0
train,2217,807,False,1,1,69,0.75,0.0,0.0263,0.25
train,740,205,False,1,1,128,0.4815,0.0,0.0469,0.3333
train,741,205,False,4,1,62,0.10185000000000001,0.0076,0.0476,0.4
train,742,205,False,6,3,351,0.6913666666666667,0.0609,0.0079,0.3333
train,743,205,False,4,4,73,0.583325,0.093,0.0227,0.3333
train,1255,386,False,1,1,118,0.3,0.0,0.0147,0.25
train,1256,386,False,2,2,125,0.4,0.029,0.0541,0.4444
train,1257,386,False,1,2,77,0.3667,0.0,0.0612,0.6
train,1258,386,False,1,1,141,0.2,0.0,0.0267,0.5
train,1259,386,False,1,1,137,0.7667,0.0,0.0132,0.25
train,1260,386,False,1,1,141,0.2,0.0,0.027,0.6667
train,1094,328,False,3,1,124,0.6666666666666666,0.0903,0.0556,0.6
train,1095,328,False,4,4,412,0.9,0.1116,0.0317,0.5714
train,1096,328,False,2,1,59,0.79165,0.1379,0.0,0.0
train,1097,328,False,1,1,73,0.75,0.0,0.0556,0.5
train,1940,652,False,1,1,6,0.8485,0.0,0.0,0.0
train,1941,652,False,1,1,6,0.8485,0.0,0.0,0.0
train,1942,652,False,1,1,71,0.6364,0.0,0.1081,0.8
train,2115,742,False,0,0,0,,0.0,0.0,0.0
train,2060,716,False,2,2,102,0.50985,0.0351,0.0172,0.5
train,2061,716,False,2,2,142,0.34804999999999997,0.0462,0.0303,0.6667
train,2016,688,False,1,2,199,0.6538,0.0,0.0238,0.6667
train,2017,688,False,1,1,103,0.8077,0.0,0.0192,0.5
train,2182,787,False,1,1,130,0.5252,0.0,0.0,0.0
train,2183,787,False,1,1,125,0.964,0.0,0.0345,0.2857
train,2184,787,False,2,1,172,0.8309,0.0658,0.038,0.5
train,2185,787,False,7,1,102,0.26210000000000006,0.0118,0.0192,0.2
train,163,48,False,2,1,154,0.17925000000000002,0.0405,0.0267,0.6667
train,164,48,False,1,2,85,0.2264,0.0,0.05,1.0
train,165,48,False,3,3,204,0.37420000000000003,0.056,0.0125,0.5
train,166,48,False,1,1,85,0.2264,0.0,0.0244,0.5
train,167,48,False,0,0,0,,0.0,0.0,0.0
train,168,48,False,5,1,245,0.3132,0.0517,0.0175,0.5
train,169,48,False,1,1,184,0.0,0.0,0.0482,0.5714
train,170,48,False,1,2,85,0.2264,0.0,0.05,1.0
train,473,127,False,2,2,159,0.45315,0.1515,0.0,0.0
train,474,127,False,2,2,177,0.4531,0.122,0.0238,0.5
train,475,127,False,0,0,0,,0.0,0.0,0.0
train,1930,646,False,1,1,79,0.0147,0.0,0.0526,0.5
train,1931,646,False,4,1,220,0.25734999999999997,0.0688,0.0341,0.75
train,1932,646,False,1,1,221,0.3676,0.0,0.0291,0.75
train,1933,646,False,2,2,144,0.4118,0.1,0.0167,1.0
train,2096,732,False,4,4,473,0.61585,0.0675,0.0109,0.5
train,2097,732,False,1,2,211,0.8293,0.0,0.0345,0.6
train,2285,858,False,2,2,60,0.7134,0.0323,0.0278,0.1667
train,1772,580,False,1,1,231,0.0645,0.0,0.008,0.25
train,1816,598,False,3,3,81,0.75,0.1037,0.0,0.0
train,1454,453,False,1,2,204,0.5,0.0,0.019,0.5
train,1455,453,False,1,1,286,0.5,0.0,0.0286,0.5
train,1456,453,False,1,1,151,0.5,0.0,0.0238,0.6667
train,1457,453,False,1,1,151,0.5,0.0,0.0238,0.6667
train,1458,453,False,1,1,151,0.5,0.0,0.0235,0.5
train,1199,366,False,1,1,11,0.5,0.0,0.0,0.0
train,1966,666,False,1,1,122,0.7727,0.0,0.0308,0.6667
train,1967,666,False,2,2,144,0.6818,0.0833,0.0135,0.3333
train,1184,360,False,1,1,119,0.275,0.0,0.0339,0.3333
train,1185,360,False,1,1,73,0.9,0.0,0.0556,0.3333
train,1186,360,False,2,1,161,0.2375,0.1212,0.0563,0.4444
train,1700,548,False,1,2,246,0.2769,0.0,0.0333,0.75
train,1701,548,False,1,1,174,0.1538,0.0,0.0,0.0
train,1702,548,False,1,1,124,0.4,0.0,0.0323,0.4
train,1703,548,False,1,1,81,0.1692,0.0,0.0426,0.2857
train,139,41,False,1,1,152,0.8841,0.0,0.0548,0.6667
train,140,41,False,1,1,152,0.8841,0.0,0.0641,0.4167
train,141,41,False,1,2,177,0.8986,0.0,0.0316,0.75
train,142,41,False,1,1,16,0.8551,0.0,0.0833,0.25
train,2103,736,False,1,1,175,0.4286,0.0,0.0,0.0
train,2063,718,False,3,3,138,0.5512666666666667,0.059,0.0,0.0
train,2064,718,False,2,2,233,0.5,0.1163,0.0233,1.0
train,45,10,False,2,2,147,0.64635,0.1094,0.0,0.0
train,46,10,False,2,2,147,0.64635,0.1094,0.0152,0.3333
train,47,10,False,1,1,101,0.8293,0.0,0.0227,0.5
train,2124,747,False,1,1,106,0.9636,0.0,0.0192,0.3333
train,956,280,False,11,7,529,0.4931545454545454,0.0548,0.0,0.0
train,957,280,False,2,2,156,0.53425,0.0548,0.0263,0.4
train,958,280,False,2,3,262,0.24659999999999999,0.13,0.0396,0.8
train,1341,412,False,1,1,78,0.319,0.0,0.0417,0.4
train,1342,412,False,2,2,157,0.319,0.0247,0.0119,0.25
train,1343,412,False,1,1,120,0.319,0.0,0.0612,0.6
train,223,63,False,2,3,303,0.7,0.0167,0.0,0.0
train,224,63,False,1,1,191,0.28,0.0,0.0222,0.2857
train,225,63,False,1,1,58,0.64,0.0,0.0,0.0
train,2277,849,False,9,1,293,0.7843,0.0651,0.0205,0.375
train,2076,724,False,3,3,335,0.6565666666666666,0.0428,0.0157,0.6667
train,2077,724,False,10,10,448,0.54546,0.0428,0.0058,0.5
train,2078,724,False,2,2,148,0.13635,0.0533,0.0132,0.5
train,2079,724,False,1,1,77,0.2121,0.0,0.0,0.0
train,1564,493,False,1,1,109,0.697,0.0,0.0,0.0
train,1565,493,False,1,1,58,0.8182,0.0,0.0294,0.5
train,1014,299,False,4,4,249,0.7153499999999999,0.2094,0.0,0.0
train,1015,299,False,2,2,215,0.8465499999999999,0.1705,0.0556,0.7143
train,2226,812,False,0,0,0,,0.0,0.0,0.0
train,2227,812,False,10,2,202,0.6250000000000001,0.02,0.0,0.0
train,2228,812,False,1,1,57,0.35,0.0,0.0,0.0
train,2175,780,False,3,3,178,0.6086999999999999,0.275,0.0132,0.25
train,1906,635,False,2,3,218,0.19765,0.0476,0.0,0.0
train,898,260,False,1,1,77,0.4857,0.0,0.025,0.1429
train,899,260,False,2,2,220,0.9143,0.0778,0.0202,0.1818
train,900,260,False,3,3,332,0.6762,0.0844,0.0216,0.375
train,333,90,False,1,1,140,0.7115,0.0,0.0,0.0
train,334,90,False,1,1,215,0.6346,0.0,0.0198,0.6667
train,335,90,False,2,2,251,0.38459999999999994,0.0656,0.0164,1.0
train,336,90,False,1,1,268,0.0385,0.0,0.027,0.75
train,337,90,False,1,1,111,0.6154,0.0,0.0169,0.3333
train,2166,775,False,3,1,173,0.8437666666666667,0.009,0.0125,0.5
train,2167,775,False,1,1,83,0.9062,0.0,0.0,0.0
train,2168,775,False,1,1,124,0.3438,0.0,0.0,0.0
train,857,245,False,3,3,216,0.125,0.208,0.0139,0.3333
train,858,245,False,1,1,25,0.2083,0.0,0.0,0.0
train,859,245,False,11,1,398,0.5138999999999999,0.0614,0.0065,0.5
train,860,245,False,2,3,273,0.5139,0.125,0.0377,0.6667
train,861,245,False,3,3,464,0.1667,0.1108,0.0058,0.1667
train,701,192,False,3,3,109,0.725,0.0574,0.0,0.0
train,702,192,False,1,1,176,0.075,0.0,0.0241,0.4
train,703,192,False,4,4,214,0.28125,0.1098,0.026,0.5
train,690,190,False,1,1,166,0.0769,0.0,0.0159,0.25
train,691,190,False,1,1,35,0.2692,0.0,0.0,0.0
train,692,190,False,5,5,185,0.66154,0.2219,0.0,0.0
train,693,190,False,7,3,269,0.5549428571428571,0.0316,0.0326,1.0
train,1424,440,False,7,7,969,0.7178571428571429,0.1185,0.0269,0.875
train,1425,440,False,2,2,51,0.6125,0.2609,0.037,0.2
train,1426,440,False,2,2,307,0.0875,0.0815,0.0222,1.0
train,1055,314,False,3,3,170,0.6098666666666667,0.086,0.0274,0.4
train,1056,314,False,3,3,180,0.5151333333333333,0.0238,0.011,0.3333
train,1057,314,False,4,5,214,0.380675,0.0523,0.0104,0.3333
train,1058,314,False,2,1,104,0.45455,0.0,0.0536,0.6
train,1059,314,False,2,1,62,0.3125,0.027,0.119,0.5
train,190,55,False,2,2,83,0.0667,0.1556,0.0625,0.5
train,191,55,False,1,1,30,0.0667,0.0,0.0417,0.25
train,192,55,False,3,3,317,0.0667,0.1512,0.0357,0.6667
train,193,55,False,1,1,100,0.0667,0.0,0.1176,0.6667
train,1098,329,False,1,1,66,0.1389,0.0,0.0244,0.25
train,1099,329,False,1,1,66,0.1389,0.0,0.0526,1.0
train,149,44,False,2,3,189,0.88,0.033,0.0213,0.4
train,150,44,False,1,1,59,0.98,0.0,0.0323,0.1667
train,151,44,False,1,1,6,0.06,0.0,0.0,0.0
train,152,44,False,6,7,510,0.57,0.0482,0.0047,0.5
train,1591,507,False,1,1,122,0.8519,0.0,0.0267,0.3333
train,1592,507,False,9,1,261,0.5041111111111111,0.2008,0.0179,0.3333
train,560,153,False,7,4,264,0.4089714285714286,0.014,0.0081,0.25
train,561,153,False,2,2,154,0.16670000000000001,0.0685,0.0267,0.5
train,562,153,False,1,1,96,0.2941,0.0,0.0164,0.2
train,563,153,False,1,1,96,0.2941,0.0,0.0345,0.6667
train,564,153,False,1,1,70,0.4314,0.0,0.0233,0.1667
train,565,153,False,1,1,70,0.4314,0.0,0.05,0.5
train,566,153,False,1,1,111,0.1765,0.0,0.0182,0.5
train,567,153,False,2,2,49,0.42645,0.0714,0.0333,0.3333
train,568,153,False,1,1,70,0.3137,0.0,0.0286,1.0
train,2021,690,False,1,1,49,0.3846,0.0,0.0417,0.3333
train,881,253,False,2,1,24,0.6463,0.7273,0.0,0.0
train,882,253,False,2,2,218,0.32315,0.0631,0.0177,0.5
train,1181,358,False,2,2,318,0.15215,0.1014,0.0,0.0
train,1182,358,False,1,1,73,0.7826,0.0,0.0556,0.6667
train,2176,781,False,1,1,95,0.0814,0.0,0.0227,0.3333
train,664,182,False,1,1,100,0.1538,0.0,0.0208,0.25
train,665,182,False,1,1,111,1.0,0.0,0.0,0.0
train,666,182,False,1,1,78,0.4615,0.0,0.06,0.75
train,667,182,False,1,1,134,0.2308,0.0,0.0303,0.3333
train,668,182,False,1,1,191,0.3077,0.0,0.0312,0.75
train,2291,865,False,2,2,396,0.45235,0.0952,0.0296,0.8333
train,1391,427,False,1,1,132,0.8806,0.0,0.0143,0.3333
train,1392,427,False,3,3,564,0.7462666666666666,0.0697,0.0044,0.2
train,1393,427,False,1,1,181,0.6418,0.0,0.0,0.0
train,2246,827,False,0,0,0,,0.0,0.0,0.0
train,1758,573,False,4,4,585,0.75,0.0761,0.0,0.0
train,1759,573,False,1,1,199,0.3,0.0,0.0,0.0
train,1760,573,False,1,1,376,1.0,0.0,0.0128,0.2857
train,1164,353,False,2,2,150,0.52275,0.125,0.0,0.0
train,1165,353,False,1,1,107,0.7727,0.0,0.0508,1.0
train,1166,353,False,2,1,116,0.30684999999999996,0.1333,0.0213,0.3333
train,1167,353,False,1,1,192,0.1818,0.0,0.0247,0.4
train,1860,617,False,1,1,272,0.0303,0.0,0.0722,0.7778
train,1861,617,False,1,1,101,0.9091,0.0,0.0392,0.6667
train,1862,617,False,1,1,61,0.9394,0.0,0.0238,0.2
train,1863,617,False,1,1,61,0.9394,0.0,0.0,0.0
train,1864,617,False,2,2,107,0.70455,0.0185,0.0357,0.5
train,1556,490,False,1,1,11,0.0323,0.0,0.0,0.0
train,1557,490,False,3,3,221,0.019366666666666667,0.0507,0.0105,0.3333
train,2229,813,False,1,1,75,0.6486,0.0,0.0233,0.5
train,2230,813,False,1,1,75,0.6486,0.0,0.0233,0.5
train,1667,537,False,1,1,114,0.0357,0.0,0.0339,0.5
train,1668,537,False,3,3,341,0.12503333333333333,0.117,0.0142,0.6667
train,1669,537,False,1,1,193,0.125,0.0,0.0135,0.3333
train,1520,476,False,1,1,64,0.5577,0.0,0.1154,0.75
train,1521,476,False,1,2,115,0.0385,0.0,0.037,0.5
train,1522,476,False,1,1,157,0.0192,0.0,0.0635,0.5
train,2265,839,False,1,1,106,0.9217,0.0,0.0,0.0
train,1470,458,False,1,1,118,0.2258,0.0,0.0476,0.5
train,1471,458,False,2,2,366,0.71775,0.0484,0.04,0.8333
train,1472,458,False,1,1,119,0.0968,0.0,0.0351,0.4
train,61,15,False,1,1,13,0.7586,0.0,0.0,0.0
train,62,15,False,1,1,74,0.1897,0.0,0.0208,0.25
train,63,15,False,1,2,74,0.1897,0.0,0.0208,0.25
train,1655,530,False,0,0,0,,0.0,0.0,0.0
train,588,161,False,1,1,25,0.3394,0.0,0.1667,0.6667
train,589,161,False,2,2,219,0.4633,0.0795,0.0114,1.0
train,590,161,False,7,1,231,0.3106,0.0825,0.0128,0.5
train,591,161,False,2,2,174,0.47250000000000003,0.1111,0.0361,0.6
train,592,161,False,1,1,64,0.4679,0.0,0.0286,0.25
train,593,161,False,1,1,90,0.5963,0.0,0.0833,0.5714
train,594,161,False,8,1,292,0.32108749999999997,0.0683,0.0104,0.5
train,1625,518,False,1,1,92,0.4643,0.0,0.0182,0.25
train,1626,518,False,1,1,20,0.1071,0.0,0.0588,0.5
train,1627,518,False,4,3,120,0.705375,0.1836,0.0,0.0
train,1628,518,False,1,1,20,0.1071,0.0,0.0588,0.5
train,1989,678,False,0,0,0,,0.0,0.0,0.0
train,1990,678,False,1,1,129,0.0349,0.0,0.0192,0.3333
train,2278,850,False,2,2,163,0.60305,0.0968,0.0,0.0
train,2169,776,False,1,1,49,0.8387,0.0,0.0714,0.25
train,1288,397,False,2,2,72,0.25,0.1724,0.0,0.0
train,1289,397,False,1,1,175,0.1739,0.0,0.0122,0.2
train,1042,308,False,1,1,23,0.9231,0.0,0.0,0.0
train,1043,308,False,8,1,312,0.3269125,0.1099,0.0,0.0
train,515,141,False,2,2,20,0.5,0.5556,0.0,0.0
train,516,141,False,2,2,20,0.5,0.5556,0.0,0.0
train,517,141,False,1,1,14,0.5,0.0,0.0,0.0
train,518,141,False,2,2,259,0.20655,0.0847,0.0168,0.6667
train,1074,321,False,2,2,260,0.17145,0.1238,0.0185,0.4
train,647,178,False,1,1,126,0.9184,0.0,0.0286,0.2222
train,648,178,False,2,1,230,0.030600000000000002,0.1327,0.0777,0.6154
train,649,178,False,1,1,125,0.0408,0.0,0.0469,0.375
train,650,178,False,1,1,105,0.0204,0.0,0.0357,0.3333
train,1935,648,False,1,1,112,0.6471,0.0,0.0377,0.6667
train,1449,451,False,1,1,112,0.3333,0.0,0.0222,0.3333
train,1450,451,False,2,2,73,0.6875,0.1515,0.0526,0.2857
train,1139,342,False,1,1,64,0.2,0.0,0.0263,0.2
train,1140,342,False,1,1,91,0.08,0.0,0.05,0.375
train,1141,342,False,3,2,239,0.13333333333333333,0.0628,0.0492,0.5455
train,194,56,False,1,2,60,0.5385,0.0,0.0,0.0
train,195,56,False,0,0,0,,0.0,0.0,0.0
train,196,56,False,1,1,65,0.6154,0.0,0.0,0.0
train,197,56,False,1,1,72,0.9231,0.0,0.0213,0.2
train,198,56,False,1,1,60,0.5385,0.0,0.12,1.0
train,199,56,False,1,2,82,0.6923,0.0,0.05,0.5
train,831,238,False,3,4,314,0.46913333333333335,0.1079,0.0154,0.4
train,832,238,False,1,1,235,0.0556,0.0,0.0254,0.75
train,833,238,False,1,1,52,0.7407,0.0,0.0968,0.75
train,2112,740,False,1,1,72,0.5333,0.0,0.0,0.0
train,2113,740,False,2,2,114,0.18335,0.0492,0.0149,0.1429
train,854,244,False,4,2,153,0.26065,0.0592,0.0,0.0
train,855,244,False,1,1,107,0.2766,0.0,0.0167,0.1667
train,856,244,False,3,2,97,0.2766,0.1481,0.0,0.0
train,1386,426,False,1,1,50,0.4048,0.0,0.0833,0.6667
train,1387,426,False,2,2,99,0.4881,0.0877,0.0169,0.3333
train,1388,426,False,1,1,86,0.0952,0.0,0.0,0.0
train,1389,426,False,5,5,171,0.5,0.3311,0.0189,0.3333
train,1390,426,False,1,1,78,0.4762,0.0,0.0208,0.5
train,1189,362,False,1,1,202,0.4545,0.0,0.0319,0.6
train,1190,362,False,1,1,90,0.4545,0.0,0.0577,0.75
train,1191,362,False,1,1,89,0.4545,0.0,0.093,0.6667
train,1178,357,False,2,1,236,0.36665000000000003,0.0638,0.0213,1.0
train,1179,357,False,2,2,118,0.16665000000000002,0.0392,0.0,0.0
train,1180,357,False,2,1,96,0.83335,0.1081,0.0256,0.3333
train,1724,557,False,1,1,69,0.7692,0.0,0.0465,0.4
train,1725,557,False,1,1,53,0.7115,0.0,0.0312,0.3333
train,2133,752,False,1,1,60,0.9403,0.0,0.0333,0.3333
train,1566,494,False,1,1,133,0.2857,0.0,0.0,0.0
train,1567,494,False,9,1,516,0.39682222222222224,0.0533,0.0132,0.6667
train,1535,480,False,1,1,26,0.2632,0.0,0.1905,0.5
train,1536,480,False,4,1,115,0.2632,0.1425,0.0227,0.1667
train,2075,723,False,1,2,213,0.0,0.0,0.0099,0.25
train,2213,805,False,1,1,129,0.1481,0.0,0.0469,0.6
train,2214,805,False,2,1,325,0.0185,0.0993,0.0069,0.25
train,428,113,False,2,3,100,0.80955,0.0,0.0196,0.5
train,429,113,False,6,1,129,0.64285,0.0601,0.0,0.0
train,430,113,False,1,1,139,0.0476,0.0,0.0137,0.3333
train,1870,620,False,8,1,225,0.40761250000000004,0.034,0.0092,0.5
train,64,16,False,3,1,55,0.68,0.2115,0.0667,0.5
train,65,16,False,3,1,55,0.68,0.2115,0.0323,0.25
train,66,16,False,1,2,78,0.08,0.0,0.0816,0.8
train,1539,482,False,1,1,86,0.0,0.0,0.0976,0.8
train,1540,482,False,1,1,86,0.0,0.0,0.0244,0.5
train,1541,482,False,3,3,192,0.0,0.0574,0.0105,0.25
train,1542,482,False,1,1,280,0.0,0.0,0.0087,0.5
train,2116,743,False,3,5,374,0.6455000000000001,0.084,0.0079,0.1667
train,2134,753,False,1,1,236,0.0154,0.0,0.0417,0.8
train,1612,515,False,1,1,90,0.1154,0.0,0.0426,1.0
train,1613,515,False,1,1,18,0.4615,0.0,0.0,0.0
train,1614,515,False,1,1,90,0.1154,0.0,0.0612,0.6
train,1615,515,False,0,0,0,,0.0,0.0,0.0
train,1616,515,False,1,2,102,0.4231,0.0,0.0,0.0
train,349,93,False,1,1,150,0.7885,0.0,0.0476,1.0
train,2141,757,False,1,1,221,0.5862,0.0,0.0118,0.5
train,768,216,False,4,6,367,0.1081,0.0672,0.0421,0.8
train,1051,312,False,1,1,105,0.7037,0.0,0.0,0.0
train,1052,312,False,1,1,72,0.1111,0.0,0.0698,0.3333
train,1053,312,False,4,1,203,0.314825,0.1198,0.025,0.6667
train,1031,305,False,1,1,21,0.9528,0.0,0.0,0.0
train,1032,305,False,1,1,35,0.217,0.0,0.0,0.0
train,1033,305,False,0,0,0,,0.0,0.0,0.0
train,1034,305,False,0,0,0,,0.0,0.0,0.0
train,595,162,False,1,1,58,0.75,0.0,0.0333,0.25
train,2024,693,False,2,2,136,0.56975,0.0411,0.0128,0.1667
train,2025,693,False,1,1,111,0.2093,0.0,0.1034,0.75
train,58,14,False,2,3,199,0.0548,0.0375,0.012,0.25
train,59,14,False,2,1,156,0.0548,0.0746,0.0143,0.25
train,60,14,False,1,1,44,0.0548,0.0,0.0,0.0
train,70,18,False,2,2,199,0.14115,0.1912,0.0145,0.5
train,71,18,False,1,1,85,0.25,0.0,0.0,0.0
train,72,18,False,1,1,93,0.25,0.0,0.0213,0.5
train,2104,737,False,1,1,59,0.5897,0.0,0.0278,0.2
train,2105,737,False,1,1,30,0.4615,0.0,0.1111,0.4
train,2106,737,False,2,2,184,0.1923,0.1233,0.0,0.0
train,1090,327,False,1,1,66,0.5,0.0,0.0256,0.25
train,1091,327,False,1,1,170,0.6774,0.0,0.0222,0.5
train,1092,327,False,1,1,66,0.5,0.0,0.0476,0.25
train,1093,327,False,1,1,173,0.7419,0.0,0.0345,0.5
train,2171,778,False,1,1,58,0.9833,0.0,0.1111,0.4444
train,2172,778,False,5,1,134,0.41666,0.016,0.058,0.4444
train,2173,778,False,2,1,72,0.49165000000000003,0.0,0.0976,0.6667
train,2026,694,False,1,1,165,0.7,0.0,0.0145,0.3333
train,1410,434,False,1,1,107,0.8929,0.0,0.0769,0.4
train,1411,434,False,2,2,136,0.83335,0.0862,0.0156,0.1429
train,1412,434,False,1,1,45,0.7143,0.0,0.0909,0.5
train,1413,434,False,1,1,173,0.631,0.0,0.0519,0.5
train,1371,422,False,1,1,52,0.8571,0.0,0.0,0.0
train,1372,422,False,1,1,122,0.9286,0.0,0.0,0.0
train,1373,422,False,1,1,77,0.9524,0.0,0.0217,0.3333
train,1374,422,False,1,1,134,0.5952,0.0,0.0385,0.6667
train,1375,422,False,1,1,113,0.2857,0.0,0.0238,0.5
train,1376,422,False,1,1,65,0.2381,0.0,0.0,0.0
train,1946,654,False,1,1,103,0.1277,0.0,0.0233,0.25
train,1947,654,False,4,1,105,0.7234,0.046,0.0417,0.6667
train,1948,654,False,1,1,16,0.7234,0.0,0.0,0.0
train,1949,654,False,1,1,16,0.7234,0.0,0.0,0.0
train,1284,395,False,1,1,47,0.1569,0.0,0.0435,0.5
train,1285,395,False,3,4,308,0.1569,0.1065,0.0095,0.3333
train,2297,871,False,1,1,120,0.7714,0.0,0.0182,0.2
train,785,224,False,1,1,55,0.6585,0.0,0.0357,0.25
train,786,224,False,1,1,101,0.6341,0.0,0.0508,0.75
train,787,224,False,1,1,70,0.561,0.0,0.0278,0.2
train,788,224,False,1,1,103,0.2927,0.0,0.0351,0.5
train,789,224,False,2,1,178,0.28049999999999997,0.122,0.0353,0.5
train,790,224,False,2,2,286,0.14635,0.1103,0.0072,0.3333
train,1479,463,False,1,1,51,0.7381,0.0,0.0,0.0
train,1480,463,False,0,0,0,,0.0,0.0,0.0
train,1481,463,False,1,1,64,0.2857,0.0,0.0286,0.25
train,1482,463,False,0,0,0,,0.0,0.0,0.0
train,1483,463,False,1,1,62,0.7857,0.0,0.0556,0.4
train,1162,352,False,1,1,70,0.5,0.0,0.0196,0.2
train,1163,352,False,5,4,305,0.59422,0.0539,0.015,1.0
train,0,0,False,1,3,82,0.1127,0.0,0.0571,1.0
train,1,0,False,4,4,162,0.1127,0.0664,0.0175,1.0
train,2,0,False,2,3,291,0.07045,0.1031,0.0306,0.75
train,3,0,False,6,7,324,0.11270000000000001,0.0615,0.0146,0.6667
train,4,0,False,1,1,86,0.0,0.0,0.0,0.0
train,5,0,False,1,1,26,0.1127,0.0,0.1538,0.2857
train,6,0,False,1,1,209,0.0282,0.0,0.013,0.1667
train,7,0,False,1,1,91,0.1127,0.0,0.0488,0.4
train,8,0,False,2,2,204,0.1127,0.0444,0.0326,0.6
train,1063,316,False,2,2,158,0.6617500000000001,0.0494,0.0118,0.2
train,1064,316,False,1,1,41,0.4706,0.0,0.0333,0.3333
train,1640,524,False,2,2,322,0.03705,0.1639,0.0081,0.3333
train,1641,524,False,1,1,134,0.0185,0.0,0.0328,0.3333
train,1642,524,False,1,1,116,0.5926,0.0,0.0339,0.2
train,2186,788,False,1,1,25,0.4792,0.0,0.0385,0.1111
train,2187,788,False,1,1,84,0.2604,0.0,0.0882,0.6
train,2188,788,False,5,1,76,0.47919999999999996,0.0935,0.0256,0.2
train,1748,567,False,1,1,83,0.7465,0.0,0.0238,0.2
train,1749,567,False,2,1,133,0.75355,0.05,0.0455,0.3333
train,1573,497,False,1,1,70,0.5,0.0,0.0488,0.3333
train,1318,405,False,1,1,43,0.7636,0.0,0.0,0.0
train,2215,806,False,1,1,126,0.0566,0.0,0.0139,0.25
train,1319,406,False,0,0,0,,0.0,0.0,0.0
train,1320,406,False,1,1,217,0.3636,0.0,0.023,0.6667
train,1321,406,False,1,2,190,0.5455,0.0,0.0303,0.6667
train,1322,406,False,1,1,214,0.1818,0.0,0.0112,0.25
train,2083,727,False,1,2,120,0.6905,0.0,0.0,0.0
train,2084,727,False,1,1,127,0.8571,0.0,0.0,0.0
train,2085,727,False,2,2,235,0.39285000000000003,0.0918,0.0,0.0
train,2086,727,False,1,1,165,0.0714,0.0,0.0238,0.6667
train,1446,449,False,1,1,68,0.9048,0.0,0.0556,0.3333
train,1447,449,False,2,2,279,0.9048,0.0748,0.0187,1.0
train,41,8,False,1,2,257,0.7368,0.0,0.0213,0.3333
train,42,8,False,2,2,98,0.6930000000000001,0.0816,0.0,0.0
train,708,195,False,2,2,313,0.92025,0.1963,0.0364,0.5714
train,709,195,False,1,2,490,0.971,0.0,0.02,0.6667
train,710,195,False,2,2,42,0.6377,0.3333,0.0417,0.25
train,711,195,False,1,1,137,0.2174,0.0,0.039,0.6
train,893,258,False,1,1,81,0.1852,0.0,0.05,0.3333
train,894,258,False,1,1,38,0.1481,0.0,0.0769,0.4
train,895,258,False,2,3,158,0.12965,0.0588,0.0575,0.7143
train,896,258,False,4,4,287,0.1852,0.0641,0.0075,0.2
train,687,189,False,4,1,218,0.27380000000000004,0.208,0.0385,0.6
train,688,189,False,4,1,218,0.27380000000000004,0.208,0.0395,1.0
train,689,189,False,1,1,136,0.7381,0.0,0.0137,0.2
train,1558,491,False,1,1,88,0.9756,0.0,0.0192,0.1667
train,1559,491,False,1,1,72,0.7561,0.0,0.02,0.1111
train,2220,809,False,3,3,268,0.7266666666666666,0.0485,0.0083,0.1111
train,2221,809,False,2,2,155,0.5700000000000001,0.129,0.0156,0.3333
train,731,202,False,1,1,41,0.5102,0.0,0.037,0.25
train,1715,553,False,2,3,244,0.42685,0.0222,0.022,0.6667
train,1716,553,False,1,2,237,0.0732,0.0,0.0227,0.6667
train,1485,465,False,3,3,146,0.3125,0.0586,0.0141,0.2
train,1486,465,False,1,1,33,0.0469,0.0,0.1,0.6667
train,1487,465,False,1,1,79,0.5625,0.0,0.0217,0.25
train,1488,465,False,12,1,458,0.42969166666666664,0.0601,0.0153,0.6667
train,1461,455,False,1,1,206,0.04,0.0,0.0377,0.8
train,1462,455,False,1,1,321,0.3467,0.0,0.0159,0.3333
train,1463,455,False,2,2,311,0.3467,0.0692,0.0145,0.2
train,1464,455,False,0,0,0,,0.0,0.0,0.0
train,161,47,False,1,1,186,0.0794,0.0,0.0104,0.1429
train,162,47,False,1,1,103,0.3175,0.0,0.0392,0.5
train,1943,653,False,4,3,178,0.49997499999999995,0.0876,0.039,1.0
train,1944,653,False,3,4,507,0.7407333333333334,0.1153,0.0163,1.0
train,1945,653,False,3,3,507,0.7407333333333334,0.1153,0.0054,0.3333
train,2107,738,False,3,3,344,0.6060666666666666,0.1041,0.014,0.5
train,2108,738,False,2,2,208,0.89395,0.1714,0.0137,0.25
train,2109,738,False,4,5,196,0.617425,0.3376,0.0267,0.5
train,2110,738,False,3,3,81,0.3737333333333333,0.292,0.0606,0.3333
train,1416,436,False,1,1,106,0.7059,0.0,0.0652,1.0
train,1417,436,False,7,1,225,0.36974285714285715,0.2177,0.0317,1.0
train,294,81,False,1,1,48,0.1207,0.0,0.0,0.0
train,2299,875,False,4,4,164,0.591325,0.0903,0.0411,0.6
train,778,223,False,2,2,166,0.6625,0.1493,0.0704,0.5556
train,779,223,False,2,2,237,0.8374999999999999,0.1188,0.0481,0.625
train,780,223,False,1,1,59,1.0,0.0,0.0732,0.2727
train,781,223,False,3,3,304,0.43333333333333335,0.0514,0.0284,0.4
train,782,223,False,1,1,79,0.8,0.0,0.1111,0.8333
train,783,223,False,3,1,250,0.725,0.0733,0.0549,0.7143
train,784,223,False,1,1,46,0.75,0.0,0.0357,0.2
train,1528,478,False,1,1,76,0.4915,0.0,0.0789,0.375
train,1529,478,False,2,2,101,0.33895,0.05,0.0455,0.3333
train,1530,478,False,1,1,103,0.4915,0.0,0.0465,0.5
train,1843,611,False,1,2,108,0.6,0.0,0.0,0.0
train,1844,611,False,2,3,446,0.825,0.0529,0.0053,0.5
train,1845,611,False,1,1,134,0.1,0.0,0.0317,0.6667
train,1846,611,False,1,1,108,0.6,0.0,0.0,0.0
train,1224,376,False,2,1,221,0.9286,0.1646,0.0602,0.5556
train,1225,376,False,1,1,93,0.8367,0.0,0.1395,0.75
train,1226,376,False,1,1,107,0.9184,0.0,0.0196,0.25
train,1227,376,False,3,1,92,0.6531,0.0928,0.0417,0.5
train,2051,709,False,1,2,220,0.6452,0.0,0.0,0.0
train,1465,456,False,1,1,171,0.8438,0.0,0.0,0.0
train,1466,456,False,1,1,178,0.875,0.0,0.0345,0.6
train,1467,456,False,1,1,136,0.5625,0.0,0.0364,0.4
train,1468,456,False,1,1,168,0.1562,0.0,0.011,0.1667
train,1049,311,False,1,1,167,0.55,0.0,0.0244,0.4
train,1050,311,False,1,1,130,0.0,0.0,0.0,0.0
train,1956,659,False,2,2,200,0.1096,0.0194,0.0095,0.3333
train,1957,659,False,2,2,206,0.3493,0.022,0.0217,0.6667
train,88,23,False,1,2,125,0.9474,0.0,0.0159,0.5
train,89,23,False,4,4,103,0.57455,0.1488,0.0182,0.3333
train,291,80,False,1,1,113,0.5,0.0,0.0,0.0
train,292,80,False,1,1,113,0.5,0.0,0.0,0.0
train,293,80,False,1,1,16,0.2097,0.0,0.0714,0.25
train,2170,777,False,1,1,18,0.5,0.0,0.0909,1.0
train,133,39,False,2,2,170,0.4823,0.0533,0.04,1.0
train,134,39,False,11,2,404,0.48230000000000006,0.0676,0.0075,0.3333
train,135,39,False,2,4,139,0.4823,0.1111,0.0278,1.0
train,73,19,False,2,2,179,0.5,0.0753,0.0104,0.25
train,74,19,False,1,1,152,0.0,0.0,0.022,0.4
train,75,19,False,3,3,344,0.5040666666666667,0.0958,0.0278,0.6667
train,76,19,False,2,2,301,0.5122,0.0957,0.0256,0.6
train,77,19,False,3,3,294,0.7642333333333333,0.0939,0.0348,0.5714
train,2289,863,False,4,1,414,0.26189999999999997,0.1706,0.0069,0.25
train,78,20,False,2,4,332,0.3,0.0494,0.006,0.1429
train,79,20,False,1,2,89,0.7,0.0,0.075,0.75
train,80,20,False,1,1,144,0.05,0.0,0.0122,0.3333
train,81,20,False,1,2,144,0.05,0.0,0.012,0.25
train,82,20,False,1,1,149,0.6,0.0,0.0435,0.5
train,83,20,False,2,1,234,0.725,0.0842,0.0101,0.2
train,2304,880,False,1,1,35,0.7059,0.0,0.0667,1.0
train,2305,880,False,1,1,70,0.2647,0.0,0.0714,0.75
train,2306,880,False,1,1,28,0.3235,0.0,0.1111,0.5
train,2307,880,False,3,3,140,0.3039,0.2403,0.0364,1.0
train,2011,685,False,1,1,127,0.95,0.0,0.0566,0.6
train,2012,685,False,2,2,87,0.45,0.0263,0.0444,0.2222
train,2037,699,False,1,1,238,0.3333,0.0,0.0095,0.3333
train,1976,671,False,1,1,54,0.8793,0.0,0.0,0.0
train,1977,671,False,1,1,143,0.0862,0.0,0.0143,0.5
train,520,143,False,3,3,200,0.39019999999999994,0.0643,0.0204,0.2857
train,521,143,False,1,1,124,0.0732,0.0,0.0405,0.6
train,522,143,False,2,2,218,0.3902,0.0795,0.0222,0.5
train,523,143,False,1,1,124,0.0732,0.0,0.0411,0.75
train,1020,301,False,1,1,100,0.5542,0.0,0.0652,0.6
train,1021,301,False,1,1,74,0.0964,0.0,0.0217,0.2
train,1022,301,False,1,1,146,0.3494,0.0,0.0377,0.4
train,2272,844,False,8,8,731,0.371325,0.1549,0.0162,0.5
train,1951,656,False,1,1,110,0.8276,0.0,0.0351,0.5
train,1129,339,False,1,1,168,0.75,0.0,0.038,0.6
train,1130,339,False,1,1,198,0.7917,0.0,0.0115,0.25
train,1131,339,False,1,1,137,0.7083,0.0,0.0267,0.6667
train,1969,668,False,1,1,98,0.7115,0.0,0.05,0.6667
train,1970,668,False,0,0,0,,0.0,0.0,0.0
train,1971,668,False,1,1,80,0.75,0.0,0.0,0.0
train,1972,668,False,1,1,28,0.6538,0.0,0.0476,0.25
train,1879,626,False,2,2,434,0.8509,0.163,0.0219,0.6
train,1880,626,False,2,2,341,0.38595,0.1875,0.0303,0.5
train,1768,579,False,1,1,56,0.3235,0.0,0.0,0.0
train,1769,579,False,0,0,0,,0.0,0.0,0.0
train,1770,579,False,2,2,71,0.5294,0.1471,0.0286,0.5
train,1771,579,False,2,2,208,0.60295,0.0225,0.0217,0.4
train,2259,835,False,3,3,460,0.25489999999999996,0.0536,0.0198,0.5714
train,2260,835,False,4,4,511,0.38234999999999997,0.0788,0.0253,0.8333
train,2261,835,False,2,2,140,0.7745,0.1385,0.0145,0.2
train,1831,605,False,1,1,12,0.5,0.0,0.0,0.0
train,1142,343,False,1,1,175,0.0149,0.0,0.0946,0.7778
train,1143,343,False,1,1,80,0.1343,0.0,0.0,0.0
train,157,46,False,6,5,356,0.3793,0.1029,0.0146,0.5
train,158,46,False,1,1,58,0.3793,0.0,0.0606,0.5
train,159,46,False,1,1,58,0.3793,0.0,0.0294,0.25
train,160,46,False,1,1,76,0.0,0.0,0.0213,0.3333
train,2180,786,False,1,1,54,0.3226,0.0,0.0286,0.3333
train,2181,786,False,1,1,100,0.4516,0.0,0.0385,0.6667
train,1859,616,False,1,1,96,0.6,0.0,0.0465,1.0
train,2292,866,False,2,2,226,0.2,0.1071,0.0179,1.0
train,1786,586,False,1,1,128,0.075,0.0,0.0411,0.6
train,527,146,False,0,0,0,,0.0,0.0,0.0
train,528,146,False,1,1,177,0.0,0.0,0.0,0.0
train,529,146,False,1,1,177,0.0,0.0,0.0299,0.6667
train,530,146,False,1,1,130,0.0,0.0,0.0147,0.2
train,2274,846,False,1,1,147,0.8261,0.0,0.0132,0.3333
train,1469,457,False,0,0,0,,0.0,0.0,0.0
train,806,229,False,1,1,183,0.05,0.0,0.0333,0.6
train,136,40,False,5,5,298,0.1972,0.067,0.0,0.0
train,137,40,False,3,3,457,0.7183333333333334,0.1199,0.0061,0.5
train,138,40,False,2,1,126,0.21835,0.1633,0.0,0.0
train,1780,584,False,2,2,212,0.89325,0.0538,0.0106,0.5
train,1781,584,False,1,2,199,0.7416,0.0,0.0115,0.5
train,1875,624,False,2,5,283,0.7262,0.1463,0.0,0.0
train,1116,335,False,1,1,9,0.5,0.0,0.0,0.0
train,1117,335,False,2,2,294,0.49235,0.1261,0.027,1.0
train,1118,335,False,1,1,122,0.3385,0.0,0.0156,0.125
train,1119,335,False,1,1,142,0.0769,0.0,0.0548,0.8
train,1120,335,False,1,1,174,0.0615,0.0,0.0482,0.8
train,1149,347,False,1,1,145,0.1875,0.0,0.0238,0.1667
train,1150,347,False,1,1,186,1.0,0.0,0.0,0.0
train,1711,552,False,1,1,143,0.0658,0.0,0.0423,0.5
train,1712,552,False,1,2,98,0.0658,0.0,0.0189,0.3333
train,1713,552,False,1,1,87,0.0658,0.0,0.0,0.0
train,1714,552,False,1,1,62,0.0658,0.0,0.0217,0.5
train,765,215,False,1,1,29,0.3444,0.0,0.0435,0.3333
train,766,215,False,5,1,93,0.19444,0.0325,0.0,0.0
train,767,215,False,1,1,196,0.5778,0.0,0.0312,0.6
train,2276,848,False,1,1,57,0.2486,0.0,0.0312,0.25
train,935,272,False,2,1,45,0.2143,0.0909,0.0,0.0
train,936,272,False,1,1,36,0.1429,0.0,0.05,0.5
train,937,272,False,1,1,36,0.1429,0.0,0.05,0.5
train,938,272,False,1,1,92,0.2143,0.0,0.0,0.0
train,939,272,False,1,1,92,0.2143,0.0,0.0,0.0
train,2132,751,False,1,1,89,0.1071,0.0,0.0857,0.6
train,2302,878,False,1,1,97,0.2941,0.0,0.0312,0.25
train,1629,519,False,2,1,52,0.6645000000000001,0.0741,0.0312,0.1667
train,1630,519,False,3,1,192,0.25,0.0678,0.0,0.0
train,1631,519,False,1,1,87,0.2895,0.0,0.0,0.0
train,596,163,False,2,1,152,0.33565,0.125,0.0,0.0
train,597,163,False,1,1,136,0.2466,0.0,0.0678,0.5714
train,598,163,False,1,1,110,0.0822,0.0,0.0147,0.1111
train,599,163,False,2,2,235,0.25345,0.0918,0.0098,0.2
train,2093,730,False,1,1,51,0.0,0.0,0.0,0.0
train,1673,540,False,1,1,71,0.5263,0.0,0.0278,0.5
train,1674,540,False,1,1,24,0.5789,0.0,0.0,0.0
train,1675,540,False,1,1,84,0.5965,0.0,0.0455,0.6667
train,1676,540,False,1,2,28,0.3684,0.0,0.1053,0.4
train,802,228,False,1,1,74,0.8209,0.0,0.0263,0.3333
train,803,228,False,3,3,138,0.6069666666666667,0.3129,0.0357,0.3333
train,804,228,False,7,2,131,0.7302714285714286,0.03,0.0286,0.4
train,805,228,False,1,1,88,0.0746,0.0,0.119,0.7143
train,1881,627,False,1,1,162,0.2,0.0,0.0108,0.2
train,1882,627,False,1,1,96,0.2,0.0,0.0455,0.2857
train,1883,627,False,4,1,111,0.2,0.2048,0.0909,0.5
train,130,38,False,2,3,268,0.26,0.0,0.0076,0.25
train,131,38,False,1,2,124,0.42,0.0,0.0233,0.2
train,132,38,False,1,1,190,0.44,0.0,0.0141,0.125
train,1992,680,False,1,1,107,0.7619,0.0,0.0299,0.6667
train,1993,680,False,1,1,121,0.5238,0.0,0.0,0.0
train,1994,680,False,2,2,114,0.67855,0.0806,0.0,0.0
train,1995,680,False,1,1,39,0.8095,0.0,0.0,0.0
train,501,134,False,1,1,75,0.5,0.0,0.0,0.0
train,502,134,False,1,1,98,0.6735,0.0,0.0227,0.3333
train,503,134,False,1,1,117,0.6122,0.0,0.0,0.0
train,2044,705,False,1,1,49,0.5,0.0,0.0333,0.3333
train,866,248,False,2,2,113,0.81945,0.0364,0.0172,0.25
train,867,248,False,1,1,129,0.5556,0.0,0.0169,0.3333
train,868,248,False,1,1,63,0.5278,0.0,0.0263,0.2
train,869,248,False,1,1,113,0.6389,0.0,0.0175,0.25
train,870,248,False,1,1,33,0.0278,0.0,0.0,0.0
train,1368,420,False,2,2,253,0.67245,0.0789,0.0,0.0
train,102,27,False,6,3,528,0.5354666666666666,0.0435,0.0132,0.6
train,103,27,False,1,1,71,0.9362,0.0,0.0222,0.2
train,316,86,False,2,2,87,0.8365499999999999,0.0667,0.0625,0.5
train,317,86,False,4,1,150,0.509625,0.2621,0.0204,0.3333
train,318,86,False,1,1,96,0.5577,0.0,0.0233,0.5
train,319,86,False,4,2,206,0.5577000000000001,0.1698,0.0,0.0
train,320,86,False,5,1,131,0.28846,0.0558,0.0317,1.0
train,2150,767,False,2,2,144,0.89625,0.2167,0.0154,0.1667
train,1787,587,False,1,1,41,0.5,0.0,0.0,0.0
train,1788,587,False,1,2,181,0.9057,0.0,0.0317,0.5
train,1789,587,False,1,1,37,0.434,0.0,0.0588,0.3333
train,1790,587,False,1,1,178,0.0377,0.0,0.0462,0.6
train,1904,634,False,2,2,164,0.9537,0.1587,0.0,0.0
train,1905,634,False,2,2,132,0.74075,0.0893,0.0508,0.5
train,1921,641,False,1,1,79,0.7917,0.0,0.0,0.0
train,1922,641,False,1,1,28,0.5,0.0,0.0,0.0
train,218,62,False,2,3,183,0.0696,0.0759,0.0122,0.25
train,219,62,False,1,1,73,0.1076,0.0,0.0227,0.5
train,220,62,False,20,1,189,0.7515799999999999,0.1275,0.0,0.0
train,221,62,False,1,1,154,0.3354,0.0,0.0,0.0
train,222,62,False,1,1,128,0.0443,0.0,0.0,0.0
train,715,197,False,1,1,220,0.1042,0.0,0.0283,0.375
train,716,197,False,1,1,87,0.8542,0.0,0.0,0.0
train,717,197,False,1,1,85,0.5,0.0,0.0612,0.5
train,718,197,False,11,1,51,0.6458363636363637,0.112,0.1071,1.0
train,230,65,False,1,1,106,0.0896,0.0,0.0204,0.2
train,231,65,False,2,2,238,0.55225,0.1059,0.0118,1.0
train,232,65,False,1,1,88,0.1045,0.0,0.025,0.5
train,233,65,False,2,2,341,0.5373,0.1889,0.0106,0.2
train,2098,734,False,1,1,96,0.9459,0.0,0.0484,0.4286
train,2099,734,False,3,3,338,0.31529999999999997,0.0868,0.0424,0.7143
train,365,98,False,1,1,21,0.5,0.0,0.0,0.0
train,366,98,False,2,1,91,0.14100000000000001,0.0435,0.0204,0.25
train,367,98,False,1,1,8,0.5,0.0,0.1667,0.5
train,368,98,False,0,0,0,,0.0,0.0,0.0
train,369,98,False,1,1,21,0.5,0.0,0.0,0.0
train,370,98,False,1,1,21,0.5,0.0,0.0556,0.2
train,48,11,False,0,0,0,,0.0,0.0,0.0
train,49,11,False,6,2,756,0.4907333333333333,0.2321,0.0085,0.6667
train,50,11,False,2,2,178,0.41664999999999996,0.0556,0.0109,0.3333
train,51,11,False,1,1,190,0.5556,0.0,0.0357,0.375
train,52,11,False,2,2,772,0.44445,0.1036,0.0199,1.0
train,1602,512,False,1,1,149,0.1053,0.0,0.0127,0.25
train,476,128,False,1,1,85,0.8649,0.0,0.04,0.3333
train,477,128,False,2,1,125,0.6351,0.0784,0.0172,0.125
train,433,115,False,1,1,98,0.5952,0.0,0.0179,0.25
train,434,115,False,0,1,0,,0.0,0.0,0.0
train,435,115,False,1,1,88,0.6905,0.0,0.0213,0.3333
train,436,115,False,0,1,0,,0.0,0.0,0.0
train,1292,399,False,1,1,66,0.9189,0.0,0.0698,0.4286
train,1293,399,False,2,2,87,0.14865,0.2632,0.0714,0.4286
train,1294,399,False,1,1,135,0.5676,0.0,0.0282,0.2
train,1295,399,False,1,1,105,0.4324,0.0,0.0156,0.1
train,531,147,False,2,3,156,0.9184,0.0625,0.0455,0.6
train,532,147,False,1,1,30,0.5714,0.0,0.1053,0.2857
train,533,147,False,1,1,121,0.2245,0.0,0.0455,0.4
train,534,147,False,1,1,121,0.2245,0.0,0.0233,0.3333
train,2117,744,False,3,2,227,0.6937000000000001,0.0833,0.0283,0.75
train,2118,744,False,5,3,232,0.44054000000000004,0.0488,0.0098,0.25
train,1718,555,False,3,3,382,0.7093999999999999,0.0583,0.0139,0.4
train,1719,555,False,1,1,175,0.3333,0.0,0.0312,0.4
train,1100,330,False,3,3,446,0.2973,0.0496,0.0,0.0
train,1101,330,False,4,4,387,0.283775,0.1112,0.0493,0.6364
train,1102,330,False,3,3,223,0.27026666666666666,0.096,0.0104,0.3333
train,1103,330,False,4,4,159,0.195925,0.0549,0.0,0.0
train,1104,330,False,1,3,322,0.027,0.0,0.0078,0.25
train,1443,448,False,3,3,511,0.5225000000000001,0.0654,0.0056,0.3333
train,1444,448,False,2,2,294,0.17570000000000002,0.1071,0.0177,0.6667
train,1445,448,False,2,2,343,0.31079999999999997,0.1008,0.0229,0.6
train,1274,391,False,2,1,103,0.6791,0.0943,0.037,0.6667
train,1275,391,False,5,4,142,0.7761199999999999,0.0605,0.0,0.0
train,2298,873,False,2,2,73,0.5976,0.0244,0.0417,0.2222
train,2114,741,False,2,2,183,0.3929,0.05,0.0122,0.3333
train,1144,345,False,2,2,62,0.7174,0.0,0.0952,0.4444
train,1145,345,False,2,2,76,0.75,0.0476,0.0,0.0
train,1146,345,False,1,1,17,0.6522,0.0,0.0625,0.2
train,2266,840,False,1,1,97,0.1667,0.0,0.0851,0.6667
train,2267,840,False,1,1,97,0.1667,0.0,0.087,0.8
train,1168,354,False,1,1,149,0.5143,0.0,0.1406,0.6429
train,1169,354,False,1,1,204,0.7429,0.0,0.0108,0.25
train,1170,354,False,1,1,126,0.6571,0.0,0.027,0.5
train,1171,354,False,1,1,126,0.6571,0.0,0.0405,0.6
train,1172,354,False,10,5,470,0.38428999999999996,0.1633,0.0132,0.5
train,1173,354,False,1,1,96,0.1429,0.0,0.0517,0.6
train,729,201,False,1,1,81,0.1304,0.0,0.0465,1.0
train,730,201,False,3,3,173,0.043500000000000004,0.0665,0.0127,0.5
train,1430,443,False,1,1,14,0.0469,0.0,0.0714,0.1667
train,1431,443,False,6,1,200,0.24218333333333333,0.0672,0.0471,0.8
train,359,96,False,2,2,218,0.75675,0.2154,0.0299,0.5
train,360,96,False,4,4,262,0.689175,0.1107,0.0225,1.0
train,361,96,False,2,1,146,0.9054,0.0725,0.0429,0.75
train,810,231,False,2,5,304,0.15385,0.0602,0.0438,0.6
train,669,183,False,1,1,51,0.9318,0.0,0.0,0.0
train,670,183,False,1,1,51,0.9318,0.0,0.0,0.0
train,671,183,False,1,1,12,0.5,0.0,0.0,0.0
train,1754,570,False,6,6,312,0.7083333333333334,0.0727,0.0167,1.0
train,1755,570,False,1,1,82,0.6389,0.0,0.027,0.5
train,619,170,False,1,1,148,0.55,0.0,0.0278,0.3333
train,620,170,False,1,1,80,0.55,0.0,0.0227,0.1429
train,621,170,False,1,1,93,0.1,0.0,0.0755,0.8
train,1346,414,False,2,2,161,0.40180000000000005,0.05,0.0357,0.4286
train,1347,414,False,1,1,30,0.1607,0.0,0.1333,0.6667
train,1348,414,False,1,1,88,0.6786,0.0,0.0,0.0
train,1576,499,False,2,3,310,0.66665,0.2727,0.0112,0.5
train,1236,380,False,0,0,0,,0.0,0.0,0.0
train,1237,380,False,1,1,163,0.16,0.0,0.0,0.0
train,109,30,False,1,1,145,0.8611,0.0,0.0127,0.2
train,110,30,False,7,8,173,0.1547714285714286,0.0404,0.025,0.6667
train,795,226,False,2,2,205,0.0517,0.0673,0.0,0.0
train,796,226,False,2,2,114,0.0517,0.0351,0.0159,0.1429
train,1927,644,False,2,2,270,0.7250000000000001,0.0146,0.0072,0.5
train,1928,644,False,1,2,27,0.5,0.0,0.05,0.3333
train,1421,439,False,2,2,272,0.35345,0.0348,0.0165,0.25
train,1422,439,False,2,2,272,0.35345,0.0348,0.0168,0.3333
train,1423,439,False,2,2,279,0.35,0.0442,0.0261,0.6
train,445,118,False,0,0,0,,0.0,0.0,0.0
train,446,118,False,1,1,131,0.4839,0.0,0.0278,0.4
train,447,118,False,1,1,69,0.4516,0.0,0.0571,0.3333
train,448,118,False,2,2,202,0.44355,0.1609,0.0337,0.6
train,1323,407,False,1,1,86,0.7609,0.0,0.0,0.0
train,2258,834,False,1,1,115,0.0,0.0,0.0606,1.0
train,977,287,False,1,1,79,0.0658,0.0,0.0652,0.6
train,978,287,False,1,1,74,0.0263,0.0,0.0606,0.5
train,979,287,False,1,1,61,0.0,0.0,0.0625,0.2857
train,994,292,False,1,1,270,0.575,0.0,0.0426,0.5
train,995,292,False,1,1,136,0.525,0.0,0.0794,0.5556
train,996,292,False,1,1,210,0.6,0.0,0.0312,0.375
train,997,292,False,1,2,187,0.475,0.0,0.0706,0.75
train,998,292,False,1,1,220,0.325,0.0,0.0211,0.6667
train,999,292,False,1,1,196,0.025,0.0,0.0532,0.5
train,739,204,False,1,1,206,0.9429,0.0,0.0227,0.6667
train,450,120,False,2,2,119,0.10975,0.0656,0.0469,0.5
train,864,247,False,1,1,76,0.2632,0.0,0.0698,0.4286
train,865,247,False,2,3,228,0.2632,0.1379,0.0112,0.3333
train,2179,785,False,2,2,116,0.8,0.0735,0.029,0.6667
train,226,64,False,1,1,46,0.569,0.0,0.0,0.0
train,227,64,False,1,1,76,0.3966,0.0,0.0465,0.6667
train,228,64,False,1,2,49,0.3621,0.0,0.0,0.0
train,229,64,False,2,2,215,0.3362,0.1098,0.0,0.0
train,569,154,False,1,1,72,0.5806,0.0,0.0,0.0
train,570,154,False,1,1,26,0.0645,0.0,0.0,0.0
train,2236,819,False,1,1,271,0.7143,0.0,0.0278,0.5
train,1276,392,False,1,1,54,0.88,0.0,0.0333,0.5
train,1277,392,False,1,1,9,0.5,0.0,0.1,0.3333
train,1278,392,False,2,2,132,0.44,0.0556,0.0,0.0
train,1279,392,False,2,1,113,0.45999999999999996,0.0308,0.0152,0.5
train,1280,392,False,1,1,64,0.44,0.0,0.0,0.0
train,1281,392,False,1,1,64,0.44,0.0,0.0,0.0
train,921,267,False,1,1,91,0.0714,0.0,0.186,0.7273
train,922,267,False,3,2,109,0.5,0.1944,0.1143,0.8
train,923,267,False,2,2,62,0.5476,0.1389,0.1667,1.0
train,924,267,False,2,1,64,0.6548,0.1613,0.0882,0.5
train,1706,550,False,1,1,128,0.1481,0.0,0.0,0.0
train,1707,550,False,1,1,12,0.1481,0.0,0.0,0.0
train,1708,550,False,1,1,147,0.0741,0.0,0.0274,0.6667
train,712,196,False,1,1,74,0.8696,0.0,0.0,0.0
train,713,196,False,1,1,18,0.4348,0.0,0.0,0.0
train,714,196,False,2,1,134,0.2826,0.0161,0.0156,0.3333
train,1689,545,False,1,1,219,0.85,0.0,0.0227,0.5
train,1690,545,False,1,1,327,0.95,0.0,0.0079,0.3333
train,1691,545,False,1,1,176,0.8,0.0,0.0111,0.3333
train,1175,356,False,1,1,77,0.6164,0.0,0.0,0.0
train,1176,356,False,5,1,133,0.5068400000000001,0.0873,0.0441,0.75
train,1177,356,False,5,1,133,0.5068400000000001,0.0873,0.0294,0.6667
train,2312,884,False,1,1,208,0.0714,0.0,0.0,0.0
train,875,251,False,1,1,86,0.2326,0.0,0.0238,0.25
train,876,251,False,1,1,281,0.7907,0.0,0.0111,0.25
train,2054,711,False,2,2,145,0.58785,0.0571,0.0256,0.2
train,2055,711,False,1,1,167,0.0,0.0,0.0111,0.3333
train,2207,802,False,1,1,69,0.2667,0.0,0.0286,0.25
train,2007,684,False,0,0,0,,0.0,0.0,0.0
train,2008,684,False,2,1,58,0.3871,0.1379,0.0571,0.25
train,2009,684,False,0,0,0,,0.0,0.0,0.0
train,2010,684,False,1,2,106,0.3226,0.0,0.0385,0.6667
train,1397,429,False,1,1,46,0.8333,0.0,0.0385,0.25
train,1545,484,False,1,1,34,1.0,0.0,0.08,0.4
train,1546,484,False,3,2,195,0.3024,0.0616,0.0088,0.5
train,1961,662,False,1,1,200,0.1481,0.0,0.0114,0.3333
train,2233,816,False,2,2,131,0.39999999999999997,0.0286,0.027,0.3333
train,1664,536,False,1,1,258,0.2708,0.0,0.0488,0.8
train,1665,536,False,1,3,121,0.1875,0.0,0.0526,1.0
train,1666,536,False,1,1,258,0.2708,0.0,0.0366,0.75
train,1750,568,False,1,1,83,0.75,0.0,0.0238,0.3333
train,2038,700,False,1,1,29,0.3333,0.0,0.0476,0.2
train,2039,700,False,1,1,103,0.7143,0.0,0.0364,0.6667
train,2040,700,False,1,1,29,0.3333,0.0,0.0556,0.5
train,1873,623,False,2,2,287,0.78845,0.0678,0.0081,0.1667
train,1874,623,False,2,2,184,0.6153500000000001,0.1299,0.0253,0.5
train,2151,768,False,1,1,118,0.3086,0.0,0.0328,1.0
train,449,119,False,1,1,89,0.1488,0.0,0.0417,0.5
train,1243,383,False,3,3,462,0.2845666666666667,0.095,0.01,0.4
train,1244,383,False,1,1,154,0.3171,0.0,0.0,0.0
train,1245,383,False,2,3,312,0.1829,0.2075,0.037,0.6667
train,1246,383,False,2,3,428,0.2683,0.1017,0.0112,0.5
train,1247,383,False,1,1,118,0.439,0.0,0.0,0.0
train,1508,472,False,1,1,77,0.907,0.0,0.0435,0.6667
train,1509,472,False,1,1,31,0.0698,0.0,0.0556,0.5
train,1510,472,False,1,2,170,0.3488,0.0,0.0455,0.75
train,1511,472,False,1,1,170,0.3488,0.0,0.0303,0.6667
train,146,43,False,3,4,283,0.5106333333333334,0.1044,0.0093,0.2
train,147,43,False,2,2,232,0.5,0.1149,0.0111,0.25
train,148,43,False,1,1,31,0.0426,0.0,0.1579,0.4286
train,1239,382,False,1,1,118,0.5484,0.0,0.0141,0.25
train,1240,382,False,1,1,103,0.1935,0.0,0.0208,0.3333
train,1241,382,False,1,1,103,0.1935,0.0,0.0208,0.3333
train,1242,382,False,3,3,80,0.5914,0.2402,0.0,0.0
train,324,88,False,1,1,42,0.1111,0.0,0.0385,0.25
train,325,88,False,1,1,27,0.8222,0.0,0.0625,0.5
train,326,88,False,1,1,64,0.7333,0.0,0.0556,0.5
train,1219,374,False,1,1,127,0.56,0.0,0.0597,0.5714
train,1220,374,False,4,3,149,0.725,0.0645,0.0857,0.75
train,128,37,False,3,6,194,0.7164666666666667,0.0713,0.0123,0.3333
train,129,37,False,1,1,118,0.6104,0.0,0.0351,0.4
train,1817,599,False,2,1,53,0.34845,0.0909,0.08,0.4
train,31,5,False,1,2,130,0.0311,0.0,0.0606,0.5714
train,32,5,False,0,0,0,,0.0,0.0,0.0
train,33,5,False,1,1,31,0.0389,0.0,0.0,0.0
train,34,5,False,2,2,200,0.0389,0.1447,0.0125,0.2
train,35,5,False,1,1,101,0.0389,0.0,0.0204,0.1111
train,678,187,False,1,1,190,0.1628,0.0,0.0132,0.3333
train,679,187,False,2,2,316,0.13955,0.04,0.0079,0.3333
train,680,187,False,1,1,190,0.1628,0.0,0.013,0.25
train,681,187,False,1,1,80,0.093,0.0,0.0541,0.25
train,682,187,False,2,2,316,0.13955,0.04,0.0,0.0
train,683,187,False,2,2,316,0.13955,0.04,0.0079,0.3333
train,807,230,False,1,1,13,0.5,0.0,0.0,0.0
train,808,230,False,1,1,165,0.6296,0.0,0.0,0.0
train,809,230,False,1,1,90,0.2593,0.0,0.0455,0.6667
train,2275,847,False,1,1,164,0.5652,0.0,0.0,0.0
train,2036,698,False,1,1,90,0.2222,0.0,0.06,1.0
train,350,94,False,1,1,11,0.5,0.0,0.0,0.0
train,351,94,False,2,1,152,0.93425,0.1148,0.0,0.0
train,352,94,False,3,1,104,0.3421,0.1025,0.0,0.0
train,353,94,False,5,3,256,0.57896,0.073,0.0291,0.75
train,354,94,False,3,1,104,0.3421,0.1025,0.0714,0.5714
train,355,94,False,5,2,238,0.46844,0.0179,0.0286,1.0
train,2013,686,False,7,7,776,0.3520428571428571,0.0705,0.0034,0.3333
train,1929,645,False,2,2,150,0.5526,0.1042,0.0179,0.1111
train,1595,509,False,1,1,230,0.7838,0.0,0.0179,0.3333
train,1596,509,False,1,1,126,0.0541,0.0,0.0676,0.7143
train,1075,322,False,2,2,109,0.1912,0.0377,0.0566,1.0
train,1076,322,False,1,1,65,0.1912,0.0,0.0256,0.3333
train,1077,322,False,1,1,65,0.1912,0.0,0.0488,0.6667
train,1078,322,False,1,1,55,0.1912,0.0,0.0303,0.3333
train,1079,322,False,1,1,56,0.1912,0.0,0.0,0.0
train,1080,322,False,2,2,74,0.1912,0.0769,0.075,0.75
train,1210,370,False,1,2,201,0.6667,0.0,0.0105,0.25
train,2018,689,False,1,1,189,0.0123,0.0,0.0,0.0
train,2019,689,False,6,1,123,0.2901333333333333,0.0459,0.0125,0.3333
train,2020,689,False,5,1,85,0.31357999999999997,0.0662,0.0323,0.3333
train,656,180,False,2,2,177,0.48335,0.02,0.0096,0.2
train,657,180,False,1,1,108,0.6,0.0,0.0227,0.2
train,658,180,False,2,1,120,0.8833500000000001,0.0364,0.0,0.0
train,659,180,False,1,1,74,0.4667,0.0,0.0577,0.4286
train,660,180,False,1,1,110,0.9667,0.0,0.069,0.4444
train,661,180,False,1,1,74,0.4667,0.0,0.0385,0.3333
train,535,148,False,1,1,155,0.1556,0.0,0.0,0.0
train,536,148,False,1,1,231,0.7778,0.0,0.0194,0.2857
train,537,148,False,1,1,231,0.7778,0.0,0.0,0.0
train,538,148,False,1,1,244,0.0444,0.0,0.0174,0.4
train,12,2,True,1,1,93,0.013,0.0,0.0217,0.25
train,13,2,False,2,2,209,0.013,0.2619,0.011,0.125
train,14,2,False,2,2,189,0.013,0.2152,0.0488,0.5714
train,15,2,False,1,2,93,0.013,0.0,0.0435,0.4
train,16,2,False,1,1,59,0.013,0.0,0.0606,0.4
train,17,2,False,1,1,49,0.013,0.0,0.0909,0.5
train,1936,649,False,1,1,93,1.0,0.0,0.0435,0.4
train,949,275,False,1,2,74,0.0,0.0,0.0455,0.2857
train,950,275,False,1,1,165,0.0,0.0,0.0238,0.4
train,1560,492,False,2,2,104,0.67805,0.0,0.0175,0.2
train,1561,492,False,1,1,27,0.589,0.0,0.1111,0.3333
train,1562,492,False,1,1,70,0.5616,0.0,0.0,0.0
train,1563,492,False,1,1,117,0.5342,0.0,0.0312,0.2857
train,2087,728,False,1,1,169,0.45,0.0,0.0323,1.0
train,2088,728,False,1,1,64,0.4,0.0,0.027,0.5
train,2089,728,False,1,1,169,0.45,0.0,0.0156,0.3333
train,1153,349,False,1,1,133,0.16,0.0,0.0455,0.6
train,1154,349,False,2,2,208,0.74,0.0481,0.0192,1.0
train,1155,349,False,2,2,117,0.48000000000000004,0.1475,0.082,1.0
train,1330,410,False,2,2,237,0.27025,0.0495,0.0096,0.25
train,1331,410,False,2,2,172,0.1676,0.0533,0.025,0.2857
train,1332,410,False,1,2,82,0.0108,0.0,0.0444,0.4
train,1333,410,False,1,1,144,0.0,0.0,0.0132,0.3333
train,1334,410,False,1,1,144,0.0,0.0,0.0132,0.3333
train,1688,544,False,2,2,213,0.38815,0.0645,0.0408,0.4444
train,2294,868,False,0,0,0,,0.0,0.0,0.0
train,952,277,False,1,1,72,0.3235,0.0,0.0,0.0
train,953,277,False,2,2,117,0.3235,0.2264,0.0536,0.5
train,2155,771,False,1,1,6,0.5,0.0,0.0,0.0
train,2156,771,False,1,1,95,0.8049,0.0,0.0238,0.5
train,2157,771,False,1,2,140,0.1951,0.0,0.0143,0.5
train,2049,708,False,2,2,104,0.5776,0.1087,0.0816,0.5714
train,2050,708,False,1,2,129,0.8966,0.0,0.0577,0.3
train,1729,560,False,1,1,89,0.2069,0.0,0.0702,0.3333
train,1448,450,False,2,3,55,0.45755,0.0312,0.0294,0.3333
train,1475,460,False,1,1,42,0.1667,0.0,0.0417,0.5
train,2033,697,False,0,0,0,,0.0,0.0,0.0
train,2034,697,False,1,1,171,0.4701,0.0,0.0233,0.6667
train,2035,697,False,1,3,102,0.0085,0.0,0.0351,0.3333
train,848,242,False,2,2,226,0.3506,0.1031,0.0198,0.3333
train,849,242,False,1,1,32,0.3506,0.0,0.0333,0.1667
train,850,242,False,1,1,75,0.1039,0.0,0.1064,0.5556
train,2065,719,False,1,1,55,0.7586,0.0,0.0263,0.1429
train,2066,719,False,1,1,83,0.3793,0.0,0.0435,0.6667
train,2067,719,False,1,1,83,0.3793,0.0,0.02,0.1667
train,2068,719,False,1,1,124,0.4138,0.0,0.0161,0.3333
train,1978,672,False,0,0,0,,0.0,0.0,0.0
train,1979,672,False,3,3,180,0.44166666666666665,0.0826,0.0208,0.2857
train,1980,672,False,1,1,59,0.125,0.0,0.0263,0.1429
train,754,212,False,1,1,75,0.0417,0.0,0.0286,0.5
train,755,212,False,1,1,43,0.0417,0.0,0.0385,1.0
train,756,212,False,1,1,71,0.0417,0.0,0.0345,0.5
train,757,212,False,1,1,64,0.0417,0.0,0.0312,0.3333
train,758,212,False,1,1,60,0.0417,0.0,0.069,0.6667
train,2250,830,False,1,1,46,0.1048,0.0,0.0345,0.25
train,2251,830,False,3,1,120,0.0484,0.1076,0.0192,0.5
train,2252,830,False,1,1,39,0.0,0.0,0.0909,1.0
train,246,68,True,2,3,168,0.40245000000000003,0.12,0.0128,0.25
train,247,68,False,1,1,14,0.5,0.0,0.0,0.0
train,248,68,False,2,2,123,0.2561,0.0909,0.0,0.0
train,249,68,False,1,1,57,1.0,0.0,0.0345,0.3333
train,250,68,False,1,1,100,0.2195,0.0,0.0,0.0
train,251,68,False,1,1,68,0.5122,0.0,0.0714,0.6
train,252,68,False,2,3,168,0.40245000000000003,0.12,0.0,0.0
train,253,68,False,1,1,100,0.2195,0.0,0.0,0.0
train,254,68,False,1,1,68,0.5122,0.0,0.0476,0.5
train,1765,578,False,1,1,67,0.1899,0.0,0.0263,0.25
train,1766,578,False,1,1,65,0.0127,0.0,0.0222,0.25
train,1767,578,False,1,1,52,0.6456,0.0,0.0,0.0
train,988,290,False,1,1,111,0.7447,0.0,0.0357,0.6667
train,989,290,False,1,1,91,0.7234,0.0,0.0,0.0
train,990,290,False,1,1,82,0.766,0.0,0.0208,0.25
train,2253,831,False,1,1,153,0.0244,0.0,0.0127,0.5
train,2254,831,False,1,1,67,0.5244,0.0,0.0968,0.5
train,86,22,False,5,10,171,0.46665999999999996,0.0332,0.0132,0.5
train,87,22,False,2,2,70,0.32499999999999996,0.0938,0.0,0.0
train,1147,346,False,8,8,456,0.700375,0.1538,0.0062,0.25
train,1148,346,False,3,1,117,0.6471,0.1369,0.0377,0.5
train,487,131,False,1,1,126,0.675,0.0,0.0,0.0
train,488,131,False,1,1,83,0.85,0.0,0.0,0.0
train,489,131,False,1,1,13,0.575,0.0,0.0,0.0
train,490,131,False,1,1,13,0.575,0.0,0.1,0.5
train,1876,625,False,1,1,71,0.3158,0.0,0.0556,0.1818
train,1877,625,False,3,3,178,0.16666666666666666,0.0323,0.0435,0.6667
train,1878,625,False,1,1,46,0.4211,0.0,0.0741,0.4
train,2300,876,False,4,4,303,0.50595,0.0408,0.0,0.0
train,1432,444,False,1,1,128,0.3673,0.0,0.0159,1.0
train,1433,444,False,1,1,74,0.5102,0.0,0.0476,0.5
train,1434,444,False,5,1,121,0.6939000000000001,0.1038,0.0,0.0
train,1435,444,False,1,1,51,0.5,0.0,0.0345,0.3333
train,1568,495,False,3,3,40,0.5,0.3881,0.0556,0.3333
train,1569,495,False,1,1,13,0.5,0.0,0.2222,0.6667
train,1570,495,False,1,1,9,0.5,0.0,0.0,0.0
train,959,281,False,2,2,194,0.7115,0.1059,0.0349,0.75
train,960,281,False,3,3,292,0.7564000000000001,0.1184,0.0,0.0
train,961,281,False,1,1,85,0.2308,0.0,0.0682,0.75
train,962,281,False,3,3,292,0.7564000000000001,0.1184,0.016,0.6667
train,963,281,False,5,1,80,0.46154,0.0264,0.0,0.0
train,1516,475,False,2,1,72,0.36795,0.0667,0.0,0.0
train,1517,475,False,4,4,522,0.16037500000000002,0.0998,0.0104,0.3333
train,1518,475,False,4,4,235,0.6179250000000001,0.2383,0.0645,0.5455
train,1519,475,False,0,0,0,,0.0,0.0,0.0
train,122,35,False,2,3,227,0.09575,0.0833,0.0091,0.3333
train,123,35,False,5,2,207,0.7872399999999999,0.0447,0.0319,1.0
train,124,35,False,2,3,150,0.67555,0.0781,0.0588,0.5
train,519,142,False,2,2,69,0.3611,0.2258,0.0938,0.75
train,2056,712,False,5,1,108,0.5852999999999999,0.0511,0.0135,0.3333
train,2057,712,False,7,2,277,0.3844714285714285,0.062,0.0227,0.6667
train,2139,755,False,2,2,140,0.58335,0.1148,0.0323,0.6667
train,1473,459,False,2,2,186,0.41175,0.0882,0.0725,0.8333
train,1474,459,False,1,1,54,0.9706,0.0,0.0303,0.25
train,67,17,False,2,2,286,0.6111,0.0769,0.0076,0.5
train,68,17,False,1,1,160,0.0741,0.0,0.027,1.0
train,69,17,False,7,13,1057,0.45767142857142856,0.0552,0.0086,1.0
train,441,117,False,3,2,306,0.7733333333333334,0.1314,0.0085,0.3333
train,442,117,False,2,1,270,0.54,0.0714,0.023,0.4
train,443,117,False,1,1,125,0.16,0.0,0.0317,0.5
train,444,117,False,2,2,403,0.18000000000000002,0.0932,0.0123,0.6667
train,1709,551,False,1,1,113,0.5797,0.0,0.0222,0.3333
train,1710,551,False,1,1,190,0.6087,0.0,0.0135,0.3333
train,2295,869,False,1,1,29,0.5,0.0,0.0455,0.25
train,1818,600,False,10,5,308,0.28605,0.0372,0.0357,0.4167
train,1819,600,False,3,3,194,0.4767333333333334,0.0292,0.0225,0.5
train,974,286,False,1,1,166,0.5814,0.0,0.022,0.6667
train,975,286,False,1,1,198,0.186,0.0,0.0319,0.2727
train,976,286,False,1,2,137,0.6977,0.0,0.0159,0.3333
train,1696,547,False,2,2,145,0.2778,0.1216,0.0256,0.3333
train,1697,547,False,2,2,124,0.67595,0.0152,0.0597,0.8
train,1698,547,False,2,2,159,0.7222,0.1176,0.0143,0.3333
train,1699,547,False,2,2,378,0.2037,0.2394,0.0208,0.6
train,2273,845,False,1,1,114,0.1333,0.0,0.0333,0.5
train,1815,597,False,1,1,59,0.0,0.0,0.0476,0.2222
train,1344,413,False,4,4,125,0.46922499999999995,0.033,0.0429,0.75
train,1345,413,False,2,2,289,0.14615,0.1471,0.0385,0.6667
train,2255,832,False,2,2,258,0.32895,0.1075,0.0426,0.8
train,2256,832,False,1,1,69,0.6579,0.0,0.1053,0.8
train,387,103,False,1,1,73,0.1951,0.0,0.0312,0.2
train,388,103,False,1,1,112,0.0244,0.0,0.0182,0.25
train,389,103,False,1,3,108,0.2195,0.0,0.0213,0.3333
train,390,103,False,2,2,169,0.0305,0.1143,0.0141,0.5
train,391,103,False,1,1,74,0.2073,0.0,0.0652,0.5
train,392,103,False,1,1,74,0.2073,0.0,0.0444,0.5
train,862,246,False,1,1,56,0.1951,0.0,0.0,0.0
train,863,246,False,1,1,110,0.0488,0.0,0.0667,0.5714
train,1654,529,False,1,1,189,0.0145,0.0,0.044,0.8
train,662,181,False,1,1,150,0.0847,0.0,0.0588,0.6667
train,663,181,False,1,1,150,0.0847,0.0,0.0588,0.6667
train,1349,415,False,1,1,135,0.2273,0.0,0.0,0.0
train,1350,415,False,1,1,123,0.9091,0.0,0.0156,0.2
train,1351,415,False,1,1,123,0.9091,0.0,0.0164,0.5
train,1352,415,False,2,3,175,0.125,0.1463,0.0238,0.5
train,1353,416,False,1,1,133,0.122,0.0,0.0656,0.4
train,1354,416,False,1,2,288,0.6341,0.0,0.0294,0.4286
train,1355,416,False,1,1,80,0.5,0.0,0.0625,0.75
train,776,221,False,1,1,153,0.1667,0.0,0.0132,0.5
train,1429,442,False,5,5,216,0.83722,0.1715,0.0429,1.0
train,2193,792,False,1,1,105,0.0227,0.0,0.0,0.0
train,1649,527,False,0,0,0,,0.0,0.0,0.0
train,1898,632,False,2,2,153,0.4128,0.0984,0.0323,0.6667
train,1899,632,False,1,1,193,0.7907,0.0,0.0112,0.2
train,622,171,False,1,1,71,0.5,0.0,0.1,0.4286
train,623,171,False,1,1,58,0.7838,0.0,0.0333,0.3333
train,624,171,False,1,1,126,0.5405,0.0,0.0152,0.5
train,625,171,False,4,4,267,0.41215,0.1264,0.0091,0.5
train,2237,820,False,3,4,511,0.9535,0.1702,0.0066,0.25
train,2238,820,False,1,1,251,0.9651,0.0,0.0337,0.3333
train,925,268,False,12,4,164,0.6323250000000001,0.0504,0.0119,0.3333
train,53,12,False,2,1,219,0.8971,0.1765,0.0,0.0
train,54,12,False,2,3,140,0.0441,0.0735,0.0145,0.5
train,55,12,False,1,1,13,0.5,0.0,0.0,0.0
train,1734,562,False,2,2,86,0.7778,0.0851,0.0196,0.2
train,1735,562,False,1,1,33,0.6667,0.0,0.0417,0.2
train,1736,562,False,2,1,92,0.88095,0.0612,0.0196,0.3333
train,1737,562,False,2,2,64,0.33335000000000004,0.0588,0.0286,0.5
train,1136,341,False,1,1,168,0.0164,0.0,0.0118,0.3333
train,1137,341,False,1,1,176,0.0328,0.0,0.0,0.0
train,1138,341,False,1,1,176,0.0328,0.0,0.0,0.0
train,2090,729,False,1,1,74,0.5,0.0,0.0455,0.5
train,2091,729,False,4,1,82,0.645825,0.1637,0.0476,0.4
train,2092,729,False,1,1,41,0.8333,0.0,0.0,0.0
train,28,4,False,1,1,40,0.56,0.0,0.0,0.0
train,29,4,False,1,2,207,0.16,0.0,0.0297,0.6
train,30,4,False,1,2,60,0.0,0.0,0.0455,0.3333
train,2142,758,False,1,1,70,0.0,0.0,0.0789,1.0
train,581,158,False,1,1,165,0.3125,0.0,0.0127,0.25
train,582,158,False,1,1,82,0.3125,0.0,0.0,0.0
train,583,158,False,2,2,257,0.3125,0.0789,0.0083,0.125
train,1324,408,False,1,1,143,0.9706,0.0,0.0469,0.5
train,1325,408,False,1,1,20,0.5,0.0,0.0909,0.3333
train,539,149,False,3,3,260,0.48,0.0647,0.0185,0.4
train,540,149,False,3,3,260,0.48,0.0647,0.0283,0.75
train,541,149,False,4,4,241,0.51,0.1676,0.0233,1.0
train,542,149,False,1,1,175,0.14,0.0,0.0,0.0
train,543,149,False,1,1,145,0.42,0.0,0.0357,0.6667
train,544,149,False,2,2,197,0.53,0.1974,0.0128,0.3333
train,814,233,False,1,1,94,0.1552,0.0,0.0638,0.5
train,815,233,False,1,1,113,0.1552,0.0,0.0612,1.0
train,816,233,False,1,1,138,0.1552,0.0,0.0156,0.5
train,817,233,False,1,1,48,0.1552,0.0,0.0263,0.1429
train,2005,683,False,1,2,301,0.1373,0.0,0.0085,0.5
train,2006,683,False,1,1,310,0.1373,0.0,0.0085,0.3333
train,1599,511,False,0,0,0,,0.0,0.0,0.0
train,1600,511,False,0,0,0,,0.0,0.0,0.0
train,1601,511,False,0,0,0,,0.0,0.0,0.0
train,301,84,False,1,1,93,0.675,0.0,0.0233,0.5
train,302,84,False,1,1,90,0.4,0.0,0.02,0.5
train,303,84,False,2,2,117,0.65,0.16,0.0377,0.4
train,304,84,False,5,1,264,0.7649999999999999,0.0457,0.027,0.375
train,305,84,False,1,2,90,0.8,0.0,0.0222,0.25
train,306,84,False,1,1,108,0.425,0.0,0.0364,0.3333
train,307,84,False,1,1,90,0.4,0.0,0.0189,0.2
train,308,84,False,1,1,176,0.625,0.0,0.0294,0.5
train,309,84,False,1,1,93,0.675,0.0,0.0682,0.6
train,310,84,False,1,1,85,0.475,0.0,0.0213,0.1429
train,1216,373,False,2,2,190,0.0339,0.1098,0.0,0.0
train,1217,373,False,2,2,73,0.0339,0.0244,0.0488,1.0
train,1218,373,False,8,3,205,0.0339,0.0399,0.0211,1.0
train,2243,825,False,1,1,82,0.037,0.0,0.0,0.0
train,200,57,False,2,2,368,0.16670000000000001,0.0375,0.0122,0.3333
train,201,57,False,1,1,236,0.1368,0.0,0.0,0.0
train,202,57,False,3,3,396,0.4074333333333333,0.0657,0.0061,0.25
train,203,57,False,2,2,121,0.3248,0.3137,0.0556,0.5
train,186,54,False,1,1,35,0.5,0.0,0.0,0.0
train,187,54,False,1,1,69,0.1786,0.0,0.0286,0.5
train,188,54,False,9,2,339,0.5396777777777778,0.074,0.0,0.0
train,189,54,False,1,1,36,0.5,0.0,0.0417,0.25
train,2308,882,False,1,1,79,0.2083,0.0,0.1111,1.0
train,1085,325,False,1,1,80,0.3667,0.0,0.025,0.3333
train,1086,325,False,1,1,89,0.9,0.0,0.0833,1.0
train,1087,325,False,1,1,49,0.5333,0.0,0.0333,0.25
train,1088,325,False,2,2,139,0.45,0.0678,0.0333,0.6667
train,431,114,False,0,1,0,,0.0,0.0,0.0
train,432,114,False,1,1,75,0.8621,0.0,0.0,0.0
train,1847,612,False,2,2,104,0.35185,0.1321,0.0,0.0
train,1537,481,False,1,1,59,0.8333,0.0,0.0,0.0
train,1538,481,False,3,2,109,0.5763666666666666,0.037,0.0172,0.3333
train,1982,675,False,1,1,91,0.4032,0.0,0.0,0.0
train,1983,675,False,1,1,60,0.5,0.0,0.0556,0.6667
train,1822,602,False,2,2,107,0.625,0.1778,0.0208,0.25
train,1823,602,False,1,1,106,0.5909,0.0,0.0,0.0
train,1824,602,False,1,1,43,0.25,0.0,0.0455,0.3333
train,1825,602,False,2,2,223,0.2841,0.0989,0.0217,0.6667
train,1826,602,False,1,1,130,0.1591,0.0,0.0159,0.25
train,212,60,False,1,2,144,0.5714,0.0,0.0185,1.0
train,213,60,False,1,1,123,0.3571,0.0,0.0172,0.3333
train,214,60,False,1,1,59,0.3036,0.0,0.0,0.0
train,215,60,False,1,1,242,0.2857,0.0,0.0,0.0
train,311,85,False,1,1,68,0.8235,0.0,0.0556,0.6667
train,312,85,False,2,2,118,0.9265,0.931,0.0,0.0
train,313,85,False,2,2,118,0.9265,0.931,0.0323,0.3333
train,314,85,False,1,1,67,0.6765,0.0,0.1111,1.0
train,315,85,False,4,4,142,0.610275,0.096,0.0299,1.0
train,2231,814,False,1,1,30,0.6667,0.0,0.25,1.0
train,1840,610,False,1,1,64,0.9062,0.0,0.0938,0.6
train,1841,610,False,2,2,91,0.75,0.1667,0.1111,0.625
train,1842,610,False,1,1,87,0.7188,0.0,0.0714,0.2727
train,2121,746,False,1,1,89,0.2857,0.0,0.0222,0.25
train,2122,746,False,1,1,131,0.3929,0.0,0.0741,0.6667
train,2123,746,False,2,2,136,0.625,0.0741,0.0169,0.1667
train,1228,377,False,1,1,50,0.3158,0.0,0.0,0.0
train,1514,474,False,6,6,354,0.37255,0.097,0.0146,0.6667
train,1515,474,False,1,1,107,0.0588,0.0,0.0159,0.3333
train,744,206,False,1,1,100,0.4358,0.0,0.0196,0.5
train,2282,855,False,9,1,130,0.7857,0.0291,0.0,0.0
train,651,179,False,1,1,89,0.3231,0.0,0.0,0.0
train,652,179,False,1,1,58,0.9538,0.0,0.0541,0.25
train,653,179,False,2,2,53,0.7154,0.1739,0.037,0.2
train,654,179,False,1,1,86,0.4923,0.0,0.1,0.5
train,655,179,False,1,1,84,0.0154,0.0,0.0435,0.4
train,2154,770,False,1,1,68,0.9167,0.0,0.0769,0.6
train,1054,313,False,1,1,147,0.0408,0.0,0.0,0.0
train,2081,726,False,0,0,0,,0.0,0.0,0.0
train,2082,726,False,3,2,306,0.6667,0.1164,0.0233,0.5
train,552,151,False,1,1,157,0.2,0.0,0.0116,0.3333
train,553,151,False,1,1,157,0.2,0.0,0.0116,0.3333
train,554,151,False,2,2,59,0.65,0.129,0.0,0.0
train,555,151,False,1,1,157,0.2,0.0,0.0116,0.3333
train,2000,682,False,1,1,146,0.5484,0.0,0.0145,0.25
train,2001,682,False,1,1,198,0.7742,0.0,0.0102,0.3333
train,2002,682,False,3,3,645,0.5806333333333333,0.1618,0.0,0.0
train,2003,682,False,1,1,293,0.5645,0.0,0.0075,0.5
train,2004,682,False,2,2,66,0.55645,0.0588,0.0857,0.75
train,773,220,False,1,1,35,0.6562,0.0,0.0,0.0
train,774,220,False,1,1,19,0.5625,0.0,0.0556,0.25
train,775,220,False,2,2,142,0.6406000000000001,0.1167,0.0,0.0
train,980,288,False,1,1,98,0.4592,0.0,0.0167,0.1429
train,981,288,False,3,3,198,0.4489666666666667,0.1448,0.0222,0.2857
train,982,288,False,1,1,162,0.4898,0.0,0.0423,0.6
train,983,288,False,2,2,137,0.1888,0.129,0.0469,0.6
train,1981,673,False,0,0,0,,0.0,0.0,0.0
train,460,124,False,1,1,51,0.2857,0.0,0.0385,0.25
train,461,124,False,1,1,87,0.2857,0.0,0.0833,0.5714
train,579,156,False,1,1,94,0.3571,0.0,0.0638,0.6
train,240,67,False,1,1,9,0.5,0.0,0.0,0.0
train,241,67,False,1,1,127,0.0526,0.0,0.0517,0.75
train,242,67,False,1,1,21,0.5,0.0,0.0,0.0
train,243,67,False,1,2,10,0.5,0.0,0.0,0.0
train,244,67,False,1,1,94,0.6842,0.0,0.0227,0.1429
train,245,67,False,1,1,89,0.0,0.0,0.0238,0.2
train,2208,803,False,1,1,149,0.2526,0.0,0.0145,0.5
train,2209,803,False,1,1,12,0.2526,0.0,0.0,0.0
train,2210,803,False,1,1,58,0.0684,0.0,0.0286,0.3333
train,2143,761,False,1,1,176,0.1692,0.0,0.0125,0.3333
train,1671,539,False,1,1,36,0.7647,0.0,0.0476,0.5
train,1672,539,False,2,1,115,0.2255,0.1379,0.0323,0.3333
train,1888,629,False,2,2,238,0.5178499999999999,0.069,0.0,0.0
train,1889,629,False,1,1,14,0.5,0.0,0.1818,0.5
train,1890,629,False,2,2,674,0.3571,0.1244,0.0191,1.0
train,1404,432,False,1,1,114,0.0,0.0,0.0417,0.4286
train,1405,432,False,1,1,144,0.7419,0.0,0.0364,0.5
train,2241,823,False,3,3,178,0.84,0.1088,0.0244,0.5
train,507,137,False,1,1,156,0.0233,0.0,0.0267,0.5
train,508,137,False,1,1,29,0.7442,0.0,0.0,0.0
train,509,137,False,1,1,128,0.8837,0.0,0.0417,0.5
train,2147,765,False,1,1,160,0.0408,0.0,0.027,0.4
train,2148,765,False,2,2,138,0.5102,0.1406,0.0,0.0
train,491,132,False,3,3,339,0.08889999999999999,0.1037,0.029,0.8
train,492,132,False,1,1,135,0.0667,0.0,0.013,0.1111
train,493,132,False,1,1,136,0.1733,0.0,0.0328,0.3333
train,494,132,False,1,1,91,0.1067,0.0,0.0465,0.4
train,495,132,False,1,1,89,0.6133,0.0,0.0566,0.5
train,496,132,False,1,1,89,0.6133,0.0,0.0556,0.4286
train,497,132,False,1,1,135,0.0667,0.0,0.0556,0.5714
train,1440,446,False,1,1,200,0.2424,0.0,0.0119,0.2
train,1872,622,False,1,1,205,0.7742,0.0,0.0309,0.75
train,1489,466,False,2,2,294,0.061649999999999996,0.0563,0.034,0.5
train,1490,466,False,1,1,235,0.0909,0.0,0.0463,1.0
train,1491,466,False,1,1,201,0.0455,0.0,0.0455,0.8333
train,1492,466,False,2,2,302,0.042249999999999996,0.044,0.0247,0.5714
train,1369,421,False,1,1,112,0.6129,0.0,0.0435,0.5
train,1370,421,False,2,1,115,0.6129,0.0,0.0143,0.3333
train,811,232,False,3,3,286,0.2638666666666667,0.0839,0.0077,0.5
train,812,232,False,2,2,181,0.22920000000000001,0.0562,0.0225,1.0
train,813,232,False,1,2,44,0.2083,0.0,0.0345,0.5
train,1384,425,False,4,4,295,0.3654,0.05,0.024,1.0
train,1385,425,False,1,1,204,0.1923,0.0,0.0312,0.75
train,2199,796,False,2,2,111,0.44525000000000003,0.1111,0.0328,0.2222
train,1832,606,False,2,2,236,0.4758,0.0614,0.0172,0.5
train,2062,717,False,1,1,35,0.9524,0.0,0.0,0.0
train,1791,588,False,1,1,152,0.0217,0.0,0.0116,0.3333
train,1792,588,False,1,1,97,0.2609,0.0,0.0408,1.0
train,2177,783,False,2,1,191,0.1066,0.125,0.027,0.5
train,1833,607,False,1,1,78,0.1875,0.0,0.0444,0.5
train,1834,607,False,0,0,0,,0.0,0.0,0.0
train,113,32,False,2,2,184,0.26785000000000003,0.0337,0.022,0.5
train,114,32,False,1,1,43,0.3214,0.0,0.0385,0.3333
train,115,32,False,1,2,22,0.3929,0.0,0.0,0.0
train,747,208,False,1,1,75,0.2593,0.0,0.0455,0.5
train,1677,541,False,0,0,0,,0.0,0.0,0.0
train,1678,541,False,1,1,137,0.4167,0.0,0.0303,1.0
train,1679,541,False,1,1,16,0.5,0.0,0.0,0.0
train,1680,541,False,0,0,0,,0.0,0.0,0.0
train,1681,541,False,0,0,0,,0.0,0.0,0.0
train,704,193,False,1,1,151,0.8571,0.0,0.0135,0.3333
train,705,193,False,2,2,116,0.63095,0.0303,0.0143,0.2
train,706,193,False,2,1,162,0.5952,0.0167,0.0159,0.25
train,633,174,False,1,1,123,0.4821,0.0,0.0,0.0
train,634,174,False,1,1,112,0.7321,0.0,0.0,0.0
train,635,174,False,5,5,200,0.3392799999999999,0.099,0.0206,1.0
train,1081,323,False,1,1,8,0.5,0.0,0.0,0.0
train,1451,452,False,1,1,8,0.5,0.0,0.0,0.0
train,1452,452,False,1,1,51,0.5,0.0,0.1111,1.0
train,1453,452,False,2,2,129,0.204,0.0606,0.0,0.0
train,2247,828,False,1,1,172,0.6667,0.0,0.0361,0.75
train,2248,828,False,1,1,112,0.4,0.0,0.0196,0.5
train,1804,593,False,1,2,263,0.8,0.0,0.0,0.0
train,1805,593,False,1,1,263,0.8,0.0,0.0075,0.3333
train,1806,593,False,1,1,263,0.8,0.0,0.0152,0.6667
train,423,111,False,4,4,504,0.756575,0.0551,0.0052,0.5
train,424,111,False,7,5,826,0.36468571428571434,0.0834,0.0081,1.0
train,180,52,False,1,1,66,0.0476,0.0,0.0769,0.6
train,181,52,False,1,1,50,0.6429,0.0,0.037,0.3333
train,407,106,False,0,0,0,,0.0,0.0,0.0
train,408,106,False,1,1,95,0.8764,0.0,0.0208,0.3333
train,409,106,False,1,1,53,0.1124,0.0,0.0,0.0
train,410,106,False,1,1,130,0.0337,0.0,0.0,0.0
train,1498,468,False,1,1,115,0.9787,0.0,0.0323,0.4
train,1499,468,False,1,1,17,0.5,0.0,0.0,0.0
train,1500,468,False,1,1,17,0.5,0.0,0.0,0.0
train,1501,468,False,2,2,239,0.09575,0.0909,0.0196,0.4
train,2257,833,False,3,3,208,0.08926666666666667,0.153,0.0235,0.5
train,824,236,False,1,1,123,0.2,0.0,0.0312,0.6667
train,825,236,False,2,3,97,0.53335,0.0682,0.0667,0.75
train,826,236,False,3,3,251,0.27776666666666666,0.0456,0.0085,0.25
train,889,257,False,1,1,38,0.8841,0.0,0.0455,0.2
train,890,257,False,1,1,23,0.8261,0.0,0.1,0.4
train,891,257,False,2,3,348,0.86235,0.1327,0.0087,0.3333
train,892,257,False,6,6,123,0.7004833333333332,0.0791,0.0,0.0
train,437,116,False,1,1,73,0.0725,0.0,0.0,0.0
train,438,116,False,1,1,104,0.6957,0.0,0.037,0.6667
train,439,116,False,2,3,173,0.03625,0.25,0.04,0.5
train,440,116,False,1,1,35,0.0145,0.0,0.0952,1.0
train,84,21,False,7,6,147,0.4107142857142857,0.0714,0.0133,0.5
train,85,21,False,4,3,245,0.34375,0.0158,0.008,0.5
train,1290,398,False,1,1,291,0.0118,0.0,0.0079,0.5
train,1291,398,False,2,2,78,0.7235499999999999,0.0303,0.0,0.0
train,2163,774,False,1,1,109,0.6429,0.0,0.0517,0.4286
train,2164,774,False,0,0,0,,0.0,0.0,0.0
train,2165,774,False,2,1,52,0.7143,0.0,0.0,0.0
train,873,250,False,1,1,240,0.0897,0.0,0.0101,0.1667
train,874,250,False,1,2,107,0.0897,0.0,0.0256,0.25
train,175,50,False,2,2,262,0.41669999999999996,0.1194,0.0,0.0
train,1039,307,False,2,2,156,0.2806,0.0893,0.0526,0.75
train,1040,307,False,5,4,323,0.58162,0.0577,0.0276,0.5
train,1041,307,False,2,3,228,0.3265,0.1028,0.028,1.0
train,2200,797,False,1,1,86,0.3594,0.0,0.0,0.0
train,106,29,False,2,2,236,0.5,0.087,0.0319,0.6
train,107,29,False,2,3,100,0.28775,0.0185,0.0182,0.5
train,108,29,False,2,3,203,0.12265,0.0652,0.0102,0.1429
train,1398,430,False,1,1,59,1.0,0.0,0.0294,0.2
train,1399,430,False,1,1,114,0.125,0.0,0.0169,0.3333
train,1270,390,False,3,3,150,0.3255666666666666,0.0345,0.0116,0.5
train,1271,390,False,7,6,356,0.39202857142857145,0.0467,0.0062,0.2
train,1272,390,False,4,4,275,0.313925,0.072,0.0078,0.3333
train,1273,390,False,3,3,160,0.38756666666666667,0.0486,0.0595,0.625
train,1060,315,False,1,1,148,0.2168,0.0,0.0274,0.5
train,1061,315,False,3,1,76,0.09789999999999999,0.0278,0.0612,0.6
train,1062,315,False,1,1,98,0.1119,0.0,0.0408,0.3333
train,505,136,False,3,3,278,0.6215999999999999,0.0794,0.0169,0.5
train,506,136,False,1,1,107,0.5135,0.0,0.0,0.0
train,1720,556,False,2,2,247,0.35135,0.041,0.0082,1.0
train,1721,556,False,4,3,321,0.42565,0.0338,0.0153,1.0
train,1722,556,False,1,1,144,0.4595,0.0,0.0149,0.3333
train,1723,556,False,1,1,69,0.3784,0.0,0.0952,1.0
train,417,109,False,2,2,365,0.5439,0.008,0.0078,0.25
train,1016,300,False,1,1,105,0.68,0.0,0.0426,0.6667
train,1017,300,False,1,1,158,0.86,0.0,0.1017,1.0
train,1018,300,False,2,2,112,0.83,0.275,0.1111,0.5
train,1019,300,False,1,1,92,0.66,0.0,0.0263,0.3333
train,1776,582,False,1,1,47,0.3256,0.0,0.0294,0.5
train,1777,582,False,1,1,67,0.3256,0.0,0.0682,1.0
train,1778,582,False,1,1,47,0.3256,0.0,0.0,0.0
train,748,210,False,1,1,103,0.1053,0.0,0.0208,1.0
train,749,210,False,1,1,278,0.0526,0.0,0.024,1.0
train,1048,310,False,1,1,200,0.0833,0.0,0.0294,0.75
train,771,219,False,1,1,81,0.5192,0.0,0.0,0.0
train,772,219,False,1,2,81,0.5192,0.0,0.05,1.0
train,143,42,False,1,1,22,0.5,0.0,0.0556,0.2
train,144,42,False,8,4,170,0.6333375,0.0307,0.0357,1.0
train,145,42,False,2,2,363,0.2133,0.1262,0.0096,0.5
train,1124,337,False,0,0,0,,0.0,0.0,0.0
train,1125,337,False,1,1,159,0.0563,0.0,0.0482,0.5
train,2242,824,False,14,5,581,0.17184285714285713,0.0814,0.0365,0.5556
train,1183,359,False,1,1,175,0.8615,0.0,0.0,0.0
train,2313,885,False,1,1,131,0.6304,0.0,0.0143,0.3333
train,2314,885,False,2,3,216,0.6413,0.0549,0.0109,0.5
train,2315,885,False,1,1,36,0.1304,0.0,0.0417,0.5
train,820,235,False,0,0,0,,0.0,0.0,0.0
train,821,235,False,1,1,158,0.881,0.0,0.0123,0.2
train,822,235,False,1,1,59,0.4048,0.0,0.0345,0.25
train,823,235,False,2,2,65,0.8452,0.0541,0.0,0.0
train,278,77,False,1,1,132,1.0,0.0,0.0317,0.5
train,279,77,False,3,1,235,0.6315666666666667,0.1417,0.0114,0.25
train,280,77,False,2,2,287,0.6315500000000001,0.1237,0.05,0.625
train,281,77,False,1,1,159,0.4211,0.0,0.0429,0.6
train,282,77,False,2,2,224,0.36845,0.061,0.0357,0.6
train,1253,385,False,1,1,39,0.0732,0.0,0.0417,0.3333
train,1254,385,False,1,1,94,0.2805,0.0,0.0,0.0
train,967,283,False,0,0,0,,0.0,0.0,0.0
train,968,283,False,1,1,186,0.125,0.0,0.0482,0.5
train,2204,801,False,1,1,96,0.6951,0.0,0.025,0.0909
train,2205,801,False,3,3,226,0.6788666666666666,0.1508,0.0303,0.5
train,2206,801,False,1,1,72,0.7805,0.0,0.0263,0.2
train,580,157,False,1,1,142,0.0143,0.0,0.0274,0.5
train,1248,384,False,1,1,155,0.9286,0.0,0.0192,0.25
train,1249,384,False,1,1,84,0.3571,0.0,0.0541,0.6667
train,1250,384,False,1,1,84,0.3571,0.0,0.0541,0.6667
train,1251,384,False,3,4,216,0.4444666666666666,0.1022,0.0225,0.5
train,1252,384,False,2,1,187,0.25,0.1429,0.0139,0.3333
train,2174,779,False,1,1,10,0.5,0.0,0.0,0.0
train,954,278,False,1,1,267,0.0952,0.0,0.0101,0.2
train,955,278,False,1,1,168,0.0159,0.0,0.0,0.0
train,2022,691,False,1,1,180,0.7,0.0,0.0,0.0
train,1959,661,False,1,1,168,0.4615,0.0,0.0274,1.0
train,1960,661,False,1,1,110,0.5385,0.0,0.0167,0.5
train,1617,516,False,1,1,101,0.0833,0.0,0.0185,0.3333
train,1618,516,False,1,1,16,0.0833,0.0,0.0,0.0
train,1619,516,False,1,1,6,0.0833,0.0,0.1667,0.5
train,1620,516,False,1,1,101,0.0833,0.0,0.0185,0.3333
train,1621,516,False,1,1,65,0.0833,0.0,0.0263,0.5
train,111,31,False,4,3,187,0.79165,0.0373,0.0123,0.3333
train,112,31,False,3,2,67,0.8055666666666667,0.0976,0.0526,0.5
train,586,160,False,0,1,0,,0.0,0.0,0.0
train,587,160,False,0,0,0,,0.0,0.0,0.0
train,482,130,False,1,1,160,0.625,0.0,0.0118,0.3333
train,483,130,False,1,1,160,0.625,0.0,0.0235,0.5
train,484,130,False,3,3,396,0.75,0.0661,0.012,0.6667
train,485,130,False,4,4,423,0.65625,0.1027,0.019,0.75
train,486,130,False,1,1,90,1.0,0.0,0.0444,0.4
train,1476,462,False,1,1,88,0.7077,0.0,0.1351,0.8333
train,1477,462,False,1,1,139,0.5077,0.0,0.0147,0.3333
train,1478,462,False,3,3,326,0.4410333333333334,0.0459,0.0238,0.75
train,9,1,False,2,3,117,0.92405,0.1731,0.0,0.0
train,10,1,False,1,1,153,0.5949,0.0,0.0,0.0
train,11,1,False,1,1,154,0.1519,0.0,0.0253,0.6667
train,1923,642,False,1,2,190,0.2683,0.0,0.0123,0.2
train,1924,642,False,1,2,121,0.6098,0.0,0.0678,0.4444
train,1925,642,False,1,1,41,0.5,0.0,0.0,0.0
train,2287,861,False,1,1,128,0.1831,0.0,0.029,0.5
train,1436,445,False,1,1,13,0.5,0.0,0.0714,0.1429
train,1437,445,False,2,2,159,0.6959500000000001,0.1053,0.0253,0.4
train,1438,445,False,1,1,113,0.0541,0.0,0.0476,1.0
train,1439,445,False,1,1,120,0.1351,0.0,0.0,0.0
train,119,34,False,1,1,103,0.9216,0.0,0.0175,0.2
train,120,34,False,10,3,316,0.51667,0.0653,0.0388,1.0
train,121,34,False,1,1,168,0.7647,0.0,0.0909,0.5833
train,1646,526,False,1,1,103,0.5833,0.0,0.06,0.375
train,1647,526,False,2,2,155,0.22915,0.0127,0.0123,0.3333
train,1648,526,False,1,1,107,0.6667,0.0,0.0727,0.5
train,777,222,False,2,2,82,0.6000000000000001,0.1429,0.0444,0.4
train,969,284,False,1,1,40,0.0625,0.0,0.0769,0.6667
train,970,284,False,2,1,37,0.6093999999999999,0.1053,0.0,0.0
train,255,69,False,3,4,176,0.5686333333333334,0.1033,0.0225,0.25
train,256,69,False,1,1,90,0.5294,0.0,0.0244,0.5
train,257,69,False,2,2,66,0.7353000000000001,0.0541,0.0526,0.6667
train,258,69,False,1,1,43,0.3824,0.0,0.0385,0.25
train,1728,559,False,1,1,72,0.5,0.0,0.0,0.0
train,1296,400,False,3,4,408,0.48386666666666667,0.1553,0.019,0.5
train,1297,400,False,14,5,910,0.7914714285714287,0.1176,0.01,1.0
train,1298,400,False,5,1,375,0.72258,0.1464,0.0297,0.75
train,1867,619,False,1,1,200,0.9815,0.0,0.0273,0.4286
train,1868,619,False,1,1,133,0.0926,0.0,0.0,0.0
train,1869,619,False,1,2,200,0.9815,0.0,0.0275,0.5
train,1406,433,False,3,3,120,0.7479666666666667,0.081,0.0364,0.5
train,1407,433,False,1,1,87,0.122,0.0,0.0408,0.5
train,1408,433,False,18,4,728,0.6266888888888889,0.0409,0.0044,0.3333
train,1409,433,False,1,1,180,0.3171,0.0,0.0,0.0
train,1582,503,False,6,5,322,0.39008333333333334,0.0639,0.0087,0.2
train,1583,503,False,1,1,94,0.4928,0.0,0.0222,0.3333
train,1584,503,False,1,1,51,0.4638,0.0,0.0,0.0
train,640,176,False,1,1,142,0.1273,0.0,0.0333,0.6667
train,641,176,False,2,1,147,0.1273,0.0351,0.0328,0.3333
train,642,176,False,1,1,71,0.1273,0.0,0.0,0.0
train,643,176,False,2,1,113,0.1273,0.1176,0.0377,0.5
train,971,285,False,1,1,92,0.8387,0.0,0.0488,0.4
train,972,285,False,1,1,60,0.4194,0.0,0.1143,0.6667
train,973,285,False,1,1,78,0.4839,0.0,0.0,0.0
train,2225,811,False,1,1,202,0.5714,0.0,0.051,0.5556
train,2263,838,False,3,3,230,0.9053999999999999,0.1838,0.0118,0.1667
train,2264,838,False,0,0,0,,0.0,0.0,0.0
train,675,185,False,2,2,220,0.81035,0.0854,0.0118,0.25
train,676,185,False,3,3,332,0.12643333333333331,0.0756,0.0125,0.6667
train,1991,679,False,1,1,135,0.0114,0.0,0.0172,0.5
train,845,241,False,1,1,15,0.4118,0.0,0.0,0.0
train,846,241,False,1,1,80,0.1765,0.0,0.0244,1.0
train,847,241,False,1,1,170,0.4706,0.0,0.013,0.5
train,1023,302,False,1,1,48,0.193,0.0,0.0,0.0
train,1024,302,False,1,1,93,0.193,0.0,0.0435,0.4
train,1962,663,False,1,1,150,0.5366,0.0,0.0263,0.4
train,1394,428,False,0,0,0,,0.0,0.0,0.0
train,1395,428,False,1,1,24,0.7073,0.0,0.087,0.25
train,1396,428,False,2,2,127,0.4878,0.0645,0.0159,0.5
train,1658,532,False,2,2,250,0.0263,0.1196,0.0312,0.4286
train,1659,532,False,4,4,386,0.0263,0.2825,0.0074,0.5
train,1610,514,False,2,2,142,0.7065,0.0933,0.0127,0.2
train,1611,514,False,1,2,227,0.1304,0.0,0.0,0.0
train,1531,479,False,5,5,235,0.63334,0.0841,0.0,0.0
train,1532,479,False,3,1,158,0.31479999999999997,0.0475,0.0161,0.3333
train,1533,479,False,2,1,59,0.28705,0.0,0.0571,0.5
train,1534,479,False,4,3,393,0.699075,0.1444,0.0301,0.6667
train,1746,566,False,1,1,260,0.5,0.0,0.0157,0.5
train,1747,566,False,1,1,260,0.5,0.0,0.0078,0.25
train,991,291,False,1,1,36,0.9429,0.0,0.0,0.0
train,992,291,False,1,1,146,0.0857,0.0,0.0,0.0
train,993,291,False,1,1,46,0.3714,0.0,0.0,0.0
train,39,7,True,3,3,333,0.3137,0.0603,0.0072,0.3333
train,40,7,False,6,5,457,0.15031666666666668,0.0621,0.0139,0.4
train,1126,338,False,1,1,171,0.0571,0.0,0.05,0.5714
train,1127,338,False,1,1,171,0.0571,0.0,0.0253,0.5
train,1128,338,False,1,1,46,0.8857,0.0,0.0833,0.6667
train,1593,508,False,1,1,88,0.16,0.0,0.1,0.7143
train,1594,508,False,1,1,70,0.04,0.0,0.0263,0.2
train,2074,722,False,1,1,65,0.8372,0.0,0.0,0.0
train,2317,887,False,1,1,214,0.1071,0.0,0.0097,0.1667
train,2318,887,False,2,2,123,0.42855,0.119,0.0667,0.5
train,1286,396,False,6,1,123,0.60795,0.0977,0.0192,0.1667
train,1287,396,False,6,1,123,0.60795,0.0977,0.0208,0.5
train,1025,303,False,2,2,177,0.86765,0.1029,0.0282,0.4
train,1026,303,False,1,1,93,0.7353,0.0,0.0278,0.2
train,1027,303,False,2,2,193,0.64705,0.1667,0.0164,0.5
train,684,188,False,1,1,58,0.2879,0.0,0.0,0.0
train,685,188,False,3,2,111,0.2879,0.0419,0.0189,1.0
train,686,188,False,1,1,119,0.2879,0.0,0.0,0.0
train,234,66,False,2,2,207,0.95765,0.0918,0.0392,0.5
train,235,66,False,1,1,126,0.9492,0.0,0.0172,0.5
train,236,66,False,3,3,142,0.8644333333333334,0.0544,0.0278,0.4
train,237,66,False,1,2,108,0.8136,0.0,0.0612,0.6
train,238,66,False,1,2,117,0.3559,0.0,0.1129,0.6364
train,239,66,False,1,1,129,0.2034,0.0,0.0274,0.2857
train,1156,350,False,8,4,276,0.4151,0.058,0.0182,0.4
train,1157,350,False,1,1,87,0.5472,0.0,0.0816,0.6667
train,182,53,False,1,2,48,0.0,0.0,0.0,0.0
train,183,53,False,1,1,179,0.963,0.0,0.0513,0.6667
train,184,53,False,2,3,38,0.2932,0.0455,0.087,0.6667
train,185,53,False,1,1,42,0.9506,0.0,0.0357,0.3333
train,1105,331,False,1,1,132,0.3333,0.0,0.0299,0.6667
train,1106,331,False,1,1,132,0.3333,0.0,0.0435,0.5
train,750,211,False,2,2,162,0.18845,0.0685,0.0123,0.1111
train,751,211,False,6,4,476,0.32611666666666667,0.0589,0.0109,0.4
train,752,211,False,11,2,794,0.7529818181818182,0.0541,0.019,0.8333
train,753,211,False,6,3,305,0.32125,0.0939,0.009,0.1429
train,1418,437,False,2,2,285,0.46155,0.2328,0.0259,1.0
train,1835,608,False,1,1,165,0.4186,0.0,0.02,0.5
train,1836,608,False,1,1,85,0.4884,0.0,0.1176,0.5714
train,1837,608,False,1,1,120,0.907,0.0,0.0517,0.6
train,263,72,False,3,3,208,0.2482333333333333,0.0584,0.0396,0.8
train,264,72,False,0,0,0,,0.0,0.0,0.0
train,265,72,False,1,1,11,0.5,0.0,0.0,0.0
train,266,72,False,1,1,33,0.9787,0.0,0.0,0.0
train,1512,473,False,4,2,283,0.6875,0.0476,0.0096,0.3333
train,1513,473,False,1,1,63,0.5,0.0,0.025,0.5
train,1261,387,False,1,1,69,0.0385,0.0,0.0286,0.2
train,1262,387,False,1,1,69,0.0385,0.0,0.0625,0.6667
train,1263,387,False,1,1,83,0.1667,0.0,0.0488,0.6667
train,36,6,False,2,3,110,0.1515,0.04,0.0,0.0
train,37,6,False,1,1,75,0.1818,0.0,0.0541,0.5
train,38,6,False,2,2,144,0.80305,0.125,0.04,0.5
train,1751,569,False,1,1,81,0.386,0.0,0.0667,0.4286
train,1752,569,False,0,0,0,,0.0,0.0,0.0
train,1753,569,False,2,2,207,0.71055,0.0808,0.02,0.6667
train,2194,793,False,2,3,134,0.325,0.038,0.0241,0.3333
train,2195,793,False,1,1,94,0.2,0.0,0.0526,0.2857
train,887,256,False,2,2,56,0.5,0.1786,0.0,0.0
train,888,256,False,1,1,9,0.5,0.0,0.2222,0.5
train,901,261,False,5,6,348,0.59092,0.0586,0.0073,0.5
train,902,261,False,4,4,146,0.5682,0.0641,0.0149,0.5
train,903,261,False,4,4,164,0.5682,0.0468,0.0253,0.5
train,904,261,False,2,3,176,0.4318,0.0814,0.0225,0.4
train,905,261,False,1,1,127,0.3636,0.0,0.0294,0.3333
train,1577,501,False,0,0,0,,0.0,0.0,0.0
train,1578,501,False,1,1,59,0.1266,0.0,0.0714,0.5
train,1579,501,False,1,1,59,0.1266,0.0,0.0357,0.3333
train,1082,324,False,5,5,331,0.40679999999999994,0.0713,0.0079,0.3333
train,1083,324,False,1,2,83,0.4068,0.0,0.0196,0.3333
train,1084,324,False,4,4,290,0.4068,0.0807,0.0254,0.5
train,1968,667,False,1,1,180,0.5,0.0,0.0317,0.6667
train,1174,355,False,1,1,103,0.1111,0.0,0.0,0.0
train,571,155,False,1,1,144,0.7692,0.0,0.0312,0.5
train,572,155,False,1,1,139,0.1538,0.0,0.0149,0.5
train,573,155,False,6,3,294,0.5833333333333334,0.1138,0.0082,0.5
train,574,155,False,1,1,56,0.0385,0.0,0.0,0.0
train,575,155,False,1,1,40,0.2692,0.0,0.0,0.0
train,576,155,False,1,1,116,0.3077,0.0,0.0154,0.25
train,577,155,False,1,1,116,0.3077,0.0,0.0,0.0
train,578,155,False,1,1,144,0.7692,0.0,0.0159,0.5
train,2125,748,False,2,2,138,0.3108,0.1915,0.069,0.2667
train,2126,748,False,2,2,87,0.3108,0.075,0.0233,0.25
train,2127,748,False,1,1,120,0.0541,0.0,0.0328,0.4
train,2128,748,False,1,1,139,0.3108,0.0,0.0455,0.25
train,2129,748,False,5,5,162,0.3108,0.0579,0.075,0.8571
train,1229,378,False,2,1,142,0.56955,0.0308,0.0152,0.5
train,1230,378,False,1,1,63,0.4174,0.0,0.0,0.0
train,1231,378,False,3,2,305,0.7681,0.0526,0.0,0.0
train,1232,378,False,1,1,192,0.713,0.0,0.0,0.0
train,911,264,False,14,1,360,0.3894,0.0475,0.007,0.5
train,912,264,False,1,1,119,0.7742,0.0,0.0364,0.6667
train,913,264,False,3,2,160,0.44083333333333335,0.0409,0.0274,0.6667
train,914,264,False,1,1,72,0.0968,0.0,0.0,0.0
train,915,264,False,1,1,63,0.5806,0.0,0.0,0.0
train,719,198,False,3,3,201,0.24886666666666668,0.0687,0.0,0.0
train,720,198,False,1,1,170,0.3333,0.0,0.038,0.375
train,1848,613,False,2,2,190,0.2596,0.0361,0.0238,0.6667
train,1849,613,False,1,1,159,0.7885,0.0,0.0423,0.5
train,1850,613,False,0,0,0,,0.0,0.0,0.0
train,356,95,False,1,1,67,0.7246,0.0,0.1053,0.8
train,357,95,False,0,0,0,,0.0,0.0,0.0
train,358,95,False,0,0,0,,0.0,0.0,0.0
train,2052,710,False,1,1,95,0.1071,0.0,0.0185,0.3333
train,2053,710,False,1,1,15,0.1429,0.0,0.1818,0.6667
train,1634,522,False,2,2,42,0.4167,0.4762,0.1429,0.3636
train,1635,522,False,3,3,112,0.3796333333333333,0.3016,0.1064,0.5
train,1636,522,False,1,1,200,0.0556,0.0,0.0323,0.5
train,1637,522,False,2,2,202,0.45830000000000004,0.1053,0.0633,0.625
train,2283,856,False,1,1,68,0.5,0.0,0.0714,0.6
train,462,125,False,2,2,175,0.2945,0.1013,0.012,0.2
train,463,125,False,2,2,131,0.7739499999999999,0.1,0.0323,0.5
train,464,125,False,1,1,91,0.6575,0.0,0.0238,0.3333
train,465,125,False,1,1,41,0.5,0.0,0.0385,0.5
train,466,125,False,6,1,105,0.5821500000000001,0.048,0.0204,0.3333
train,467,125,False,1,1,69,0.0822,0.0,0.0,0.0
train,468,125,False,4,2,292,0.390425,0.1412,0.0263,1.0
train,469,125,False,1,1,106,0.5068,0.0,0.0192,0.3333
train,1891,630,False,1,1,112,0.8393,0.0,0.0408,0.5
train,1892,630,False,3,1,90,0.8035666666666667,0.1471,0.0571,0.6667
train,1893,630,False,4,1,149,0.7232000000000001,0.0392,0.0341,0.6
train,1894,630,False,1,1,105,0.2143,0.0,0.0909,0.5
train,1356,417,False,1,2,113,0.4286,0.0,0.0,0.0
train,1357,417,False,1,1,49,0.5714,0.0,0.0385,0.5
train,1358,417,False,2,2,278,0.57145,0.0769,0.0,0.0
train,1359,417,False,1,1,165,0.7143,0.0,0.0278,1.0
train,600,164,False,2,1,78,0.15455,0.0588,0.0556,0.5
train,601,164,False,1,1,51,0.5273,0.0,0.037,0.25
train,602,164,False,4,3,231,0.46814999999999996,0.0588,0.0105,0.5
train,321,87,False,1,1,186,0.7391,0.0,0.0211,0.6667
train,322,87,False,1,1,186,0.7391,0.0,0.0316,0.75
train,323,87,False,1,1,62,0.087,0.0,0.025,0.3333
train,2232,815,False,1,1,158,0.9833,0.0,0.0123,0.2
train,946,274,False,1,2,160,0.8182,0.0,0.0385,0.5
train,947,274,False,2,2,220,0.84545,0.0755,0.0189,1.0
train,948,274,False,3,3,151,0.5,0.017,0.0357,0.6
train,926,269,False,1,1,86,0.9583,0.0,0.0,0.0
train,927,269,False,1,1,70,0.75,0.0,0.0,0.0
train,928,269,False,1,1,119,0.8333,0.0,0.04,0.75
train,929,269,False,1,1,119,0.8333,0.0,0.026,0.4
train,1660,533,False,2,3,129,0.63525,0.0385,0.0182,0.25
train,1661,533,False,2,2,129,0.63525,0.0385,0.0182,0.25
train,1662,533,False,1,1,80,0.1148,0.0,0.0244,0.3333
train,626,172,False,2,2,368,0.08825000000000001,0.0698,0.0077,0.5
train,627,172,False,7,4,451,0.4621857142857143,0.1001,0.0066,0.5
train,628,172,False,1,1,131,0.8529,0.0,0.0204,0.5
train,629,172,False,1,1,131,0.8529,0.0,0.0204,0.5
train,630,172,False,2,2,335,0.38235,0.0579,0.0165,1.0
train,1484,464,False,8,1,414,0.5921,0.0678,0.0336,0.6667
train,393,104,False,1,1,87,0.4925,0.0,0.0278,0.25
train,394,104,False,1,1,49,0.8507,0.0,0.0333,0.25
train,395,104,False,2,2,154,0.6418,0.0417,0.027,0.5
train,396,104,False,2,1,104,0.33585,0.0577,0.0377,0.6667
train,397,104,False,1,1,111,0.2985,0.0,0.1129,0.5833
train,672,184,False,1,1,108,0.1277,0.0,0.0189,0.5
train,673,184,False,1,1,70,0.0426,0.0,0.0227,0.5
train,674,184,False,3,6,484,0.9148999999999999,0.0996,0.0056,0.3333
train,2235,818,False,1,1,90,0.1897,0.0,0.0217,0.1111
train,1764,577,False,1,1,127,0.1154,0.0,0.0351,0.5
train,2162,773,False,1,1,151,0.0,0.0,0.0135,0.25
train,759,213,False,1,1,432,0.0476,0.0,0.0187,0.75
train,760,213,False,1,1,61,0.6667,0.0,0.0312,0.3333
train,761,213,False,1,1,11,0.381,0.0,0.0,0.0
train,2244,826,False,2,2,161,0.26139999999999997,0.0685,0.0127,0.1429
train,2245,826,False,5,1,132,0.7954600000000001,0.0944,0.0145,0.2
train,1151,348,False,1,1,115,0.5,0.0,0.0167,0.1667
train,1152,348,False,1,1,125,0.5625,0.0,0.0492,0.5
train,2146,764,False,2,2,148,0.52275,0.0615,0.0141,0.1429
train,99,26,False,1,1,60,0.5882,0.0,0.05,0.5
train,100,26,False,1,1,29,0.8235,0.0,0.0435,0.2
train,101,26,False,1,2,182,0.0,0.0,0.0,0.0
train,1068,318,False,1,1,2,0.5,0.0,0.0,0.0
train,1121,336,False,2,2,278,0.83695,0.1889,0.0215,0.4
train,1122,336,False,1,1,129,0.5435,0.0,0.0323,0.6667
train,1123,336,False,1,1,129,0.5435,0.0,0.0323,0.6667
train,1622,517,False,1,1,78,0.6154,0.0,0.0217,0.125
train,1623,517,False,1,1,194,0.5769,0.0,0.0227,0.25
train,1624,517,False,1,1,95,0.2949,0.0,0.0351,0.2222
train,1200,368,False,3,3,357,0.16090000000000002,0.1294,0.0274,0.6667
train,1201,368,False,2,2,163,0.1724,0.1159,0.029,1.0
train,1202,368,False,2,2,122,0.1724,0.0984,0.0,0.0
train,1203,368,False,4,4,157,0.1724,0.0515,0.0263,0.6667
train,1204,368,False,3,3,314,0.1724,0.069,0.0,0.0
train,871,249,False,1,1,117,0.4,0.0,0.0741,1.0
train,872,249,False,1,1,131,0.28,0.0,0.029,0.6667
train,1553,488,False,1,1,61,0.7,0.0,0.0256,0.5
train,1554,488,False,1,1,39,0.9333,0.0,0.0833,0.6667
train,2045,706,False,1,1,19,0.1667,0.0,0.0,0.0
train,2046,706,False,1,1,121,0.1667,0.0,0.0357,1.0
train,2047,706,False,1,1,79,0.1,0.0,0.0244,0.5
train,2048,706,False,1,1,19,0.1667,0.0,0.0769,0.25
train,454,122,False,2,2,151,0.1981,0.1143,0.0417,0.6
train,455,122,False,1,1,130,0.6981,0.0,0.0,0.0
train,610,167,False,2,2,80,0.70745,0.1765,0.0,0.0
train,611,167,False,1,1,133,0.2553,0.0,0.0185,0.25
train,612,167,False,1,1,164,0.8936,0.0,0.0286,0.6667
train,613,167,False,1,1,53,0.8511,0.0,0.0625,0.6667
train,614,167,False,1,1,75,0.7234,0.0,0.0286,0.25
train,2284,857,False,7,1,194,0.1333,0.0833,0.0111,0.2
train,1955,658,False,1,1,24,0.5156,0.0,0.0,0.0
train,1743,565,False,1,1,37,0.5,0.0,0.0435,0.25
train,1744,565,False,1,1,92,0.6338,0.0,0.0196,0.3333
train,1745,565,False,1,1,108,0.6479,0.0,0.04,0.6667
train,839,240,False,1,1,162,0.0177,0.0,0.0833,0.625
train,840,240,False,1,1,51,0.0177,0.0,0.0606,0.2222
train,841,240,False,1,1,158,0.0177,0.0,0.0119,0.1429
train,842,240,False,1,1,27,0.0177,0.0,0.1176,0.5
train,843,240,False,1,1,158,0.0177,0.0,0.0122,0.2
train,844,240,False,5,1,297,0.0177,0.1379,0.0192,0.4
train,2140,756,False,1,1,64,0.5,0.0,0.0,0.0
train,2135,754,False,1,1,124,0.375,0.0,0.0526,0.6
train,2136,754,False,1,1,157,0.7083,0.0,0.0139,0.2
train,2137,754,False,1,1,124,0.375,0.0,0.0167,0.1667
train,2138,754,False,1,2,108,0.875,0.0,0.0556,0.6
train,2222,810,False,3,3,375,0.6315666666666666,0.1201,0.0288,0.4
train,2223,810,False,2,2,186,0.6710499999999999,0.1111,0.0526,0.5
train,2224,810,False,1,2,237,0.1316,0.0,0.0316,0.4286
train,1309,403,False,2,2,127,0.2549,0.1224,0.06,0.75
train,1310,403,False,1,1,143,0.5098,0.0,0.0161,0.3333
train,1311,403,False,1,1,63,0.5882,0.0,0.0286,0.125
train,1312,403,False,2,2,114,0.2157,0.0943,0.0727,0.6667
train,1656,531,False,1,1,25,0.5,0.0,0.0,0.0
train,1657,531,False,1,1,25,0.5,0.0,0.0,0.0
train,1756,571,False,1,1,280,0.1935,0.0,0.037,0.6667
train,1044,309,False,3,4,336,0.6196666666666667,0.0734,0.0144,0.6667
train,1045,309,False,2,2,202,0.6731,0.0375,0.0366,0.6
train,1046,309,False,2,2,116,0.60895,0.1034,0.0,0.0
train,1047,309,False,2,1,107,0.34614999999999996,0.0938,0.0303,0.5
train,1907,636,False,0,0,0,,0.0,0.0,0.0
train,1908,636,False,1,1,141,0.8,0.0,0.0,0.0
train,2070,721,False,2,2,252,0.44265,0.0654,0.0278,0.75
train,2071,721,False,13,15,911,0.48550000000000004,0.0628,0.0127,1.0
train,2072,721,False,3,4,373,0.5409999999999999,0.0993,0.0127,0.5
train,2073,721,False,2,2,145,0.13929999999999998,0.1,0.0159,0.25
train,1856,615,False,1,1,114,0.9811,0.0,0.0,0.0
train,1857,615,False,1,1,147,0.8302,0.0,0.0,0.0
train,1858,615,False,1,1,63,0.6604,0.0,0.0541,0.2857
train,1306,402,False,1,1,29,0.6857,0.0,0.0,0.0
train,1307,402,False,1,1,115,0.0857,0.0,0.0,0.0
train,1308,402,False,2,2,105,0.6071500000000001,0.1,0.037,0.3333
train,827,237,False,1,1,87,0.9,0.0,0.0204,0.3333
train,828,237,False,2,2,110,0.74,0.0417,0.0417,1.0
train,829,237,False,1,1,65,0.56,0.0,0.0256,0.3333
train,830,237,False,1,1,86,0.86,0.0,0.0256,0.5
train,1115,334,False,8,4,255,0.5624750000000001,0.1813,0.0179,0.4
train,762,214,False,1,1,132,0.75,0.0,0.0192,0.5
train,763,214,False,1,1,110,0.45,0.0,0.0377,0.6667
train,764,214,False,1,1,79,0.625,0.0,0.0811,0.6
train,385,102,False,1,1,45,0.225,0.0,0.0,0.0
train,386,102,False,3,1,31,0.225,0.0417,0.3,0.75
train,2131,750,False,11,7,608,0.5576909090909091,0.06,0.0151,0.5
train,2290,864,False,4,4,351,0.2746,0.0817,0.0,0.0
train,1571,496,False,1,1,187,0.0492,0.0,0.0225,0.4
train,1572,496,False,5,1,160,0.8524800000000001,0.0164,0.0,0.0
train,791,225,False,1,1,189,0.4872,0.0,0.012,0.2
train,792,225,False,1,1,76,0.359,0.0,0.0682,0.5
train,793,225,False,1,1,32,0.5,0.0,0.087,0.4
train,794,225,False,1,1,121,0.0513,0.0,0.0462,0.6
train,2203,800,False,1,1,65,0.0519,0.0,0.0,0.0
train,1588,506,False,1,1,26,0.5,0.0,0.0,0.0
train,1589,506,False,1,1,73,0.6667,0.0,0.0,0.0
train,1590,506,False,1,4,62,0.1429,0.0,0.0263,0.3333
train,286,79,False,1,1,86,0.0735,0.0,0.0667,0.5
train,287,79,False,1,1,76,0.3676,0.0,0.1429,0.6667
train,288,79,False,1,1,21,0.5,0.0,0.0,0.0
train,289,79,False,2,2,46,0.80145,0.2273,0.0769,0.3333
train,290,79,False,1,1,86,0.0735,0.0,0.087,0.5
train,1739,564,False,1,1,107,0.96,0.0,0.0526,0.4286
train,1740,564,False,2,2,129,0.73,0.0645,0.0308,0.4
train,1741,564,False,2,2,84,0.44,0.122,0.0435,0.2857
train,1742,564,False,1,1,22,0.5,0.0,0.0,0.0
train,1996,681,False,1,1,168,0.7073,0.0,0.013,0.3333
train,1997,681,False,1,2,67,0.4634,0.0,0.0278,0.5
train,1998,681,False,1,2,67,0.4634,0.0,0.027,0.3333
train,1999,681,False,1,2,67,0.4634,0.0,0.0278,0.5
train,259,70,False,3,4,210,0.43260000000000004,0.1006,0.012,0.25
train,644,177,False,1,1,17,0.1538,0.0,0.4167,1.0
train,645,177,False,5,1,179,0.1538,0.0574,0.0253,0.6667
train,646,177,False,1,1,233,0.0385,0.0,0.0261,0.75
train,2094,731,False,6,7,266,0.4738,0.058,0.0254,0.6
train,2095,731,False,1,1,6,0.5,0.0,0.2857,0.5
train,1603,513,False,1,1,68,0.3276,0.0,0.0,0.0
train,1604,513,False,3,3,165,0.3333333333333333,0.1007,0.0274,0.6667
train,1605,513,False,2,2,95,0.37070000000000003,0.0625,0.0816,0.8
train,1606,513,False,2,2,101,0.60345,0.0312,0.0299,0.4
train,1607,513,False,2,2,101,0.60345,0.0312,0.0303,0.5
train,1608,513,False,2,2,76,0.5776,0.1316,0.0,0.0
train,1609,513,False,2,2,241,0.39655,0.0278,0.0183,0.6667
train,376,100,False,0,0,0,,0.0,0.0,0.0
train,377,100,False,1,1,30,0.4035,0.0,0.0,0.0
train,378,100,False,2,2,234,0.85085,0.1132,0.0278,0.6
train,379,100,False,0,0,0,,0.0,0.0,0.0
train,380,100,False,2,2,251,0.11405000000000001,0.1148,0.008,0.25
train,381,100,False,2,1,147,0.16665000000000002,0.1053,0.0641,0.7143
train,382,100,False,0,0,0,,0.0,0.0,0.0
train,470,126,False,1,1,118,0.9268,0.0,0.029,0.4
train,471,126,False,1,1,37,0.5,0.0,0.0,0.0
train,472,126,False,3,1,276,0.3658666666666666,0.0861,0.0074,0.3333
train,1506,471,False,1,1,5,0.5,0.0,0.0,0.0
train,1507,471,False,1,1,122,0.6364,0.0,0.0,0.0
train,1238,381,False,3,3,237,0.1905,0.1323,0.0194,0.5
train,1380,424,False,4,4,387,0.48960000000000004,0.0446,0.0069,0.3333
train,1381,424,False,1,1,40,0.9167,0.0,0.0,0.0
train,1382,424,False,1,2,101,0.3542,0.0,0.0392,0.6667
train,1383,424,False,1,1,98,0.5,0.0,0.0,0.0
train,834,239,False,1,1,55,0.254,0.0,0.0645,1.0
train,835,239,False,2,2,422,0.254,0.0465,0.0057,0.25
train,836,239,False,8,7,935,0.254,0.0848,0.0069,0.6667
train,837,239,False,1,1,142,0.254,0.0,0.0,0.0
train,838,239,False,1,1,117,0.254,0.0,0.0339,1.0
train,1692,546,False,1,1,165,0.2647,0.0,0.0286,0.6667
train,1693,546,False,3,3,291,0.6863,0.1362,0.0106,0.3333
train,1694,546,False,3,3,291,0.6863,0.1362,0.0106,0.3333
train,1695,546,False,3,3,268,0.6568666666666667,0.0932,0.0,0.0
train,270,74,False,1,1,52,0.4286,0.0,0.0357,0.5
train,271,74,False,1,1,52,0.4286,0.0,0.0,0.0
train,267,73,False,1,1,40,0.197,0.0,0.0,0.0
train,268,73,False,2,2,76,0.6061,0.1111,0.027,0.5
train,269,73,False,1,1,50,0.1515,0.0,0.0357,0.3333
train,932,271,False,1,1,64,0.4222,0.0,0.0625,0.6667
train,933,271,False,2,2,186,0.6778,0.0435,0.0106,0.3333
train,934,271,False,3,3,111,0.5852,0.1326,0.0,0.0
train,2303,879,False,1,1,96,0.3077,0.0,0.0,0.0
train,797,227,False,1,1,106,0.2308,0.0,0.0208,0.3333
train,798,227,False,1,1,104,0.4615,0.0,0.0217,0.3333
train,799,227,False,1,2,57,0.9231,0.0,0.0,0.0
train,800,227,False,1,1,70,0.3846,0.0,0.0,0.0
train,801,227,False,2,2,109,0.84615,0.1538,0.0244,0.3333
train,216,61,False,2,5,190,0.4375,0.069,0.0222,0.4
train,217,61,False,1,1,56,0.75,0.0,0.037,0.5
train,2130,749,False,0,0,0,,0.0,0.0,0.0
train,1585,504,False,2,2,138,0.32894999999999996,0.0877,0.0,0.0
train,1650,528,False,1,1,59,0.6324,0.0,0.0,0.0
train,1651,528,False,2,2,17,0.5,0.625,0.0,0.0
train,1652,528,False,1,2,252,0.3824,0.0,0.0265,1.0
train,1653,528,False,2,2,243,0.1985,0.2169,0.0357,0.75
train,1580,502,False,1,1,179,0.875,0.0,0.0263,0.6667
train,1581,502,False,4,4,207,0.78125,0.0825,0.0222,1.0
train,940,273,False,1,1,184,0.9038,0.0,0.0,0.0
train,941,273,False,1,1,174,0.875,0.0,0.04,0.75
train,942,273,False,3,2,324,0.8365333333333332,0.1717,0.0222,0.25
train,943,273,False,2,2,176,0.46155,0.029,0.0405,0.375
train,944,273,False,2,2,138,0.40865,0.1081,0.0227,0.125
train,945,273,False,0,0,0,,0.0,0.0,0.0
train,1865,618,False,1,1,78,0.1875,0.0,0.06,0.4286
train,1866,618,False,1,1,15,0.5,0.0,0.0,0.0
train,362,97,False,2,2,20,0.4268,0.6667,0.0,0.0
train,363,97,False,1,1,72,0.061,0.0,0.0435,0.2857
train,364,97,False,1,1,43,0.0732,0.0,0.0714,0.5
train,1913,639,False,1,1,55,0.4051,0.0,0.0,0.0
train,1914,639,False,1,1,80,0.3671,0.0,0.0263,0.5
train,1915,639,False,1,1,80,0.3671,0.0,0.0263,0.5
train,1916,639,False,2,2,51,0.13924999999999998,0.0,0.0,0.0
train,2279,851,False,1,1,81,0.4211,0.0,0.0217,0.3333
train,425,112,False,2,2,280,0.86115,0.18,0.019,0.2857
train,426,112,False,2,2,122,0.62965,0.1852,0.0847,0.5
train,427,112,False,1,1,81,0.6296,0.0,0.0263,0.3333
train,2268,841,False,3,1,155,0.5590666666666667,0.0928,0.0351,0.3333
train,2269,841,False,1,1,150,0.7323,0.0,0.0462,0.75
train,1551,487,False,0,0,0,,0.0,0.0,0.0
train,1552,487,False,1,1,14,0.75,0.0,0.1429,0.5
train,1952,657,False,1,1,28,0.5,0.0,0.0385,0.25
train,1953,657,False,4,1,400,0.7639,0.1154,0.008,0.3333
train,1954,657,False,1,2,127,0.5556,0.0,0.0545,1.0
train,1335,411,False,1,1,136,0.569,0.0,0.0147,0.3333
train,1336,411,False,1,1,224,0.2414,0.0,0.0345,0.4286
train,1337,411,False,1,1,224,0.2414,0.0,0.0238,0.6667
train,1338,411,False,4,1,149,0.19827499999999998,0.0949,0.0132,0.3333
train,1339,411,False,1,1,64,0.5,0.0,0.025,0.3333
train,1340,411,False,1,1,64,0.5,0.0,0.05,0.5
train,724,200,False,1,1,101,0.4348,0.0,0.0541,0.2857
train,725,200,False,2,2,144,0.7065,0.0714,0.0274,0.4
train,726,200,False,2,2,144,0.7065,0.0714,0.0274,0.4
train,727,200,False,2,2,115,0.6630499999999999,0.0385,0.0377,0.6667
train,728,200,False,1,1,131,0.8696,0.0,0.0448,0.4286
train,2249,829,False,2,1,231,0.5182,0.1089,0.049,0.8333
train,2288,862,False,2,2,147,0.0465,0.125,0.0,0.0
train,1326,409,False,1,1,108,0.7692,0.0,0.0976,1.0
train,1327,409,False,6,6,260,0.64745,0.1433,0.0319,0.5
train,1328,409,False,1,1,156,0.0385,0.0,0.0159,0.3333
train,1329,409,False,2,1,164,0.25,0.0405,0.0132,0.3333
train,1523,477,False,1,1,183,0.9412,0.0,0.0,0.0
train,1524,477,False,2,2,165,0.82355,0.0735,0.0294,1.0
train,1525,477,False,2,2,497,0.2059,0.1,0.005,0.5
train,1526,477,False,1,1,246,0.4118,0.0,0.0286,0.6
train,1527,477,False,1,1,177,0.2941,0.0,0.0215,0.6667
train,616,169,False,1,1,161,0.0377,0.0,0.0,0.0
train,617,169,False,1,1,116,0.0566,0.0,0.0635,0.4444
train,618,169,False,1,1,112,0.1887,0.0,0.0508,0.4286
train,1820,601,False,1,1,73,0.7391,0.0,0.0,0.0
train,1821,601,False,8,1,201,0.9057999999999999,0.0585,0.0,0.0
train,2218,808,False,1,1,17,0.5,0.0,0.0714,0.2
train,2219,808,False,2,2,375,0.36905,0.0863,0.0213,0.6
train,176,51,False,5,1,201,0.8727199999999999,0.0559,0.026,1.0
train,177,51,False,5,1,201,0.8727199999999999,0.0559,0.0256,0.6667
train,178,51,False,6,6,82,0.5439333333333333,0.1499,0.0645,0.3333
train,179,51,False,12,1,300,0.41136666666666666,0.1332,0.0283,0.6
train,2041,701,False,1,1,16,0.5,0.0,0.0,0.0
train,2042,701,False,1,1,107,0.4545,0.0,0.0182,0.3333
train,277,76,False,1,3,126,0.9444,0.0,0.1,1.0
train,769,218,False,2,2,142,0.14285,0.0781,0.0154,0.5
train,770,218,False,1,1,126,0.1429,0.0,0.0,0.0
train,2234,817,False,1,1,62,0.4839,0.0,0.0,0.0
train,371,99,False,6,2,186,0.7083333333333334,0.046,0.0101,0.25
train,372,99,False,1,1,42,0.9167,0.0,0.0,0.0
train,373,99,False,1,1,100,0.9167,0.0,0.0408,0.2857
train,374,99,False,1,1,42,0.9167,0.0,0.0,0.0
train,375,99,False,1,1,100,0.9167,0.0,0.0816,0.4444
train,96,25,False,1,1,109,0.9412,0.0,0.0357,0.5
train,97,25,False,2,3,61,0.07845,0.2308,0.0769,1.0
train,98,25,False,2,2,258,0.7157,0.0818,0.0087,0.1667
train,1726,558,False,1,1,79,0.5,0.0,0.0189,0.125
train,1727,558,False,1,1,79,0.5,0.0,0.0408,0.4
train,1974,670,False,1,1,18,0.5,0.0,0.0,0.0
train,1975,670,False,1,1,88,0.8065,0.0,0.0377,0.4
train,2271,843,False,1,1,158,0.0366,0.0,0.0294,1.0
train,327,89,False,1,1,22,0.4211,0.0,0.0,0.0
train,328,89,False,2,1,80,0.70615,0.0465,0.0222,0.3333
train,329,89,False,3,3,124,0.6433,0.0543,0.0,0.0
train,330,89,False,3,4,310,0.9122666666666666,0.0345,0.0362,0.8333
train,331,89,False,1,1,62,0.5088,0.0,0.0968,0.6
train,332,89,False,1,1,22,0.4211,0.0,0.0,0.0
train,707,194,False,4,1,363,0.416675,0.0552,0.0075,0.1667
train,1574,498,False,1,1,227,0.0046,0.0,0.0326,0.5
train,1575,498,False,0,0,0,,0.0,0.0,0.0
train,2286,860,False,1,1,105,0.6923,0.0,0.0182,0.2
train,1638,523,False,3,2,269,0.0625,0.0551,0.0569,1.0
train,1639,523,False,2,2,172,0.64585,0.1791,0.0556,0.4444
train,2080,725,False,1,1,108,0.2121,0.0,0.0159,0.3333
train,510,138,False,2,2,195,0.1122,0.1818,0.0127,0.3333
train,511,138,False,6,3,224,0.31803333333333333,0.1047,0.0087,0.5
train,1197,365,False,1,1,8,0.1111,0.0,0.0,0.0
train,1198,365,False,1,1,84,0.1111,0.0,0.0392,0.3333
train,1684,543,False,1,1,280,0.5833,0.0,0.0,0.0
train,1685,543,False,1,1,280,0.5833,0.0,0.0155,0.3333
train,1686,543,False,1,1,54,0.9792,0.0,0.0333,0.3333
train,1687,543,False,1,1,54,0.9792,0.0,0.0,0.0
train,615,168,False,0,0,0,,0.0,0.0,0.0
train,2189,789,False,1,1,114,0.7838,0.0,0.0545,1.0
train,984,289,False,2,2,72,0.625,0.0488,0.0204,0.1111
train,985,289,False,1,1,76,0.6071,0.0,0.0,0.0
train,986,289,False,4,4,372,0.357125,0.0403,0.0061,0.3333
train,987,289,False,1,1,149,0.1786,0.0,0.0482,0.5
train,1360,418,False,9,1,181,0.4344,0.1741,0.0,0.0
train,1361,418,False,3,3,145,0.43439999999999995,0.1298,0.0,0.0
train,1362,418,False,1,1,49,0.4344,0.0,0.0357,0.5
train,1363,418,False,1,1,122,0.0328,0.0,0.0508,1.0
train,1006,295,False,3,1,204,0.2692333333333333,0.0576,0.0526,0.5
train,1007,295,False,1,1,68,0.1923,0.0,0.0278,0.25
train,383,101,False,1,1,115,0.025,0.0,0.0,0.0
train,384,101,False,1,1,176,0.925,0.0,0.0274,0.5
train,2211,804,False,3,3,144,0.6111333333333334,0.1432,0.0169,0.2
train,2212,804,False,1,1,41,0.1333,0.0,0.0,0.0
train,1205,369,False,2,2,167,0.6516500000000001,0.0923,0.029,0.3333
train,1206,369,False,2,3,99,0.63525,0.1489,0.037,0.2222
train,1207,369,False,1,2,188,0.6885,0.0,0.0141,0.3333
train,1208,369,False,1,1,188,0.6885,0.0,0.0278,0.4
train,1209,369,False,2,1,33,0.61885,0.0,0.0455,0.3333
train,1035,306,False,1,1,224,0.9123,0.0,0.0526,0.5714
train,1036,306,False,1,2,224,0.9123,0.0,0.0541,0.8
train,1037,306,False,1,1,52,0.7719,0.0,0.0,0.0
train,1038,306,False,8,1,66,0.3070125,0.0145,0.06,0.75
train,2281,854,False,1,1,88,0.3846,0.0,0.0612,0.6
train,1895,631,False,1,1,66,0.2,0.0,0.0811,1.0
train,1896,631,False,2,1,149,0.3125,0.125,0.0299,0.4
train,1897,631,False,1,1,113,0.85,0.0,0.0328,0.6667
train,1782,585,False,2,3,216,0.6765,0.0722,0.0204,0.6667
train,1783,585,False,2,2,94,0.63235,0.0784,0.0192,0.5
train,1784,585,False,1,1,73,0.5882,0.0,0.0,0.0
train,1785,585,False,1,1,114,0.6471,0.0,0.0526,1.0
train,1211,371,False,3,3,322,0.8290333333333333,0.1341,0.0084,0.3333
train,1212,371,False,2,2,202,0.7564,0.0889,0.0,0.0
train,1838,609,False,1,1,79,0.8,0.0,0.0625,1.0
train,1839,609,False,2,1,154,0.42500000000000004,0.0164,0.0323,0.6667
train,295,82,False,5,2,263,0.485,0.0961,0.0224,0.6
train,296,82,False,4,4,419,0.675,0.0513,0.0165,0.75
train,2152,769,False,2,2,201,0.61955,0.0241,0.0119,0.5
train,2153,769,False,2,1,138,0.63045,0.0,0.0,0.0
train,694,191,False,1,1,70,0.8608,0.0,0.0294,0.3333
train,695,191,False,1,1,85,0.4177,0.0,0.0625,0.4286
train,696,191,False,1,1,154,0.8101,0.0,0.0408,0.6667
train,697,191,False,1,1,154,0.8101,0.0,0.0385,0.3333
train,698,191,False,2,2,108,0.5,0.2683,0.0,0.0
train,699,191,False,1,1,41,0.5,0.0,0.0952,0.6667
train,700,191,False,1,1,154,0.8101,0.0,0.0204,0.5
train,1414,435,False,1,1,94,0.92,0.0,0.0,0.0
train,1415,435,False,1,1,90,0.4,0.0,0.0,0.0
train,1071,320,False,1,1,234,0.0577,0.0,0.04,0.4286
train,1072,320,False,1,1,84,0.3654,0.0,0.0698,0.5
train,1073,320,False,3,1,167,0.3654,0.0727,0.0303,0.6667
train,524,144,False,5,5,371,0.60968,0.1295,0.0075,0.25
train,525,144,False,2,1,15,0.5242,0.0,0.0833,0.25
train,411,107,False,1,1,101,0.3913,0.0,0.0204,0.5
train,412,107,False,2,2,168,0.55435,0.0,0.023,1.0
train,413,107,False,1,2,74,0.5652,0.0,0.0513,0.6667
train,1299,401,False,1,1,112,0.0169,0.0,0.0645,0.5714
train,1300,401,False,1,1,24,0.0169,0.0,0.1176,0.6667
train,1301,401,False,1,1,24,0.0169,0.0,0.0,0.0
train,1302,401,False,1,1,31,0.0169,0.0,0.2632,0.8333
train,1303,401,False,1,1,25,0.0112,0.0,0.1176,0.5
train,1304,401,False,1,1,10,0.0169,0.0,0.0,0.0
train,1305,401,False,1,1,115,0.0169,0.0,0.0145,0.25
train,2119,745,False,2,2,175,0.18085,0.1471,0.0294,1.0
train,2120,745,False,1,1,68,0.2553,0.0,0.0513,0.5
train,885,255,False,1,1,56,0.9286,0.0,0.0323,0.2
train,886,255,False,3,3,106,0.7333333333333334,0.1947,0.0,0.0
train,2197,795,False,2,2,122,0.64585,0.1053,0.0526,1.0
train,2198,795,False,1,1,105,0.6667,0.0,0.04,0.4
train,2178,784,False,2,1,162,0.625,0.058,0.0571,0.8
train,1827,603,False,1,1,57,0.3415,0.0,0.0323,0.3333
train,451,121,False,2,2,137,0.41935,0.0725,0.0286,0.6667
train,452,121,False,2,2,135,0.20965,0.1803,0.0317,0.5
train,453,121,False,1,1,117,0.8065,0.0,0.0517,0.375
train,1008,296,False,1,1,89,0.75,0.0,0.0625,0.4286
train,1009,296,False,1,1,97,0.25,0.0,0.0172,0.25
train,1010,296,False,9,5,419,0.45061111111111113,0.0902,0.0292,0.5714
train,1011,296,False,1,1,97,0.25,0.0,0.0345,0.4
train,272,75,False,6,2,55,0.6446333333333333,0.1378,0.0,0.0
train,273,75,False,1,1,17,0.2642,0.0,0.0,0.0
train,274,75,False,21,1,469,0.7012571428571428,0.0497,0.0054,0.5
train,275,75,False,1,1,29,0.434,0.0,0.0625,0.5
train,276,75,False,1,1,43,0.3585,0.0,0.0526,0.5
train,1773,581,False,3,1,258,0.6538333333333334,0.0662,0.0099,0.5
train,1774,581,False,1,1,92,0.0769,0.0,0.0204,0.5
train,1775,581,False,1,1,92,0.0769,0.0,0.0204,0.5
train,1900,633,False,1,1,49,0.7115,0.0,0.069,0.5
train,1901,633,False,1,1,67,0.2885,0.0,0.0263,0.25
train,1902,633,False,1,1,49,0.7115,0.0,0.0,0.0
train,1903,633,False,1,1,80,0.75,0.0,0.0196,0.25
train,208,59,False,1,1,138,0.6346,0.0,0.0517,0.5
train,209,59,False,1,1,221,0.8269,0.0,0.0135,0.1429
train,210,59,False,7,6,412,0.7307714285714286,0.1033,0.0075,0.25
train,211,59,False,1,4,221,0.8269,0.0,0.0725,0.8333
train,851,243,False,1,2,158,0.9474,0.0,0.0149,0.25
train,852,243,False,1,2,226,0.8947,0.0,0.022,0.5
train,853,243,False,6,3,212,0.39035,0.1056,0.0309,0.75
train,1441,447,False,2,2,157,0.5882000000000001,0.1404,0.0351,1.0
train,1442,447,False,1,1,290,0.1324,0.0,0.0084,0.3333
train,1543,483,False,1,1,32,0.1556,0.0,0.0476,0.25
train,1544,483,False,1,2,120,0.8,0.0,0.0566,0.6
train,2270,842,False,6,7,402,0.4841166666666667,0.0609,0.0426,0.8571
train,2301,877,False,1,1,23,0.1892,0.0,0.2,0.6667
train,2316,886,False,1,1,57,0.5,0.0,0.0513,0.2222
train,2280,852,False,1,1,212,0.9231,0.0,0.0152,0.2
train,1089,326,False,2,2,249,0.27085,0.0583,0.0377,0.5714
train,1717,554,False,1,1,72,0.1549,0.0,0.0312,0.5
train,1111,333,False,1,1,119,0.3878,0.0,0.0339,0.5
train,1112,333,False,2,2,173,0.6939,0.0349,0.0,0.0
train,1113,333,False,1,1,33,0.5,0.0,0.0556,0.5
train,1114,333,False,1,1,117,0.2857,0.0,0.0,0.0
train,504,135,False,1,1,52,0.44,0.0,0.0,0.0
train,498,133,False,1,1,126,0.375,0.0,0.0455,0.6
train,499,133,False,1,1,82,0.125,0.0,0.0213,0.3333
train,500,133,False,1,1,159,0.4375,0.0,0.0488,0.5714
train,1761,574,False,1,1,110,0.8824,0.0,0.0,0.0
train,1762,574,False,1,1,1,0.9412,0.0,0.0,0.0
train,1268,389,False,1,1,114,0.5195,0.0,0.0357,0.6667
train,1269,389,False,1,1,76,0.3766,0.0,0.0476,0.4
train,584,159,False,1,1,106,0.0536,0.0,0.0,0.0
train,585,159,False,2,2,31,0.0536,0.2667,0.0,0.0
train,1069,319,False,1,1,80,0.4762,0.0,0.0526,0.4
train,1070,319,False,1,1,54,0.0952,0.0,0.0286,0.125
train,526,145,False,2,2,542,0.7181,0.0238,0.0142,0.6
train,1884,628,False,1,1,55,0.3462,0.0,0.0714,0.6667
train,1885,628,False,2,2,164,0.59615,0.2157,0.0385,0.6667
train,1886,628,False,1,1,55,0.3462,0.0,0.0345,0.3333
train,1887,628,False,1,1,55,0.3462,0.0,0.0,0.0
train,906,262,False,1,1,52,0.06,0.0,0.0833,0.6667
train,907,262,False,1,1,114,0.4,0.0,0.0606,0.5
train,908,262,False,0,0,0,,0.0,0.0,0.0
train,1851,614,False,1,2,151,0.8537,0.0,0.0125,1.0
train,1852,614,False,1,2,85,0.878,0.0,0.0,0.0
train,1853,614,False,1,1,37,0.6585,0.0,0.0,0.0
train,1854,614,False,3,1,256,0.7073,0.0963,0.0,0.0
train,1855,614,False,1,1,37,0.6585,0.0,0.0,0.0
train,514,140,False,1,1,53,0.8636,0.0,0.0333,0.25
train,930,270,False,1,1,259,0.4571,0.0,0.0102,0.25
train,931,270,False,1,1,123,0.0571,0.0,0.0536,0.75
train,260,71,False,3,2,92,0.4778,0.2532,0.0571,0.6667
train,261,71,False,1,1,53,0.1778,0.0,0.0714,0.4
train,262,71,False,2,2,47,0.5222,0.3182,0.0,0.0
train,1793,589,False,1,1,90,0.3704,0.0,0.0217,0.2
train,1794,589,False,1,1,59,0.4815,0.0,0.0303,0.5
train,1795,589,False,1,1,52,0.7407,0.0,0.0645,0.1818
train,1796,589,False,1,1,102,0.5185,0.0,0.0392,0.5
train,1797,589,False,1,1,115,0.5556,0.0,0.0208,0.125
train,1798,589,False,1,1,202,0.4074,0.0,0.0102,0.25
train,1194,364,False,1,1,66,0.2444,0.0,0.0,0.0
train,1195,364,False,1,1,73,0.2444,0.0,0.0645,0.5
train,1196,364,False,2,2,84,0.2333,0.1389,0.0,0.0
train,2144,762,False,1,1,109,0.1458,0.0,0.0182,0.25
train,2145,762,False,1,1,59,0.6458,0.0,0.0238,0.5
train,909,263,False,1,1,51,0.4643,0.0,0.0645,0.5
train,910,263,False,2,2,167,0.91075,0.1905,0.0294,0.2857
train,1547,485,False,1,1,146,0.9857,0.0,0.058,0.6667
train,1548,485,False,1,1,78,1.0,0.0,0.0952,1.0
train,1549,485,False,1,1,153,0.0429,0.0,0.0202,0.3333
train,297,83,False,1,1,119,0.025,0.0,0.0154,0.1667
train,298,83,False,3,2,195,0.3541666666666667,0.0209,0.0,0.0
train,299,83,False,1,1,119,0.025,0.0,0.0161,0.3333
train,300,83,False,5,1,108,0.2875,0.1026,0.0204,0.1667
train,1738,563,False,5,5,365,0.5,0.0883,0.0079,0.25
train,1730,561,False,3,1,114,0.6436666666666667,0.0527,0.0625,0.75
train,1731,561,False,1,1,146,0.8793,0.0,0.1071,0.6667
train,1732,561,False,1,1,21,0.6897,0.0,0.1818,0.6667
train,1733,561,False,2,2,111,0.5431,0.0526,0.0339,0.5
train,2058,713,False,1,1,70,0.9508,0.0,0.0,0.0
train,1985,677,False,1,1,10,0.5,0.0,0.0,0.0
train,1986,677,False,2,2,218,0.16665000000000002,0.0638,0.0102,0.2
train,1987,677,False,1,1,88,0.2292,0.0,0.0789,0.4286
train,1988,677,False,1,1,147,0.0417,0.0,0.0154,0.2
train,1963,664,False,2,2,268,0.20455,0.0847,0.0336,0.8
train,338,91,False,1,1,108,0.5811,0.0,0.0312,0.2857
train,339,91,False,2,2,228,0.31079999999999997,0.0756,0.0081,0.1667
train,2111,739,False,2,2,155,0.5,0.1098,0.0235,0.4
train,2149,766,False,0,0,0,,0.0,0.0,0.0
train,1937,651,False,1,1,105,0.0238,0.0,0.0161,0.1667
train,1938,651,False,1,1,163,0.619,0.0,0.0725,0.625
train,1939,651,False,1,1,44,0.3571,0.0,0.0667,0.3333
train,414,108,False,1,2,152,0.4694,0.0,0.0253,0.25
train,415,108,False,1,2,111,0.3878,0.0,0.0,0.0
train,416,108,False,1,1,135,0.0612,0.0,0.0423,0.375
train,2043,704,False,2,1,128,0.5367500000000001,0.0345,0.0339,0.6667
train,1950,655,False,1,1,216,0.2273,0.0,0.0337,1.0
train,2296,870,False,2,2,179,0.7024,0.087,0.0,0.0
train,18,3,True,1,1,118,0.7174,0.0,0.0299,0.5
train,19,3,False,3,3,136,0.5797,0.0388,0.0303,0.5
train,20,3,False,4,6,342,0.14672500000000002,0.062,0.0274,0.8
train,21,3,True,3,3,393,0.5724666666666667,0.0604,0.0121,0.6667
train,22,3,False,1,1,96,0.6739,0.0,0.0526,0.5
train,23,3,False,1,1,96,0.6739,0.0,0.0364,0.6667
train,24,3,False,2,2,196,0.21739999999999998,0.2025,0.0366,0.5
train,25,3,False,1,1,96,0.6739,0.0,0.0175,0.25
train,26,3,False,1,1,96,0.6739,0.0,0.0702,0.5714
train,27,3,False,1,1,118,0.7391,0.0,0.0164,0.2
train,1550,486,False,1,1,49,0.7551,0.0,0.1,0.3333
train,1555,489,False,1,1,45,0.6757,0.0,0.0,0.0
train,1597,510,False,1,1,69,0.913,0.0,0.0278,0.3333
train,1598,510,False,1,1,65,0.1087,0.0,0.08,0.6667
train,1012,297,False,1,1,8,0.5,0.0,0.125,0.3333
train,43,9,False,2,2,145,0.43475,0.1045,0.0448,1.0
train,44,9,False,1,1,75,0.3478,0.0,0.0244,0.3333
train,1802,592,False,1,1,84,0.0247,0.0,0.0192,0.25
train,1803,592,False,1,1,187,0.0247,0.0,0.0241,0.6667
train,1192,363,False,1,1,123,0.0,0.0,0.0286,0.6667
train,1193,363,False,1,1,54,0.7037,0.0,0.0882,0.75
train,1973,669,False,1,1,10,0.5,0.0,0.0,0.0
dev,1912,638,False,1,1,15,0.5,0.0,0.0,0.0
dev,2201,798,False,1,1,31,0.5752,0.0,0.0417,0.1429
dev,883,254,False,1,1,38,0.2273,0.0,0.0,0.0
dev,884,254,False,1,1,123,0.2273,0.0,0.0204,0.5
dev,104,28,False,1,1,16,0.1176,0.0,0.0909,0.5
dev,105,28,False,2,4,169,0.7867500000000001,0.0694,0.0135,0.3333
dev,2100,735,False,1,1,117,0.7742,0.0,0.0323,0.6667
dev,2101,735,False,1,1,167,0.0484,0.0,0.0116,0.3333
dev,2102,735,False,2,2,33,0.5,0.4,0.0,0.0
dev,732,203,False,1,1,175,0.1,0.0,0.0112,0.3333
dev,733,203,False,1,1,183,0.425,0.0,0.0267,0.6667
dev,734,203,False,5,1,243,0.35,0.04,0.0222,0.4
dev,735,203,False,2,1,187,0.375,0.0312,0.0,0.0
dev,736,203,False,1,2,175,0.1,0.0,0.0,0.0
dev,737,203,False,1,1,183,0.425,0.0,0.0133,0.5
dev,738,203,False,2,1,72,0.4375,0.0645,0.0625,0.6667
dev,1187,361,False,1,1,16,0.74,0.0,0.0,0.0
dev,1188,361,False,1,1,84,0.5,0.0,0.0208,0.3333
dev,2069,720,False,2,2,283,0.06605,0.1232,0.029,1.0
dev,116,33,False,2,2,166,0.86365,0.0732,0.0357,0.6
dev,117,33,False,1,3,150,0.7273,0.0,0.0128,0.3333
dev,118,33,False,1,1,150,0.7273,0.0,0.0,0.0
dev,1670,538,False,3,3,370,0.6666666666666666,0.0471,0.0135,0.25
dev,1377,423,False,1,1,103,0.0233,0.0,0.0441,0.5
dev,1378,423,False,1,4,107,0.5116,0.0,0.0161,0.25
dev,1379,423,False,4,4,229,0.383725,0.0774,0.0256,0.75
dev,1632,520,False,1,1,58,0.5641,0.0,0.0,0.0
dev,1504,470,False,1,1,109,0.4776,0.0,0.0244,0.25
dev,1505,470,False,1,1,125,0.3731,0.0,0.0,0.0
dev,1807,594,False,1,1,116,0.4,0.0,0.0,0.0
dev,2190,790,False,2,2,113,0.3191,0.1154,0.0377,0.6667
dev,877,252,False,1,2,159,0.4127,0.0,0.0484,0.75
dev,878,252,False,1,2,111,0.4127,0.0,0.0312,0.5
dev,879,252,False,3,2,184,0.4127,0.0666,0.011,0.2
dev,880,252,False,1,1,95,0.4127,0.0,0.0196,0.1667
dev,2239,821,False,4,4,579,0.461525,0.0896,0.0,0.0
dev,2240,821,False,1,1,62,0.1692,0.0,0.0,0.0
dev,2293,867,False,1,1,72,0.58,0.0,0.0,0.0
dev,1282,394,False,2,2,126,0.9074,0.0862,0.0508,0.75
dev,1283,394,False,1,1,31,0.6914,0.0,0.0526,0.25
dev,1926,643,False,1,1,164,0.3913,0.0,0.0139,0.3333
dev,1132,340,False,1,1,79,0.3594,0.0,0.0638,1.0
dev,1133,340,False,2,1,39,0.3125,0.0455,0.04,0.25
dev,1134,340,False,1,1,139,0.0781,0.0,0.0429,1.0
dev,1135,340,False,1,1,13,0.3594,0.0,0.0,0.0
dev,2196,794,False,0,0,0,,0.0,0.0,0.0
dev,1400,431,False,2,1,205,0.6025499999999999,0.0619,0.0196,0.2857
dev,1401,431,False,1,2,164,0.4872,0.0,0.029,0.6667
dev,1402,431,False,1,1,164,0.4872,0.0,0.029,0.6667
dev,1403,431,False,4,2,219,0.416675,0.0408,0.0174,0.6667
dev,2158,772,False,1,1,95,0.3171,0.0,0.0182,0.1667
dev,2159,772,False,2,2,117,0.7012,0.1277,0.0,0.0
dev,2160,772,False,1,1,111,0.1951,0.0,0.0536,0.75
dev,2161,772,False,1,1,111,0.1951,0.0,0.0714,0.8
dev,1213,372,False,0,0,0,,0.0,0.0,0.0
dev,1214,372,False,2,2,45,0.40515,0.0417,0.0,0.0
dev,1215,372,False,1,1,52,0.4138,0.0,0.0312,0.2
dev,2023,692,False,3,3,247,0.8703666666666666,0.0921,0.0273,0.75
dev,1964,665,False,0,0,0,,0.0,0.0,0.0
dev,1965,665,False,2,2,120,0.6389,0.1373,0.0182,0.2
dev,545,150,False,1,1,189,0.9524,0.0,0.0602,0.7143
dev,546,150,False,1,1,70,0.881,0.0,0.0,0.0
dev,547,150,False,4,1,207,0.7023999999999999,0.2473,0.0128,0.25
dev,548,150,False,1,1,79,0.4048,0.0,0.025,0.3333
dev,549,150,False,2,1,319,0.27380000000000004,0.0588,0.0083,0.3333
dev,550,150,False,1,1,57,0.2619,0.0,0.069,0.6667
dev,551,150,False,2,2,326,0.059500000000000004,0.0933,0.0196,0.5
dev,1704,549,False,4,4,146,0.653225,0.0621,0.0119,0.3333
dev,1705,549,False,1,1,34,0.629,0.0,0.0,0.0
dev,125,36,False,1,2,142,0.4706,0.0,0.0312,0.6667
dev,126,36,False,1,1,95,0.1912,0.0,0.0698,0.75
dev,127,36,False,1,1,142,0.4706,0.0,0.0469,0.75
dev,1757,572,False,1,1,66,0.9943,0.0,0.0556,0.6667
dev,1000,293,False,6,3,360,0.2526,0.0499,0.0189,0.75
dev,1001,293,False,3,3,162,0.5573,0.048,0.037,0.6
dev,1002,293,False,1,1,73,0.1562,0.0,0.0714,0.375
dev,1003,293,False,1,1,119,0.0938,0.0,0.027,0.1667
dev,1917,640,False,1,1,78,0.7108,0.0,0.0,0.0
dev,1918,640,False,3,1,223,0.6767,0.1096,0.0122,0.25
dev,1919,640,False,1,1,103,0.3855,0.0,0.0889,1.0
dev,1920,640,False,1,1,129,0.0241,0.0,0.0185,0.2
dev,418,110,False,1,1,101,0.12,0.0,0.0,0.0
dev,419,110,False,5,3,250,0.36,0.0606,0.0,0.0
dev,420,110,False,3,3,113,0.3333333333333333,0.1032,0.037,0.6667
dev,421,110,False,1,1,98,0.22,0.0,0.0476,0.6667
dev,422,110,False,1,1,63,0.18,0.0,0.0455,0.4
dev,1984,676,False,1,2,97,0.0455,0.0,0.0577,1.0
dev,1028,304,False,1,1,31,0.0333,0.0,0.04,0.125
dev,1029,304,False,1,1,150,0.8833,0.0,0.027,0.5
dev,1030,304,False,1,1,31,0.0333,0.0,0.0,0.0
dev,1419,438,False,1,1,104,0.6897,0.0,0.06,0.75
dev,1420,438,False,2,2,187,0.67245,0.1034,0.0112,0.3333
dev,1493,467,False,1,1,145,0.4444,0.0,0.0169,0.25
dev,1494,467,False,1,1,9,0.5,0.0,0.0,0.0
dev,1495,467,False,1,1,145,0.4444,0.0,0.0345,0.5
dev,1496,467,False,1,1,9,0.5,0.0,0.1429,0.5
dev,1497,467,False,1,1,145,0.4444,0.0,0.0175,0.5
dev,1828,604,False,1,1,104,0.8947,0.0,0.0161,0.1667
dev,1829,604,False,2,2,133,0.78945,0.0694,0.0,0.0
dev,1830,604,False,1,1,140,0.7895,0.0,0.0125,0.25
dev,90,24,False,3,3,362,0.612,0.0866,0.0076,0.25
dev,91,24,False,6,11,321,0.7623333333333334,0.126,0.0096,0.2
dev,92,24,False,2,2,78,0.5738,0.0857,0.027,0.3333
dev,93,24,False,1,1,111,0.8852,0.0,0.0,0.0
dev,94,24,False,1,1,158,0.4918,0.0,0.0143,0.5
dev,95,24,False,1,1,158,0.4918,0.0,0.0429,0.75
dev,636,175,False,1,1,74,0.6038,0.0,0.0556,0.6667
dev,637,175,False,2,3,210,0.46225,0.24,0.0267,1.0
dev,638,175,False,1,1,74,0.6038,0.0,0.0526,0.4
dev,639,175,False,2,1,88,0.63205,0.0625,0.0,0.0
dev,897,259,False,1,1,59,0.6522,0.0,0.0882,0.6
dev,1909,637,False,2,2,240,0.2647,0.0702,0.0086,0.3333
dev,1910,637,False,1,1,111,0.7059,0.0,0.0189,0.5
dev,1911,637,False,1,1,79,0.8235,0.0,0.05,0.6667
dev,2014,687,False,0,0,0,,0.0,0.0,0.0
dev,2015,687,False,1,1,8,0.5,0.0,0.0,0.0
dev,818,234,False,1,1,62,0.9219,0.0,0.1471,0.5556
dev,819,234,False,1,1,43,0.2812,0.0,0.1154,0.5
dev,1958,660,False,2,2,184,0.2795,0.038,0.0244,0.4
dev,964,282,False,2,4,138,0.6578999999999999,0.0625,0.058,0.4444
dev,965,282,False,1,1,54,0.8684,0.0,0.0435,0.3333
dev,966,282,False,1,1,54,0.8684,0.0,0.0435,0.3333
dev,1107,332,False,1,1,81,0.8197,0.0,0.0556,0.6667
dev,1108,332,False,18,1,1245,0.4385222222222222,0.0896,0.0137,0.6667
dev,1109,332,False,1,1,13,0.5,0.0,0.0,0.0
dev,1110,332,False,1,1,35,0.9672,0.0,0.0,0.0
dev,1264,388,False,0,0,0,,0.0,0.0,0.0
dev,1265,388,False,1,1,124,0.9231,0.0,0.0484,1.0
dev,1266,388,False,1,1,57,0.1154,0.0,0.0345,0.5
dev,1267,388,False,1,1,37,0.7692,0.0,0.0455,0.5
dev,1364,419,False,1,1,94,0.878,0.0,0.0417,0.5
dev,1365,419,False,4,1,67,0.7683,0.046,0.0,0.0
dev,1366,419,False,1,1,123,0.0488,0.0,0.0308,0.4
dev,1367,419,False,1,1,123,0.0488,0.0,0.0152,0.2
dev,1065,317,False,1,1,73,0.1364,0.0,0.0435,0.3333
dev,1066,317,False,2,2,144,0.20455,0.0702,0.0169,0.3333
dev,1067,317,False,4,4,263,0.51135,0.0822,0.0427,0.8333
dev,1586,505,False,1,1,70,0.7778,0.0,0.0233,0.2
dev,1587,505,False,1,1,64,0.9259,0.0,0.0,0.0
dev,171,49,False,6,5,214,0.5458333333333334,0.0289,0.037,0.3636
dev,172,49,False,1,1,64,0.275,0.0,0.04,0.25
dev,173,49,False,3,2,166,0.27499999999999997,0.0669,0.0833,0.625
dev,174,49,False,1,1,37,0.975,0.0,0.0333,0.1111
dev,340,92,False,1,1,38,0.8,0.0,0.1154,0.375
dev,341,92,False,2,1,107,0.5364,0.0227,0.0,0.0
dev,342,92,False,1,1,38,0.8,0.0,0.0769,0.2857
dev,343,92,False,2,2,56,0.50455,0.04,0.1111,0.6
dev,344,92,False,2,1,15,0.9727,0.0,0.0769,0.3333
dev,345,92,False,1,1,59,0.8727,0.0,0.0,0.0
dev,346,92,False,1,1,63,0.8909,0.0,0.0256,0.1667
dev,347,92,False,1,1,55,0.4182,0.0,0.0,0.0
dev,348,92,False,0,0,0,,0.0,0.0,0.0
dev,1233,379,False,1,1,76,0.6,0.0,0.0227,0.3333
dev,1234,379,False,2,2,101,0.37775000000000003,0.0189,0.0,0.0
dev,1235,379,False,1,1,83,0.2444,0.0,0.0233,0.5
dev,1313,404,False,1,1,47,0.5915,0.0,0.0,0.0
dev,1314,404,False,1,1,220,0.5,0.0,0.024,0.5
dev,1315,404,False,3,3,308,0.7676,0.056,0.0194,0.6
dev,1316,404,False,2,2,288,0.7007,0.0403,0.0197,0.5
dev,1317,404,False,1,1,54,0.9155,0.0,0.0625,0.6667
dev,1158,351,False,1,1,50,0.9259,0.0,0.1818,1.0
dev,1159,351,False,0,0,0,,0.0,0.0,0.0
dev,1160,351,False,0,0,0,,0.0,0.0,0.0
dev,1161,351,False,2,2,179,0.62965,0.0952,0.0469,0.75
dev,1004,294,False,1,1,78,0.5424,0.0,0.027,1.0
dev,1005,294,False,4,2,496,0.383475,0.0529,0.011,1.0
dev,2202,799,False,2,2,289,0.8409,0.0796,0.0,0.0
dev,1763,575,False,1,1,142,0.0435,0.0,0.0294,0.6667
dev,2191,791,False,1,1,52,0.0541,0.0,0.0968,1.0
dev,2192,791,False,1,1,19,0.2432,0.0,0.0,0.0
dev,1808,595,False,1,1,113,0.5094,0.0,0.0364,0.5
dev,1809,595,False,2,2,128,0.5,0.0333,0.0328,0.6667
dev,1810,595,False,2,2,191,0.2547,0.0899,0.0222,0.6667
dev,677,186,False,1,1,56,0.2917,0.0,0.0323,0.2
dev,478,129,False,4,4,218,0.52875,0.0705,0.0408,0.6667
dev,479,129,False,1,1,37,0.2644,0.0,0.087,0.6667
dev,480,129,False,2,3,223,0.23565,0.051,0.01,0.3333
dev,481,129,False,1,1,131,0.0345,0.0,0.0328,0.4
dev,1799,590,False,1,1,59,0.2143,0.0,0.0,0.0
dev,721,199,False,2,2,243,0.65115,0.0696,0.0085,0.3333
dev,722,199,False,1,1,22,0.5,0.0,0.0588,0.3333
dev,723,199,False,2,2,221,0.68605,0.0517,0.0171,0.6667
dev,2031,696,False,3,3,130,0.5102,0.3125,0.0,0.0
dev,2032,696,False,8,1,313,0.3316125,0.0849,0.0333,1.0
dev,1682,542,False,2,3,351,0.485,0.1092,0.0083,0.3333
dev,1683,542,False,10,2,797,0.48500000000000004,0.0749,0.0071,0.5
dev,1871,621,False,1,1,69,0.6415,0.0,0.0286,0.2
dev,2059,715,False,1,1,171,0.9138,0.0,0.0235,0.5
dev,1663,535,False,2,2,143,0.5112,0.1067,0.0,0.0
dev,153,45,False,0,0,0,,0.0,0.0,0.0
dev,154,45,False,1,1,94,0.6744,0.0,0.0417,0.4
dev,155,45,False,1,1,126,0.6047,0.0,0.0159,0.3333
dev,156,45,False,2,3,215,0.56975,0.1798,0.0323,0.4286
dev,1800,591,False,1,1,127,0.0678,0.0,0.0169,0.5
dev,1801,591,False,1,1,136,0.1186,0.0,0.029,0.6667
dev,556,152,False,3,3,219,0.6944333333333333,0.183,0.0312,0.3333
dev,557,152,False,2,2,190,0.9583,0.2745,0.0179,0.1667
dev,558,152,False,2,2,302,0.5208,0.1429,0.0,0.0
dev,559,152,False,1,1,13,0.5,0.0,0.0667,0.2
dev,1502,469,False,0,0,0,,0.0,0.0,0.0
dev,1503,469,False,1,1,71,0.9222,0.0,0.0513,0.6667
dev,1934,647,False,1,1,84,0.0328,0.0,0.0545,0.3333
dev,2027,695,False,1,1,9,0.5,0.0,0.4444,0.6667
dev,2028,695,False,1,1,37,0.5172,0.0,0.0909,1.0
dev,2029,695,False,1,1,211,0.6897,0.0,0.0103,0.25
dev,2030,695,False,1,1,125,0.3793,0.0,0.0333,0.6667
dev,2262,837,False,1,1,61,0.7407,0.0,0.0,0.0
dev,283,78,False,1,1,65,0.907,0.0,0.0571,0.6667
dev,284,78,False,1,1,44,0.4884,0.0,0.0323,0.5
dev,285,78,False,1,1,101,0.9535,0.0,0.037,0.6667
dev,1013,298,False,1,1,44,0.1579,0.0,0.0357,0.1667
dev,916,266,False,2,2,153,0.3235,0.0563,0.0,0.0
dev,917,266,False,1,1,143,0.3235,0.0,0.0294,0.4
dev,918,266,False,2,2,216,0.3235,0.0721,0.0536,0.8571
dev,919,266,False,1,1,98,0.1765,0.0,0.0755,0.6667
dev,920,266,False,1,1,65,0.1029,0.0,0.0323,0.3333
dev,1779,583,False,1,1,142,0.05,0.0,0.0375,0.6
dev,951,276,False,2,2,178,0.59555,0.0541,0.038,0.375
dev,398,105,False,2,2,427,0.29710000000000003,0.1279,0.0,0.0
dev,399,105,False,1,1,129,0.8406,0.0,0.0123,0.1111
dev,400,105,False,2,2,195,0.7463500000000001,0.093,0.011,0.1667
dev,401,105,False,6,5,555,0.41063333333333335,0.0236,0.004,0.2
dev,402,105,False,1,1,152,0.2754,0.0,0.0111,0.5
dev,403,105,False,2,2,427,0.29710000000000003,0.1279,0.0,0.0
dev,404,105,False,1,1,102,0.1884,0.0,0.0312,0.5
dev,405,105,False,1,1,102,0.1884,0.0,0.0317,0.6667
dev,406,105,False,1,1,102,0.1884,0.0,0.0156,0.3333
dev,631,173,False,2,2,26,0.64535,0.1176,0.0,0.0
dev,632,173,False,1,2,72,0.7442,0.0,0.0256,0.3333
dev,1459,454,False,0,0,0,,0.0,0.0,0.0
dev,1460,454,False,2,2,208,0.5625,0.1538,0.0217,0.6667
