split,question_id,paper_id,question,question_category,answer_count,primary_answer,answer_word_count,answer_char_count,query_word_count,query_char_count,query_content_words,query_ttr,wh_type,is_numerical,is_comparison,is_multipart
train,512,139,What evaluation metrics are used?,extractive,1,"the evaluation metrics include BLEU and ROUGE (1, 2, L) scores",11,62,5,33,3,1.0,what,False,False,False
train,513,139,What datasets did they use?,extractive,1,The E2E NLG challenge dataset ,5,30,5,27,2,1.0,what,False,False,False
train,745,207,How does this compare to traditional calibration methods like Platt Scaling?,free_form,1,No reliability diagrams are provided and no explicit comparison is made between confidence scores or methods.,16,109,11,76,7,1.0,how,False,True,False
train,746,207,What's the input representation of OpenIE tuples into the model?,free_form,1,word embeddings,2,15,11,64,5,0.9091,what,False,False,False
train,1633,521,What programming language is the tool written in?,extractive,1,JavaScript,1,10,8,49,4,1.0,what,False,False,False
train,1221,375,What kind of Youtube video transcripts did they use?,free_form,1,"youtube video transcripts on news covering different topics like technology, human rights, terrorism and politics",15,113,9,52,5,1.0,what,False,False,False
train,1222,375,Which SBD systems did they compare?,extractive,1,"Convolutional Neural Network , bidirectional Recurrent Neural Network model with attention mechanism",11,100,6,35,3,1.0,which,False,True,False
train,1223,375,What makes it a more reliable metric?,free_form,1,It takes into account the agreement between different systems,9,61,7,37,3,1.0,what,False,False,False
train,56,13,how is quality measured?,free_form,1,Accuracy and the macro-F1 (averaged F1 over positive and negative classes) are used as a measure of quality.,18,108,4,24,2,1.0,how,False,False,False
train,57,13,what sentiment sources do they compare with?,extractive,1,"manually created lexicon in Czech  , German  , French  , Macedonian  , and Spanish ",10,83,7,44,3,1.0,what,False,True,False
train,1643,525,What is the average length of the recordings?,free_form,1,40 minutes,2,10,8,45,3,0.875,what,False,False,False
train,1644,525,How big was the dataset presented?,extractive,1,321 videos,2,10,6,34,3,1.0,how,False,False,False
train,1645,525,What were their results?,free_form,1,Best model achieved F-score 74.7 on NALCS and F-score of 70.0 on LMS on test set,18,80,4,24,1,1.0,what,False,False,False
train,1811,596,Do they fine-tune the used word embeddings on their medical texts?,yes_no,1,No,1,2,11,66,6,1.0,boolean,False,False,False
train,1812,596,Which word embeddings do they use to represent medical visits?,extractive,1,"GloVe, concatenation of average embeddings calculated separately for the interview and for the medical examination",15,114,10,62,6,1.0,which,False,False,False
train,1813,596,Do they explore similarity of texts across different doctors?,yes_no,1,Yes,1,3,9,61,6,1.0,boolean,False,False,False
train,1814,596,Which clustering technique do they use on partients' visits texts?,extractive,1,"k-means, hierarchical clustering with Ward's method for merging clusters ",10,73,10,66,6,1.0,which,False,False,False
train,456,123,Do they train their own RE model?,yes_no,1,Yes,1,3,7,33,3,1.0,boolean,False,False,False
train,457,123,How big are the datasets?,free_form,1,"In-house dataset consists of  3716 documents 
ACE05 dataset consists of  1635 documents",12,87,5,25,2,1.0,how,False,False,False
train,458,123,What languages do they experiment on?,extractive,1,"English, German, Spanish, Italian, Japanese and Portuguese, English, Arabic and Chinese",11,87,6,37,2,1.0,what,False,False,False
train,459,123,What datasets are used?,extractive,1,"in-house dataset, ACE05 dataset",4,31,4,23,2,1.0,what,False,False,False
train,1427,441,Does the performance necessarily drop when more control is desired?,yes_no,1,Yes,1,3,10,67,5,1.0,boolean,False,False,False
train,1428,441,How is the model trained to do only content selection?,extractive,1,"target some heuristically extracted contents, treat INLINEFORM1 as a latent variable and co-train selector and generator by maximizing the marginal data likelihood, reinforcement learning to approximate the marginal likelihood, Variational Reinforce-Select (VRS) which applies variational inference  for variance reduction",39,322,10,54,4,1.0,how,False,False,False
train,2309,883,Does the latent dialogue state heklp their model?,yes_no,1,Yes,1,3,8,49,5,1.0,boolean,False,False,False
train,2310,883,Do the authors test on datasets other than bAbl?,yes_no,1,No,1,2,9,48,4,1.0,boolean,False,False,False
train,2311,883,What is the reward model for the reinforcement learning appraoch?,free_form,1,"reward 1 for successfully completing the task, with a discount by the number of turns, and reward 0 when fail",20,109,10,65,5,0.9,what,False,False,False
train,603,166,Do they propose any further additions that could be made to improve generalisation to unseen speakers?,yes_no,1,Yes,1,3,16,102,7,0.9375,boolean,False,False,False
train,604,166,What are the characteristics of the dataset?,extractive,1,"synchronized acoustic and ultrasound data from 58 typically developing children, aged 5-12 years old (31 female, 27 male), data was aligned at the phone-level, 121fps with a 135 field of view, single ultrasound frame consists of 412 echo returns from each of the 63 scan lines (63x412 raw frames)",49,296,7,44,2,0.8571,what,False,False,False
train,605,166,What type of models are used for classification?,extractive,1,"feedforward neural networks (DNNs), convolutional neural networks (CNNs)",8,72,8,48,4,1.0,what,False,False,False
train,606,166,Do they compare to previous work?,yes_no,1,No,1,2,6,33,3,1.0,boolean,False,True,False
train,607,166,How many instances does their dataset have?,extractive,1,10700,1,5,7,43,3,1.0,how_many,False,False,False
train,608,166,What model do they use to classify phonetic segments?,extractive,1,"feedforward neural networks, convolutional neural networks",6,58,9,53,5,1.0,what,False,False,False
train,609,166,How many speakers do they have in the dataset?,extractive,1,58,1,2,9,46,3,1.0,how_many,False,False,False
train,204,58,Where do they employ feature-wise sigmoid gating?,extractive,1,gating mechanism acts upon each dimension of the word and character-level vectors,12,81,7,49,4,1.0,where,False,False,False
train,205,58,Which model architecture do they use to obtain representations?,extractive,1,BiLSTM with max pooling,4,23,9,63,5,1.0,which,False,False,False
train,206,58,Which downstream sentence-level tasks do they evaluate on?,extractive,1," , ",0,3,8,58,4,1.0,which,False,False,False
train,207,58,Which similarity datasets do they use?,extractive,1,"MEN, MTurk287, MTurk771, RG, RW, SimLex999, SimVerb3500, WS353, WS353R, WS353S",10,78,6,38,3,1.0,which,False,False,False
train,2216,807,What meta-information is being transferred?,free_form,1,"high-order representation of a relation, loss gradient of relation meta",10,71,5,43,2,1.0,what,False,False,False
train,2217,807,What datasets are used to evaluate the approach?,free_form,1,"NELL-One, Wiki-One",2,18,8,48,4,1.0,what,False,False,False
train,740,205,Does API provide ability to connect to models written in some other deep learning framework?,yes_no,1,Yes,1,3,15,92,9,0.9333,boolean,False,False,False
train,741,205,Is this library implemented into Torch or is framework agnostic?,free_form,1,It uses deep learning framework (pytorch),6,41,10,64,5,0.9,boolean,False,False,True
train,742,205,What baselines are used in experiments?,extractive,1,"Typical implementations of dynamic programming algorithms are serial in the length of the sequence, Computational complexity is even more of an issue for parsing algorithms, which cannot be as easily parallelized, Unfortunately for other semirings, such as log and max, these operations are either slow or very memory inefficient",49,329,6,39,3,1.0,what,False,False,False
train,743,205,What general-purpose optimizations are included?,extractive,1,"Parallel Scan Inference, Vectorized Parsing, Semiring Matrix Operations",8,71,5,48,3,1.0,what,False,False,False
train,1255,386,Which major geographical regions are studied?,free_form,1,"Northeast U.S, South U.S., West U.S. and Midwest U.S.",13,53,6,45,4,1.0,which,False,False,False
train,1256,386,How strong is the correlation between the prevalence of the #MeToo movement and official reports [of sexual harassment]?,free_form,1,0.9098 correlation,3,18,18,120,9,0.8333,how,False,False,True
train,1257,386,How are the topics embedded in the #MeToo tweets extracted?,free_form,1,Using Latent Dirichlet Allocation on TF-IDF transformed from the corpus,10,71,10,59,5,0.9,how,False,False,False
train,1258,386,How many tweets are explored in this paper?,extractive,1,"60,000",2,6,8,43,4,1.0,how_many,False,False,False
train,1259,386,Which geographical regions correlate to the trend?,free_form,1,"Northeast U.S., West U.S. and South U.S.",10,40,7,50,4,1.0,which,False,False,False
train,1260,386,How many followers did they analyze?,extractive,1,"51,104",2,6,6,36,3,1.0,how_many,False,False,False
train,1094,328,What metrics are used to measure performance of models?,extractive,1,"BPRA, APRA, BLEU",3,16,9,55,5,1.0,what,False,False,False
train,1095,328,How much is proposed model better than baselines in performed experiments?,free_form,1,"most of the models have similar performance on BPRA: DSTC2 (+0.0015), Maluuba (+0.0729)
GDP achieves the best performance in APRA: DSTC2 (+0.2893), Maluuba (+0.2896)
GDP significantly outperforms the baselines on BLEU: DSTC2 (+0.0791), Maluuba (+0.0492)",41,253,11,74,7,1.0,how_many,False,True,False
train,1096,328,What are state-of-the-art baselines?,extractive,1,"E2ECM, CDM",2,10,4,36,2,1.0,what,False,False,False
train,1097,328,What two benchmark datasets are used?,extractive,1,"DSTC2, Maluuba",2,14,6,37,4,1.0,what,True,False,False
train,1940,652,By how much does their method outperform the multi-head attention model?,free_form,1,Their average improvement in Character Error Rate over the best MHA model was 0.33 percent points.,17,98,11,72,6,1.0,how,False,True,False
train,1941,652,How large is the corpus they use?,free_form,1,449050,1,6,7,33,3,1.0,how,False,False,False
train,1942,652,Does each attention head in the decoder calculate the same output?,yes_no,1,No,1,2,11,66,5,0.9091,boolean,False,False,False
train,2115,742,"How are the clusters related to security, violence and crime identified?",yes_no,1,Yes,1,3,11,72,6,1.0,how,False,False,True
train,2060,716,How did they gather the data?,extractive,1,"simulation-based dialogue generation, where the user and system roles are simulated to generate a complete conversation flow, which can then be converted to natural language using crowd workers",28,193,6,29,2,1.0,how,False,False,False
train,2061,716,What are the domains covered in the dataset?,free_form,1,"Alarm
Bank
Bus
Calendar
Event
Flight
Home
Hotel
Media
Movie
Music
RentalCar
Restaurant
RideShare
Service
Travel
Weather",17,119,8,44,3,0.875,what,False,False,False
train,2016,688,How do they incorporate human advice?,free_form,1,by converting human advice to first-order logic format and use as an input to calculate gradient,16,96,6,37,3,1.0,how,False,False,False
train,2017,688,What do they learn jointly?,extractive,1,relations,1,9,5,27,2,1.0,what,False,False,False
train,2182,787,How big PIE datasets are obtained from dictionaries?,extractive,1,46 documents makes up our base corpus,7,37,8,52,5,1.0,how,False,False,False
train,2183,787,What compleentary PIE extraction methods are used to increase reliability further?,extractive,1,"exact string matching, inflectional string matching",6,51,11,82,7,1.0,what,False,False,False
train,2184,787,Are PIEs extracted automatically subjected to human evaluation?,yes_no,1,Yes,1,3,8,63,6,1.0,boolean,False,False,False
train,2185,787,What dictionaries are used for automatic extraction of PIEs?,extractive,1,"Wiktionary, Oxford Dictionary of English Idioms, UsingEnglish.com (UE), Sporleder corpus, VNC dataset, SemEval-2013 Task 5 dataset",17,130,9,60,5,1.0,what,False,False,False
train,163,48,What is the previous work's model?,extractive,1,Ternary Trans-CNN,2,17,7,34,3,1.0,what,False,False,False
train,164,48,What dataset is used?,extractive,1,"HEOT , A labelled dataset for a corresponding english tweets",9,60,4,21,2,1.0,what,False,False,False
train,165,48,How big is the dataset?,extractive,1,3189 rows of text messages,5,26,5,23,2,1.0,how,False,False,False
train,166,48,How is the dataset collected?,extractive,1,"A labelled dataset for a corresponding english tweets were also obtained from a study conducted by Davidson et al, HEOT obtained from one of the past studies done by Mathur et al",32,178,5,29,2,1.0,how,False,False,False
train,167,48,Was each text augmentation technique experimented individually?,yes_no,1,No,1,2,7,63,5,1.0,boolean,False,False,False
train,168,48,What models do previous work use?,extractive,1,"Ternary Trans-CNN , Hybrid multi-channel CNN and LSTM",7,53,6,33,4,1.0,what,False,False,False
train,169,48,Does the dataset contain content from various social media platforms?,yes_no,1,No,1,2,10,69,7,1.0,boolean,False,False,False
train,170,48,What dataset is used?,extractive,1,"HEOT , A labelled dataset for a corresponding english tweets",9,60,4,21,2,1.0,what,False,False,False
train,473,127,How is morphology knowledge implemented in the method?,free_form,1,A BPE model is applied to the stem after morpheme segmentation.,11,63,8,54,4,1.0,how,False,False,False
train,474,127,How does the word segmentation method work?,extractive,1,"morpheme segmentation  and Byte Pair Encoding (BPE) , Zemberek, ",8,64,7,43,4,1.0,how,False,False,False
train,475,127,Is the word segmentation method independently evaluated?,yes_no,1,No,1,2,7,56,5,1.0,boolean,False,False,False
train,1930,646,What is the challenge for other language except English,free_form,1,not researched as much as English,6,33,9,55,4,1.0,what,False,False,False
train,1931,646,How many categories of offensive language were there?,free_form,1,3,1,1,8,53,4,1.0,how_many,False,False,False
train,1932,646,How large was the dataset of Danish comments?,extractive,1,3600 user-generated comments,3,28,8,45,4,1.0,how,False,False,False
train,1933,646,Who were the annotators?,extractive,1,the author and the supervisor,5,29,4,24,1,1.0,who,False,False,False
train,2096,732,What are the tasks that this method has shown improvements?,free_form,1,"bilingual dictionary induction, monolingual and cross-lingual word similarity, and cross-lingual hypernym discovery",12,115,10,59,4,1.0,what,False,False,False
train,2097,732,Why does the model improve in monolingual spaces as well?,free_form,1,because word pair similarity increases if the two words translate to similar parts of the cross-lingual embedding space,18,119,10,57,5,1.0,why,False,False,False
train,2285,858,How much is the gap between using the proposed objective and using only cross-entropy objective?,free_form,1,The mixed objective improves EM by 2.5% and F1 by 2.2%,13,54,15,96,8,0.8,how_many,False,False,True
train,1772,580,Why is this work different from text-only UNMT?,extractive,1,"the image can play the role of a pivot “language"" to bridge the two languages without paralleled corpus",18,103,8,47,4,1.0,why,False,False,False
train,1816,598,What other non-neural baselines do the authors compare to?,free_form,1,"bag of words, tf-idf, bag-of-means",5,34,9,58,4,1.0,what,False,True,False
train,1454,453,What multilingual word representations are used?,extractive,1,a multilingual word representation which aims to learn a linear mapping from a source to a target embedding space,19,113,6,48,4,1.0,what,False,False,False
train,1455,453,Do the authors identify any cultural differences in irony use?,yes_no,1,No,1,2,10,62,6,1.0,boolean,False,True,False
train,1456,453,What neural architectures are used?,extractive,1,Convolutional Neural Network (CNN),4,34,5,35,3,1.0,what,False,False,False
train,1457,453,What text-based features are used?,extractive,1,"language-independent (e.g., punctuation marks, positive and negative emoticons, quotations, personal pronouns, tweet's length, named entities), language-dependent relying on dedicated lexicons (e.g., negation, opinion lexicons, opposition words)",29,245,5,34,3,1.0,what,False,False,False
train,1458,453,What monolingual word representations are used?,free_form,1,"AraVec for Arabic, FastText for French, and Word2vec Google News for English.",12,77,6,47,4,1.0,what,False,False,False
train,1199,366,How much better does this baseline neural model do?,free_form,1,"The model outperforms at every point in the
implicit-tuples PR curve reaching almost 0.8 in recall",17,98,9,51,5,1.0,how_many,False,True,False
train,1966,666,what metrics were used for evaluation?,extractive,1,METEOR,1,6,6,38,3,1.0,what,False,False,False
train,1967,666,what are the state of the art methods?,free_form,1,"S2VT, RGB (VGG), RGB (VGG)+Flow (AlexNet), LSTM-E (VGG), LSTM-E (C3D) and Yao et al.",15,84,8,38,3,0.875,what,False,False,False
train,1184,360,What different properties of the posterior distribution are explored in the paper?,extractive,1,"interdependence between rate and distortion, impact of KL on the sharpness of the approximated posteriors, demonstrate how certain generative behaviours could be imposed on VAEs via a range of maximum channel capacities, some experiments to find if any form of syntactic information is encoded in the latent space",48,313,12,82,6,0.9167,what,False,False,False
train,1185,360,Why does proposed term help to avoid posterior collapse?,extractive,1,by setting a non-zero positive constraint ($C\ge 0$) on the KL term ($|D_{KL}\big (q_\phi ({z}|{x}) || p({z})\big )-C|$),24,120,9,56,6,1.0,why,False,False,False
train,1186,360,How does explicit constraint on the KL divergence term that authors propose looks like?,free_form,1,"Answer with content missing: (Formula 2) Formula 2 is an answer: 
\big \langle\! \log p_\theta({x}|{z}) \big \rangle_{q_\phi({z}|{x})}  -  \beta |D_{KL}\big(q_\phi({z}|{x}) || p({z})\big)-C|",36,190,14,87,9,1.0,how,False,False,False
train,1700,548,What is the agreement score of their annotated dataset?,extractive,1,"Relevance and Subject categorizations are annotated at a percent agreement of $0.71$ and $0.70$, their agreement scores are only fair, at $\alpha =0.27$ and $\alpha =0.29$, Stance and Sentiment, which carry more categories than the former two, is $0.54$ for both. Their agreement scores are also fair, at $\alpha =0.35$ and $\alpha =0.34$, This holds for the Relevant category ($0.81$), the Vaccine category ($0.79$) and the Positive category ($0.64$), The Negative category yields a mutual F-score of $0.42$, which is higher than the more frequently annotated categories Neutral ($0.23$) and Not clear ($0.31$).",106,612,9,55,4,1.0,what,False,False,False
train,1701,548,What is the size of the labelled dataset?,extractive,1,"27,534 messages",3,15,8,41,3,0.875,what,False,False,False
train,1702,548,Which features do they use to model Twitter messages?,extractive,1,"word unigrams, bigrams, and trigrams",5,36,9,53,5,1.0,which,False,False,False
train,1703,548,Do they allow for messages with vaccination-related key terms to be of neutral stance?,yes_no,1,Yes,1,3,14,86,7,1.0,boolean,False,False,False
train,139,41,What models other than standalone BERT is new model compared to?,free_form,1,Only Bert base and Bert large are compared to proposed approach.,11,64,11,64,6,1.0,what,False,True,False
train,140,41,How much is representaton improved for rare/medum frequency words compared to standalone BERT and previous work?,extractive,1,improving the score for WNLaMPro-medium by 50% compared to BERT$_\text{base}$ and 31% compared to Attentive Mimicking,19,117,17,112,12,1.0,how_many,False,True,True
train,141,41,What are three downstream task datasets?,extractive,1,"MNLI , AG's News , DBPedia ",5,27,6,40,4,1.0,what,True,False,False
train,142,41,What is dataset for word probing task?,extractive,1,WNLaMPro dataset,2,16,7,38,4,1.0,what,False,False,False
train,2103,736,How did they measure effectiveness?,extractive,1,number of dialogs that resulted in launching a skill divided by total number of dialogs,15,87,5,35,2,1.0,how,False,False,False
train,2063,718,How are the two different models trained?,free_form,1,They pre-train the models using 600000 articles as an unsupervised dataset and then fine-tune the models on small training set.,20,127,7,41,4,1.0,how,True,False,False
train,2064,718,How long is the dataset?,free_form,1,"645, 600000",2,11,5,24,2,1.0,how,False,False,False
train,45,10,Did they experiment on this dataset?,yes_no,1,No,1,2,6,36,2,1.0,boolean,False,False,False
train,46,10,How is quality of the citation measured?,extractive,1,"it is necessary to evaluate the performance of the above mentioned part of the pipeline before proceeding further. The evaluation of the performance is summarised in Table TABREF11. It shows that organising the two models into the pipeline boosted the performance of the reference recognition model, leading to a higher F1 measure in the initial recognition of the text spans and their classification.",63,401,7,40,3,1.0,how,False,False,False
train,47,10,How big is the dataset?,free_form,1,903019 references,2,17,5,23,2,1.0,how,False,False,False
train,2124,747,How were their results compared to state-of-the-art?,extractive,1,transformer model achieves higher BLEU score than both Attention encoder-decoder and sequence-sequence model,13,108,7,52,3,1.0,how,False,True,False
train,956,280,What QA models were used?,free_form,1,"A pointer network decodes the answer from a bidirectional LSTM with attention flow layer and self-matching layer, whose inputs come from word and character embeddings of the query and input text fed through a highway layer.",36,223,5,25,3,1.0,what,False,False,False
train,957,280,Can this approach model n-ary relations?,yes_no,1,No,1,2,6,40,5,1.0,boolean,False,False,False
train,958,280,Was this benchmark automatically created from an existing dataset?,yes_no,1,No,1,2,9,66,5,1.0,boolean,False,False,False
train,1341,412,What classical machine learning algorithms are used?,extractive,1,"Support Vector Machine (SVM), Logistic regression (Log.Reg), Random Forest (RF), gradient boosting (XGB)",14,104,7,52,5,1.0,what,False,False,False
train,1342,412,What are the different methods used for different corpora?,extractive,1,"Support Vector Machine (SVM), Logistic regression (Log.Reg), Random Forest (RF) and gradient boosting (XGB)",15,107,9,58,5,0.8889,what,False,False,False
train,1343,412,In which domains is sarcasm conveyed in different ways?,extractive,1,Amazon reviews,2,14,9,55,5,0.8889,which,False,False,False
train,223,63,How is the accuracy of the system measured?,extractive,1,"F1 score of 0.71 for this task without any specific training, simply by choosing a threshold below which all sentence pairs are considered duplicates, distances between duplicate and non-duplicate questions using different embedding systems",35,240,8,43,3,0.875,how,False,False,False
train,224,63,How is an incoming claim used to retrieve similar factchecked claims?,extractive,1,text clustering on the embeddings of texts,7,42,11,69,7,1.0,how,False,False,False
train,225,63,What existing corpus is used for comparison in these experiments?,extractive,1,Quora duplicate question dataset ,4,33,10,65,5,1.0,what,False,True,False
train,2277,849,What state-of-the-art general-purpose pretrained models are made available under the unified API?,extractive,1,"BERT, RoBERTa, DistilBERT, GPT, GPT2, Transformer-XL, XLNet, XLM",8,64,12,97,8,1.0,what,False,False,False
train,2076,724,What was the best performing baseline?,extractive,1,Lead-3,1,6,6,38,3,1.0,what,False,True,False
train,2077,724,Which approaches did they use?,extractive,1,"SumBasic, Lsa, LexRank, TextRank, Bayes, Hmm, MaxEnt, NeuralSum, Lead-N",9,71,5,30,2,1.0,which,False,False,False
train,2078,724,What is the size of the dataset?,extractive,1,20K,1,3,7,32,2,0.8571,what,False,False,False
train,2079,724,Did they use a crowdsourcing platform for the summaries?,yes_no,1,No,1,2,9,56,4,1.0,boolean,False,False,False
train,1564,493,What datasets are experimented with?,extractive,1,"the CMU ARCTIC database , the M-AILABS speech dataset ",8,54,5,36,2,1.0,what,False,False,False
train,1565,493,What is the baseline model?,free_form,1,a RNN-based seq2seq VC model called ATTS2S based on the Tacotron model,12,70,5,27,2,1.0,what,False,True,False
train,1014,299,How much improvement is gained from the proposed approaches?,free_form,1,It eliminates non-termination in some models fixing for some models up to 6% of non-termination ratio.,16,102,9,60,5,1.0,how_many,False,False,False
train,1015,299,Is infinite-length sequence generation a result of training with maximum likelihood?,free_form,1,There are is a strong conjecture that it might be the reason but it is not proven.,17,82,11,84,7,1.0,boolean,False,False,False
train,2226,812,Did they experiment on the proposed task?,yes_no,1,No,1,2,7,41,3,1.0,boolean,False,False,False
train,2227,812,Is annotation done manually?,yes_no,1,Yes,1,3,4,28,3,1.0,boolean,False,False,False
train,2228,812,How large is the proposed dataset?,extractive,1,"we obtain 52,053 dialogues and 460,358 utterances",9,49,6,34,3,1.0,how,False,False,False
train,2175,780,Do they compare executionttime of their model against other models?,yes_no,1,No,1,2,10,67,4,1.0,boolean,False,True,False
train,1906,635,What datasets was the method evaluated on?,extractive,1,"WMT18 EnDe bitext, WMT16 EnRo bitext, WMT15 EnFr bitext, We perform our experiments on WMT18 EnDe bitext, WMT16 EnRo bitext, and WMT15 EnFr bitext respectively. We use WMT Newscrawl for monolingual data (2007-2017 for De, 2016 for Ro, 2007-2013 for En, and 2007-2014 for Fr). For bitext, we filter out empty sentences and sentences longer than 250 subwords. We remove pairs whose whitespace-tokenized length ratio is greater than 2. This results in about 5.0M pairs for EnDe, and 0.6M pairs for EnRo. We do not filter the EnFr bitext, resulting in 41M sentence pairs.",96,567,7,42,3,1.0,what,False,False,False
train,898,260,"For the purposes of this paper, how is something determined to be domain specific knowledge?",free_form,1,reviews under distinct product categories are considered specific domain knowledge,10,82,15,92,7,1.0,other,False,False,False
train,899,260,Does the fact that GCNs can perform well on this tell us that the task is simpler than previously thought?,yes_no,1,No,1,2,20,106,11,0.9,boolean,False,False,False
train,900,260,Are there conceptual benefits to using GCNs over more complex architectures like attention?,yes_no,1,Yes,1,3,13,91,8,1.0,boolean,False,False,False
train,333,90,What are the state of the art measures?,extractive,1,"Randomwalk, Walktrap, Louvain clustering",4,40,8,39,3,0.875,what,False,False,False
train,334,90,What controversial topics are experimented with?,extractive,1,"political events such as elections, corruption cases or justice decisions",10,73,6,48,3,1.0,what,False,False,False
train,335,90,What datasets did they use?,extractive,1,", , , discussions in four different languages: English, Portuguese, Spanish and French, occurring in five regions over the world: South and North America, Western Europe, Central and Southern Asia.",27,197,5,27,2,1.0,what,False,False,False
train,336,90,What social media platform is observed?,extractive,1,Twitter,1,7,6,39,4,1.0,what,False,False,False
train,337,90,How many languages do they experiment with?,extractive,1,"four different languages: English, Portuguese, Spanish and French",8,65,7,43,3,1.0,how_many,False,False,False
train,2166,775,What limitations are mentioned?,free_form,1,"deciding publisher partisanship, risk annotator bias because of short description text provided to annotators",14,109,4,31,2,1.0,what,False,False,False
train,2167,775,What examples of applications are mentioned?,extractive,1,partisan news detector,3,22,6,44,3,1.0,what,False,False,False
train,2168,775,Did they crowdsource the annotations?,yes_no,1,Yes,1,3,5,37,2,1.0,boolean,False,False,False
train,857,245,What empricial investigations do they reference?,extractive,1,empirically test to what extent changes in the evaluation design affect the outcome of the human evaluation,17,107,6,48,3,1.0,what,False,False,False
train,858,245,What languages do they investigate for machine translation?,extractive,1,"English , Chinese",2,17,8,59,4,1.0,what,False,False,False
train,859,245,What recommendations do they offer?,extractive,1,"Choose professional translators as raters, Evaluate documents, not sentences, Evaluate fluency in addition to adequacy, Do not heavily edit reference translations for fluency, Use original source texts",27,201,5,35,2,1.0,what,False,False,False
train,860,245,What percentage fewer errors did professional translations make?,free_form,1,36%,1,3,8,64,6,1.0,what,False,False,False
train,861,245,What was the weakness in Hassan et al's evaluation design?,free_form,1,"MT developers to which crowd workers were compared are usually not professional translators, evaluation of sentences in isolation prevents raters from detecting translation errors, used not originally written Chinese test set
",31,226,11,58,6,1.0,what,False,False,False
train,701,192,What was the previous state of the art model for this task?,extractive,1,"WAS, LipCH-Net-seq, CSSMCM-w/o video",5,36,12,59,5,0.9167,what,False,False,False
train,702,192,What syntactic structure is used to model tones?,extractive,1,syllables,1,9,8,48,5,1.0,what,False,False,False
train,703,192,What visual information characterizes tones?,extractive,1,video sequence is first fed into the VGG model  to extract visual feature,13,73,5,44,4,1.0,what,False,False,False
train,690,190,What problems are found with the evaluation scheme?,extractive,1,no gold standard for automatically evaluating two (or more) dialogue systems when considering the satisfaction of the human and the fluency of the generated dialogue,25,165,8,51,4,1.0,what,False,False,False
train,691,190,How many intents were classified?,extractive,1,two,1,3,5,33,3,1.0,how_many,False,False,False
train,692,190,What was the result of the highest performing system?,free_form,1,"For task 1 best F1 score was 0.9391 on closed and 0.9414 on open test.
For task2 best result had: Ratio 0.3175 , Satisfaction 64.53, Fluency 0, Turns -1 and Guide 2",35,164,9,53,4,0.8889,what,False,False,False
train,693,190,What metrics are used in the evaluation?,extractive,1,"For task 1, we use F1-score, Task completion ratio, User satisfaction degree, Response fluency, Number of dialogue turns, Guidance ability for out of scope input",25,161,7,40,3,1.0,what,False,False,False
train,1424,440,How do previous methods perform on the Switchboard Dialogue Act and DailyDialog datasets?,extractive,1,"Table TABREF20 , Table TABREF22, Table TABREF23",6,47,13,89,8,1.0,how,False,False,True
train,1425,440,What previous methods is the proposed method compared against?,free_form,1,"BLSTM+Attention+BLSTM
Hierarchical BLSTM-CRF
CRF-ASN
Hierarchical CNN (window 4)
mLSTM-RNN
DRLM-Conditional
LSTM-Softmax
RCNN
CNN
CRF
LSTM
BERT",18,143,9,62,5,1.0,what,False,True,False
train,1426,440,What is dialogue act recognition?,extractive,1,DA recognition is aimed to assign a label to each utterance in a conversation. It can be formulated as a supervised classification problem.,23,139,5,33,3,1.0,what,False,False,False
train,1055,314,Which competitive relational classification models do they test?,free_form,1,For relation prediction they test TransE and for relation extraction they test position aware neural sequence model,17,115,8,64,5,1.0,which,False,False,False
train,1056,314,Which tasks do they apply their method to?,extractive,1,"relation prediction, relation extraction, Open IE",6,49,8,42,3,1.0,which,False,False,False
train,1057,314,Which knowledge bases do they use?,extractive,1,"Wikidata, ReVerb, FB15K, TACRED",4,31,6,34,3,1.0,which,False,False,False
train,1058,314,How do they gather human judgements for similarity between relations?,free_form,1,By assessing similarity of 360 pairs of relations from a subset of Wikidata using an integer similarity score from 0 to 4,22,121,10,69,5,1.0,how,False,False,False
train,1059,314,Which sampling method do they use to approximate similarity between the conditional probability distributions over entity pairs?,extractive,1,"monte-carlo, sequential sampling",3,32,17,128,10,1.0,which,False,False,False
train,190,55,What benchmark datasets are used for the link prediction task?,extractive,1,"WN18RR, FB15k-237, YAGO3-10",3,27,10,62,6,1.0,what,False,False,False
train,191,55,What are state-of-the art models for this task?,extractive,1,"TransE, DistMult, ComplEx, ConvE, RotatE",5,40,8,47,4,1.0,what,False,False,False
train,192,55,How better does HAKE model peform than state-of-the-art methods?,extractive,1,"0.021 higher MRR, a 2.4% higher H@1, and a 2.4% higher H@3 against RotatE, respectively, doesn't outperform the previous state-of-the-art as much as that of WN18RR and YAGO3-10, HAKE gains a 0.050 higher MRR, 6.0% higher H@1 and 4.6% higher H@3 than RotatE, respectively",55,270,9,64,6,1.0,how,False,True,False
train,193,55,How are entities mapped onto polar coordinate system?,extractive,1,"radial coordinate and the angular coordinates correspond to the modulus part and the phase part, respectively",16,109,8,53,6,1.0,how,False,False,False
train,1098,329,Do they compare to other models appart from HAN?,yes_no,1,No,1,2,9,48,4,1.0,boolean,False,True,False
train,1099,329,What are the datasets used,extractive,1,large-scale document classification datasets introduced by ,6,59,5,26,2,1.0,what,False,False,False
train,149,44,What are the main sources of recall errors in the mapping?,extractive,1,"irremediable annotation discrepancies, differences in choice of attributes to annotate, The resources themselves would need updating to encode the relevant morphosyntactic information. Some languages had a very low number of overlapping forms, and no tag matches or near-matches between them, the two annotations encode distinct information, incorrectly applied UniMorph annotation, cross-lingual inconsistency in both resources",55,428,11,58,5,0.9091,what,False,False,False
train,150,44,Do they look for inconsistencies between different languages' annotations in UniMorph?,yes_no,1,Yes,1,3,11,86,6,1.0,boolean,False,False,False
train,151,44,Do they look for inconsistencies between different UD treebanks?,yes_no,1,Yes,1,3,9,64,5,1.0,boolean,False,False,False
train,152,44,Which languages do they validate on?,free_form,1,"Ar, Bg, Ca, Cs, Da, De, En, Es, Eu, Fa, Fi, Fr, Ga, He, Hi, Hu, It, La, Lt, Lv, Nb, Nl, Nn, PL, Pt, Ro, Ru, Sl, Sv, Tr, Uk, Ur",32,126,6,36,2,1.0,which,False,False,False
train,1591,507,Are recurrent neural networks trained on perturbed data?,yes_no,1,No,1,2,8,56,6,1.0,boolean,False,False,False
train,1592,507,How does their perturbation algorihm work?,extractive,1,same sentences after applying character level perturbations,7,59,6,42,3,1.0,how,False,False,False
train,560,153,Do they report results only on English data?,yes_no,1,Yes,1,3,8,44,4,1.0,boolean,False,False,False
train,561,153,Which publicly available datasets are used?,extractive,1,", , ",0,4,6,43,4,1.0,which,False,False,False
train,562,153,What embedding algorithm and dimension size are used?,extractive,1,300 Dimensional Glove,3,21,8,53,5,1.0,what,False,False,True
train,563,153,What data are the embeddings trained on?,extractive,1,Common Crawl,2,12,7,40,3,1.0,what,False,False,False
train,564,153,how much was the parameter difference between their model and previous methods?,extractive,1,"our model requires 100k parameters , while  requires 250k parameters",9,68,12,79,6,1.0,how_many,False,True,True
train,565,153,how many parameters did their model use?,extractive,1,"Excluding the embedding weights, our model requires 100k parameters",9,67,7,40,4,1.0,how_many,False,False,False
train,566,153,which datasets were used?,extractive,1,"Sexist/Racist (SR) data set, HATE dataset, HAR",8,46,4,25,2,1.0,which,False,False,False
train,567,153,what was their system's f1 performance?,free_form,1,"Proposed model achieves 0.86, 0.924, 0.71 F1 score on SR, HATE, HAR datasets respectively.",17,90,7,39,3,1.0,what,False,False,False
train,568,153,what was the baseline?,extractive,1,logistic regression,2,19,4,22,1,1.0,what,False,True,False
train,2021,690,What are the evaluation metrics used?,extractive,1,"average accuracy over each single-language model (Avg), and accuracy obtained when training on the concatenation of all languages but the target one (All)",23,154,6,37,3,1.0,what,False,False,False
train,881,253,What is shared in the joint model?,extractive,1,jointly trained with slots,4,26,7,34,3,1.0,what,False,False,False
train,882,253,Are the intent labels imbalanced in the dataset?,yes_no,1,Yes,1,3,8,48,4,0.875,boolean,False,False,False
train,1181,358,Which datasets do they evaluate on?,extractive,1,"PDP-60, WSC-273",2,15,6,35,2,1.0,which,False,False,False
train,1182,358,How does their model differ from BERT?,free_form,1,Their model does not differ from BERT.,7,38,7,38,3,1.0,how,False,True,False
train,2176,781,What architectural factors were investigated?,extractive,1,"type of recurrent unit, type of attention, choice of sequential vs. tree-based model structure",14,94,5,45,3,1.0,what,False,False,False
train,664,182,Do they report results only on English data?,yes_no,1,Yes,1,3,8,44,4,1.0,boolean,False,False,False
train,665,182,Do the authors mention any confounds to their study?,yes_no,1,No,1,2,9,52,4,1.0,boolean,False,False,False
train,666,182,Which machine learning models are used?,extractive,1,"RNNs, CNNs, Naive Bayes with Laplace Smoothing, k-clustering, SVM with linear kernel",12,84,6,39,4,1.0,which,False,False,False
train,667,182,What methodology is used to compensate for limited labelled data?,free_form,1,Influential tweeters ( who they define as individuals certain to have a classifiable sentiment regarding the topic at hand) is used to label tweets in bulk in the absence of manually-labeled tweets.,31,198,10,65,6,1.0,what,False,False,False
train,668,182,Which five natural disasters were examined?,extractive,1,"the East Coast Bomb Cyclone, the Mendocino, California wildfires, Hurricane Florence, Hurricane Michael, the California Camp Fires",17,130,6,43,4,1.0,which,True,False,False
train,2291,865,By how much does their method outperform state-of-the-art OOD detection?,free_form,1,"AE-HCN outperforms by 17%, AE-HCN-CNN outperforms by 20% on average",10,67,10,72,6,1.0,how,False,True,False
train,1391,427,Are datasets publicly available?,yes_no,1,Yes,1,3,4,32,3,1.0,boolean,False,False,False
train,1392,427,Are this models usually semi/supervised or unsupervised?,free_form,1,"Both supervised and unsupervised, depending on the task that needs to be solved.",13,80,8,56,5,1.0,boolean,False,False,True
train,1393,427,Is there any concrete example in the paper that shows that this approach had huge impact on drug discovery?,yes_no,1,Yes,1,3,19,107,9,0.9474,boolean,False,False,False
train,2246,827,Do they consider other tasks?,yes_no,1,No,1,2,5,29,2,1.0,boolean,False,False,False
train,1758,573,How are EAC evaluated?,free_form,1,"Qualitatively through efficiency, effectiveness and satisfaction aspects and quantitatively through metrics such as precision, recall, accuracy, BLEU score and even human judgement.",22,181,4,22,2,1.0,how,False,False,False
train,1759,573,What are the currently available datasets for EAC?,extractive,1,"EMPATHETICDIALOGUES dataset, a dataset containing 1.5 million Twitter conversation, gathered by using Twitter API from customer care account of 62 brands across several industries, SEMAINE corpus ",27,196,8,50,4,1.0,what,False,False,False
train,1760,573,What are the research questions posed in the paper regarding EAC studies?,extractive,1,"how to incorporate affective information into chatbots, what are resources that available and can be used to build EAC, and how to evaluate EAC performance",25,155,12,73,7,0.9167,what,False,False,False
train,1164,353,Do they report results only on English data?,yes_no,1,Yes,1,3,8,44,4,1.0,boolean,False,False,False
train,1165,353,What is the Moral Choice Machine?,extractive,1,Moral Choice Machine computes the cosine similarity in a sentence embedding space of an arbitrary action embedded in question/answer pairs,21,138,6,33,3,1.0,what,False,False,False
train,1166,353,How is moral bias measured?,free_form,1,"Answer with content missing: (formula 1) bias(q, a, b) = cos(a, q) − cos(b, q)
Bias is calculated as substraction of cosine similarities of question and some answer for two opposite answers.",33,190,5,27,3,1.0,how,False,False,False
train,1167,353,How do the authors define deontological ethical reasoning?,extractive,1,"These ask which choices are morally required, forbidden, or permitted, norms are understood as universal rules of what to do and what not to do",25,143,8,58,5,1.0,how,False,False,False
train,1860,617,How does their model utilize contextual information for each work in the given sentence in a multi-task setting? setting?,extractive,1,we use the context of the word to predict its label and by doing so our model learns label-aware context for each word in the sentence,26,134,19,121,10,0.8947,how,False,False,False
train,1861,617,What metris are used for evaluation?,extractive,1,micro-averaged F1 score,3,23,6,36,3,1.0,what,False,False,False
train,1862,617,How better is proposed model compared to baselines?,extractive,1,"improves the F1 score by almost 2%, which corresponds to a 12.3% error rate reduction",16,85,8,51,5,1.0,how,False,True,False
train,1863,617,What are the baselines?,extractive,1,"Adobe internal NLU tool, Pytext, Rasa",6,37,4,23,1,1.0,what,False,False,False
train,1864,617,How big is slot filing dataset?,free_form,1,"Dataset has 1737 train, 497 dev and 559 test sentences.",10,55,6,31,4,1.0,how,False,False,False
train,1556,490,Does Grail accept Prolog inputs?,yes_no,1,No,1,2,5,32,4,1.0,boolean,False,False,False
train,1557,490,What formalism does Grail use?,extractive,1,"a family of grammar formalisms built on a foundation of logic and type theory. Type-logical grammars originated when  introduced his Syntactic Calculus (called the Lambek calculus, L, by later authors).",30,202,5,30,3,1.0,what,False,False,False
train,2229,813,How large is the dataset?,extractive,1,30M utterances,2,14,5,25,2,1.0,how,False,False,False
train,2230,813,How is the dataset created?,extractive,1,We collected Japanese fictional stories from the Web,8,52,5,27,2,1.0,how,False,False,False
train,1667,537,Do they beat current state-of-the-art on SICK?,yes_no,1,No,1,2,7,46,4,1.0,boolean,False,False,False
train,1668,537,How do they combine MonaLog with BERT?,free_form,1,They use Monalog for data-augmentation to fine-tune BERT on this task,11,69,7,38,3,1.0,how,False,False,False
train,1669,537,How do they select monotonicity facts?,free_form,1,They derive it from Wordnet,5,27,6,38,3,1.0,how,False,False,False
train,1520,476,What is the training objective of their pair-to-sequence model?,extractive,1,is to minimize the negative likelihood of the aligned unanswerable question $\tilde{q}$ given the answerable question $q$ and its corresponding paragraph $p$ that contains the answer,27,182,9,63,4,1.0,what,False,False,False
train,1521,476,How do they ensure the generated questions are unanswerable?,extractive,1,"learn to ask unanswerable questions by editing answerable ones with word exchanges, negations, etc",14,98,9,60,4,1.0,how,False,False,False
train,1522,476,Does their approach require a dataset of unanswerable questions mapped to similar answerable questions?,yes_no,1,Yes,1,3,14,103,9,0.9286,boolean,False,False,False
train,2265,839,Which datasets are used in this work?,extractive,1,GENIA corpus,2,12,7,37,3,1.0,which,False,False,False
train,1470,458,Do they single out a validation set from the fixed SRE training set?,yes_no,1,No,1,2,13,68,7,0.9231,boolean,False,False,False
train,1471,458,How well does their system perform on the development set of SRE?,free_form,1,"EER 16.04, Cmindet 0.6012, Cdet 0.6107",9,38,12,65,6,1.0,how,False,False,False
train,1472,458,Which are the novel languages on which SRE placed emphasis on?,extractive,1,"Cebuano and Mandarin, Tagalog and Cantonese",6,43,11,62,5,0.8182,which,False,False,False
train,61,15,Does the model use both spectrogram images and raw waveforms as features?,yes_no,1,No,1,2,12,73,7,1.0,boolean,False,False,True
train,62,15,Is the performance compared against a baseline model?,yes_no,1,Yes,1,3,8,53,4,1.0,boolean,False,True,False
train,63,15,What is the accuracy reported by state-of-the-art methods?,free_form,1,"Answer with content missing: (Table 1)
Previous state-of-the art on same dataset: ResNet50 89% (6 languages), SVM-HMM 70% (4 languages)",20,135,8,58,4,1.0,what,False,False,False
train,1655,530,"Is their model fine-tuned also on all available data, what are results?",yes_no,1,No,1,2,12,71,6,1.0,boolean,False,False,False
train,588,161,What non-contextual properties do they refer to?,extractive,1,These features are derived directly from the word and capture the general tendency of a word being echoed in explanations.,20,122,7,48,3,1.0,what,False,False,False
train,589,161,What is the baseline?,extractive,1,"random method , LSTM",3,20,4,21,1,1.0,what,False,True,False
train,590,161,What are their proposed features?,extractive,1,"Non-contextual properties of a word, Word usage in an OP or PC (two groups), How a word connects an OP and PC., General OP/PC properties",26,136,5,33,2,1.0,what,False,False,False
train,591,161,What are overall baseline results on new this new task?,extractive,1,"all of our models outperform the random baseline by a wide margin, he best F1 score in content words more than doubles that of the random baseline (0.286 vs. 0.116)",32,164,10,55,6,0.9,what,False,True,False
train,592,161,What metrics are used in evaluation of this task?,extractive,1,F1 score,2,8,9,49,4,1.0,what,False,False,False
train,593,161,Do authors provide any explanation for intriguing patterns of word being echoed?,yes_no,1,No,1,2,12,80,7,1.0,boolean,False,False,False
train,594,161,What features are proposed?,extractive,1,"Non-contextual properties of a word, Word usage in an OP or PC (two groups), How a word connects an OP and PC, General OP/PC properties",26,135,4,27,2,1.0,what,False,False,False
train,1625,518,How do they incorporate lexicon into the neural network?,extractive,1,"concatenation of GloVe pre-trained embeddings and DepecheMood  lexicon representation, cannot directly concatenate, re-build the latter in token-based form",18,155,9,56,4,1.0,how,False,False,False
train,1626,518,What is the source of their lexicon?,extractive,1,DepecheMood,1,11,7,36,2,1.0,what,False,False,False
train,1627,518,What was their performance?,extractive,1,beneficial impact of word-representations and basic pre-processing,7,66,4,27,1,1.0,what,False,False,False
train,1628,518,What embeddings do they use?,extractive,1,GloVe,1,5,5,28,2,1.0,what,False,False,False
train,1989,678,Do they evaluate the syntactic parses?,yes_no,1,No,1,2,6,38,3,1.0,boolean,False,False,False
train,1990,678,What knowledge bases do they use?,extractive,1,NELL,1,4,6,33,3,1.0,what,False,False,False
train,2278,850,How is performance measured?,free_form,1,they use ROC curves and cross-validation,6,40,4,28,2,1.0,how,False,False,False
train,2169,776,Why they conclude that the usage of Gated-Attention provides no competitive advantage against concatenation in this setting?,extractive,1,concatenation consistently outperforms the gated-attention mechanism for both training and testing instructions,12,111,17,124,8,1.0,why,False,False,False
train,1288,397,What two types the Chinese reading comprehension dataset consists of?,free_form,1,cloze-style reading comprehension and user query reading comprehension questions,9,80,10,69,7,1.0,what,True,False,False
train,1289,397,For which languages most of the existing MRC datasets are created?,free_form,1,English,1,7,11,66,5,1.0,which,False,False,False
train,1042,308,What evaluation metrics did they look at?,free_form,1,accuracy with standard deviation,4,32,7,41,3,1.0,what,False,False,False
train,1043,308,What datasets are used?,extractive,1,"Corpus 5KL, Corpus 8KF",4,22,4,23,2,1.0,what,False,False,False
train,515,141,What is the difference in recall score between the systems?,free_form,1,"Between the model and Stanford, Spacy and Flair the differences are 42.91, 25.03, 69.8 with Traditional NERs as reference and  49.88, 43.36, 62.43 with Wikipedia titles as reference.",34,182,10,59,4,0.9,what,False,True,False
train,516,141,What is their f1 score and recall?,free_form,1,"F1 score and Recall are 68.66, 80.08 with Traditional NERs as reference and 59.56, 69.76 with Wikipedia titles as reference.",24,124,7,34,3,1.0,what,False,False,True
train,517,141,How many layers does their system have?,free_form,1,4 layers,2,8,7,39,3,1.0,how_many,False,False,False
train,518,141,How large is the dataset they used?,extractive,1,"English wikipedia dataset has more than 18 million, a dump of 15 million English news articles",16,94,7,35,3,1.0,how,False,False,False
train,1074,321,how are multiple answers from multiple reformulated questions aggregated?,extractive,1,The selection model selects the best answer from the set $\lbrace a_i\rbrace _{i=1}^N$ observed during the interaction by predicting the difference of the F1 score to the average F1 of all variants.,36,198,9,73,6,0.8889,how,False,False,False
train,647,178,What other natural processing tasks authors think could be studied by using word embeddings?,extractive,1,"general classification tasks, use of the methodology in other networked systems, a network could be enriched with embeddings obtained from graph embeddings techniques",23,166,14,92,9,1.0,what,False,False,False
train,648,178,What is the reason that traditional co-occurrence networks fail in establishing links between similar words whenever they appear distant in the text?,extractive,1,"long-range syntactical links, though less frequent than adjacent syntactical relationships, might be disregarded from a simple word adjacency approach",19,150,22,149,13,0.9091,what,False,False,False
train,649,178,Do the use word embeddings alone or they replace some previous features of the model with word embeddings?,free_form,1,They use it as addition to previous model - they add new edge between words if word embeddings are similar.,19,107,18,106,10,0.8333,boolean,False,False,True
train,650,178,On what model architectures are previous co-occurence networks based?,extractive,1,"in a co-occurrence network each different word becomes a node and edges are established via co-occurrence in a desired window, connects only adjacent words in the so called word adjacency networks",31,196,9,69,6,1.0,what,False,False,False
train,1935,648,Which matching features do they employ?,free_form,1,Matching features from matching sentences from various perspectives.,8,68,6,39,3,1.0,which,False,False,False
train,1449,451,What dataset is used for training?,extractive,1,"Mandarin dataset, Cantonese dataset",4,35,6,34,3,1.0,what,False,False,False
train,1450,451,How close do clusters match to ground truth tone categories?,free_form,1,"NMI between cluster assignments and ground truth tones for all sylables is:
Mandarin: 0.641
Cantonese: 0.464",18,108,10,60,7,1.0,how,False,False,False
train,1139,342,Do the authors report results only on English datasets?,yes_no,1,Yes,1,3,9,55,5,1.0,boolean,False,False,False
train,1140,342,How were breast cancer related posts compiled from the Twitter streaming API?,free_form,1,"By using  keywords `breast' AND `cancer' in tweet collecting process. 
",10,71,12,77,8,1.0,how,False,False,False
train,1141,342,What machine learning and NLP methods were used to sift tweets relevant to breast cancer experiences?,free_form,1,"ML  logistic regression classifier combined with a Convolutional Neural Network (CNN) to identify self-reported diagnostic tweets.
NLP methods:  tweet conversion to numeric word vector,  removing tweets containing hyperlinks, removing ""retweets"", removing all tweets containing horoscope indicators,  lowercasing and  removing punctuation.",40,339,16,101,11,0.9375,what,False,False,True
train,194,56,What dataset do they use?,free_form,1,A parallel corpus where the source is an English expression of code and the target is Python code.,18,98,5,25,2,1.0,what,False,False,False
train,195,56,Do they compare to other models?,yes_no,1,No,1,2,6,32,2,1.0,boolean,False,True,False
train,196,56,What is the architecture of the system?,extractive,1,seq2seq translation,2,19,7,39,2,0.8571,what,False,False,False
train,197,56,What additional techniques could be incorporated to further improve accuracy?,extractive,1,"phrase-based word embedding, Abstract Syntax Tree(AST)",7,54,10,77,5,1.0,what,False,False,False
train,198,56,What programming language is target language?,extractive,1,Python,1,6,6,45,4,0.8333,what,False,False,False
train,199,56,What dataset is used to measure accuracy?,extractive,1,validation data,2,15,7,41,4,1.0,what,False,False,False
train,831,238,By how much do they outperform previous state-of-the-art models?,free_form,1,"Proposed ORNN has 0.769, 1.238, 0.818, 0.772 compared to 0.778, 1.244, 0.813, 0.781 of best state of the art result on Mean Absolute Error (MAE), macro-averaged Mean Absolute Error (MAEM ), binary classification accuracy (Acc.) and weighted binary classification accuracy (Wt. Acc.)",49,282,9,64,5,1.0,how,False,True,False
train,832,238,Do they use pretrained word embeddings?,yes_no,1,Yes,1,3,6,39,4,1.0,boolean,False,False,False
train,833,238,How is the lexicon of trafficking flags expanded?,extractive,1,"re-train the skip-gram model and update the emoji map periodically on new escort ads, when traffickers switch to new emojis, the map can link the new emojis to the old ones",31,172,8,49,4,1.0,how,False,False,False
train,2112,740,What is the new initialization method proposed in this paper?,free_form,1,They initialize their word and entity embeddings with vectors pre-trained over a large corpus of unlabeled data.,17,112,10,61,5,1.0,what,False,False,False
train,2113,740,How was a quality control performed so that the text is noisy but the annotations are accurate?,free_form,1,The authors believe that the Wikilinks corpus  contains ground truth annotations while being noisy. They discard mentions that cannot have ground-truth verified by comparison with Wikipedia.,26,190,17,95,7,0.9412,how,False,False,True
train,854,244,What are two models' architectures in proposed solution?,extractive,1,"Reasoner model, also implemented with the MatchLSTM architecture, Ranker model",10,78,8,56,5,1.0,what,True,False,False
train,855,244,How do two models cooperate to select the most confident chains?,extractive,1,"Reasoner learns to extract the linking entity from chains selected by a well-trained Ranker, and it benefits the Ranker training by providing extra rewards",24,155,11,64,6,1.0,how,True,False,False
train,856,244,What benchmarks are created?,free_form,1,Answer with content missing: (formula) The accuracy is defined as the ratio # of correct chains predicted to # of evaluation samples,20,132,4,28,2,1.0,what,False,False,False
train,1386,426,how are the bidirectional lms obtained?,free_form,1,"They pre-train forward and backward LMs separately, remove top layer softmax, and concatenate to obtain the bidirectional LMs.",18,126,6,39,3,1.0,how,False,False,False
train,1387,426,what metrics are used in evaluation?,free_form,1,micro-averaged F1,2,17,6,36,3,1.0,what,False,False,False
train,1388,426,what results do they achieve?,free_form,1,91.93% F1 score on CoNLL 2003 NER task and 96.37% F1 score on CoNLL 2000 Chunking task,19,86,5,29,2,1.0,what,False,False,False
train,1389,426,what previous systems were compared to?,free_form,1,"Chiu and Nichols (2016), Lample et al. (2016), Ma and Hovy (2016), Yang et al. (2017), Hashimoto et al. (2016), Søgaard and Goldberg (2016) ",23,140,6,39,3,1.0,what,False,True,False
train,1390,426,what are the evaluation datasets?,extractive,1,"CoNLL 2003, CoNLL 2000",4,22,5,33,2,1.0,what,False,False,False
train,1189,362,What shared task does this system achieve SOTA in?,extractive,1,tweetLID workshop shared task,4,29,9,50,5,1.0,what,False,False,False
train,1190,362,How are labels propagated using this approach?,extractive,1,We use Junto (mad)  to propagate labels from labelled to unlabelled nodes.,12,74,7,46,4,1.0,how,False,False,False
train,1191,362,What information is contained in the social graph of tweet authors?,extractive,1,"the graph, composed of three types of nodes: tweets (T), users (U) and the “world” (W). Edges are created between nodes and weighted as follows: T-T the unigram cosine similarity between tweets, T-U weighted 100 between a tweet and its author, U-U weighted 1 between two users in a “follows” relationship and U-W weighted 0.001 to ensure a connected graph for the mad algorithm.",65,378,11,67,6,1.0,what,False,False,False
train,1178,357,was bert used?,yes_no,1,Yes,1,3,3,14,2,1.0,boolean,False,False,False
train,1179,357,what datasets did they use?,extractive,1,"Single-Turn, Multi-Turn",2,23,5,27,2,1.0,what,False,False,False
train,1180,357,which existing metrics do they compare with?,extractive,1,"F1-score, BLEU score",3,20,7,44,3,1.0,which,False,True,False
train,1724,557,Do they compare results against state-of-the-art language models?,yes_no,1,Yes,1,3,8,65,5,1.0,boolean,False,True,False
train,1725,557,Which dataset do they train their models on?,extractive,1,"Penn Treebank, Text8",3,20,8,44,3,1.0,which,False,False,False
train,2133,752,How do you find the entity descriptions?,extractive,1,Wikipedia,1,9,7,40,3,1.0,how,False,False,False
train,1566,494,What model do they train?,extractive,1,"Support Vector Machines (SVM), Gaussian Naive Bayes, Multinomial Naive Bayes, Decision Trees, Random Forests and a Maximum Entropy classifier",19,141,5,25,2,1.0,what,False,False,False
train,1567,494,What are the eight features mentioned?,extractive,1,"User location (uloc), User language (ulang), Timezone (tz), Tweet language (tlang), Offset (offset), User name (name), User description (description), Tweet content (content)",22,174,6,38,3,1.0,what,True,False,False
train,1535,480,How much better performance of proposed model compared to answer-selection models?,extractive,1,"significant MAP performance improvement compared to the previous best model, CompClip-LM (0.696 to 0.734 absolute)",17,114,11,82,8,1.0,how_many,False,True,False
train,1536,480,How are some nodes initially connected based on text structure?,extractive,1,"we fully connect nodes that represent sentences from the same passage, we fully connect nodes that represent the first sentence of each passage, we add an edge between the question and every node for each passage",36,212,10,63,6,1.0,how,False,False,False
train,2075,723,How do Zipf and Herdan-Heap's laws differ?,free_form,1,"Zipf's law describes change of word frequency rate, while Heaps-Herdan describes different word number in large texts (assumed that Hepas-Herdan is consequence of Zipf's)",26,170,8,42,4,1.0,how,False,True,True
train,2213,805,What approach does this work propose for the new task?,extractive,1,"We propose a listening comprehension model for the task defined above, the Attention-based Multi-hop Recurrent Neural Network (AMRNN) framework, and show that this model is able to perform reasonably well for the task. In the proposed approach, the audio of the stories is first transcribed into text by ASR, and the proposed model is developed to process the transcriptions for selecting the correct answer out of 4 choices given the question.",71,444,10,54,5,1.0,what,False,False,False
train,2214,805,What is the new task proposed in this work?,extractive,1,listening comprehension task,3,28,9,43,4,1.0,what,False,False,False
train,428,113,What were the evaluation metrics?,extractive,1,"BLEU, Micro Entity F1, quality of the responses according to correctness, fluency, and humanlikeness on a scale from 1 to 5",21,123,5,33,2,1.0,what,False,False,False
train,429,113,What were the baseline systems?,extractive,1,"Attn seq2seq, Ptr-UNK, KV Net, Mem2Seq, DSR",7,43,5,31,2,1.0,what,False,True,False
train,430,113,Which dialog datasets did they experiment with?,extractive,1,"Camrest, InCar Assistant",3,24,7,47,3,1.0,which,False,False,False
train,1870,620,what approaches are compared?,extractive,1,"MT metrics, Readability metrics and other sentence-level features, Metrics based on the baseline QuEst features, Metrics based on other features",20,144,4,29,2,1.0,what,False,True,False
train,64,16,Which vision-based approaches does this approach outperform?,extractive,1,"CNN-mean, CNN-avgmax",2,20,7,60,4,1.0,which,False,True,False
train,65,16,What baseline is used for the experimental setup?,extractive,1,"CNN-mean, CNN-avgmax",2,20,8,49,4,1.0,what,False,True,False
train,66,16,Which languages are used in the multi-lingual caption model?,extractive,1,"German-English, French-English, and Japanese-English",4,52,9,60,5,1.0,which,False,False,False
train,1539,482,What domains are contained in the polarity classification dataset?,extractive,1,"Books, DVDs, Electronics, Kitchen appliances",5,44,9,66,5,1.0,what,False,False,False
train,1540,482,How long is the dataset?,free_form,1,8000,1,4,5,24,2,1.0,how,False,False,False
train,1541,482,What machine learning algorithms are used?,extractive,1,"string kernels, SST, KE-Meta, SFA, CORAL, TR-TrAdaBoost, Transductive string kernels, transductive kernel classifier",13,116,6,42,4,1.0,what,False,False,False
train,1542,482,What is a string kernel?,free_form,1,String kernel is a technique that uses character n-grams to measure the similarity of strings,15,93,5,24,2,1.0,what,False,False,False
train,2116,743,What are the features of used to customize target user interaction?,extractive,1,"image feature, question feature, label vector for the user's answer",11,67,11,67,6,1.0,what,False,False,False
train,2134,753,How is OpenBookQA different from other natural language QA?,extractive,1,"in the OpenBookQA setup the open book part is much larger, the open book part is much larger (than a small paragraph) and is not complete as additional common knowledge may be required",33,184,9,59,5,1.0,how,False,False,False
train,1612,515,How do they identify abbreviations?,extractive,1,identify all abbreviations using regular expressions,6,52,5,35,2,1.0,how,False,False,False
train,1613,515,What kind of model do they build to expand abbreviations?,extractive,1,word2vec ,1,9,10,57,5,1.0,what,False,False,False
train,1614,515,Do they use any knowledge base to expand abbreviations?,yes_no,1,Yes,1,3,9,55,5,1.0,boolean,False,False,False
train,1615,515,"In their used dataset, do they study how many abbreviations are ambiguous?",yes_no,1,No,1,2,12,74,6,1.0,other,False,False,False
train,1616,515,Which dataset do they use to build their model?,extractive,1,"1,160 physician logs of Medical ICU admission requests, 42,506 Wikipedia articles, 6 research papers and 2 critical care medicine textbooks",22,139,9,47,4,1.0,which,False,False,False
train,349,93,How better are state-of-the-art results than this model?,extractive,1,"we achieve better results than GCN+PADG but without any use of domain-specific hand-crafted features, RegSum achieves a similar ROUGE-2 score",21,141,8,56,4,1.0,how,False,True,False
train,2141,757,What are the strong baselines you have?,free_form,1,optimize single task with no synthetic data,7,43,7,39,2,1.0,what,False,False,False
train,768,216,How is the fluctuation in the sense of the word and its neighbors measured?,free_form,1,"Our method performs a statistical test to determine whether a given word is used polysemously in the text, according to the following steps:
1) Setting N, the size of the neighbor.
2) Choosing N neighboring words ai in the order whose angle with the vector of the given word w is the smallest.
3) Computing the surrounding uniformity for ai(0 < i ≤ N) and w.
4) Computing the mean m and the sample variance σ for the uniformities of ai .
5) Checking whether the uniformity of w is less than m − 3σ. If the value is less than m − 3σ, we may regard w as a polysemic word.",105,569,14,75,5,0.8571,how,False,False,True
train,1051,312,Do they test their approach on large-resource tasks?,yes_no,1,Yes,1,3,8,52,4,1.0,boolean,False,False,False
train,1052,312,"By how much do they, on average, outperform the baseline multilingual model on 16 low-resource tasks?",extractive,1,1.6% lower phone error rate on average,8,38,16,101,9,0.9375,how,True,True,False
train,1053,312,How do they compute corpus-level embeddings?,extractive,1,"First, the embedding matrix INLINEFORM4 for all corpora is initialized, during the training phase, INLINEFORM9 can be used to bias the input feature, Next, we apply the language specific softmax to compute logits INLINEFORM4 and optimize them with the CTC objective",41,265,6,44,3,1.0,how,False,False,False
train,1031,305,What DCGs are used?,free_form,1,Author's own DCG rules are defined from scratch.,9,48,4,19,2,1.0,what,False,False,False
train,1032,305,"What else is tried to be solved other than 12 tenses, model verbs and negative form?",extractive,1,"cases of singular/plural, subject pronoun/object pronoun, etc.",9,62,16,84,9,1.0,what,True,False,True
train,1033,305,Is there information about performance of these conversion methods?,yes_no,1,No,1,2,9,67,4,1.0,boolean,False,False,False
train,1034,305,Are there some experiments performed in the paper?,yes_no,1,No,1,2,8,50,3,1.0,boolean,False,False,False
train,595,162,Which datasets are used to train this model?,extractive,1,SQUAD,1,5,8,44,4,1.0,which,False,False,False
train,2024,693,How big is performance improvement proposed methods are used?,free_form,1,"Data augmentation (es)  improved Adv es by 20% comparing to baseline 
Data augmentation (cs) improved Adv cs by 16.5% comparing to baseline
Data augmentation (cs+es) improved both Adv cs and Adv es by at least 10% comparing to baseline 
All models show improvements over adversarial sets  
",48,290,9,61,6,1.0,how,False,False,False
train,2025,693,How authors create adversarial test set to measure model robustness?,extractive,1,"we devise a test set consisting of ‘adversarial’ examples, i.e, perturbed examples that can potentially change the base model's prediction. , We use two approaches described in literature: back-translation and noisy sequence autoencoder.",34,237,10,68,8,1.0,how,False,False,False
train,58,14,Is the method described in this work a clustering-based method?,yes_no,1,Yes,1,3,10,63,5,0.9,boolean,False,False,False
train,59,14,How are the different senses annotated/labeled?,extractive,1,The contexts are manually labelled with WordNet senses of the target words,12,74,7,47,4,1.0,how,False,False,False
train,60,14,Was any extrinsic evaluation carried out?,yes_no,1,Yes,1,3,6,41,3,1.0,boolean,False,False,False
train,70,18,Which GAN do they use?,extractive,1,"We construct a GAN model which combines different sets of word embeddings INLINEFORM4 , INLINEFORM5 , into a single set of word embeddings INLINEFORM6 .",22,152,5,22,2,1.0,which,False,False,False
train,71,18,Do they evaluate grammaticality of generated text?,yes_no,1,No,1,2,7,50,4,1.0,boolean,False,False,False
train,72,18,Which corpora do they use?,extractive,1,"CNN, TIME, 20 Newsgroups, and Reuters-21578",6,43,5,26,2,1.0,which,False,False,False
train,2104,737,Which of the two ensembles yields the best performance?,free_form,1,Answer with content missing: (Table 2) CONCAT ensemble,8,54,9,55,5,0.8889,which,True,False,False
train,2105,737,What are the two ways of ensembling BERT and E-BERT?,extractive,1,"mean-pooling their outputs (AVG), concatenating the entity and its name with a slash symbol (CONCAT)",15,100,10,52,5,1.0,what,True,False,True
train,2106,737,How is it determined that a fact is easy-to-guess?,extractive,1,"filter deletes all KB triples where the correct answer (e.g., Apple) is a case-insensitive substring of the subject entity name (e.g., Apple Watch), person name filter uses cloze-style questions to elicit name associations inherent in BERT, and deletes KB triples that correlate with them",46,288,9,50,3,0.8889,how,False,False,False
train,1090,327,To what other competitive baselines is this approach compared?,free_form,1,"LSTMs with and without attention, HRED, VHRED with and without attention, MMI and Reranking-RL",14,94,9,62,4,1.0,what,False,True,False
train,1091,327,"How is human evaluation performed, what was the criteria?",free_form,1,Through Amazon MTurk annotators to determine plausibility and content richness of the response,13,94,9,57,4,1.0,how,False,False,False
train,1092,327,How much better were results of the proposed models than base LSTM-RNN model?,free_form,1,on diversity 6.87 and on relevance 4.6 points higher,11,52,13,77,8,1.0,how_many,False,True,False
train,1093,327,Which one of the four proposed models performed best?,free_form,1,the hybrid model MinAvgOut + RL,5,31,9,53,6,1.0,which,True,False,False
train,2171,778,What semantic features help in detecting whether a piece of text is genuine or generated? of,free_form,1,"No feature is given, only discussion that semantic features are use in practice and yet to be discovered how to embed that knowledge into statistical decision theory framework.",28,176,16,92,9,0.9375,what,False,False,True
train,2172,778,Which language models generate text that can be easier to classify as genuine or generated?,extractive,1,Outputs from models that are better in the sense of cross-entropy or perplexity are harder to distinguish from authentic text.,20,126,15,91,9,1.0,which,False,False,True
train,2173,778,Is the assumption that natural language is stationary and ergodic valid?,free_form,1,It is not completely valid for natural languages because of diversity of language - this is called smoothing requirement.,18,121,11,72,6,0.9091,boolean,False,False,True
train,2026,694,Do they compare with the MAML algorithm?,yes_no,1,No,1,2,7,40,3,1.0,boolean,False,True,False
train,1410,434,How much better is performance of the proposed model compared to the state of the art in these various experiments?,extractive,1,significantly improves the accuracy and F1 score of aspect polarity classification,11,82,20,115,10,0.85,how_many,False,True,False
train,1411,434,What was state of the art on SemEval-2014 task4 Restaurant and Laptop dataset?,extractive,1,"BERT-ADA, BERT-PT, AEN-BERT, SDGCN-BERT",4,39,13,78,7,1.0,what,True,False,True
train,1412,434,What was previous state-of-the-art on four Chinese reviews datasets?,extractive,1,GANN obtained the state-of-the-art APC performance on the Chinese review datasets,11,81,9,68,6,1.0,what,True,False,False
train,1413,434,In what four Chinese review datasets does LCF-ATEPC achieves state of the art?,extractive,1,"Car, Phone, Notebook, Camera",4,28,13,78,8,1.0,what,True,False,False
train,1371,422,what classifiers were used in this paper?,extractive,1,Support Vector Machines (SVM) classifier,5,40,7,41,3,1.0,what,False,False,False
train,1372,422,what are their evaluation metrics?,extractive,1,"F1, accuracy",2,12,5,34,2,1.0,what,False,False,False
train,1373,422,what types of features were used?,extractive,1,"stylometric, lexical, grammatical, and semantic",5,47,6,33,3,1.0,what,False,False,False
train,1374,422,what lexical features did they experiment with?,extractive,1,TF.IDF-based features,3,21,7,47,3,1.0,what,False,False,False
train,1375,422,what is the size of the dataset?,extractive,1,"The number of fake news that have a duplicate in the training dataset are 1018 whereas, the number of articles with genuine content that have a duplicate article in the training set is 322.",34,189,7,32,2,0.8571,what,False,False,False
train,1376,422,what datasets were used?,extractive,1,"training dataset contains 2,815 examples, 761 testing examples",9,62,4,24,2,1.0,what,False,False,False
train,1946,654,Do they repot results only on English data?,yes_no,1,Yes,1,3,8,43,4,1.0,boolean,False,False,False
train,1947,654,What were the variables in the ablation study?,extractive,1,"(i) zero NER-specific BiRNN layers, (ii) zero RE-specific BiRNN layers, or (iii) zero task-specific BiRNN layers of any kind",19,124,8,46,3,0.875,what,False,False,False
train,1948,654,How many shared layers are in the system?,free_form,1,1,1,1,8,41,4,1.0,how_many,False,False,False
train,1949,654,How many additional task-specific layers are introduced?,free_form,1,2 for the ADE dataset and 3 for the CoNLL04 dataset,11,51,7,56,5,1.0,how_many,False,False,False
train,1284,395,Do they use attention?,yes_no,1,Yes,1,3,4,22,2,1.0,boolean,False,False,False
train,1285,395,What non-annotated datasets are considered?,extractive,1,"E2E NLG challenge Dataset, The Wikipedia Company Dataset",8,56,5,43,3,1.0,what,False,False,False
train,2297,871,What are three possible phases for language formation?,extractive,1,"Phase I: $\langle cc \rangle $ increases smoothly for $\wp < 0.4$, indicating that for this domain there is a small correlation between word neighborhoods. Full vocabularies are attained also for $\wp < 0.4$, Phase II: a drastic transition appears at the critical domain $\wp ^* \in (0.4,0.6)$, in which $\langle cc \rangle $ shifts abruptly towards 1. An abrupt change in $V(t_f)$ versus $\wp $ is also found (Fig. FIGREF16) for $\wp ^*$, Phase III: single-word languages dominate for $\wp > 0.6$. The maximum value of $\langle cc \rangle $ indicate that word neighborhoods are completely correlated",96,600,8,54,5,1.0,what,True,False,False
train,785,224,What measures were used for human evaluation?,extractive,1,"To have an estimation about human performance in each metric, we iteratively treat every reference sentence in dev/test data as the prediction to be compared with all references (including itself).",31,197,7,45,4,1.0,what,False,False,False
train,786,224,What automatic metrics are used for this task?,extractive,1,"BLEU-3/4, ROUGE-2/L, CIDEr, SPICE, BERTScore",7,44,8,46,4,1.0,what,False,False,False
train,787,224,Are the models required to also generate rationales?,yes_no,1,No,1,2,8,52,5,1.0,boolean,False,False,False
train,788,224,Are the rationales generated after the sentences were written?,yes_no,1,Yes,1,3,9,62,4,0.8889,boolean,False,False,False
train,789,224,Are the sentences in the dataset written by humans who were shown the concept-sets?,yes_no,1,Yes,1,3,14,83,6,0.8571,boolean,False,False,False
train,790,224,Where do the concept sets come from?,extractive,1,These concept-sets are sampled from several large corpora of image/video captions,12,81,7,36,3,1.0,where,False,False,False
train,1479,463,Which dataset do they use?,extractive,1,"small_parallel_enja, Asian Scientific Paper Excerpt Corpus (ASPEC) ",7,67,5,26,2,1.0,which,False,False,False
train,1480,463,Do they trim the search space of possible output sequences?,yes_no,1,No,1,2,10,59,6,1.0,boolean,False,False,False
train,1481,463,Which model architecture do they use to build a model?,extractive,1,model is composed of an encoder (§SECREF5) and a decoder with the attention mechanism (§SECREF7) that are both implemented using recurrent neural networks (RNNs),24,161,10,54,5,0.9,which,False,False,False
train,1482,463,Do they compare simultaneous translation performance to regular machine translation?,yes_no,1,No,1,2,10,84,7,0.9,boolean,False,True,False
train,1483,463,Which metrics do they use to evaluate simultaneous translation?,extractive,1,"BLEU , RIBES , token-level delay",4,32,9,63,5,1.0,which,False,False,False
train,1162,352,Which language has the lowest error rate reduction?,free_form,1,thai,1,4,8,51,5,1.0,which,False,False,False
train,1163,352,What datasets did they use?,extractive,1,"IBM-UB-1 dataset , IAM-OnDB dataset , The ICDAR-2013 Competition for Online Handwriting Chinese Character Recognition , ICFHR2018 Competition on Vietnamese Online Handwritten Text Recognition using VNOnDB ",23,205,5,27,2,1.0,what,False,False,False
train,0,0,What is the seed lexicon?,free_form,1,a vocabulary of positive and negative predicates that helps determine the polarity score of an event,16,100,5,25,2,1.0,what,False,False,False
train,1,0,What are the results?,free_form,1,"Using all data to train: AL -- BiGRU achieved 0.843 accuracy, AL -- BERT achieved 0.863 accuracy, AL+CA+CO -- BiGRU achieved 0.866 accuracy, AL+CA+CO -- BERT achieved 0.835, accuracy, ACP -- BiGRU achieved 0.919 accuracy, ACP -- BERT achived 0.933, accuracy, ACP+AL+CA+CO -- BiGRU achieved 0.917 accuracy, ACP+AL+CA+CO -- BERT achieved 0.913 accuracy. 
Using a subset to train: BERT achieved 0.876 accuracy using ACP (6K), BERT achieved 0.886 accuracy using ACP (6K) + AL, BiGRU achieved 0.830 accuracy using ACP (6K), BiGRU achieved 0.879 accuracy using ACP (6K) + AL + CA + CO.",104,579,4,21,1,1.0,what,False,False,False
train,2,0,How are relations used to propagate polarity?,free_form,1,"based on the relation between events, the suggested polarity of one event can determine the possible polarity of the other event ",21,129,7,45,4,1.0,how,False,False,False
train,3,0,How big is the Japanese data?,free_form,1,"7000000 pairs of events were extracted from the Japanese Web corpus, 529850 pairs of events were extracted from the ACP corpus",21,126,6,29,3,1.0,how,False,False,False
train,4,0,What are labels available in dataset for supervision?,extractive,1,"negative, positive",2,18,8,53,4,1.0,what,False,False,False
train,5,0,How big are improvements of supervszed learning results trained on smalled labeled data enhanced with proposed approach copared to basic approach?,free_form,1,3%,1,2,21,146,15,0.9524,how,False,False,False
train,6,0,How does their model learn using mostly raw data?,free_form,1,by exploiting discourse relations to propagate polarity from seed predicates to final sentiment polarity,14,104,9,49,6,1.0,how,False,False,False
train,7,0,How big is seed lexicon used for training?,free_form,1,30 words,2,8,8,42,5,1.0,how,False,False,False
train,8,0,How large is raw corpus used for training?,extractive,1,100 million sentences,3,21,8,42,5,1.0,how,False,False,False
train,1063,316,How much bigger is Switchboard-2000 than Switchboard-300 database?,free_form,1,Switchboard-2000 contains 1700 more hours of speech data.,8,57,8,66,5,1.0,how_many,True,False,False
train,1064,316,How big is Switchboard-300 database?,extractive,1,300-hour English conversational speech,4,38,5,36,3,1.0,how,True,False,False
train,1640,524,How do they gather human reviews?,extractive,1,human representative to review the IVA chat history and resume the failed task,13,78,6,33,3,1.0,how,False,False,False
train,1641,524,Do they explain model predictions solely on attention weights?,yes_no,1,Yes,1,3,9,62,6,1.0,boolean,False,False,False
train,1642,524,Can their method of creating more informative visuals be applied to tasks other than turn taking in conversations?,extractive,1,computationally inexpensive means to understand what happened at the stopping point,11,83,18,114,10,1.0,boolean,False,False,False
train,2186,788,"Are experiments performed with any other pair of languages, how did proposed method perform compared to other models?",yes_no,1,No,1,2,18,117,9,0.9444,boolean,False,True,False
train,2187,788,Is pivot language used in experiments English or some other language?,yes_no,1,Yes,1,3,11,69,6,0.9091,boolean,False,False,True
train,2188,788,What are multilingual models that were outperformed in performed experiment?,extractive,1,"Direct source$\rightarrow $target: A standard NMT model trained on given source$\rightarrow $target, Multilingual: A single, shared NMT model for multiple translation directions, Many-to-many: Trained for all possible directions among source, target, and pivot languages, Many-to-one: Trained for only the directions to target language",45,335,10,76,5,1.0,what,False,False,False
train,1748,567,Do they argue that all words can be derived from other (elementary) words?,yes_no,1,No,1,2,13,74,6,0.9231,boolean,False,False,False
train,1749,567,Do they break down word meanings into elementary particles as in the standard model of quantum theory?,yes_no,1,No,1,2,17,102,9,1.0,boolean,False,False,False
train,1573,497,Do sluice networks outperform non-transfer learning approaches?,yes_no,1,Yes,1,3,7,63,6,1.0,boolean,False,True,False
train,1318,405,What is the highest accuracy score achieved?,free_form,1,82.0%,2,5,7,44,4,1.0,what,False,False,False
train,2215,806,Which news organisations are the headlines sourced from?,extractive,1,BBC and CNN,3,11,8,56,4,1.0,which,False,False,False
train,1319,406,Does the paper report F1-scores for the age and language variety tasks?,yes_no,1,No,1,2,12,71,7,0.9167,boolean,False,False,True
train,1320,406,Are the models compared to some baseline models?,yes_no,1,Yes,1,3,8,48,4,0.875,boolean,False,True,False
train,1321,406,What are the in-house data employed?,extractive,1,"we manually label an in-house dataset of 1,100 users with gender tags, we randomly sample 20,000 tweets for each class from an in-house dataset gold labeled with the same 15 classes as the shared task",37,200,6,36,3,1.0,what,False,False,False
train,1322,406,What are the three datasets used in the paper?,free_form,1,Data released for APDA shared task contains 3 datasets.,9,55,9,46,4,0.8889,what,True,False,False
train,2083,727,Do they evaluate only on English datasets?,yes_no,1,Yes,1,3,7,42,3,1.0,boolean,False,False,False
train,2084,727,What experimental evaluation is used?,free_form,1,root mean square error between the actual and the predicted price of Bitcoin for every minute,16,93,5,37,3,1.0,what,False,False,False
train,2085,727,How is the architecture fault-tolerant?,free_form,1,By using Apache Spark which stores all executions in a lineage graph and recovers to the previous steady state from any fault,22,125,5,39,2,1.0,how,False,False,False
train,2086,727,Which elements of the platform are modular?,free_form,1,"handling large volume incoming data, sentiment analysis on tweets and predictive online learning",13,96,7,43,3,1.0,which,False,False,False
train,1446,449,By how much does their model outperform the baseline in the cross-domain evaluation?,extractive,1,"$2.2\%$ absolute accuracy improvement on the laptops test set, $3.6\%$ accuracy improvement on the restaurants test set",19,119,13,84,6,0.9231,how,False,True,False
train,1447,449,What are the performance results?,extractive,1,"results that for the in-domain training case, our models BERT-ADA Lapt and BERT-ADA Rest achieve performance close to state-of-the-art on the laptops dataset, new state-of-the-art on the restaurants dataset with accuracies of $79.19\%$ and $87.14\%$, respectively.",38,264,5,33,2,1.0,what,False,False,False
train,41,8,What turn out to be more important high volume or high quality data?,extractive,1,only high-quality data helps,4,28,13,68,7,0.9231,what,False,False,True
train,42,8,What two architectures are used?,extractive,1,"fastText, CWE-LP",2,16,5,32,3,1.0,what,True,False,False
train,708,195,How does proposed word embeddings compare to Sindhi fastText word representations?,free_form,1,"Proposed SG model vs SINDHI FASTTEXT:
Average cosine similarity score: 0.650 vs 0.388
Average semantic relatedness similarity score between countries and their capitals: 0.663 vs 0.391",30,184,11,82,8,0.9091,how,False,True,False
train,709,195,Are trained word embeddings used for any other NLP task?,yes_no,1,No,1,2,10,56,6,1.0,boolean,False,False,False
train,710,195,How many uniue words are in the dataset?,free_form,1,908456 unique words are available in collected corpus.,8,54,8,40,4,1.0,how_many,False,False,False
train,711,195,"How is the data collected, which web resources were used?",extractive,1,"daily Kawish and Awami Awaz Sindhi newspapers, Wikipedia dumps, short stories and sports news from Wichaar social blog, news from Focus Word press blog, historical writings, novels, stories, books from Sindh Salamat literary website, novels, history and religious books from Sindhi Adabi Board, tweets regarding news and sports are collected from twitter",52,354,10,57,5,1.0,how,False,False,False
train,893,258,Where did this model place in the final evaluation of the shared task?,extractive,1,$4th$,1,5,13,70,6,0.9231,where,False,False,False
train,894,258,What in-domain data is used to continue pre-training?,extractive,1,dialectal tweet data,3,20,8,53,5,1.0,what,False,False,False
train,895,258,What dialect is used in the Google BERT model and what is used in the task data?,extractive,1,"Modern Standard Arabic (MSA), MSA as well as dialects at various degrees of granularity such as Egyptian, Gulf, and Levantine",20,125,17,80,8,0.7059,what,False,False,True
train,896,258,What are the tasks used in the mulit-task learning setup?,extractive,1,"Author profiling and deception detection in Arabic, LAMA+DINA Emotion detection, Sentiment analysis in Arabic tweets",16,116,10,57,5,0.9,what,False,False,False
train,687,189,Are resolution mode variables hand crafted?,yes_no,1,No,1,2,6,43,5,1.0,boolean,False,False,False
train,688,189,What are resolution model variables?,free_form,1,"Variables in the set {str, prec, attr} indicating in which mode the mention should be resolved.",16,95,5,36,3,1.0,what,False,False,False
train,689,189,Is the model presented in the paper state of the art?,free_form,1,"No, supervised models perform better for this task.",8,51,11,53,5,0.8182,boolean,False,False,False
train,1558,491,Which components of QA and QG models are shared during training?,extractive,1,parameter sharing,2,17,11,64,6,1.0,which,False,False,True
train,1559,491,"How much improvement does jointly learning QA and QG give, compared to only training QA?",extractive,1,We see that A-gen performance improves significantly with the joint model: both F1 and EM increase by about 10 percentage points.,21,129,15,88,10,0.9333,how_many,False,True,True
train,2220,809,What experiments they perform to demonstrate that their approach leads more accurate region based representations?,extractive,1,"To test our proposed category induction model, we consider all BabelNet categories with fewer than 50 known instances. This is motivated by the view that conceptual neighborhood is mostly useful in cases where the number of known instances is small. For each of these categories, we split the set of known instances into 90% for training and 10% for testing.",60,358,15,114,9,1.0,what,False,False,False
train,2221,809,How they indentify conceptual neighbours?,extractive,1,"Once this classifier has been trained, we can then use it to predict conceptual neighborhood for categories for which only few instances are known.",24,147,5,41,3,1.0,how,False,False,False
train,731,202,How is correctness of automatic derivation proved?,extractive,1,"empirically compare automatic differentiation (AD, our implementation based on Clad) and numerical differentiation (ND, based on finite difference method)",19,154,7,50,4,1.0,how,False,False,False
train,1715,553,What were the sizes of the test sets?,free_form,1,Test set 1 contained 57 drug labels and 8208 sentences and test set 2 contained 66 drug labels and 4224 sentences,21,113,8,37,3,0.875,what,False,False,False
train,1716,553,What training data did they use?,extractive,1,"Training-22, NLM-180",2,20,6,32,3,1.0,what,False,False,False
train,1485,465,Do the authors report only on English language data?,yes_no,1,Yes,1,3,9,52,5,1.0,boolean,False,False,False
train,1486,465,What dataset of tweets is used?,extractive,1,tweets about `ObamaCare' in USA collected during march 2010,9,59,6,31,3,1.0,what,False,False,False
train,1487,465,What external sources of information are used?,extractive,1,landing pages of URLs,4,21,7,46,4,1.0,what,False,False,False
train,1488,465,What linguistic features are used?,extractive,1,"Parts of Speech (POS) tags, Prior polarity of the words, Capitalization, Negation, Text Feature",14,95,5,34,3,1.0,what,False,False,False
train,1461,455,What do they constrain using integer linear programming?,extractive,1,low-rank approximation of the co-occurrence matrix,6,50,8,56,5,1.0,what,False,False,False
train,1462,455,Do they build one model per topic or on all topics?,free_form,1,One model per topic.,4,20,11,51,6,1.0,boolean,True,False,True
train,1463,455,Do they quantitavely or qualitatively evalute the output of their low-rank approximation to verify the grouping of lexical items?,free_form,1,They evaluate quantitatively.,3,29,19,129,10,0.8947,boolean,False,False,True
train,1464,455,Do they evaluate their framework on content of low lexical variety?,yes_no,1,No,1,2,11,67,6,1.0,boolean,False,False,False
train,161,47,Does the paper report the results of previous models applied to the same tasks?,yes_no,1,Yes,1,3,14,79,7,0.8571,boolean,False,False,False
train,162,47,What are the causal mapping methods employed?,extractive,1,Axelrod's causal mapping method,5,31,7,45,4,1.0,what,False,False,False
train,1943,653,Which distributional methods did they consider?,extractive,1,"WeedsPrec , invCL , SLQS model, cosine similarity",6,49,6,47,3,1.0,which,False,False,False
train,1944,653,Which benchmark datasets are used?,extractive,1,"noun-noun subset of bless, leds , bless, wbless, bibless, hyperlex ",9,67,5,34,3,1.0,which,False,False,False
train,1945,653,What hypernymy tasks do they study?,extractive,1,"Detection, Direction, Graded Entailment",4,39,6,35,3,1.0,what,False,False,False
train,2107,738,How is dependency parsing empirically verified?,extractive,1,"At last, our model is evaluated on two benchmark treebanks for both constituent and dependency parsing. The empirical results show that our parser reaches new state-of-the-art for all parsing tasks.",30,198,6,47,4,1.0,how,False,False,False
train,2108,738,How are different network components evaluated?,extractive,1,"For different numbers of shared layers, the results are in Table TABREF14. We respectively disable the constituent and the dependency parser to obtain a separate learning setting for both parsers in our model.",33,209,6,47,4,1.0,how,False,False,False
train,2109,738,What are the performances obtained for PTB and CTB?,extractive,1,". On PTB, our model achieves 93.90 F1 score of constituent parsing and 95.91 UAS and 93.86 LAS of dependency parsing., On CTB, our model achieves a new state-of-the-art result on both constituent and dependency parsing.",38,219,9,51,4,1.0,what,False,False,True
train,2110,738,What are the models used to perform constituency and dependency parsing?,extractive,1,"token representation, self-attention encoder,, Constituent Parsing Decoder, Dependency Parsing Decoder",10,102,11,72,6,1.0,what,False,False,True
train,1416,436,What is the criteria for a good metric?,extractive,1,"The first one is that it should be highly correlated with human judgement of similarity. The second one is that it should be able to distinguish sentences which are in logical contradiction, logically unrelated or in logical agreement. The third one is that a robust evaluator should also be able to identify unintelligible sentences. The last criteria is that a good evaluation metric should not give high scores to semantically distant sentences and low scores to semantically related sentences.",79,497,8,39,3,1.0,what,False,False,False
train,1417,436,What are the three limitations?,extractive,1,"High scores to semantically opposite translations/summaries, Low scores to semantically related translations/summaries and High scores to unintelligible translations/summaries.",21,176,5,31,2,1.0,what,True,False,False
train,294,81,What were the non-neural baselines used for the task?,free_form,1,The Lemming model in ,4,21,9,53,4,0.8889,what,False,False,False
train,2299,875,How much performance improvements they achieve on SQuAD?,free_form,1,Compared to baselines SAN (Table 1) shows  improvement of 1.096% on EM and 0.689% F1. Compared to other published SQuAD results (Table 2) SAN is ranked second. ,29,160,8,56,5,1.0,how_many,False,False,False
train,778,223,By how much does SPNet outperforms state-of-the-art abstractive summarization methods on evaluation metrics?,free_form,1,"SPNet vs best baseline:
ROUGE-1: 90.97 vs 90.68
CIC: 70.45 vs 70.25",16,67,13,108,9,1.0,how,False,True,False
train,779,223,What automatic and human evaluation metrics are used to compare SPNet to its counterparts?,extractive,1,"ROUGE and CIC, relevance, conciseness and readability on a 1 to 5 scale, and rank the summary pair",18,98,14,90,8,0.9286,what,False,True,True
train,780,223,"Is it expected to have speaker role, semantic slot and dialog domain annotations in real world datasets?",free_form,1,"Not at the moment, but summaries can be additionaly extended with this annotations.",13,83,17,104,11,1.0,boolean,False,False,True
train,781,223,"How does SPNet utilize additional speaker role, semantic slot and dialog domain annotations?",extractive,1,"Our encoder-decoder framework employs separate encoding for different speakers in the dialog., We integrate semantic slot scaffold by performing delexicalization on original dialogs., We integrate dialog domain scaffold through a multi-task framework.",32,251,13,92,10,1.0,how,False,False,True
train,782,223,What are previous state-of-the-art document summarization methods used?,extractive,1,"Pointer-Generator, Transformer",2,30,8,71,6,1.0,what,False,False,False
train,783,223,How does new evaluation metric considers critical informative entities?,free_form,1,Answer with content missing: (formula for CIC) it accounts for the most important information within each dialog domain. CIC can be applied to any summarization task with predefined essential entities,30,200,9,71,7,1.0,how,False,False,False
train,784,223,Is new evaluation metric extension of ROGUE?,yes_no,1,No,1,2,7,44,5,1.0,boolean,False,False,False
train,1528,478,How big are improvements with multilingual ASR training vs single language training?,extractive,1,relative WER improvement of 10%.,5,32,12,84,9,0.9167,how,False,True,False
train,1529,478,How much transcribed data is available for for Ainu language?,free_form,1,Transcribed data is available for duration of 38h 54m 38s for 8 speakers.,13,73,10,61,6,0.9,how_many,False,False,False
train,1530,478,What is the difference between speaker-open and speaker-closed setting?,extractive,1,"In the speaker-closed condition, two episodes were set aside from each speaker as development and test sets., In the speaker-open condition, all the data except for the test speaker's were used for training",34,206,9,71,4,1.0,what,False,True,True
train,1843,611,what experiments are conducted?,extractive,1,a reliability study for the proposed scheme,7,43,4,31,2,1.0,what,False,False,False
train,1844,611,what opportunities are highlighted?,extractive,1,"Our annotation scheme introduces opportunities for the educational community to conduct further research , Once automated classifiers are developed, such relations between talk and learning can be examined at scale, automatic labeling via a standard coding scheme can support the generalization of findings across studies, and potentially lead to automated tools for teachers and students, collecting and annotating corpora that can be used by the NLP community to advance the field in this particular area",74,506,4,35,2,1.0,what,False,False,False
train,1845,611,how do they measure discussion quality?,free_form,1,"Measuring three aspects: argumentation, specificity and knowledge domain.",8,73,6,39,3,1.0,how,False,False,False
train,1846,611,do they use a crowdsourcing platform?,yes_no,1,No,1,2,6,37,3,1.0,boolean,False,False,False
train,1224,376,How much in experiments is performance improved for models trained with generated adversarial examples?,free_form,1,"Answer with content missing: (Table 1) The performance of all the target models raises significantly, while that on the original
examples remain comparable (e.g. the overall accuracy of BERT on modified examples raises from 24.1% to 66.0% on Quora)",42,248,14,103,9,1.0,how_many,False,False,False
train,1225,376,How much dramatically results drop for models on generated adversarial examples?,extractive,1,BERT on Quora drops from 94.6% to 24.1%,10,39,11,80,8,1.0,how_many,False,False,False
train,1226,376,What is discriminator in this generative adversarial setup?,extractive,1,current model,2,13,8,59,4,1.0,what,False,False,False
train,1227,376,What are benhmark datasets for paraphrase identification?,extractive,1,"Quora, MRPC",2,11,7,57,4,1.0,what,False,False,False
train,2051,709,What is the metric that is measures in this paper?,free_form,1,error rate in a minimal pair ABX discrimination task,9,52,10,50,3,0.9,what,False,False,False
train,1465,456,Do the authors report on English datasets only?,yes_no,1,Yes,1,3,8,47,4,1.0,boolean,False,False,False
train,1466,456,Which supervised learning algorithms are used in the experiments?,extractive,1,"Logistic Regression (LR), Random Forest (RF), Support Vector Machines (SVM)",10,75,9,65,5,1.0,which,False,False,False
train,1467,456,How in YouTube content translated into a vector format?,extractive,1,words extracted from YouTube video comments and descriptions for all YouTube videos shared in the user's timeline,18,113,9,55,5,1.0,how,False,False,False
train,1468,456,How is the ground truth of gang membership established in this dataset?,extractive,1,"text in their tweets and profile descriptions, their emoji use, their profile images, and music interests embodied by links to YouTube music videos, can help a classifier distinguish between gang and non-gang member profiles",34,224,12,71,6,1.0,how,False,False,False
train,1049,311,Do they use pretrained models as part of their parser?,yes_no,1,Yes,1,3,10,54,5,1.0,boolean,False,False,False
train,1050,311,Which subtasks do they evaluate on?,extractive,1,"entity recognition, semantic role labeling and co-reference resolution",8,70,6,35,2,1.0,which,False,False,False
train,1956,659,How were the feature representations evaluated?,extractive,1,"attention probes, using visualizations of the activations created by different pieces of text",13,93,6,47,3,1.0,how,False,False,False
train,1957,659,What linguistic features were probed for?,extractive,1,"dependency relation between two words, word sense",7,49,6,41,3,1.0,what,False,False,False
train,88,23,What misbehavior is identified?,extractive,1,"if the attention loose track of the objects in the picture and ""gets lost"", the model still takes it into account and somehow overrides the information brought by the text-based annotations",31,189,4,31,2,1.0,what,False,False,False
train,89,23,Which attention mechanisms do they compare?,extractive,1,"Soft attention, Hard Stochastic attention, Local Attention",7,58,6,43,3,1.0,which,False,True,False
train,291,80,Does the system trained only using XR loss outperform the fully supervised neural system?,yes_no,1,Yes,1,3,14,89,10,0.8571,boolean,False,True,False
train,292,80,How accurate is the aspect based sentiment classifier trained only using the XR loss?,free_form,1,"BiLSTM-XR-Dev Estimation accuracy is 83.31 for SemEval-15 and 87.68 for SemEval-16.
BiLSTM-XR accuracy is 83.31 for SemEval-15 and 88.12 for SemEval-16.
",25,153,14,85,9,0.9286,how,False,False,False
train,293,80,How is the expectation regularization loss defined?,extractive,1,DISPLAYFORM0,1,12,7,51,4,1.0,how,False,False,False
train,2170,777,What are the baselines?,free_form,1,"CNN, LSTM, BERT",3,15,4,23,1,1.0,what,False,False,False
train,133,39,what are the advantages of the proposed model?,extractive,1,"he proposed model outperforms all the baselines, being the svi version the one that performs best., the svi version converges much faster to higher values of the log marginal likelihood when compared to the batch version, which reflects the efficiency of the svi algorithm.",44,273,8,46,3,0.875,what,False,False,False
train,134,39,what are the state of the art approaches?,extractive,1,"Bosch 2006 (mv), LDA + LogReg (mv), LDA + Raykar, LDA + Rodrigues, Blei 2003 (mv), sLDA (mv)",15,92,8,41,3,0.875,what,False,False,False
train,135,39,what datasets were used?,extractive,1,"Reuters-21578 , LabelMe , 20-Newsgroups benchmark corpus ",5,57,4,24,2,1.0,what,False,False,False
train,73,19,Do they report results only on English datasets?,yes_no,1,Yes,1,3,8,48,4,1.0,boolean,False,False,False
train,74,19,How do the authors define or exemplify 'incorrect words'?,free_form,1,typos in spellings or ungrammatical words,6,41,9,57,5,1.0,how,False,False,True
train,75,19,Do they test their approach on a dataset without incomplete data?,yes_no,1,No,1,2,11,65,6,1.0,boolean,False,False,False
train,76,19,Should their approach be applied only when dealing with incomplete data?,yes_no,1,No,1,2,11,72,5,1.0,boolean,False,False,False
train,77,19,By how much do they outperform other models in the sentiment in intent classification tasks?,free_form,1,In the sentiment classification task by 6% to 8% and in the intent classification task by 0.94% on average,20,106,15,92,7,0.9333,how,False,True,False
train,2289,863,Do they use a neural model for their task?,yes_no,1,No,1,2,9,42,4,1.0,boolean,False,False,False
train,78,20,What is the sample size of people used to measure user satisfaction?,extractive,1,"34,432 user conversations",4,25,12,68,7,1.0,what,False,False,False
train,79,20,What are all the metrics to measure user engagement?,extractive,1,"overall rating, mean number of turns",6,36,9,52,4,1.0,what,False,False,False
train,80,20,What the system designs introduced?,extractive,1,"Amazon Conversational Bot Toolkit, natural language understanding (NLU) (nlu) module, dialog manager, knowledge bases, natural language generation (NLG) (nlg) module, text to speech (TTS) (tts)",25,193,5,35,3,1.0,what,False,False,False
train,81,20,Do they specify the model they use for Gunrock?,yes_no,1,No,1,2,9,47,4,0.8889,boolean,False,False,False
train,82,20,Do they gather explicit user satisfaction data on Gunrock?,yes_no,1,Yes,1,3,9,58,6,1.0,boolean,False,False,False
train,83,20,How do they correlate user backstory queries to user satisfaction?,extractive,1,"modeled the relationship between word count and the two metrics of user engagement (overall rating, mean number of turns) in separate linear regressions",23,152,10,66,6,0.9,how,False,False,False
train,2304,880,What is the baseline?,free_form,1,The baseline is a multi-task architecture inspired by another paper.,10,68,4,21,1,1.0,what,False,True,False
train,2305,880,What is the unsupervised task in the final layer?,extractive,1,Language Modeling,2,17,9,49,4,0.8889,what,False,False,False
train,2306,880,How many supervised tasks are used?,extractive,1,two,1,3,6,35,4,1.0,how_many,False,False,False
train,2307,880,What is the network architecture?,free_form,1,"The network architecture has a multi-task Bi-Directional Recurrent Neural Network, with an unsupervised sequence labeling task and a low-dimensional embedding layer between tasks. There is a hidden layer after each successive task with skip connections to the senior supervised layers.",40,285,5,33,2,1.0,what,False,False,False
train,2011,685,How do they measure correlation between the prediction and explanation quality?,free_form,1,They look at the performance accuracy of explanation and the prediction performance,12,83,11,79,5,1.0,how,False,False,True
train,2012,685,Does the Agent ask for a value of a variable using natural language generated text?,yes_no,1,Yes,1,3,15,83,9,0.9333,boolean,False,False,False
train,2037,699,How big is the provided treebank?,free_form,1,"1448 sentences more than the dataset from Bhat et al., 2017",11,59,6,33,3,1.0,how,False,False,False
train,1976,671,What evaluation metric is used?,free_form,1,F1 and Weighted-F1,3,18,5,31,3,1.0,what,False,False,False
train,1977,671,What datasets are used?,extractive,1,The Wikipedia Toxic Comments dataset,5,36,4,23,2,1.0,what,False,False,False
train,520,143,How big is improvement in performances of proposed model over state of the art?,extractive,1,"Compared with the previous SOTA without BERT on SParC, our model improves Ques.Match and Int.Match by $10.6$ and $5.4$ points, respectively.",25,140,14,79,7,0.9286,how,False,False,False
train,521,143,What two large datasets are used for evaluation?,extractive,1,SParC  and CoSQL ,3,17,8,48,5,1.0,what,True,False,False
train,522,143,What context modelling methods are evaluated?,free_form,1,"Concat
Turn
Gate
Action Copy
Tree Copy
SQL Attn
Concat + Action Copy
Concat + Tree Copy
Concat + SQL Attn
Turn + Action Copy
Turn + Tree Copy
Turn + SQL Attn
Turn + SQL Attn + Action Copy",32,187,6,45,4,1.0,what,False,False,False
train,523,143,What are two datasets models are tested on?,extractive,1,SParC  and CoSQL ,3,17,8,43,4,0.875,what,True,False,False
train,1020,301,What open relation extraction tasks did they experiment on?,extractive,1,"verb/preposition-based relation, nominal attribute, descriptive phrase and hyponymy relation.",10,93,9,59,5,1.0,what,False,False,False
train,1021,301,How is Logician different from traditional seq2seq models?,extractive,1,"restricted copy mechanism to ensure literally honestness, coverage mechanism to alleviate the under extraction and over extraction problem, and gated dependency attention mechanism to incorporate dependency information",27,218,8,58,5,1.0,how,False,False,False
train,1022,301,What's the size of the previous largest OpenIE dataset?,extractive,1,"3,200 sentences",3,15,10,55,5,0.9,what,False,False,False
train,2272,844,Can the approach be generalized to other technical domains as well?,free_form,1,"There is no reason to think that this approach wouldn't also be successful for other technical domains. Technical terms are replaced with tokens, therefore so as long as there is a corresponding process for identifying and replacing technical terms in the new domain this approach could be viable.",49,297,11,67,6,1.0,boolean,False,False,False
train,1951,656,Do they propose any solution to debias the embeddings?,yes_no,1,No,1,2,9,54,4,1.0,boolean,False,False,False
train,1129,339,Does model uses pretrained Transformer encoders?,yes_no,1,No,1,2,6,48,5,1.0,boolean,False,False,False
train,1130,339,What was previous state of the art model?,extractive,1,LSTM-based RNN-T,2,16,8,41,4,1.0,what,False,False,False
train,1131,339,How big is LibriSpeech dataset?,extractive,1,970 hours of audio data with corresponding text transcripts (around 10M word tokens) and an additional 800M word token text only dataset,22,136,5,31,3,1.0,how,False,False,False
train,1969,668,What evaluation metrics do they use?,extractive,1,"Precision, Recall and INLINEFORM0 score",5,39,6,36,3,1.0,what,False,False,False
train,1970,668,Do they use BERT?,yes_no,1,No,1,2,4,17,2,1.0,boolean,False,False,False
train,1971,668,What is their baseline?,extractive,1,"Burckhardt et al. , Liu et al. , Dernoncourt et al. , Yang et al. ",12,66,4,23,1,1.0,what,False,True,False
train,1972,668,Which two datasets is the system tested on?,extractive,1,"2014 i2b2 de-identification challenge data set , nursing notes corpus ",9,70,8,43,4,1.0,which,True,False,False
train,1879,626,What are the weaknesses of their proposed interpretability quantification method?,free_form,1,can be biased by dataset used and may generate categories which are suboptimal compared to human designed categories,18,116,10,81,5,1.0,what,False,False,False
train,1880,626,What advantages does their proposed method of quantifying interpretability have over the human-in-the-loop evaluation they compare to?,free_form,1,it is less expensive and quantifies interpretability using continuous values rather than binary evaluations,14,107,17,134,8,1.0,what,False,True,False
train,1768,579,What data do they train the language models on?,extractive,1,BABEL speech corpus,3,19,9,47,4,1.0,what,False,False,False
train,1769,579,Do they report BLEU scores?,yes_no,1,No,1,2,5,27,3,1.0,boolean,False,False,False
train,1770,579,What languages do they use?,free_form,1,"Train languages are: Cantonese, Bengali, Pashto, Turkish, Vietnamese, Haitian, Tamil, Kurdish, Tokpisin and Georgian, while Assamese, Tagalog, Swahili, Lao are used as target languages.",24,185,5,27,2,1.0,what,False,False,False
train,1771,579,What architectures are explored to improve the seq2seq model?,extractive,1,"VGG-BLSTM, character-level RNNLM",3,32,9,61,5,1.0,what,False,False,False
train,2259,835,Do they use pretrained word representations in their neural network models?,yes_no,1,No,1,2,11,75,7,1.0,boolean,False,False,False
train,2260,835,How do they combine the two proposed neural network models?,extractive,1,"ncorporating NNGLM and NNJM both independently and jointly into, baseline system",11,80,10,59,6,1.0,how,True,False,False
train,2261,835,Which dataset do they evaluate grammatical error correction on?,extractive,1,CoNLL 2014,2,10,9,63,5,1.0,which,False,False,False
train,1831,605,How many roles are proposed?,free_form,1,12,1,2,5,28,3,1.0,how_many,False,False,False
train,1142,343,Is this the first paper to propose a joint model for event and temporal relation extraction?,yes_no,1,Yes,1,3,16,92,9,1.0,boolean,True,False,True
train,1143,343,What datasets were used for this work?,extractive,1,"TB-Dense, MATRES",2,16,7,38,3,1.0,what,False,False,False
train,157,46,what amounts of size were used on german-english?,free_form,1,"Training data with 159000, 80000, 40000, 20000, 10000 and 5000 sentences, and 7584 sentences for development",16,108,8,49,4,1.0,what,False,False,False
train,158,46,what were their experimental results in the low-resource dataset?,extractive,1,10.37 BLEU,3,10,9,65,4,1.0,what,False,False,False
train,159,46,what are the methods they compare with in the korean-english dataset?,extractive,1,gu-EtAl:2018:EMNLP1,3,19,11,69,4,0.9091,what,False,True,False
train,160,46,what pitfalls are mentioned in the paper?,extractive,1,"highly data-inefficient, underperform phrase-based statistical machine translation",7,82,7,41,3,1.0,what,False,False,False
train,2180,786,What SMT models did they look at?,extractive,1,automatic translator with Moses,4,31,7,33,3,1.0,what,False,False,False
train,2181,786,Which NMT models did they experiment with?,extractive,1,2-layer LSTM model with 500 hidden units in both encoder and decoder,12,68,7,42,3,1.0,which,False,False,False
train,1859,616,What is the TREC-CAR dataset?,extractive,1,"in this dataset, the input query is the concatenation of a Wikipedia article title with the title of one of its section. The relevant passages are the paragraphs within that section",31,181,5,29,2,1.0,what,False,False,False
train,2292,866,What are dilated convolutions?,free_form,1,Similar to standard convolutional networks but instead they skip some input values effectively operating on a broader scale.,18,124,4,30,2,1.0,what,False,False,False
train,1786,586,What datasets are used for experiments on three other tasks?,extractive,1,"VATEX, WMT 2014 English-to-German, and VQA-v2 datasets",7,54,10,60,5,1.0,what,True,False,False
train,527,146,Do they build a model to recognize discourse relations on their dataset?,yes_no,1,No,1,2,12,72,6,1.0,boolean,False,False,False
train,528,146,Which inter-annotator metric do they use?,extractive,1,"agreement rates, Kappa value",4,28,6,41,3,1.0,which,False,False,False
train,529,146,How high is the inter-annotator agreement?,extractive,1,agreement of 0.85 and Kappa value of 0.83,10,41,6,42,3,1.0,how,False,False,False
train,530,146,How are resources adapted to properties of Chinese text?,extractive,1,removing AltLexC and adding Progression into our sense hierarchy,9,64,9,56,5,1.0,how,False,False,False
train,2274,846,What dataset they use for evaluation?,free_form,1,The same 2K set from Gigaword used in ,8,38,6,37,3,1.0,what,False,False,False
train,1469,457,Do they evaluate ablated versions of their CNN+RNN model?,yes_no,1,No,1,2,10,57,6,1.0,boolean,False,False,False
train,806,229,what standard speech transcription pipeline was used?,extractive,1,pipeline that is used at Microsoft for production data,9,54,7,53,5,1.0,what,False,False,False
train,136,40,How was the dataset collected?,extractive,1,"Database Construction: we crawled travel information in Beijing from the Web, including Hotel, Attraction, and Restaurant domains (hereafter we name the three domains as HAR domains). Then, we used the metro information of entities in HAR domains to build the metro database. , Goal Generation: a multi-domain goal generator was designed based on the database. The relation across domains is captured in two ways. One is to constrain two targets that locate near each other. The other is to use a taxi or metro to commute between two targets in HAR domains mentioned in the context., Dialogue Collection: before the formal data collection starts, we required the workers to make a small number of dialogues and gave them feedback about the dialogue quality. Then, well-trained workers were paired to converse according to the given goals. The workers were also asked to annotate both user states and system states., Dialogue Annotation: we used some rules to automatically annotate dialogue acts according to user states, system states, and dialogue histories.",167,1060,5,30,2,1.0,how,False,False,False
train,137,40,What are the benchmark models?,extractive,1,"BERTNLU from ConvLab-2, a rule-based model (RuleDST) , TRADE (Transferable Dialogue State Generator) , a vanilla policy trained in a supervised fashion from ConvLab-2 (SL policy)",24,178,5,30,2,1.0,what,False,False,False
train,138,40,How was the corpus annotated?,extractive,1,"The workers were also asked to annotate both user states and system states, we used some rules to automatically annotate dialogue acts according to user states, system states, and dialogue histories",31,198,5,29,2,1.0,how,False,False,False
train,1780,584,What is the model accuracy?,extractive,1,"Overall, our AMRAN outperforms all baselines, achieving 0.657 HR@10 and 0.410 NDCG@10.",16,86,5,27,2,1.0,what,False,False,False
train,1781,584,What dataset is used?,extractive,1,Twitter dataset obtained from the authors of ,7,45,4,21,2,1.0,what,False,False,False
train,1875,624,What models do they compare to?,extractive,1,"LEAD, QUERY_SIM, MultiMR, SVR, DocEmb, ISOLATION",6,48,6,31,2,1.0,what,False,True,False
train,1116,335,Do they evaluate only on English datasets?,yes_no,1,Yes,1,3,7,42,3,1.0,boolean,False,False,False
train,1117,335,Which patterns and rules are derived?,extractive,1,"A request for information act should be issued early in a conversation, followed by an answer, informative statement, or apology towards the end of the conversation, offering extra help at the end of a conversation, or thanking the customer yields more satisfied customers, and more resolved problems , asking yes-no questions early-on in a conversation is highly associated with problem resolution (ratio 3:1), but asking them at the end of a conversation has as similarly strong association with unsatisfied customers, Giving elaborate answers that are not a simple affirmative, negative, or response acknowledgement (i.e. Answer (Other)) towards the middle of a conversation leads to satisfied customers that are not frustrated, requesting information towards the end of a conversation (implying that more information is still necessary at the termination of the dialogue) leads to unsatisfied and unresolved customers",138,921,6,37,3,1.0,which,False,False,True
train,1118,335,"How are customer satisfaction, customer frustration and overall problem resolution data collected?",free_form,1,By annotators on Amazon Mechanical Turk.,6,40,12,98,9,0.9167,how,False,False,True
train,1119,335,Which Twitter customer service industries are investigated?,extractive,1,"four different companies in the telecommunication, electronics, and insurance industries",10,88,7,59,5,1.0,which,False,False,False
train,1120,335,Which dialogue acts are more suited to the twitter domain?,extractive,1,overlapping dialogue acts,3,25,10,58,5,1.0,which,False,False,False
train,1149,347,How big is dataset used for fine-tuning model for detection of red flag medical symptoms in individual statements?,extractive,1,"a total of 2,560 pseudo-tweets in three different languages: Japanese (ja), English (en) and Chinese (zh)",17,105,18,114,12,0.9444,how,False,False,False
train,1150,347,Is there any explanation why some choice of language pair is better than the other?,extractive,1,translations that were reasonable but not consistent with the labels,10,68,15,83,5,0.9333,boolean,False,True,False
train,1711,552,Which of their proposed attention methods works better overall?,extractive,1,attention parsing,2,17,9,63,6,1.0,which,False,True,False
train,1712,552,Which dataset of texts do they use?,extractive,1,"Cora, Hepth, Zhihu",3,18,7,35,3,1.0,which,False,False,False
train,1713,552,Do they measure how well they perform on longer sequences specifically?,yes_no,1,Yes,1,3,11,71,6,0.9091,boolean,False,False,False
train,1714,552,Which other embeddings do they compare against?,extractive,1,"MMB, DeepWalk, LINE, Node2vec, TADW, CENE, CANE, WANE, DMTE",9,59,7,47,2,1.0,which,False,True,False
train,765,215,Do they compare DeepER against other approaches?,yes_no,1,Yes,1,3,7,48,3,1.0,boolean,False,True,False
train,766,215,How is the data in RAFAEL labelled?,free_form,1,"Using a set of annotation tools such as Morfeusz, PANTERA, Spejd, NERF and Liner",14,80,7,35,3,1.0,how,False,False,False
train,767,215,How do they handle polysemous words in their entity library?,extractive,1,only the first word sense (usually the most common) is taken into account,13,73,10,60,5,1.0,how,False,False,False
train,2276,848,Which regions of the United States do they consider?,free_form,1,all regions except those that are colored black,8,47,9,52,4,1.0,which,False,False,False
train,935,272,What are the results of the experiment?,free_form,1,"They were able to create a language model from the dataset, but did not test.",15,77,7,39,2,0.8571,what,False,False,False
train,936,272,How was the dataset collected?,free_form,1,extracted text from Sorani Kurdish books of primary school and randomly created sentences,13,89,5,30,2,1.0,how,False,False,False
train,937,272,What is the size of the dataset?,extractive,1,2000 sentences,2,14,7,32,2,0.8571,what,False,False,False
train,938,272,How many annotators participated?,free_form,1,1,1,1,4,33,3,1.0,how_many,False,False,False
train,939,272,How long is the dataset?,extractive,1,2000,1,4,5,24,2,1.0,how,False,False,False
train,2132,751,How different is the dataset size of source and target?,free_form,1,the training dataset is large while the target dataset is usually much smaller,13,78,10,55,5,1.0,how,False,False,True
train,2302,878,What are three challenging tasks authors evaluated their sequentially aligned representations?,extractive,1,"paper acceptance prediction, Named Entity Recognition (NER), author stance prediction",10,85,11,94,8,1.0,what,True,False,False
train,1629,519,did they use other pretrained language models besides bert?,yes_no,1,Yes,1,3,9,59,6,1.0,boolean,False,False,False
train,1630,519,how was the dataset built?,free_form,1,"Questions are gathered from anonymized, aggregated queries to the Google search engine. Queries that are likely to be yes/no questions are heuristically identified: we found selecting queries where the first word is in a manually constructed set of indicator words and are of sufficient length, to be effective. Questions are only kept if a Wikipedia page is returned as one of the first five results, in which case the question and Wikipedia page are given to a human annotator for further processing. Annotators label question/article pairs in a three-step process. First, they decide if the question is good, meaning it is comprehensible, unambiguous, and requesting factual information. This judgment is made before the annotator sees the Wikipedia page. Next, for good questions, annotators find a passage within the document that contains enough information to answer the question. Annotators can mark questions as “not answerable"" if the Wikipedia article does not contain the requested information. Finally, annotators mark whether the question's answer is “yes"" or “no""",168,1078,5,26,2,1.0,how,False,False,False
train,1631,519,what is the size of BoolQ dataset?,extractive,1,16k questions,2,13,7,34,3,1.0,what,False,False,False
train,596,163,How is performance of this system measured?,free_form,1,using the BLEU score as a quantitative metric and human evaluation for quality,13,78,7,43,3,1.0,how,False,False,False
train,597,163,How many questions per image on average are available in dataset?,extractive,1,5 questions per image,4,21,11,65,7,1.0,how_many,False,False,False
train,598,163,Is machine learning system underneath similar to image caption ML systems?,yes_no,1,Yes,1,3,11,74,9,1.0,boolean,False,False,False
train,599,163,How big dataset is used for training this system?,free_form,1,"For the question generation model 15,000 images with 75,000 questions. For the chatbot model, around 460k utterances over 230k dialogues.",22,137,9,49,5,1.0,how,False,False,False
train,2093,730,Was the system only evaluated over the second shared task?,yes_no,1,No,1,2,10,58,5,0.9,boolean,True,False,False
train,1673,540,Which dataset do they use?,extractive,1,parallel data available for the WMT 2016,7,40,5,26,2,1.0,which,False,False,False
train,1674,540,How is the PBMT system trained?,extractive,1,systems were optimized on the tst2014 using Minimum error rate training ,11,72,6,31,3,1.0,how,False,False,False
train,1675,540,Which NMT architecture do they use?,extractive,1,"trained using Nematus, default configuration",5,44,6,35,3,1.0,which,False,False,False
train,1676,540,Do they train the NMT model on PBMT outputs?,yes_no,1,Yes,1,3,9,44,5,1.0,boolean,False,False,False
train,802,228,How do they measure the diversity of inferences?,free_form,1,by number of distinct n-grams,5,29,8,48,3,1.0,how,False,False,False
train,803,228,By how much do they improve the accuracy of inferences over state-of-the-art methods?,free_form,1,"ON Event2Mind, the accuracy of proposed method is improved by  absolute BLUE  2.9,  10.87, 1.79 for xIntent, xReact and oReact respectively.
On Atomic dataset, the accuracy of proposed method is improved by  absolute BLUE 3.95.   4.11, 4.49 for xIntent, xReact and oReact.respectively.",49,285,13,85,6,1.0,how,False,False,False
train,804,228,Which models do they use as baselines on the Atomic dataset?,extractive,1,"RNN-based Seq2Seq, Variational Seq2Seq, VRNMT , CWVAE-Unpretrained",6,66,11,60,5,1.0,which,False,False,False
train,805,228,How does the context-aware variational autoencoder learn event background information?,free_form,1," CWVAE is trained on an auxiliary dataset to learn the event background information by using the context-aware latent variable.  Then, in finetute stage, CWVAE is trained on the task-specific dataset to adapt the event background information to each specific aspect of If-Then inferential target.",44,296,10,86,7,1.0,how,False,False,False
train,1881,627,How do they gather data for the query explanation problem?,extractive,1,hand crafted by users,4,21,10,58,5,1.0,how,False,False,False
train,1882,627,Which query explanation method was preffered by the users in terms of correctness?,extractive,1,hybrid approach,2,15,13,82,7,1.0,which,False,False,False
train,1883,627,Do they conduct a user study where they show an NL interface with and without their explanation?,yes_no,1,No,1,2,17,96,8,0.9412,boolean,False,False,True
train,130,38,What datasets are used to evaluate this approach?,free_form,1," Kinship and Nations knowledge graphs, YAGO3-10 and WN18KGs knowledge graphs ",10,77,8,49,4,1.0,what,False,False,False
train,131,38,How is this approach used to detect incorrect facts?,extractive,1,"if there is an error in the graph, the triple is likely to be inconsistent with its neighborhood, and thus the model should put least trust on this triple. In other words, the error triple should have the least influence on the model's prediction of the training data.",49,268,9,52,5,1.0,how,False,False,False
train,132,38,Can this adversarial approach be used to directly improve model accuracy?,yes_no,1,Yes,1,3,11,73,8,1.0,boolean,False,False,False
train,1992,680,What pre-trained models did they compare to?,extractive,1,"BERT, ERNIE, and BERT-wwm",4,25,7,44,3,1.0,what,False,True,False
train,1993,680,How does the fusion method work?,extractive,1,"ttention vector sequence is segmented into several subsequences and each subsequence represents the attention of one word, we devise an appropriate aggregation module to fuse the inner-word character attention",29,209,6,32,3,1.0,how,False,False,False
train,1994,680,What dataset did they use?,free_form,1,"weibo-100k, Ontonotes, LCQMC and XNLI",5,37,5,26,2,1.0,what,False,False,False
train,1995,680,What benchmarks did they experiment on?,extractive,1,"Emotion Classification (EC), Named Entity Recognition (NER), Sentence Pair Matching (SPM), Natural Language Inference (NLI)",15,123,6,39,2,1.0,what,False,False,False
train,501,134,Does this approach perform better in the multi-domain or single-domain setting?,free_form,1,single-domain setting,2,21,11,79,6,1.0,boolean,False,True,True
train,502,134,What are the performance metrics used?,extractive,1,joint goal accuracy,3,19,6,38,3,1.0,what,False,False,False
train,503,134,Which datasets are used to evaluate performance?,extractive,1,"the single domain dataset, WoZ2.0 , the multi-domain dataset, MultiWoZ",10,70,7,48,4,1.0,which,False,False,False
train,2044,705,On what data is the model evaluated?,extractive,1,"D-IMDB (derived from large scale IMDB data snapshot), D-FB (derived from large scale Freebase data snapshot)",16,108,7,36,3,1.0,what,False,False,False
train,866,248,What are their results on the entity recognition task?,extractive,1,"With both test sets performances decrease, varying between 94-97%",9,65,9,54,4,1.0,what,False,False,False
train,867,248,What task-specific features are used?,extractive,1,"6)Contributor first names, 7)Contributor last names, 8)Contributor types (""soprano"", ""violinist"", etc.), 9)Classical work types (""symphony"", ""overture"", etc.), 10)Musical instruments, 11)Opus forms (""op"", ""opus""), 12)Work number forms (""no"", ""number""), 13)Work keys (""C"", ""D"", ""E"", ""F"" , ""G"" , ""A"", ""B"", ""flat"", ""sharp""), 14)Work Modes (""major"", ""minor"", ""m"")",53,359,5,37,3,1.0,what,False,False,False
train,868,248,What kind of corpus-based features are taken into account?,extractive,1,"standard linguistic features, such as Part-Of-Speech (POS) and chunk tag, series of features representing tokens' left and right context",19,136,9,58,5,1.0,what,False,False,False
train,869,248,Which machine learning algorithms did the explore?,extractive,1,biLSTM-networks,1,15,7,50,4,1.0,which,False,False,False
train,870,248,What language is the Twitter content in?,free_form,1,English,1,7,7,40,3,1.0,what,False,False,False
train,1368,420,How are their changes evaluated?,free_form,1,The changes are evaluated based on accuracy of intent and entity recognition on SNIPS dataset,15,93,5,32,2,1.0,how,False,False,False
train,102,27,What are the traditional methods to identifying important attributes?,extractive,1,"automated attribute-value extraction, score the attributes using the Bayes model, evaluate their importance with several different frequency metrics, aggregate the weights from different sources into one consistent typicality score using a Ranking SVM model, OntoRank algorithm",36,277,9,69,5,1.0,what,False,False,False
train,103,27,What do you use to calculate word/sub-word embeddings,extractive,1,FastText,1,8,9,53,5,1.0,what,False,False,False
train,316,86,Does pre-training on general text corpus improve performance?,yes_no,1,No,1,2,8,61,6,1.0,boolean,False,False,False
train,317,86,What neural configurations are explored?,extractive,1,"tried many configurations of our network models, but report results with only three configurations, Transformer Type 1, Transformer Type 2, Transformer Type 3",23,158,5,40,3,1.0,what,False,False,False
train,318,86,Are the Transformers masked?,yes_no,1,Yes,1,3,4,28,2,1.0,boolean,False,False,False
train,319,86,How is this problem evaluated?,extractive,1,"BLEU-2, average accuracies over 3 test trials on different randomly sampled test sets",13,85,5,30,2,1.0,how,False,False,False
train,320,86,What datasets do they use?,extractive,1,"AI2 , CC , IL , MAWPS ",4,22,5,26,2,1.0,what,False,False,False
train,2150,767,What are state of the art methods authors compare their work with?,free_form,1,"ISOT dataset: LLVM
Liar dataset: Hybrid CNN and LSTM with attention",11,67,12,66,6,1.0,what,False,True,False
train,1787,587,In which setting they achieve the state of the art?,free_form,1,in open-ended task esp. for counting-type questions ,7,52,10,51,4,0.9,which,False,False,False
train,1788,587,What accuracy do they approach with their proposed method?,extractive,1,our method still can improve the state-of-the-art accuracy  from 60.32% to 60.34%,14,81,9,58,4,1.0,what,False,False,False
train,1789,587,What they formulate the question generation as?,free_form,1,LASSO optimization problem,3,26,7,47,3,1.0,what,False,False,False
train,1790,587,What two main modules their approach consists of?,extractive,1,the basic question generation module (Module 1) and co-attention visual question answering module (Module 2),15,108,8,49,5,1.0,what,True,False,False
train,1904,634,What are performance compared to former models?,extractive,1,"model overall still gives 1.0% higher average UAS and LAS than the previous best parser, BIAF, our model reports more than 1.0% higher average UAS than STACKPTR and 0.3% higher than BIAF",35,186,7,47,4,1.0,what,False,True,False
train,1905,634,How faster is training and decoding compared to former models?,free_form,1,"Proposed vs best baseline:
Decoding: 8541 vs 8532 tokens/sec
Training: 8h vs 8h",14,79,10,62,6,1.0,how,False,True,True
train,1921,641,What were the baselines?,extractive,1,"a BiLSTM over all words in the respective sequences with randomly initialised word embeddings, following ",15,105,4,24,1,1.0,what,False,False,False
train,1922,641,What metadata is included?,free_form,1,"besides claim, label and claim url, it also includes a claim ID, reason, category, speaker, checker, tags, claim entities, article title, publish data and claim date",26,165,4,26,2,1.0,what,False,False,False
train,218,62,Did the authors use crowdsourcing platforms?,yes_no,1,Yes,1,3,6,44,4,1.0,boolean,False,False,False
train,219,62,How was the dataset collected?,extractive,1,crowd-sourced the collection of the dataset on Amazon Mechanical Turk (MTurk),11,77,5,30,2,1.0,how,False,False,False
train,220,62,What language do the agents talk in?,free_form,1,English,1,7,7,36,3,1.0,what,False,False,False
train,221,62,What evaluation metrics did the authors look at?,extractive,1,localization accuracy,2,21,8,48,4,1.0,what,False,False,False
train,222,62,What data did they use?,extractive,1,"dataset on Mechanical Turk involving human perception, action and communication",10,79,5,23,2,1.0,what,False,False,False
train,715,197,Does the paper mention other works proposing methods to detect anglicisms in Spanish?,yes_no,1,Yes,1,3,13,85,8,1.0,boolean,False,False,False
train,716,197,What is the performance of the CRF model on the task described?,extractive,1,"the results obtained on development and test set (F1 = 89.60, F1 = 87.82) and the results on the supplemental test set (F1 = 71.49)",25,131,12,63,5,0.8333,what,False,False,False
train,717,197,Does the paper motivate the use of CRF as the baseline model?,extractive,1,"the task of detecting anglicisms can be approached as a sequence labeling problem where only certain spans of texts will be labeled as anglicism (in a similar way to an NER task). The chosen model was conditional random field model (CRF), which was also the most popular model in both Shared Tasks on Language Identification for Code-Switched Data",58,347,12,61,6,0.8333,boolean,False,True,False
train,718,197,What are the handcrafted features used?,extractive,1,"Bias feature, Token feature, Uppercase feature (y/n), Titlecase feature (y/n), Character trigram feature, Quotation feature (y/n), Word suffix feature (last three characters), POS tag (provided by spaCy utilities), Word shape (provided by spaCy utilities), Word embedding (see Table TABREF26)",42,292,6,39,3,1.0,what,False,False,False
train,230,65,How many label options are there in the multi-label task?,extractive,1,two labels,2,10,10,57,5,1.0,how_many,False,False,False
train,231,65,Who are the experts?,extractive,1,political pundits of the Washington Post,6,40,4,20,1,1.0,who,False,False,False
train,232,65,Who is the crowd in these experiments?,extractive,1,peoples' sentiments expressed over social media,6,47,7,38,2,1.0,who,False,False,False
train,233,65,How do you establish the ground truth of who won a debate?,extractive,1,experts in Washington Post,4,26,12,58,5,1.0,how,False,False,False
train,2098,734,Do the authors test their annotation projection techniques on tasks other than AMR?,yes_no,1,No,1,2,13,83,7,1.0,boolean,False,False,False
train,2099,734,How is annotation projection done when languages have different word order?,free_form,1,"Word alignments are generated for parallel text, and aligned words are assumed to also share AMR node alignments.",18,113,11,75,7,1.0,how,False,False,False
train,365,98,What was the performance of both approaches on their dataset?,free_form,1,ERR of 19.05 with i-vectors and 15.52 with x-vectors,11,52,10,61,3,1.0,what,False,False,False
train,366,98,What kind of settings do the utterances come from?,extractive,1,"entertainment, interview, singing, play, movie, vlog, live broadcast, speech, drama, recitation and advertisement",13,113,9,50,4,1.0,what,False,False,False
train,367,98,What genres are covered?,free_form,1,"genre, entertainment, interview, singing, play, movie, vlog, live broadcast, speech, drama, recitation and advertisement",14,120,4,24,2,1.0,what,False,False,False
train,368,98,Do they experiment with cross-genre setups?,yes_no,1,No,1,2,6,43,3,1.0,boolean,False,False,False
train,369,98,Which of the two speech recognition models works better overall on CN-Celeb?,free_form,1,x-vector,1,8,12,76,8,1.0,which,True,True,False
train,370,98,By how much is performance on CN-Celeb inferior to performance on VoxCeleb?,free_form,1,"For i-vector system, performances are 11.75% inferior to voxceleb. For x-vector system, performances are 10.74% inferior to voxceleb",20,132,12,75,6,0.8333,how,False,False,False
train,48,11,Do the authors mention any possible confounds in this study?,yes_no,1,No,1,2,10,60,5,1.0,boolean,False,False,False
train,49,11,How is the intensity of the PTSD established?,free_form,1,"Given we have four intensity, No PTSD, Low Risk PTSD, Moderate Risk PTSD and High Risk PTSD with a score of 0, 1, 2 and 3 respectively, the estimated intensity  is established as mean  squared error.",36,199,8,45,3,0.875,how,False,False,False
train,50,11,How is LIWC incorporated into this system?,extractive,1,"For each user, we calculate the proportion of tweets scored positively by each LIWC category.",15,93,7,42,3,1.0,how,False,False,False
train,51,11,How many twitter users are surveyed using the clinically validated survey?,extractive,1,210,1,3,11,74,8,1.0,how_many,False,False,False
train,52,11,Which clinically validated survey tools are used?,extractive,1,"DOSPERT, BSSS and VIAS",4,22,7,49,5,1.0,which,False,False,False
train,1602,512,What large corpus is used for experiments?,extractive,1,The De7 database,3,16,7,42,4,1.0,what,False,False,False
train,476,128,How many layers do they use in their best performing network?,extractive,1,36,1,2,11,61,6,1.0,how_many,False,False,False
train,477,128,Do they just sum up all the loses the calculate to end up with one single loss?,yes_no,1,No,1,2,17,79,8,0.8824,boolean,True,False,False
train,433,115,What classifier is used for emergency categorization?,extractive,1,multi-class Naive Bayes,3,23,7,53,4,1.0,what,False,False,False
train,434,115,What classifier is used for emergency detection?,extractive,1,SVM,1,3,7,48,4,1.0,what,False,False,False
train,435,115,Do the tweets come from any individual?,yes_no,1,Yes,1,3,7,39,3,1.0,boolean,False,False,False
train,436,115,Are the tweets specific to a region?,yes_no,1,No,1,2,7,36,3,1.0,boolean,False,False,False
train,1292,399,By how much do they outperform basic greedy and cross-entropy beam decoding?,extractive,1,2 accuracy points,3,17,12,76,7,1.0,how,False,True,True
train,1293,399,Do they provide a framework for building a sub-differentiable for any final loss metric?,yes_no,1,Yes,1,3,14,88,7,0.8571,boolean,False,False,False
train,1294,399,Do they compare partially complete sequences (created during steps of beam search) to gold/target sequences?,yes_no,1,Yes,1,3,16,108,11,0.9375,boolean,False,True,False
train,1295,399,Which loss metrics do they try in their new training procedure evaluated on the output of beam search?,extractive,1,continuous relaxation to top-k-argmax,4,37,18,102,10,1.0,which,False,False,False
train,531,147,How better are results compared to baseline models?,free_form,1,F1 score of best authors' model is 55.98 compared to BiLSTM and FastText that have F1 score slighlty higher than 46.61.,23,119,8,51,5,1.0,how,False,True,False
train,532,147,What models that rely only on claim-specific linguistic features are used as baselines?,extractive,1,SVM with RBF kernel,4,19,13,87,7,1.0,what,False,False,False
train,533,147,How is pargmative and discourse context added to the dataset?,extractive,1,"While evaluating the impact of a claim, users have access to the full argument context and therefore, they can assess how impactful a claim is in the given context of an argument.",32,179,10,61,5,1.0,how,False,False,True
train,534,147,What annotations are available in the dataset?,extractive,1,"5 possible impact labels for a particular claim: no impact, low impact, medium impact, high impact and very high impact",20,119,7,46,3,1.0,what,False,False,False
train,2117,744,How they evaluate quality of generated output?,free_form,1,Through human evaluation where they are asked to evaluate the generated output on a likert scale.,16,97,7,46,4,1.0,how,False,False,False
train,2118,744,What automated metrics authors investigate?,extractive,1,"BLEU, Self-BLEU, n-gram based score, probability score",7,54,5,43,4,1.0,what,False,False,False
train,1718,555,What games are used to test author's methods?,extractive,1,"Lurking Horror, Afflicted, Anchorhead, 9:05, TextWorld games",8,60,9,45,5,1.0,what,False,False,False
train,1719,555,How is the domain knowledge transfer represented as knowledge graph?,extractive,1,the knowledge graph is used to prune this space by ranking actions based on their presence in the current knowledge graph and the relations between the objects in the graph as in ,32,179,10,68,6,0.9,how,False,False,False
train,1100,330,Do they evaluate only on English datasets?,yes_no,1,Yes,1,3,7,42,3,1.0,boolean,False,False,False
train,1101,330,What evidence does visualizing the attention give to show that it helps to obtain a more robust understanding of semantics and sentiments?,extractive,1,The different attention distributions suggest that the proposed senti-emoji embedding is capable of recognizing words with strong sentiments that are closely related to the true sentiment even with the presence of words with conflicting sentiments,35,247,22,138,11,0.9545,what,False,False,True
train,1102,330,Which SOTA models are outperformed?,extractive,1,Attention-based LSTM with emojis,4,32,5,35,3,1.0,which,False,False,False
train,1103,330,What is the baseline for experiments?,extractive,1,"LSTM with text embedding, LSTM with emoji embedding, Attention-based LSTM with emojis",12,85,6,37,2,1.0,what,False,True,False
train,1104,330,What is the motivation for training bi-sense embeddings?,extractive,1,"previous emoji embedding methods fail to handle the situation when the semantics or sentiments of the learned emoji embeddings contradict the information from the corresponding contexts  , or when the emojis convey multiple senses of semantics and sentiments",37,258,8,56,4,1.0,what,False,False,False
train,1443,448,What training settings did they try?,extractive,1,"Training and testing are done in alternating steps: In each epoch, for training, we first present to an LSTM network 1000 samples in a given language, which are generated according to a certain discrete probability distribution supported on a closed finite interval. We then freeze all the weights in our model, exhaustively enumerate all the sequences in the language by their lengths, and determine the first $k$ shortest sequences whose outputs the model produces inaccurately. , experimented with 1, 2, 3, and 36 hidden units for $a^n b^n$ ; 2, 3, 4, and 36 hidden units for $a^n b^n c^n$ ; and 3, 4, 5, and 36 hidden units for $a^n b^n c^n d^n$ . , Following the traditional approach adopted by  ,  ,  and many other studies, we train our neural network as follows. At each time step, we present one input character to our model and then ask it to predict the set of next possible characters, based on the current character and the prior hidden states. Given a vocabulary $\mathcal {V}^{(i)}$ of size $d$ , we use a one-hot representation to encode the input values; therefore, all the input vectors are $d$ -dimensional binary vectors. The output values are $(d+1)$ -dimensional though, since they may further contain the termination symbol $\dashv $ , in addition to the symbols in $\mathcal {V}^{(i)}$ . The output values are not always one-hot encoded, because there can be multiple possibilities for the next character in the sequence, therefore we instead use a $k$ -hot representation to encode the output values. Our objective is to minimize the mean-squared error (MSE) of the sequence predictions.",273,1612,6,36,3,1.0,what,False,False,False
train,1444,448,How do they get the formal languages?,free_form,1,These are well-known formal languages some of which was used in the literature to evaluate the learning capabilities of RNNs.,20,125,7,37,3,1.0,how,False,False,False
train,1445,448,Are the unobserved samples from the same distribution as the training data?,yes_no,1,No,1,2,12,75,5,0.8333,boolean,False,False,False
train,1274,391,Do they use pretrained models?,yes_no,1,Yes,1,3,5,30,3,1.0,boolean,False,False,False
train,1275,391,What are their baseline models?,extractive,1,"Majority, ESA, Word2Vec , Binary-BERT",4,37,5,31,2,1.0,what,False,True,False
train,2298,873,Do the experiments explore how various architectures and layers contribute towards certain decisions?,yes_no,1,No,1,2,13,101,9,1.0,boolean,False,False,True
train,2114,741,Is it a neural model? How is it trained?,free_form,1,"No, it is a probabilistic model trained by finding feature weights through gradient ascent",14,90,9,40,3,0.7778,boolean,False,False,False
train,1144,345,What approach performs better in experiments global latent or sequence of fine-grained latent variables?,free_form,1,"PPL: SVT
Diversity: GVT
Embeddings Similarity: SVT
Human Evaluation: SVT",10,72,14,104,10,0.9286,what,False,True,True
train,1145,345,What baselines other than standard transformers are used in experiments?,extractive,1,"attention-based sequence-to-sequence model , CVAE",4,49,10,72,5,1.0,what,False,False,False
train,1146,345,What three conversational datasets are used for evaluation?,extractive,1,"MojiTalk , PersonaChat , Empathetic-Dialogues",3,45,8,59,5,1.0,what,True,False,False
train,2266,840,Does the training dataset provide logical form supervision?,yes_no,1,Yes,1,3,8,59,6,1.0,boolean,False,False,False
train,2267,840,What is the difference between the full test set and the hard test set?,extractive,1,3000 hard samples are selected from the test set,9,48,14,71,7,0.7143,what,False,True,True
train,1168,354,How does framework automatically chooses different curricula at the evolving learning process according to the learning status of the neural dialogue generation model?,extractive,1,"The multi-curricula learning scheme is scheduled according to the model's performance on the validation set, where the scheduling mechanism acts as the policy $\pi $ interacting with the dialogue model to acquire the learning status $s$. The reward of the multi-curricula learning mechanism $m_t$ indicates how well the current dialogue model performs.",52,352,23,167,15,0.8696,how,False,False,False
train,1169,354,What human judgement metrics are used?,extractive,1,"coherence, logical consistency, fluency and diversity",6,53,6,38,4,1.0,what,False,False,False
train,1170,354,What automatic evaluation metrics are used?,extractive,1,"BLEU, embedding-based metrics (Average, Extrema, Greedy and Coherence), , entropy-based metrics (Ent-{1,2}), distinct metrics (Dist-{1,2,3} and Intra-{1,2,3})",24,158,6,43,4,1.0,what,False,False,False
train,1171,354,What state of the art models were used in experiments?,extractive,1,"SEQ2SEQ, CVAE, Transformer, HRED, DialogWAE",5,43,10,54,5,1.0,what,False,False,False
train,1172,354,What five dialogue attributes were analyzed?,extractive,1,"Model Confidence, Continuity, Query-relatedness, Repetitiveness, Specificity",6,76,6,44,4,1.0,what,True,False,False
train,1173,354,What three publicly available coropora are used?,extractive,1,"PersonaChat , DailyDialog , OpenSubtitles ",3,42,7,48,5,1.0,what,True,False,False
train,729,201,What baseline do they compare to?,extractive,1,"For the entailment classifier we compare Decomposable Attention  ,  as implemented in the official baseline, ESIM  , and a transformer network with pre-trained weights  .",22,170,6,33,2,1.0,what,False,True,False
train,730,201,What is the FEVER task?,extractive,1,"tests a combination of retrieval and textual entailment capabilities. To verify a claim in the dataset as supported, refuted, or undecided, a system must retrieve relevant articles and sentences from Wikipedia. Then it must decide whether each of those sentences, or some combination of them, entails or refutes the claim, which is an entailment problem",55,353,5,23,2,1.0,what,False,False,False
train,1430,443,Is this auto translation tool based on neural networks?,yes_no,1,Yes,1,3,9,55,6,1.0,boolean,False,False,False
train,1431,443,What are results of public code repository study?,extractive,1,"Non-English code is a large-scale phenomena., Transliteration is common in identifiers for all languages., Languages clusters into three distinct groups based on how speakers use identifiers/comments/transliteration., Non-latin script users write comments in their L1 script but write identifiers in English., Right-to-left (RTL) language scripts, such as Arabic, have no observed prevalence on GitHub identifiers",56,413,8,49,5,1.0,what,False,False,False
train,359,96,What is the dataset used to train the model?,extractive,1,"movie sentence polarity dataset from , laptop and restaurant datasets collected from SemEval-201, we collected 2,000 reviews for each domain from the same review source",25,168,9,44,4,0.8889,what,False,False,False
train,360,96,What is the performance of the model?,free_form,1,"Experiment 1: ACC around 0.5 with 50% noise rate in worst case - clearly higher than baselines for all noise rates
Experiment 2: ACC on real noisy datasets: 0.7 on Movie, 0.79 on Laptop, 0.86 on Restaurant (clearly higher than baselines in almost all cases)",48,257,7,37,2,0.8571,what,False,False,False
train,361,96,Is the model evaluated against a CNN baseline?,yes_no,1,Yes,1,3,8,46,4,1.0,boolean,False,True,False
train,810,231,Why mixed initiative multi-turn dialogs are the greatest challenge in building open-domain conversational agents?,extractive,1,"do not follow a particular plan or pursue a particular fixed information need, integrating content found via search with content from structured data, at each system turn, there are a large number of conversational moves that are possible, most other domains do not have such high quality structured data available, live search may not be able to achieve the required speed and efficiency",63,388,14,113,10,1.0,why,False,False,False
train,669,183,Which social media platform is explored?,extractive,1,twitter,1,7,6,40,4,1.0,which,False,False,False
train,670,183,What datasets did they use?,extractive,1, a refined collection of tweets gathered from twitter,8,53,5,27,2,1.0,what,False,False,False
train,671,183,What are the baseline state of the art models?,free_form,1,"Stanford NER, BiLSTM+CRF, LSTM+CNN+CRF, T-NER and BiLSTM+CNN+Co-Attention",12,73,9,46,4,0.8889,what,False,True,False
train,1754,570,What dataset is used?,extractive,1,"Brent corpus, PTB , Beijing University Corpus, Penn Chinese Treebank",9,68,4,21,2,1.0,what,False,False,False
train,1755,570,What language do they look at?,extractive,1,"English, Chinese",2,16,6,30,2,1.0,what,False,False,False
train,619,170,By how much do they outperform existing state-of-the-art VQA models?,extractive,1,the rank-correlation for MFH model increases by 36.4% when is evaluated in VQA-HAT dataset and 7.7% when is evaluated in VQA-X,23,126,10,68,6,1.0,how,False,True,False
train,620,170,How do they measure the correlation between manual groundings and model generated ones?,extractive,1,rank-correlation ,1,17,13,87,7,1.0,how,False,False,True
train,621,170,How do they obtain region descriptions and object annotations?,free_form,1,they are available in the Visual Genome dataset,8,47,9,62,5,1.0,how,False,False,True
train,1346,414,What provisional explanation do the authors give for the impact of document context?,extractive,1,adding context causes speakers to focus on broader semantic and pragmatic issues of discourse coherence,15,103,13,84,7,0.9231,what,False,False,False
train,1347,414,What document context was added?,free_form,1,Preceding and following sentence of each metaphor and paraphrase are added as document context,14,94,5,32,3,1.0,what,False,False,False
train,1348,414,What were the results of the first experiment?,free_form,1,Best performance achieved is 0.72 F1 score,8,42,8,46,3,0.875,what,True,False,False
train,1576,499,what bottlenecks were identified?,free_form,1,Confusion in recognizing the words that are active at a given node by a speech recognition solution developed for Indian Railway Inquiry System.,23,144,4,33,2,1.0,what,False,False,False
train,1236,380,"Are any machine translation sysems tried with these embeddings, what is the performance?",yes_no,1,No,1,2,13,88,6,1.0,boolean,False,False,False
train,1237,380,Are any experiments performed to try this approach to word embeddings?,yes_no,1,Yes,1,3,11,70,6,0.9091,boolean,False,False,False
train,109,30,What experiments do the authors present to validate their system?,extractive,1,"we measure our system's performance for datasets across various domains, evaluations are done by managed judges who understands the knowledge base and then judge user queries relevance to the QA pairs",32,200,10,65,5,1.0,what,False,False,False
train,110,30,What components is the QnAMaker composed of?,extractive,1,"QnAMaker Portal, QnaMaker Management APIs, Azure Search Index, QnaMaker WebApp, Bot",11,83,7,44,3,1.0,what,False,False,False
train,795,226,What baselines did they consider?,extractive,1,"LSTM, SCIBERT",2,13,5,33,2,1.0,what,False,False,False
train,796,226,What are the problems related to ambiguity in PICO sentence prediction tasks?,free_form,1,Some sentences are associated to ambiguous dimensions in the hidden state output,12,80,12,77,7,1.0,what,False,False,False
train,1927,644,How do they evaluate their method?,extractive,1,"Calinski-Harabasz score, t-SNE, UMAP",4,36,6,34,2,1.0,how,False,False,False
train,1928,644,What is an example of a health-related tweet?,free_form,1,"The health benefits of alcohol consumption are more limited than previously thought, researchers say",14,100,8,45,3,1.0,what,False,False,False
train,1421,439,How does TP-N2F compare to LSTM-based Seq2Seq in terms of training and inference speed?,free_form,1,"Full Testing Set accuracy: 84.02
Cleaned Testing Set accuracy: 93.48",12,68,14,87,8,1.0,how,False,True,True
train,1422,439,What is the performance proposed model achieved on AlgoList benchmark?,free_form,1,"Full Testing Set Accuracy: 84.02
Cleaned Testing Set Accuracy: 93.48",12,68,10,70,6,1.0,what,False,False,False
train,1423,439,What is the performance proposed model achieved on MathQA?,free_form,1,"Operation accuracy: 71.89
Execution accuracy: 55.95",8,51,9,58,5,1.0,what,False,False,False
train,445,118,Do they compare their neural network against any other model?,yes_no,1,No,1,2,10,61,4,1.0,boolean,False,True,False
train,446,118,Do they annotate their own dataset or use an existing one?,free_form,1,Use an existing one,4,19,11,58,5,1.0,boolean,True,False,True
train,447,118,Does their neural network predict a single offset in a recording?,yes_no,1,Yes,1,3,11,65,6,0.9091,boolean,False,False,False
train,448,118,What kind of neural network architecture do they use?,free_form,1,CNN,1,3,9,53,5,1.0,what,False,False,False
train,1323,407,What elements of natural language processing are proposed to analyze qualitative data?,extractive,1,"translated the responses in multiple languages into English using machine translation, words without functional meaning (e.g. `I'), rare words that occurred in only one narrative, numbers, and punctuation were all removed, remaining words were stemmed to remove plural forms of nouns or conjugations of verbs",46,308,12,86,8,1.0,what,False,False,False
train,2258,834,What is WNGT 2019 shared task?,free_form,1,efficiency task aimed  at reducing the number of parameters while minimizing drop in performance,14,96,6,30,4,1.0,what,True,False,False
train,977,287,How does soft contextual data augmentation work?,extractive,1,"softly augments a randomly chosen word in a sentence by its contextual mixture of multiple related words, replacing the one-hot representation of a word by a distribution provided by a language model over the vocabulary",35,219,7,48,5,1.0,how,False,False,False
train,978,287,How does muli-agent dual learning work?,extractive,1,"MADL  extends the dual learning ,  framework by introducing multiple primal and dual models.",13,92,6,39,4,1.0,how,False,False,False
train,979,287,Which language directions are machine translation systems of WMT evaluated on?,extractive,1,"German$\leftrightarrow $English, German$\leftrightarrow $French, Chinese$\leftrightarrow $English, English$\rightarrow $Lithuanian, English$\rightarrow $Finnish, and Russian$\rightarrow $English, Lithuanian$\rightarrow $English, Finnish$\rightarrow $English, and English$\rightarrow $Kazakh",29,290,11,78,7,1.0,which,False,False,False
train,994,292,What are the differences in the use of emojis between gang member and the rest of the Twitter population?,extractive,1,"32.25% of gang members in our dataset have chained together the police and the pistol emoji, compared to just 1.14% of non-gang members, only 1.71% of non-gang members have used the hundred points emoji and pistol emoji together in tweets while 53% of gang members have used them, gang members have a penchant for using just a small set of emoji symbols that convey their anger and violent behavior",72,398,19,105,8,0.7895,what,False,True,True
train,995,292,What are the differences in the use of YouTube links between gang member and the rest of the Twitter population?,extractive,1,"76.58% of the shared links are related to hip-hop music, gangster rap, and the culture that surrounds this music genre",21,118,20,112,9,0.8,what,False,True,True
train,996,292,What are the differences in the use of images between gang member and the rest of the Twitter population?,extractive,1,"user holds or points weapons, is seen in a group fashion which displays a gangster culture, or is showing off graffiti, hand signs, tattoos and bulk cash",27,153,19,105,8,0.7895,what,False,True,True
train,997,292,What are the differences in language use between gang member and the rest of the Twitter population?,extractive,1,"Although cursing is frequent in tweets, they represent just 1.15% of all words used  . In contrast, we found 5.72% of all words posted by gang member accounts to be classified as a curse word, gang members talk about material things with terms such as got, money, make, real, need whereas ordinary users tend to vocalize their feelings with terms such as new, like, love, know, want, look, make, us",71,398,17,100,8,0.8824,what,False,True,True
train,998,292,How is gang membership verified?,extractive,1,Manual verification,2,19,5,32,3,1.0,how,False,False,False
train,999,292,Do the authors provide evidence that 'most' street gang members use Twitter to intimidate others?,yes_no,1,No,1,2,15,97,10,1.0,boolean,False,False,False
train,739,204,What state-of-the-art models are compared against?,extractive,1,"a deep neural network (DNN) architecture proposed in  , maximum entropy (MaxEnt) proposed in  type of discriminative model",17,122,6,50,3,1.0,what,False,True,False
train,450,120,What web and user-generated NER datasets are used for the analysis?,free_form,1,"MUC, CoNLL, ACE, OntoNotes, MSM, Ritter, UMBC",7,45,11,67,6,1.0,what,False,False,True
train,864,247,What evidence do they present that the model attends to shallow context clues?,free_form,1,Using model gradients with respect to input features they presented that the most important model inputs are verbs associated with entities which shows that the model attends to shallow context clues,31,199,13,78,7,1.0,what,False,False,False
train,865,247,In what way is the input restructured?,free_form,1,"In four entity-centric ways - entity-first, entity-last, document-level and sentence-level",9,90,7,38,3,1.0,what,False,False,False
train,2179,785,What do the models that they compare predict?,extractive,1,national dialects of English,4,28,8,45,3,1.0,what,False,True,False
train,226,64,What is the baseline?,extractive,1,path ranking-based KGC (PRKGC),4,30,4,21,1,1.0,what,False,True,False
train,227,64,What dataset was used in the experiment?,extractive,1,WikiHop,1,7,7,40,3,1.0,what,False,False,False
train,228,64,Did they use any crowdsourcing platform?,yes_no,1,Yes,1,3,6,40,3,1.0,boolean,False,False,False
train,229,64,How was the dataset annotated?,extractive,1,"True, Likely (i.e. Answerable), or Unsure (i.e. Unanswerable), why they are unsure from two choices (“Not stated in the article” or “Other”), The “summary” text boxes",28,166,5,30,2,1.0,how,False,False,False
train,569,154,What datasets were used?,extractive,1,KFTT  and BTEC ,3,15,4,24,2,1.0,what,False,False,False
train,570,154,What language pairs did they experiment with?,extractive,1,English-Japanese,1,16,7,45,3,1.0,what,False,False,False
train,2236,819,What empirical data are the Blending Game predictions compared to?,extractive,1,"words length distribution, the frequency of use of the different forms and a measure for the combinatoriality",17,109,10,66,6,1.0,what,False,True,False
train,1276,392,How was speed measured?,free_form,1,how long it takes the system to lemmatize a set number of words,13,63,4,23,2,1.0,how,False,False,False
train,1277,392,What were their accuracy results on the task?,free_form,1,97.32%,2,6,8,45,3,1.0,what,False,False,False
train,1278,392,What is the state of the art?,extractive,1,MADAMIRA  system,2,16,7,29,2,0.8571,what,False,False,False
train,1279,392,How was the dataset annotated?,extractive,1,"Lemmatization is done by an expert Arabic linguist where spelling corrections are marked, and lemmas are provided with full diacritization",20,138,5,30,2,1.0,how,False,False,False
train,1280,392,What is the size of the dataset?,extractive,1,"Articles contain 18,300 words, and they are evenly distributed among these 7 genres with 10 articles per each",19,109,7,32,2,0.8571,what,False,False,False
train,1281,392,Where did they collect their dataset from?,extractive,1,from Arabic WikiNews site https://ar.wikinews.org/wiki,9,54,7,42,2,1.0,where,False,False,False
train,921,267,What new interesting tasks can be solved based on the uncanny semantic structures of the embedding space?,extractive,1,"analogy query, analogy browsing",4,31,17,105,11,0.9412,what,False,False,False
train,922,267,What are the uncanny semantic structures of the embedding space?,extractive,1,"Semantic similarity structure, Semantic direction structure",6,59,10,64,5,0.9,what,False,False,False
train,923,267,What is the general framework for data exploration by semantic queries?,extractive,1,"three main components, namely data processing, task processing, and query processing",11,84,11,71,6,1.0,what,False,False,False
train,924,267,What data exploration is supported by the analysis of these semantic structures?,extractive,1,"Task processing: converting data exploration tasks to algebraic operations on the embedding space, Query processing: executing semantic query on the embedding space and return results",25,183,12,80,6,1.0,what,False,False,False
train,1706,550,What datasets are used for training/testing models?,free_form,1,"Microsoft Research dataset containing movie, taxi and restaurant domains.",9,73,8,51,5,1.0,what,False,False,False
train,1707,550,How better is gCAS approach compared to other approaches?,free_form,1,"For entity  F1 in the movie, taxi and restaurant domain it results in scores of 50.86, 64, and 60.35. For success, it results it outperforms in the movie and restaurant domain with scores of 77.95 and 71.52",41,206,9,57,5,1.0,how,False,True,False
train,1708,550,What is specific to gCAS cell?,free_form,1,"It has three sequentially connected units to output continue, act and slots generating multi-acts in a doble recurrent manner.",19,126,6,30,3,1.0,what,False,False,False
train,712,196,What trends are found in musical preferences?,extractive,1,"audiences wanted products more and more contemporary, intense and a little bit novel or sophisticated, but less and less mellow and (surprisingly) unpretentious",23,160,7,45,4,1.0,what,False,False,False
train,713,196,Which decades did they look at?,extractive,1,between 1900s and 2010s,4,23,6,31,2,1.0,which,False,False,False
train,714,196,How many genres did they collect from?,extractive,1,77 genres,2,9,7,38,3,1.0,how_many,False,False,False
train,1689,545,How many parameters does the presented model have?,extractive,1,"(infixes 700K, 318K, and 40K) each representing the number of approximate parameters",12,84,8,50,4,1.0,how_many,False,False,False
train,1690,545,How do they measure the quality of detection?,extractive,1,We evaluate the false-reject (FR) and false-accept (FA) tradeoff across several end-to-end models of distinct sizes and computational complexities.,19,147,8,45,3,1.0,how,False,False,False
train,1691,545,What previous approaches are considered?,extractive,1,Our baseline system (Baseline_1850K) is taken from  .,7,53,5,40,3,1.0,what,False,False,False
train,1175,356,What metrics are used for evaluation?,free_form,1,word error rate,3,15,6,37,3,1.0,what,False,False,False
train,1176,356,How much training data is used?,free_form,1,"163,110,000 utterances",4,22,6,31,4,1.0,how_many,False,False,False
train,1177,356,How is the training data collected?,extractive,1,"from YouTube videos, with associated transcripts obtained from semi-supervised caption filtering, from a Voice Search service",16,125,6,35,3,1.0,how,False,False,False
train,2312,884,Does this paper propose a new task that others can try to improve performance on?,free_form,1,"No, there has been previous work on recognizing social norm violation.",11,70,15,81,9,1.0,boolean,False,False,False
train,875,251,How many words are coded in the dictionary?,extractive,1,11'248,2,6,8,43,4,1.0,how_many,False,False,False
train,876,251,Is the model evaluated on the graphemes-to-phonemes task?,yes_no,1,Yes,1,3,8,57,4,0.875,boolean,False,False,False
train,2054,711,Was evaluation metrics and criteria were used to evaluate the output of the cascaded multimodal speech translation?,free_form,1,BLEU scores,2,11,17,115,10,0.9412,boolean,False,False,True
train,2055,711,What dataset was used in this work?,extractive,1,How2,1,4,7,35,3,1.0,what,False,False,False
train,2207,802,Do the tweets come from a specific region?,yes_no,1,No,1,2,8,42,4,1.0,boolean,False,False,False
train,2007,684,Do the authors give examples of positive and negative sentiment with regard to the virus?,yes_no,1,No,1,2,15,89,8,0.9333,boolean,False,False,True
train,2008,684,"Which word frequencies reflect on the psychology of the twitter users, according to the authors?",extractive,1,"unigram, bigram and trigram",4,27,15,96,8,0.8667,which,False,False,False
train,2009,684,Do they specify which countries they collected twitter data from?,yes_no,1,No,1,2,10,65,5,0.9,boolean,False,False,False
train,2010,684,Do they collect only English data?,yes_no,1,No,1,2,6,34,3,1.0,boolean,False,False,False
train,1397,429,What types of word representations are they evaluating?,free_form,1,GloVE; SGNS,2,11,8,55,4,1.0,what,False,False,False
train,1545,484,What was their F1 score on the Bengali NER corpus?,free_form,1,52.0%,2,5,10,50,5,1.0,what,False,False,False
train,1546,484,Which languages are evaluated?,extractive,1,"Bengali, English, German, Spanish, Dutch, Amharic, Arabic, Hindi, Somali",9,72,4,30,2,1.0,which,False,False,False
train,1961,662,How do they obtain language identities?,extractive,1,"model is trained to predict language IDs as well as the subwords, we add language IDs in the CS point of transcriptio",22,117,6,39,3,1.0,how,False,False,False
train,2233,816,What are baseline models on WSJ eval92 and LibriSpeech test-clean?,extractive,1,"Wav2vec , a fully-supervised system using all labeled data",8,58,10,66,6,1.0,what,False,True,True
train,1664,536,what is the proposed Progressive Dynamic Hurdles method?,extractive,1,allows models that are consistently performing well to train for more steps,12,75,8,56,5,1.0,what,False,False,False
train,1665,536,What is in the model search space?,extractive,1,"Our search space consists of two stackable cells, one for the model encoder and one for the decoder , Each cell contains NASNet-style blocks, which receive two hidden state inputs and produce new hidden states as outputs, Our search space contains five branch-level search fields (input, normalization, layer, output dimension and activation), one block-level search field (combiner function) and one cell-level search field (number of cells).",65,443,7,34,3,1.0,what,False,False,False
train,1666,536,How does Progressive Dynamic Hurdles work?,extractive,1,"It begins as ordinary tournament selection evolutionary architecture search with early stopping, with each child model training for a relatively small $s_0$ number of steps before being evaluated for fitness. However, after a predetermined number of child models, $m$ , have been evaluated, a hurdle, $h_0$ , is created by calculating the the mean fitness of the current population. For the next $m$ child models produced, models that achieve a fitness greater than $h_0$ after $s_0$ train steps are granted an additional $s_1$ steps of training and then are evaluated again to determine their final fitness. Once another $m$ models have been considered this way, another hurdle, $h_1$ , is constructed by calculating the mean fitness of all members of the current population that were trained for the maximum number of steps. For the next $m$ child models, training and evaluation continues in the same fashion, except models with fitness greater than $m$0 after $m$1 steps of training are granted an additional $m$2 number of train steps, before being evaluated for their final fitness. This process is repeated until a satisfactory number of maximum training steps is reached.",188,1179,6,42,4,1.0,how,False,False,False
train,1750,568,How big is the dataset used?,extractive,1,"over 41,250 videos and 825,000 captions in both English and Chinese., over 206,000 English-Chinese parallel translation pairs",20,125,6,28,3,1.0,how,False,False,False
train,2038,700,is the dataset balanced across the four languages?,yes_no,1,No,1,2,8,50,5,0.875,boolean,True,False,False
train,2039,700,what evaluation metrics were used?,extractive,1,weighted F1-score,2,17,5,34,3,1.0,what,False,False,False
train,2040,700,what dataset was used?,free_form,1,The dataset from a joint ADAPT-Microsoft project,7,48,4,22,2,1.0,what,False,False,False
train,1873,623,Do they differentiate insights where they are dealing with learned or engineered representations?,yes_no,1,Yes,1,3,13,97,6,0.9231,boolean,False,False,True
train,1874,623,Do they show an example of usage for INFODENS?,yes_no,1,Yes,1,3,9,46,4,1.0,boolean,False,False,False
train,2151,768,What are the baselines model?,extractive,1,"(i) Uniform, (ii) SVR+W, (iii) SVR+O, (iv) C4.5SSL, (v) GLM",13,59,5,29,2,1.0,what,False,False,False
train,449,119,How are aspects identified in aspect extraction?,extractive,1,apply an ensemble of deep learning and linguistics t,9,52,7,48,4,1.0,how,False,False,False
train,1243,383,What supervised learning tasks are attempted with these representations?,extractive,1,"document categorization, regression tasks",4,41,9,72,5,1.0,what,False,False,False
train,1244,383,What is MRR?,extractive,1,mean reciprocal rank,3,20,3,12,1,1.0,what,False,False,False
train,1245,383,Which techniques for word embeddings and topic models are used?,extractive,1,"skip-gram, LDA",2,14,10,63,6,1.0,which,False,False,True
train,1246,383,Why is big data not appropriate for this task?,free_form,1,Training embeddings from small-corpora can increase the performance of some tasks,11,81,9,46,4,1.0,why,False,False,False
train,1247,383,What is an example of a computational social science NLP task?,free_form,1,Visualization of State of the union addresses,7,45,11,62,6,1.0,what,False,False,False
train,1508,472,How are discourse embeddings analyzed?,free_form,1,They perform t-SNE clustering to analyze discourse embeddings,8,61,5,38,3,1.0,how,False,False,False
train,1509,472,What was the previous state-of-the-art?,extractive,1,character bigram CNN classifier,4,31,5,39,2,1.0,what,False,False,False
train,1510,472,How are discourse features incorporated into the model?,free_form,1,They derive entity grid with grammatical relations and RST discourse relations and concatenate them with pooling vector for the char-bigrams before feeding to the resulting vector to the softmax layer.,30,201,8,55,4,1.0,how,False,False,False
train,1511,472,What discourse features are used?,free_form,1,Entity grid with grammatical relations and RST discourse relations.,9,67,5,33,3,1.0,what,False,False,False
train,146,43,What approaches without reinforcement learning have been tried?,free_form,1,"classification, regression, neural methods",4,42,8,63,5,1.0,what,False,False,False
train,147,43,What classification approaches were experimented for this task?,extractive,1,"NNC SU4 F1, NNC top 5, Support Vector Classification (SVC)",10,58,8,63,4,1.0,what,False,False,False
train,148,43,Did classification models perform better than previous regression one?,yes_no,1,Yes,1,3,9,70,7,1.0,boolean,True,True,False
train,1239,382,What model was used by the top team?,extractive,1,Two different BERT models were developed,6,40,8,36,4,1.0,what,False,False,False
train,1240,382,What is the size of the second dataset?,free_form,1,1 000 labeled dialogues for training and 240 unlabeled dialogues for evaluation,12,79,8,39,3,0.875,what,True,False,False
train,1241,382,How large is the first dataset?,free_form,1,1 000 labeled dialogues for training and 240 unlabeled dialogues for evaluation,12,79,6,31,3,1.0,how,True,False,False
train,1242,382,Who was the top-scoring team?,free_form,1,IDEA,1,4,5,29,2,1.0,who,False,False,False
train,324,88,What representations for textual documents do they use?,extractive,1,finite sequence of terms,4,24,8,55,4,1.0,what,False,False,False
train,325,88,Which dataset(s) do they use?,extractive,1,"14 TDs, ",2,8,6,29,2,1.0,which,False,False,False
train,326,88,How do they evaluate knowledge extraction performance?,extractive,1,SRCC,1,4,7,54,4,1.0,how,False,False,False
train,1219,374,What multilingual parallel data is used for training proposed model?,extractive,1,"MultiUN , OpenSubtitles ",2,24,10,68,7,1.0,what,False,False,False
train,1220,374,How much better are results of proposed model compared to pivoting method?,extractive,1,our method outperforms the baseline in both relevance and fluency significantly.,11,80,12,74,8,1.0,how_many,False,True,False
train,128,37,Did the annotators agreed and how much?,free_form,1,"For event types and participant types, there was a moderate to substantial level of agreement using the Fleiss' Kappa. For coreference chain annotation, there was average agreement of 90.5%.",30,190,7,39,3,1.0,boolean,False,False,True
train,129,37,How many subjects have been used to create the annotations?,extractive,1,four different annotators,3,25,10,59,5,1.0,how_many,False,False,False
train,1817,599,What baseline function is used in REINFORCE algorithm?,extractive,1,baseline for each sampled caption is defined as the average reward of the rest samples,15,86,8,54,5,1.0,what,False,True,False
train,31,5,Which dataset do they use a starting point in generating fake reviews?,extractive,1,the Yelp Challenge dataset,4,26,12,70,7,1.0,which,False,False,False
train,32,5,Do they use a pretrained NMT model to help generating reviews?,yes_no,1,No,1,2,11,62,7,1.0,boolean,False,False,False
train,33,5,What kind of model do they use for detection?,extractive,1,AdaBoost-based classifier,2,25,9,45,4,1.0,what,False,False,False
train,34,5,Does their detection tool work better than human detection?,yes_no,1,Yes,1,3,9,59,6,0.8889,boolean,False,True,False
train,35,5,How many reviews in total (both generated and true) do they evaluate on Amazon Mechanical Turk?,extractive,1,"1,006 fake reviews and 994 real reviews",8,39,16,95,9,1.0,how_many,False,False,True
train,678,187,How do they extract causality from text?,free_form,1,"They identify documents that contain the unigrams 'caused', 'causing', or 'causes'",11,82,7,40,3,1.0,how,False,False,False
train,679,187,"What is the source of the ""control"" corpus?",free_form,1,"Randomly selected from a Twitter dump, temporally matched to causal documents",11,77,8,43,3,0.875,what,False,False,False
train,680,187,"What are the selection criteria for ""causal statements""?",free_form,1,"Presence of only the exact unigrams 'caused', 'causing', or 'causes'",10,68,8,56,4,1.0,what,False,False,False
train,681,187,"Do they use expert annotations, crowdsourcing, or only automatic methods to analyze the corpora?",free_form,1,Only automatic methods,3,22,14,96,8,1.0,boolean,False,False,True
train,682,187,how do they collect the comparable corpus?,free_form,1,Randomly from a Twitter dump,5,28,7,42,3,1.0,how,False,False,False
train,683,187,How do they collect the control corpus?,free_form,1,Randomly from Twitter,3,21,7,39,3,1.0,how,False,False,False
train,807,230,How much improvement does their method get over the fine tuning baseline?,free_form,1,"0.08 points on the 2011 test set, 0.44 points on the 2012 test set, 0.42 points on the 2013 test set for IWSLT-CE.",26,114,12,73,7,1.0,how_many,False,True,False
train,808,230,What kinds of neural networks did they use in this paper?,extractive,1,LSTMs,1,5,11,57,5,1.0,what,False,False,False
train,809,230,How did they use the domain tags?,extractive,1,"Appending the domain tag “<2domain>"" to the source sentences of the respective corpora",13,86,7,33,3,1.0,how,False,False,False
train,2275,847,What is the source of the tables?,extractive,1,"The Online Retail Data Set consists of a clean list of 25873 invoices, totaling 541909 rows and 8 columns.",19,106,7,33,2,0.8571,what,False,False,False
train,2036,698,how many speeches are in the dataset?,extractive,1,"7,507",2,5,7,37,3,1.0,how_many,False,False,False
train,350,94,What were their results on the three datasets?,free_form,1,"accuracy of 86.63 on STS, 85.14 on Sanders and 80.9 on HCR",15,58,8,46,3,1.0,what,True,False,False
train,351,94,What was the baseline?,extractive,1,"We compare our model performance with the approaches of   on STS Corpus.  reported the results of Maximum Entropy (MaxEnt), NB, SVM on STS Corpus having good performance in previous time. The model of  is a state-of-the-art so far by using a CharSCNN., we compare results with the model of  that used a ensemble of multiple base classifiers (ENS) such as NB, Random Forest (RF), SVM and Logistic Regression (LR). The ENS model is combined with bag-of-words (BoW), feature hashing (FH) and lexicons. The model of  is a state-of-the-art on Sanders and HCR datasets.",93,563,4,22,1,1.0,what,False,True,False
train,352,94,Which datasets did they use?,extractive,1,"Stanford - Twitter Sentiment Corpus (STS Corpus), Sanders - Twitter Sentiment Corpus, Health Care Reform (HCR)",14,110,5,28,2,1.0,which,False,False,False
train,353,94,Are results reported only on English datasets?,yes_no,1,Yes,1,3,7,46,4,1.0,boolean,False,False,False
train,354,94,Which three Twitter sentiment classification datasets are used for experiments?,extractive,1,"Stanford - Twitter Sentiment Corpus (STS Corpus), Sanders - Twitter Sentiment Corpus, Health Care Reform (HCR)",14,110,10,79,7,1.0,which,True,False,False
train,355,94,What semantic rules are proposed?,free_form,1,rules that compute polarity of words after POS tagging or parsing steps,12,71,5,33,3,1.0,what,False,False,False
train,2013,686,What models does this overview cover?,extractive,1,This article presented a brief overview of embedding models of entity and relationships for KB completion.,16,106,6,37,3,1.0,what,False,False,False
train,1929,645,Was the introduced LSTM+CNN model trained on annotated data in a supervised fashion?,yes_no,1,Yes,1,3,14,84,9,1.0,boolean,False,False,False
train,1595,509,How do they obtain distant supervision rules for predicting relations?,extractive,1,dominant temporal associations can be learned from training data,9,64,10,70,6,1.0,how,False,False,False
train,1596,509,Which structured prediction approach do they adopt for temporal entity extraction?,extractive,1,DeepDive ,1,9,11,82,7,1.0,which,False,False,False
train,1075,322,What is the average length of the claims?,free_form,1,Average claim length is 8.9 tokens.,7,35,8,41,3,0.875,what,False,False,False
train,1076,322,What debate websites did they look at?,extractive,1,"idebate.com, debatewise.org, procon.org",6,39,7,38,3,1.0,what,False,False,False
train,1077,322,What crowdsourcing platform did they use?,extractive,1,Amazon Mechanical Turk (AMT),4,28,6,41,3,1.0,what,False,False,False
train,1078,322,Which machine baselines are used?,extractive,1,Information Retrieval,2,21,5,33,3,1.0,which,False,False,False
train,1079,322,What challenges are highlighted?,extractive,1,"one needs to develop mechanisms to recognize valid argumentative structures, we ignore trustworthiness and credibility issues",16,125,4,32,2,1.0,what,False,False,False
train,1080,322,What debate topics are included in the dataset?,free_form,1,"Ethics, Gender, Human rights, Sports, Freedom of Speech, Society, Religion, Philosophy, Health, Culture, World, Politics, Environment, Education, Digital Freedom, Economy, Science and Law",23,187,8,47,4,1.0,what,False,False,False
train,1210,370,"What are the measures of ""performance"" used in this paper?",extractive,1,"test-set perplexity, likelihood convergence and clustering measures, visualizing the topic summaries, authors' topic distributions and by performing an automatic labeling task",21,175,10,58,4,1.0,what,False,False,False
train,2018,689,Is this an English-language dataset?,yes_no,1,Yes,1,3,5,36,2,1.0,boolean,False,False,False
train,2019,689,What affective-based features are used?,free_form,1,"affective features provided by different emotion models such as Emolex, EmoSenticNet, Dictionary of Affect in Language, Affective Norms for English Words and Linguistics Inquiry and Word Count",27,192,5,39,3,1.0,what,False,False,False
train,2020,689,What conversation-based features are used?,extractive,1,"Text Similarity to Source Tweet, Text Similarity to Replied Tweet, Tweet Depth",12,78,5,42,3,1.0,what,False,False,False
train,656,180,What is the dataset used as input to the Word2Vec algorithm?,free_form,1,Italian Wikipedia and Google News extraction producing final vocabulary of 618224 words,12,87,11,60,5,0.9091,what,False,False,False
train,657,180,Are the word embeddings tested on a NLP task?,yes_no,1,Yes,1,3,9,45,5,1.0,boolean,False,False,False
train,658,180,Are the word embeddings evaluated?,yes_no,1,Yes,1,3,5,34,3,1.0,boolean,False,False,False
train,659,180,How big is dataset used to train Word2Vec for the Italian Language?,extractive,1,"$421\,829\,960$ words divided into $17\,305\,401$ sentences",10,59,12,67,7,1.0,how,False,False,False
train,660,180,How does different parameter settings impact the performance and semantic capacity of resulting model?,extractive,1,"number of epochs is an important parameter and its increase leads to results that rank our two worst models almost equal, or even better than others",26,148,14,102,9,1.0,how,False,False,True
train,661,180,What dataset is used for training Word2Vec in Italian language?,extractive,1,"extracted from a dump of the Italian Wikipedia (dated 2019.04.01), from the main categories of Italian Google News (WORLD, NATION, BUSINESS, TECHNOLOGY, ENTERTAINMENT, SPORTS, SCIENCE, HEALTH) and from some anonymized chats between users and a customer care chatbot (Laila)",41,273,10,63,6,1.0,what,False,False,False
train,535,148,How big is dataset used for training/testing?,free_form,1,"4,261  days for France and 4,748 for the UK",11,43,8,45,5,1.0,how,False,False,False
train,536,148,Is there any example where geometric property is visible for context similarity between words?,yes_no,1,Yes,1,3,14,94,7,0.9286,boolean,False,False,False
train,537,148,What geometric properties do embeddings display?,free_form,1,Winter and summer words formed two separate clusters. Week day and week-end day words also formed separate clusters.,18,116,6,48,4,1.0,what,False,False,False
train,538,148,How accurate is model trained on text exclusively?,free_form,1,Relative error is less than 5%,6,30,8,50,5,1.0,how,False,False,False
train,12,2,Do they report results only on English data?,yes_no,1,No,1,2,8,44,4,1.0,boolean,False,False,False
train,13,2,How do the various social phenomena examined manifest in different types of communities?,free_form,1,"Dynamic communities have substantially higher rates of monthly user retention than more stable communities. More distinctive communities exhibit moderately higher monthly retention rates than more generic communities. There is also a strong positive relationship between a community's dynamicity and the average number of months that a user will stay in that community - a short-term trend observed for monthly retention translates into longer-term engagement and suggests that long-term user retention might be strongly driven by the extent to which a community continually provides novel content.
",85,599,13,88,8,1.0,how,False,False,False
train,14,2,What patterns do they observe about how user engagement varies with the characteristics of a community?,extractive,1,"communities that are characterized by specialized, constantly-updating content have higher user retention rates, but also exhibit larger linguistic gaps that separate newcomers from established members, within distinctive communities, established users have an increased propensity to engage with the community's specialized content, compared to newcomers",45,355,16,103,7,1.0,what,False,False,False
train,15,2,How did the select the 300 Reddit communities for comparison?,free_form,1,They selected all the subreddits from January 2013 to December 2014 with at least 500 words in the vocabulary and at least 4 months of the subreddit's history. They also removed communities with the bulk of the contributions are in foreign language.,43,249,10,61,5,0.9,how,True,True,False
train,16,2,How do the authors measure how temporally dynamic a community is?,extractive,1,the average volatility of all utterances,6,40,11,65,5,0.9091,how,False,False,False
train,17,2,How do the authors measure how distinctive a community is?,extractive,1,the average specificity of all utterances,6,41,10,58,4,0.9,how,False,False,False
train,1936,649,How often are the newspaper websites crawled daily?,extractive,1,RSS feeds in French on a daily basis,8,36,8,51,5,1.0,how,False,False,False
train,949,275,How are content clusters used to improve the prediction of incident severity?,free_form,1,they are used as additional features in a supervised classification task,11,72,12,77,7,1.0,how,False,False,False
train,950,275,What cluster identification method is used in this paper?,free_form,1,"A combination of Minimum spanning trees, K-Nearest Neighbors and Markov Stability , , , ",11,88,9,57,5,1.0,what,False,False,False
train,1560,492,Do they test their word embeddings on downstream tasks?,yes_no,1,Yes,1,3,9,55,5,1.0,boolean,False,False,False
train,1561,492,What dimensions of word embeddings do they produce using factorization?,extractive,1,300-dimensional vectors,2,23,10,71,6,1.0,what,False,False,False
train,1562,492,On which dataset(s) do they compute their word embeddings?,extractive,1,10 million sentences gathered from Wikipedia,6,44,10,58,4,1.0,which,False,False,False
train,1563,492,Do they measure computation time of their factorizations compared to other word embeddings?,yes_no,1,Yes,1,3,13,91,7,1.0,boolean,False,True,False
train,2087,728,What is the source of memes?,extractive,1,"Google Images, Reddit Memes Dataset",5,35,6,28,2,1.0,what,False,False,False
train,2088,728,Is the dataset multimodal?,yes_no,1,Yes,1,3,4,26,2,1.0,boolean,False,False,False
train,2089,728,How is each instance of the dataset annotated?,extractive,1,"weakly labeled into hate or non-hate memes, depending on their source",11,69,8,46,3,1.0,how,False,False,False
train,1153,349,Which translation system do they use to translate to English?,free_form,1,Attention-based translation model with convolution sequence to sequence model,9,77,10,61,5,0.9,which,False,False,False
train,1154,349,Which languages do they work with?,extractive,1,"German, Spanish, Chinese",3,24,6,34,2,1.0,which,False,False,False
train,1155,349,Which pre-trained English NER model do they use?,free_form,1,Bidirectional LSTM based NER model of Flair,7,43,8,48,5,1.0,which,False,False,False
train,1330,410,Do they report results only on English data?,yes_no,1,Yes,1,3,8,44,4,1.0,boolean,False,False,False
train,1331,410,Do the authors have a hypothesis as to why morphological agreement is hardly learned by any model?,extractive,1,"These models are likely to be deficient in encoding morphological features is that they are word level models, and do not have direct access sub-word information like inflectional endings, which indicates that these features are difficult to learn effectively purely from lexical distributions.",43,294,17,98,7,1.0,boolean,False,False,False
train,1332,410,Which models are best for learning long-distance movement?,extractive,1,the transformer models,3,22,8,58,5,1.0,which,False,False,False
train,1333,410,Where does the data in CoLA come from?,extractive,1,CoLA contains example sentences from linguistics publications labeled by experts,10,80,8,38,3,1.0,where,False,False,False
train,1334,410,How is the CoLA grammatically annotated?,extractive,1,labeled by experts,3,18,6,40,3,1.0,how,False,False,False
train,1688,544,What classification task was used to evaluate the cross-lingual adaptation method described in this work?,extractive,1,Paraphrase Identification,2,25,15,105,9,1.0,what,False,False,False
train,2294,868,Do they analyze ELMo?,yes_no,1,No,1,2,4,21,2,1.0,boolean,False,False,False
train,952,277,Which algorithm is used in the UDS-DFKI system?,extractive,1,Our transference model extends the original transformer model to multi-encoder based transformer architecture. The transformer architecture  is built solely upon such attention mechanisms completely replacing recurrence and convolutions.,28,237,8,47,4,1.0,which,False,False,False
train,953,277,Does the use of out-of-domain data improve the performance of the method?,yes_no,1,No,1,2,12,73,6,0.75,boolean,False,False,False
train,2155,771,How much improvement do they get?,free_form,1,Their GTRS approach got an improvement of 3.89% compared to SVM and 27.91% compared to Pawlak.,18,94,6,33,3,1.0,how_many,False,False,False
train,2156,771,How large is the dataset?,extractive,1,8757 news records,3,17,5,25,2,1.0,how,False,False,False
train,2157,771,What features do they extract?,extractive,1,"Inconsistency in Noun Phrase Structures, Inconsistency Between Clauses, Inconsistency Between Named Entities and Noun Phrases, Word Level Feature Using TF-IDF",20,158,5,30,2,1.0,what,False,False,False
train,2049,708,Which are the sequence model architectures this method can be transferred across?,free_form,1,The sequence model architectures which this method is transferred to are: LSTM and Transformer-based models,15,107,12,81,7,1.0,which,False,False,False
train,2050,708,What percentage of improvement in inference speed is obtained by the proposed method over the newest state-of-the-art methods?,free_form,1,"Across 4 datasets, the best performing proposed model (CNN) achieved an average of 363% improvement over the state of the art method (LR-CNN)",23,141,18,126,10,0.9444,what,False,False,False
train,1729,560,"It looks like learning to paraphrase questions, a neural scoring model and a answer selection model cannot be trained end-to-end. How are they trained?",free_form,1,using multiple pivot sentences,4,30,24,151,14,0.875,other,False,False,True
train,1448,450,What is a confusion network or lattice?,free_form,1,"graph-like structures where arcs connect nodes representing multiple hypothesized words, thus allowing multiple incoming arcs unlike 1-best sequences",18,149,7,39,3,1.0,what,False,False,True
train,1475,460,What features did they train on?,extractive,1,"direct similarity over ConceptNet Numberbatch embeddings, the relationships inferred over ConceptNet by SME, features that compose ConceptNet with other resources (WordNet and Wikipedia), and a purely corpus-based feature that looks up two-word phrases in the Google Books dataset",38,280,6,32,2,1.0,what,False,False,False
train,2033,697,Have any baseline model been trained on this abusive language dataset?,yes_no,1,No,1,2,11,70,6,1.0,boolean,False,True,False
train,2034,697,How big are this dataset and catalogue?,extractive,1,from 469 posts to 17 million,6,28,7,39,3,1.0,how,False,False,True
train,2035,697,What is open website for cataloguing abusive language data?,extractive,1,hatespeechdata.com,2,18,9,59,6,1.0,what,False,False,False
train,848,242,What is the performance difference between proposed method and state-of-the-arts on these datasets?,free_form,1,Difference is around 1 BLEU score lower on average than state of the art methods.,15,81,13,99,6,1.0,what,False,True,True
train,849,242,What non autoregressive NMT models are used for comparison?,extractive,1,"NAT w/ Fertility, NAT-IR, NAT-REG, LV NAR, CTC Loss, CMLM",10,57,9,59,6,1.0,what,False,True,False
train,850,242,What are three neural machine translation (NMT) benchmark datasets used for evaluation?,extractive,1,"WMT2014, WMT2016 and IWSLT-2014",4,31,12,87,9,1.0,what,True,False,False
train,2065,719,How big are negative effects of proposed techniques on high-resource tasks?,free_form,1,The negative effects were insignificant.,5,40,11,75,7,1.0,how,False,False,False
train,2066,719,What datasets are used for experiments?,extractive,1,the WMT'14 English-French (En-Fr) and English-German (En-De) datasets.,9,70,6,39,3,1.0,what,False,False,False
train,2067,719,"Are this techniques used in training multilingual models, on what languages?",free_form,1,English to French and English to German,7,39,11,76,6,1.0,boolean,False,False,False
train,2068,719,What baselines non-adaptive baselines are used?,extractive,1,"Transformer models in their base configuration , using 6 encoder and decoder layers, with model and hidden dimensions of 512 and 2048 respectively, and 8 heads for all attention layers",29,184,6,47,4,0.8333,what,False,False,False
train,1978,672,Is the origin of the dialogues in corpus some video game and what game is that?,yes_no,1,No,1,2,16,79,6,0.8125,boolean,False,False,True
train,1979,672,"Is any data-to-text generation model trained on this new corpus, what are the results?",free_form,1,"Yes, Transformer based seq2seq is evaluated with average BLEU 0.519, METEOR 0.388, ROUGE 0.631 CIDEr 2.531 and SER 2.55%.",24,121,14,86,7,1.0,boolean,False,False,False
train,1980,672,How the authors made sure that corpus is clean despite being crowdsourced?,extractive,1,manually cleaned human-produced utterances,4,42,12,74,7,1.0,how,False,False,False
train,754,212,How do they combine the models?,extractive,1,"maximum of two scores assigned by the two separate models, average score",12,72,6,31,2,1.0,how,False,False,False
train,755,212,What is their baseline?,extractive,1,Logistic regression model with character-level n-gram features,7,62,4,23,1,1.0,what,False,True,False
train,756,212,What context do they use?,extractive,1,"title of the news article, screen name of the user",10,50,5,25,2,1.0,what,False,False,False
train,757,212,What is their definition of hate speech?,extractive,1,"language which explicitly or implicitly threatens or demeans a person or a group based upon a facet of their identity such as gender, ethnicity, or sexual orientation",27,166,7,40,3,1.0,what,False,False,False
train,758,212,What architecture has the neural network?,extractive,1,three parallel LSTM  layers,4,27,6,41,3,1.0,what,False,False,False
train,2250,830,What codemixed language pairs are evaluated?,extractive,1,Hindi-English,1,13,6,44,4,1.0,what,False,False,False
train,2251,830,How do they compress the model?,extractive,1,"we extract sentences from Wikipedia in languages for which public multilingual is pretrained. For each sentence, we use the open-source BERT wordpiece tokenizer  ,  and compute cross-entropy loss for each wordpiece: INLINEFORM0",31,227,6,31,2,1.0,how,False,False,False
train,2252,830,What is the multilingual baseline?,extractive,1,the Meta-LSTM ,2,14,5,34,2,1.0,what,False,True,False
train,246,68,What corpus was the source of the OpenIE extractions?,extractive,1,domain-targeted $~$ 80K sentences and 280 GB of plain text extracted from web pages used by  aristo2016:combining,17,113,9,53,4,0.8889,what,False,False,False
train,247,68,What is the accuracy of the proposed technique?,free_form,1,51.7 and 51.6 on 4th and 8th grade question sets with no curated knowledge. 47.5 and 48.0 on 4th and 8th grade question sets when both solvers are given the same knowledge,36,171,8,47,3,0.875,what,False,False,False
train,248,68,Is an entity linking process used?,yes_no,1,No,1,2,6,34,4,1.0,boolean,False,False,False
train,249,68,Are the OpenIE extractions all triples?,yes_no,1,No,1,2,6,39,3,1.0,boolean,False,False,False
train,250,68,What method was used to generate the OpenIE extractions?,extractive,1,"for each multiple-choice question $(q,A) \in Q_\mathit {tr}$ and each choice $a \in A$ , we use all non-stopword tokens in $q$ and $a$ as an ElasticSearch query against S, take the top 200 hits, run Open IE v4, and aggregate the resulting tuples over all $a \in A$ and over all questions in $Q_\mathit {tr}$",58,307,9,56,5,1.0,what,False,False,False
train,251,68,Can the method answer multi-hop questions?,yes_no,1,Yes,1,3,6,42,5,1.0,boolean,False,False,False
train,252,68,What was the textual source to which OpenIE was applied?,extractive,1,domain-targeted $~$ 80K sentences and 280 GB of plain text extracted from web pages used by  aristo2016:combining,17,113,10,56,4,0.9,what,False,False,False
train,253,68,What OpenIE method was used to generate the extractions?,extractive,1,"for each multiple-choice question $(q,A) \in Q_\mathit {tr}$ and each choice $a \in A$ , we use all non-stopword tokens in $q$ and $a$ as an ElasticSearch query against S, take the top 200 hits, run Open IE v4, and aggregate the resulting tuples over all $a \in A$ and over all questions in $Q_\mathit {tr}$",58,307,9,56,5,1.0,what,False,False,False
train,254,68,Is their method capable of multi-hop reasoning?,yes_no,1,Yes,1,3,7,47,4,1.0,boolean,False,False,False
train,1765,578,Do they use skipgram version of word2vec?,yes_no,1,Yes,1,3,7,41,4,1.0,boolean,False,False,False
train,1766,578,What domains are considered that have such large vocabularies?,extractive,1,"relational entities, general text-based attributes, descriptive text of images, nodes in graph structure of networks, queries",16,125,9,62,4,1.0,what,False,False,False
train,1767,578,Do they perform any morphological tokenization?,yes_no,1,No,1,2,6,47,3,1.0,boolean,False,False,False
train,988,290,What was the criteria for human evaluation?,extractive,1,to judge each utterance from 1 (bad) to 3 (good) in terms of informativeness and naturalness,16,92,7,43,3,1.0,what,False,False,False
train,989,290,What automatic metrics are used to measure performance of the system?,extractive,1,BLEU scores and the slot error rate (ERR),8,41,11,69,6,1.0,what,False,False,False
train,990,290,What existing methods is SC-GPT compared to?,extractive,1,"$({1})$ SC-LSTM , $({2})$ GPT-2  , $({3})$ HDSA ",6,48,7,44,4,1.0,what,False,True,False
train,2253,831,Which features do they use?,extractive,1,beyond localized features and have access to the entire sequence,10,64,5,27,2,1.0,which,False,False,False
train,2254,831,By how much do they outperform state-of-the-art solutions on SWDA and MRDA?,extractive,1,improves the DAR accuracy over Bi-LSTM-CRF by 2.1% and 0.8% on SwDA and MRDA respectively,17,89,12,75,6,1.0,how,False,True,True
train,86,22,Is ROUGE their only baseline?,yes_no,1,No,1,2,5,29,2,1.0,boolean,False,True,False
train,87,22,what language models do they use?,extractive,1,LSTM LMs,2,8,6,33,3,1.0,what,False,False,False
train,1147,346,What previous approaches did this method outperform?,extractive,1,"Table TABREF44, Table TABREF44, Table TABREF47, Table TABREF47",8,62,7,52,4,1.0,what,False,True,False
train,1148,346,What data is used to build the embeddings?,extractive,1,"large raw Czech corpora available from the LINDAT/CLARIN repository, Czech Wikipedia",12,84,8,42,4,1.0,what,False,False,False
train,487,131,what are the baselines?,extractive,1,"4-layer encoder, 4-layer decoder, residual-connected model, with embedding and hidden size set as 256",14,101,4,23,1,1.0,what,False,False,False
train,488,131,did they outperform previous methods?,yes_no,1,Yes,1,3,5,37,3,1.0,boolean,False,True,False
train,489,131,what language pairs are explored?,extractive,1,"German-English, Turkish-English, English-German",3,47,5,33,3,1.0,what,False,False,False
train,490,131,what datasets were used?,free_form,1,"IWSLT14 German-English, IWSLT14 Turkish-English, WMT14 English-German",6,69,4,24,2,1.0,what,False,False,False
train,1876,625,Do the authors give any examples of major events which draw the public's attention and the impact they have on stock price?,yes_no,1,Yes,1,3,23,123,11,0.913,boolean,False,False,True
train,1877,625,Which tweets are used to output the daily sentiment signal?,extractive,1,Tesla and Ford are investigated on how Twitter sentiment could impact the stock price,14,85,10,59,6,1.0,which,False,False,False
train,1878,625,What is the baseline machine learning prediction approach?,extractive,1,linear logistic regression to a set of stock technical signals,10,62,8,58,5,1.0,what,False,True,False
train,2300,876,Do the authors perform experiments using their proposed method?,yes_no,1,Yes,1,3,9,63,6,1.0,boolean,False,False,False
train,1432,444,Where is the dataset from?,extractive,1,dialogue simulator,2,18,5,26,1,1.0,where,False,False,False
train,1433,444,What data augmentation techniques are used?,extractive,1,back translation between English and Chinese,6,44,6,43,4,1.0,what,False,False,False
train,1434,444,How are the models evaluated?,extractive,1,"Active Intent Accuracy, Requested Slot F1, Average Goal Accuracy, Joint Goal Accuracy",12,85,5,29,2,1.0,how,False,False,False
train,1435,444,What domains are present in the data?,free_form,1,"Alarm, Banks, Buses, Calendar, Events, Flights, Homes, Hotels, Media, Messaging, Movies, Music, Payment, Rental Cars, Restaurants, Ride Sharing, Services, Train, Travel, Weather",22,177,7,37,3,1.0,what,False,False,False
train,1568,495,Where did they get training data?,free_form,1,AmazonQA and ConciergeQA datasets,4,33,6,33,3,1.0,where,False,False,False
train,1569,495,What extraction model did they use?,free_form,1,"Multi-Encoder, Constrained-Decoder model",3,40,6,35,3,1.0,what,False,False,False
train,1570,495,Which datasets did they experiment on?,free_form,1,ConciergeQA and AmazonQA,3,24,6,38,2,1.0,which,False,False,False
train,959,281,How does morphological analysis differ from morphological inflection?,extractive,1,"Morphological analysis is the task of creating a morphosyntactic description for a given word, inflectional realization is framed as a mapping from the pairing of a lemma with a set of morphological tags to the corresponding word form",38,234,8,69,5,0.875,how,False,True,False
train,960,281,What are the architectures used for the three tasks?,extractive,1,DyNet,1,5,9,52,4,0.8889,what,True,False,False
train,961,281,Which language family does Chatino belong to?,extractive,1,the Otomanguean language family,4,31,7,45,4,1.0,which,False,False,False
train,962,281,What system is used as baseline?,extractive,1,DyNet,1,5,6,32,3,1.0,what,False,True,False
train,963,281,How was annotation done?,extractive,1,hand-curated collection of complete inflection tables for 198 lemmata,9,69,4,24,2,1.0,how,False,False,False
train,1516,475,How they add human prefference annotation to fine-tuning process?,extractive,1,"human preference annotation is available, $Q(x_1, x_2) \in \lbrace >,<,\approx \rbrace $ is the true label for the pair",19,119,9,65,6,1.0,how,False,False,False
train,1517,475,What previous automated evalution approaches authors mention?,extractive,1,"Text Overlap Metrics, including BLEU, Perplexity, Parameterized Metrics",8,71,7,61,6,1.0,what,False,False,False
train,1518,475,How much better peformance is achieved in human evaluation when model is trained considering proposed metric?,free_form,1,"Pearson correlation to human judgement - proposed vs next best metric
Sample level comparison:
- Story generation: 0.387 vs 0.148
- Dialogue: 0.472 vs 0.341
Model level comparison:
- Story generation:  0.631 vs 0.302
- Dialogue: 0.783 vs 0.553",42,243,16,109,11,0.9375,how_many,False,True,False
train,1519,475,Do the authors suggest that proposed metric replace human evaluation on this task?,yes_no,1,No,1,2,13,82,8,1.0,boolean,False,False,False
train,122,35,What multimodality is available in the dataset?,extractive,1,"context is a procedural text, the question and the multiple choice answers are composed of images",16,97,7,47,3,1.0,what,False,False,False
train,123,35,What are previously reported models?,extractive,1,"Hasty Student, Impatient Reader, BiDAF, BiDAF w/ static memory",9,62,5,36,3,1.0,what,False,False,False
train,124,35,How better is accuracy of new model compared to previously reported models?,free_form,1,"Average accuracy of proposed model vs best prevous result:
Single-task Training: 57.57 vs 55.06
Multi-task Training: 50.17 vs 50.59",23,131,12,75,8,1.0,how,False,True,False
train,519,142,Which coreference resolution systems are tested?,extractive,1,"the  sieve system from the rule-based paradigm (referred to as RULE),  from the statistical paradigm (STAT), and the  deep reinforcement system from the neural paradigm (NEURAL).",26,178,6,48,4,1.0,which,False,False,False
train,2056,712,How do they evaluate the sentence representations?,extractive,1,"The unsupervised tasks include five tasks from SemEval Semantic Textual Similarity (STS) in 2012-2016  ,  ,  ,  ,  and the SemEval2014 Semantic Relatedness task (SICK-R)  . The cosine similarity between vector representations of two sentences determines the textual similarity of two sentences, and the performance is reported in Pearson's correlation score between human-annotated labels and the model predictions on each dataset., Supervised Evaluation It includes Semantic relatedness (SICK)  , SemEval (STS-B)  , paraphrase detection (MRPC)  , question-type classification (TREC)  , movie review sentiment (MR)  , Stanford Sentiment Treebank (SST)  , customer product reviews (CR)  , subjectivity/objectivity classification (SUBJ)  , opinion polarity (MPQA)  .",91,764,7,50,3,1.0,how,False,False,False
train,2057,712,What are the two decoding functions?,free_form,1,"a linear projection and a bijective function with continuous transformation though  ‘affine coupling layer’ of (Dinh et al.,2016). ",19,131,6,36,3,1.0,what,True,False,False
train,2139,755,What are the state-of-the-art models for the task?,extractive,1,"To the best of our knowledge, our method achieves state-of-the-art results in weighted-accuracy and standard accuracy on the dataset",19,132,8,50,3,0.875,what,False,False,False
train,1473,459,Does this approach perform better than context-based word embeddings?,yes_no,1,Yes,1,3,9,69,6,1.0,boolean,False,True,False
train,1474,459,Have the authors tried this approach on other languages?,yes_no,1,No,1,2,9,56,4,1.0,boolean,False,False,False
train,67,17,Did they experiment on all the tasks?,yes_no,1,Yes,1,3,7,37,2,1.0,boolean,False,False,False
train,68,17,What models did they compare to?,extractive,1,"we do not explicitly compare to previous research since most existing works either exploit smaller data (and so it will not be a fair comparison), use methods pre-dating BERT (and so will likely be outperformed by our models)",38,225,6,32,2,1.0,what,False,True,False
train,69,17,What datasets are used in training?,extractive,1,"Arap-Tweet  , an in-house Twitter dataset for gender, the MADAR shared task 2 , the LAMA-DINA dataset from , LAMA-DIST, Arabic tweets released by IDAT@FIRE2019 shared-task , , , , , , , , , , , ",24,194,6,35,3,1.0,what,False,False,False
train,441,117,What other relations were found in the datasets?,extractive,1,"Quotation (⌃q) dialogue acts, on the other hand, are mostly used with `Anger' and `Frustration', Action Directive (ad) dialogue act utterances, which are usually orders, frequently occur with `Anger' or `Frustration' although many with `Happy' emotion in case of the MELD dataset, Acknowledgements (b) are mostly with positive or neutral, Appreciation (ba) and Rhetorical (bh) backchannels often occur with a greater number in `Surprise', `Joy' and/or with `Excited' (in case of IEMOCAP), Questions (qh, qw, qy and qy⌃d) are mostly asked with emotions `Surprise', `Excited', `Frustration' or `Disgust' (in case of MELD) and many are neutral, No-answers (nn) are mostly `Sad' or `Frustrated' as compared to yes-answers (ny)., Forward-functions such as Apology (fa) are mostly with `Sadness' whereas Thanking (ft) and Conventional-closing or -opening (fc or fp) are usually with `Joy' or `Excited'",135,895,8,48,3,1.0,what,False,False,False
train,442,117,How does the ensemble annotator extract the final label?,extractive,1,"First preference is given to the labels that are perfectly matching in all the neural annotators., In case two out of three context models are correct, then it is being checked if that label is also produced by at least one of the non-context models., When we see that none of the context models is producing the same results, then we rank the labels with their respective confidence values produced as a probability distribution using the $softmax$ function. The labels are sorted in descending order according to confidence values. Then we check if the first three (case when one context model and both non-context models produce the same label) or at least two labels are matching, then we allow to pick that one. , Finally, when none the above conditions are fulfilled, we leave out the label with an unknown category.",140,822,9,56,5,0.8889,how,False,False,False
train,443,117,How were dialogue act labels defined?,extractive,1,Dialogue Act Markup in Several Layers (DAMSL) tag set,9,53,6,37,4,1.0,how,False,False,False
train,444,117,How many models were used?,extractive,1,five,1,4,5,26,3,1.0,how_many,False,False,False
train,1709,551,What dataset do they evaluate their model on?,extractive,1,CoNLL-2012 shared task  corpus,4,30,8,45,3,1.0,what,False,False,False
train,1710,551,What is the source of external knowledge?,free_form,1,counts of predicate-argument tuples from English Wikipedia,7,58,7,41,3,1.0,what,False,False,False
train,2295,869,what are the three methods presented in the paper?,free_form,1,"Optimized TF-IDF, iterated TF-IDF, BERT re-ranking.",6,51,9,50,4,0.8889,what,True,False,False
train,1818,600,Is Aristo just some modern NLP model (ex. BERT) finetuned od data specific for this task?,yes_no,1,Yes,1,3,16,89,12,1.0,boolean,False,False,False
train,1819,600,On what dataset is Aristo system trained?,free_form,1,"Aristo Corpus
Regents 4th
Regents 8th
Regents `12th
ARC-Easy
ARC-challenge ",10,75,7,41,4,1.0,what,False,False,False
train,974,286,Which language models do they compare against?,extractive,1,RNNLM ,1,6,7,46,3,1.0,which,False,True,False
train,975,286,"Is their approach similar to making an averaged weighted sum of word vectors, where weights reflect word frequencies?",extractive,1,"Different from their work, we choose to corrupt the original document by randomly removing significant portion of words, and represent the document using only the embeddings of the words remained.",30,196,18,117,12,0.9444,boolean,False,False,False
train,976,286,How do they determine which words are informative?,free_form,1,Informative are those that will not be suppressed by regularization performed.,11,78,8,50,3,1.0,how,False,False,False
train,1696,547,How much labeled data is available for these two languages?,extractive,1,"10k training and 1k test, 1,101 sentences (26k tokens)",10,54,10,59,6,1.0,how_many,True,False,False
train,1697,547,What was performance of classifiers before/after using distant supervision?,free_form,1,"Bi-LSTM: For low resource <17k clean data: Using distant supervision resulted in huge boost of F1 score (1k eg. ~9 to ~36 wit distant supervision)
BERT: <5k clean data boost of F1 (1k eg. ~32 to ~47 with distant supervision)",40,224,10,75,5,1.0,what,False,False,False
train,1698,547,What classifiers were used in experiments?,extractive,1,"Bi-LSTM, BERT",2,13,6,42,3,1.0,what,False,False,False
train,1699,547,In which countries are Hausa and Yor\`ub\'a spoken?,extractive,1,"Nigeria, Benin, Ghana, Cameroon, Togo, Côte d'Ivoire, Chad, Burkina Faso, and Sudan, Republic of Togo, Ghana, Côte d'Ivoire, Sierra Leone, Cuba and Brazil",23,154,10,51,5,1.0,which,False,False,True
train,2273,845,How many tweets were manually labelled?,extractive,1,"44,000 tweets",3,13,6,39,4,1.0,how_many,False,False,False
train,1815,597,What is proof that proposed functional form approximates well generalization error in practice?,extractive,1,"estimated test accuracy is highly correlated with actual test accuracy for various datasets, appropriateness of the proposed function for modeling the complex error landscape",24,174,13,95,9,1.0,what,False,False,False
train,1344,413,What modalities are being used in different datasets?,extractive,1,"Language, Vision, Acoustic",3,26,8,53,4,1.0,what,False,False,False
train,1345,413,What is the difference between Long-short Term Hybrid Memory and LSTMs?,extractive,1,Long-short Term Hybrid Memory (LSTHM) is an extension of the Long-short Term Memory (LSTM),14,90,11,71,6,1.0,what,False,True,True
train,2255,832,What type and size of word embeddings were used?,extractive,1,"word2vec, 200 as the dimension of the obtained word vectors",10,59,9,48,5,1.0,what,False,False,True
train,2256,832,What data was used to build the word embeddings?,extractive,1,"Turkish news-web corpus, TS TweetS by Sezer-2013 and 20M Turkish Tweets by Bolat and Amasyalı",14,93,9,48,5,1.0,what,False,False,False
train,387,103,Why is supporting fact supervision necessary for DMN?,extractive,1,"First, the GRU only allows sentences to have context from sentences before them, but not after them. This prevents information propagation from future sentences. Second, the supporting sentences may be too far away from each other on a word level to allow for these distant sentences to interact through the word level GRU.",53,323,8,53,5,1.0,why,False,False,False
train,388,103,What does supporting fact supervision mean?,extractive,1,the facts that are relevant for answering a particular question) are labeled during training.,14,93,6,43,4,1.0,what,False,False,False
train,389,103,What changes they did on input module?,extractive,1,"For the DMN+, we propose replacing this single GRU with two different components. The first component is a sentence reader, The second component is the input fusion layer",28,170,7,38,3,1.0,what,False,False,False
train,390,103,What improvements they did for DMN?,extractive,1,"the new DMN+ model does not require that supporting facts (i.e. the facts that are relevant for answering a particular question) are labeled during training., In addition, we introduce a new input module to represent images.",37,224,6,35,2,1.0,what,False,False,False
train,391,103,How does the model circumvent the lack of supporting facts during training?,extractive,1,the input fusion layer to allow interactions between input facts and a novel attention based GRU that allows for logical reasoning over ordered inputs.,24,151,12,75,6,0.9167,how,False,False,False
train,392,103,Does the DMN+ model establish state-of-the-art ?,yes_no,1,Yes,1,3,6,48,4,1.0,boolean,False,False,False
train,862,246,By how much they improve over the previous state-of-the-art?,extractive,1,"1.08 points in ROUGE-L over our base pointer-generator model , 0.6 points in ROUGE-1",15,84,9,60,4,1.0,how,False,False,False
train,863,246,Is there any evidence that encoders with latent structures work well on other tasks?,yes_no,1,Yes,1,3,14,84,7,1.0,boolean,False,False,False
train,1654,529,How does the SCAN dataset evaluate compositional generalization?,free_form,1,"it systematically holds out inputs in the training set containing basic primitive verb, ""jump"", and tests on sequences containing that verb.",21,140,8,64,5,1.0,how,False,False,False
train,662,181,How are the auxiliary signals from the morphology table incorporated in the decoder?,extractive,1,"an additional morphology table including target-side affixes., We inject the decoder with morphological properties of the target language.",18,138,13,84,6,0.8462,how,False,False,False
train,663,181,"What type of morphological information is contained in the ""morphology table""?",extractive,1,target-side affixes,2,19,11,78,6,1.0,what,False,False,False
train,1349,415,How big is the evaluated dataset?,extractive,1,"contains thousands of XML files, each of which are constructed by several records",13,81,6,33,3,1.0,how,False,False,False
train,1350,415,By how much does their model outperform existing methods?,free_form,1,Answer with content missing: (Table II) Proposed model has F1 score of  0.7220 compared to 0.7148 best state-state-of-the-art result.,21,133,9,57,5,1.0,how,False,True,False
train,1351,415,What is the performance of their model?,free_form,1,Answer with content missing: (Table II) Proposed model has F1 score of  0.7220.,14,79,7,39,2,1.0,what,False,False,False
train,1352,415,What are the existing methods mentioned in the paper?,extractive,1,"Chowdhury  and Thomas et al. , FBK-irst , Liu et al. , Sahu et al. ",12,67,9,53,4,0.8889,what,False,False,False
train,1353,416,Does having constrained neural units imply word meanings are fixed across different context?,yes_no,1,No,1,2,13,92,10,1.0,boolean,False,False,False
train,1354,416,Do they perform a quantitative analysis of their model displaying knowledge distortions?,yes_no,1,Yes,1,3,12,88,7,1.0,boolean,False,False,False
train,1355,416,How do they damage different neural modules?,free_form,1,"Damage to neural modules is done by randomly initializing their weights, causing the loss of all learned information.",18,117,7,44,4,1.0,how,False,False,False
train,776,221,What are the sizes of both datasets?,extractive,1,"The Dutch section consists of 2,333,816 sentences and 53,487,257 words., The SONAR500 corpus consists of more than 500 million words obtained from different domains.",28,165,7,36,2,1.0,what,False,False,False
train,1429,442,What is the baseline model used?,free_form,1,"The baseline models used are DrQA modified to support answering no answer questions, DrQA+CoQA which is pre-tuned on CoQA dataset, vanilla BERT, BERT+review tuned on domain reviews, BERT+CoQA tuned on the supervised CoQA data",37,225,6,32,3,1.0,what,False,True,False
train,2193,792,How is the input triple translated to a slot-filling task?,free_form,1,"The relation R(x,y) is mapped onto a question q whose answer is y",15,65,10,58,5,1.0,how,False,False,False
train,1649,527,Did they experiment on this corpus?,yes_no,1,No,1,2,6,35,2,1.0,boolean,False,False,False
train,1898,632,What languages are represented in the dataset?,free_form,1,"EN, JA, ES, AR, PT, KO, TH, FR, TR, RU, IT, DE, PL, NL, EL, SV, FA, VI, FI, CS, UK, HI, DA, HU, NO, RO, SR, LV, BG, UR, TA, MR, BN, IN, KN, ET, SL, GU, CY, ZH, CKB, IS, LT, ML, SI, IW, NE, KM, MY, TL, KA, BO",52,207,7,46,3,1.0,what,False,False,False
train,1899,632,Which existing language ID systems are tested?,extractive,1,"langid.py library, encoder-decoder EquiLID system, GRU neural network LanideNN system, CLD2, CLD3",13,97,7,46,5,1.0,which,False,False,False
train,622,171,Which training dataset allowed for the best generalization to benchmark sets?,free_form,1,MultiNLI,1,8,11,77,7,1.0,which,False,False,False
train,623,171,Which model generalized the best?,extractive,1,BERT,1,4,5,33,3,1.0,which,False,False,False
train,624,171,Which models were compared?,free_form,1,"BiLSTM-max, HBMP, ESIM, KIM, ESIM + ELMo, and BERT",8,50,4,27,2,1.0,which,False,True,False
train,625,171,Which datasets were used?,extractive,1,"SNLI, MultiNLI and SICK",4,23,4,25,2,1.0,which,False,False,False
train,2237,820,How does the semi-automatic construction process work?,free_form,1,Automatic transcription of 5000 tokens through sequential neural models trained on the annotated part of the corpus,17,115,7,54,4,1.0,how,False,False,False
train,2238,820,Does the paper report translation accuracy for an automatic translation model for Tunisian to Arabish words?,yes_no,1,Yes,1,3,16,108,10,0.875,boolean,False,False,False
train,925,268,what are the existing models they compared with?,extractive,1,"Syn Dep, OpenIE, SRL, BiDAF, QANet, BERT, NAQANet, NAQANet+",9,59,8,48,3,1.0,what,False,True,False
train,53,12,Did they experiment with the dataset?,yes_no,1,Yes,1,3,6,37,2,1.0,boolean,False,False,False
train,54,12,What is the size of this dataset?,extractive,1,"29,500 documents",3,16,7,33,2,1.0,what,False,False,False
train,55,12,Do they list all the named entity types present?,yes_no,1,No,1,2,9,48,5,1.0,boolean,False,False,False
train,1734,562,Which evaluation metrics do they use for language modelling?,extractive,1,"functional dissimilarity score, nearest neighbours experiment",6,61,9,60,5,1.0,which,False,False,False
train,1735,562,Do they do quantitative quality analysis of learned embeddings?,yes_no,1,Yes,1,3,9,63,5,0.8889,boolean,False,False,False
train,1736,562,Do they evaluate on downstream tasks?,yes_no,1,Yes,1,3,6,37,3,1.0,boolean,False,False,False
train,1737,562,Which corpus do they use?,extractive,1,The dataset was created by using translations provided by Tatoeba and OpenSubtitles .,12,85,5,25,2,1.0,which,False,False,False
train,1136,341,Has there been previous work on SNMT?,yes_no,1,Yes,1,3,7,37,3,1.0,boolean,False,False,False
train,1137,341,Which languages do they experiment on?,extractive,1,"German, English, Chinese",3,24,6,38,2,1.0,which,False,False,False
train,1138,341,What corpora is used?,extractive,1,"IWSLT16, WMT15, NIST",3,20,4,21,2,1.0,what,False,False,False
train,2090,729,Which dataset do they use for text modelling?,extractive,1,"Penn Treebank (PTB), end-to-end (E2E) text generation corpus",8,60,8,45,4,1.0,which,False,False,False
train,2091,729,Do they compare against state of the art text generation?,yes_no,1,Yes,1,3,10,57,5,1.0,boolean,False,True,False
train,2092,729,How do they evaluate generated text quality?,extractive,1,"Loss analysis. To conduct a more thorough evaluation, we further investigate model behaviours in terms of both reconstruction loss and KL loss, as shown in Figure FIGREF14. These plots were obtained based on the E2E training set using the inputless setting.",41,257,7,44,4,1.0,how,False,False,False
train,28,4,What aspects have been compared between various language models?,free_form,1,"Quality measures using perplexity and recall, and performance measured using latency and energy usage. ",14,103,9,64,5,1.0,what,False,True,False
train,29,4,what classic language models are mentioned in the paper?,extractive,1,Kneser–Ney smoothing,3,20,9,56,5,1.0,what,False,False,False
train,30,4,What is a commonly used evaluation metric for language models?,extractive,1,perplexity,1,10,10,62,6,1.0,what,False,False,False
train,2142,758,What are causal attribution networks?,free_form,1,"networks where nodes represent causes and effects, and directed edges represent cause-effect relationships proposed by humans",16,125,5,37,3,1.0,what,False,False,False
train,581,158,What is task success rate achieved?,free_form,1,96-97.6% using the objects color or shape and 79% using shape alone,13,67,6,35,4,1.0,what,False,False,False
train,582,158,What simulations are performed by the authors to validate their approach?,extractive,1,a simulated binning task in which the robot is tasked to place a cube into a bowl as outlined by the verbal command,23,115,11,73,5,1.0,what,False,False,False
train,583,158,Does proposed end-to-end approach learn in reinforcement or supervised learning manner?,free_form,1,supervised learning,2,19,11,87,8,1.0,boolean,False,False,True
train,1324,408,How does the method measure the impact of the event on market prices?,extractive,1,We collected the historical 52 week stock prices prior to this event and calculated the daily stock price change. The distribution of the daily price change of the previous 52 weeks is Figure FIGREF13 with a mean INLINEFORM1 and standard deviation INLINEFORM2 .,42,261,13,69,6,0.8462,how,False,False,False
train,1325,408,How is sentiment polarity measured?,extractive,1,"For each cluster, its overall sentiment score is quantified by the mean of the sentiment scores among all tweets",19,112,5,35,3,1.0,how,False,False,False
train,539,149,What was their result on Stance Sentiment Emotion Corpus?,free_form,1,F1 score of 66.66%,5,18,9,57,5,1.0,what,False,False,False
train,540,149,What performance did they obtain on the SemEval dataset?,free_form,1,F1 score of 82.10%,5,18,9,56,4,1.0,what,False,False,False
train,541,149,What are the state-of-the-art systems?,free_form,1,"For sentiment analysis UWB, INF-UFRGS-OPINION-MINING, LitisMind, pkudblab and SVM + n-grams + sentiment and for emotion analysis MaxEnt, SVM, LSTM, BiLSTM and CNN",21,162,5,38,2,1.0,what,False,False,False
train,542,149,How is multi-tasking performed?,extractive,1,"The proposed system consists of a Bi-directional Long Short-Term Memory (BiLSTM) , a two-level attention mechanism ,  and a shared representation for emotion and sentiment analysis tasks., Each of the shared representations is then fed to the primary attention mechanism",38,270,4,31,2,1.0,how,False,False,False
train,543,149,What are the datasets used for training?,extractive,1,"SemEval 2016 Task 6 , Stance Sentiment Emotion Corpus (SSEC) ",9,61,7,40,3,1.0,what,False,False,False
train,544,149,What is the previous state-of-the-art model?,extractive,1,", , , LitisMind, Maximum entropy, SVM, LSTM, Bi-LSTM, and CNN",8,61,6,44,3,1.0,what,False,False,False
train,814,233,How do they represent input features of their model to train embeddings?,extractive,1,a vector of frame-level acoustic features,6,41,12,72,6,1.0,how,False,False,False
train,815,233,Which dimensionality do they use for their embeddings?,extractive,1,1061,1,4,8,54,3,1.0,which,False,False,False
train,816,233,Which dataset do they use?,extractive,1,Switchboard conversational English corpus,4,41,5,26,2,1.0,which,False,False,False
train,817,233,By how much do they outpeform previous results on the word discrimination task?,free_form,1,Their best average precision tops previous best result by 0.202,11,63,13,79,7,1.0,how,False,False,False
train,2005,683,how was annotation done?,free_form,1,Annotation was done with the help of annotators from Amazon Mechanical Turk on snippets of conversations,16,104,4,24,2,1.0,how,False,False,False
train,2006,683,what is the source of the new dataset?,extractive,1,Reddit,1,6,8,38,3,0.875,what,False,False,False
train,1599,511,Do they consider relations other than binary relations?,yes_no,1,Yes,1,3,8,55,4,0.875,boolean,False,False,False
train,1600,511,Are the grammar clauses manually created?,yes_no,1,Yes,1,3,6,41,4,1.0,boolean,False,False,False
train,1601,511,Do they use an NER system in their pipeline?,yes_no,1,No,1,2,9,44,4,1.0,boolean,False,False,False
train,301,84,What models do they propose?,extractive,1,"Feature Concatenation Model (FCM), Spatial Concatenation Model (SCM), Textual Kernels Model (TKM)",12,97,5,28,2,1.0,what,False,False,False
train,302,84,How large is the dataset?,extractive,1,"$150,000$ tweets",3,16,5,25,2,1.0,how,False,False,False
train,303,84,What is the results of multimodal compared to unimodal models?,free_form,1,"Unimodal LSTM vs Best Multimodal (FCM)
- F score: 0.703 vs 0.704
- AUC: 0.732 vs 0.734 
- Mean Accuracy: 68.3 vs 68.4 ",26,118,10,62,5,1.0,what,False,True,False
train,304,84,What is author's opinion on why current multimodal models cannot outperform models analyzing only text?,extractive,1,"Noisy data, Complexity and diversity of multimodal relations, Small set of multimodal examples",13,94,16,103,9,0.9375,what,False,True,False
train,305,84,What metrics are used to benchmark the results?,extractive,1,"F-score, Area Under the ROC Curve (AUC), mean accuracy (ACC), Precision vs Recall plot, ROC curve (which plots the True Positive Rate vs the False Positive Rate)",27,161,8,47,4,1.0,what,False,False,False
train,306,84,"How is data collected, manual collection or Twitter api?",extractive,1,Twitter API,2,11,9,56,6,1.0,how,False,False,True
train,307,84,"How many tweats does MMHS150k contains, 150000?",extractive,1,"$150,000$ tweets",3,16,7,47,5,1.0,how_many,True,False,False
train,308,84,What unimodal detection models were used?,extractive,1,single layer LSTM with a 150-dimensional hidden state for hate / not hate classification,13,88,6,41,4,1.0,what,False,False,False
train,309,84,What different models for multimodal detection were proposed?,extractive,1,"Feature Concatenation Model (FCM), Spatial Concatenation Model (SCM), Textual Kernels Model (TKM)",12,97,8,61,5,1.0,what,False,False,False
train,310,84,What annotations are available in the dataset - tweat used hate speach or not?,extractive,1,"No attacks to any community, racist, sexist, homophobic, religion based attacks, attacks to other communities",15,109,13,78,7,1.0,what,False,False,True
train,1216,373,What evaluation metrics are used?,free_form,1,Accuracy on each dataset and the average accuracy on all datasets.,11,66,5,33,3,1.0,what,False,False,False
train,1217,373,What dataset did they use?,extractive,1,"16 different datasets from several popular review corpora used in , CoNLL 2000 ",12,79,5,26,2,1.0,what,False,False,False
train,1218,373,What tasks did they experiment with?,extractive,1,"Sentiment Classification, Transferability of Shared Sentence Representation, Introducing Sequence Labeling as Auxiliary Task",13,124,6,36,2,1.0,what,False,False,False
train,2243,825,How does this compare to contextual embedding methods?,extractive,1,"represent each word with an expressive multimodal distribution, for multiple distinct meanings, entailment, heavy tailed uncertainty, and enhanced interpretability. For example, one mode of the word `bank' could overlap with distributions for words such as `finance' and `money', and another mode could overlap with the distributions for `river' and `creek'.",50,358,8,54,4,1.0,how,False,True,False
train,200,57,Is text-to-image synthesis trained is suppervized or unsuppervized manner?,extractive,1,unsupervised,1,12,9,74,6,0.8889,boolean,False,False,True
train,201,57,What challenges remain unresolved?,extractive,1,"give more independence to the several learning methods (e.g. less human intervention) involved in the studies, increasing the size of the output images",24,151,4,34,3,1.0,what,False,False,False
train,202,57,What is the conclusion of comparison of proposed solution?,extractive,1,"HDGAN produced relatively better visual results on the CUB and Oxford datasets while AttnGAN produced far more impressive results than the rest on the more complex COCO dataset, In terms of inception score (IS), which is the metric that was applied to majority models except DC-GAN, the results in Table TABREF48 show that StackGAN++ only showed slight improvement over its predecessor, text to image synthesis is continuously improving the results for better visual perception and interception",76,494,9,58,4,0.8889,what,False,True,False
train,203,57,What is typical GAN architecture for each text-to-image synhesis group?,free_form,1,"Semantic Enhancement GANs: DC-GANs, MC-GAN
Resolution Enhancement GANs: StackGANs, AttnGAN, HDGAN
Diversity Enhancement GANs: AC-GAN, TAC-GAN etc.
Motion Enhancement GAGs: T2S, T2V, StoryGAN",23,190,10,71,6,1.0,what,False,False,False
train,186,54,What are their correlation results?,free_form,1,High correlation results range from 0.472 to 0.936,10,50,5,35,2,1.0,what,False,False,False
train,187,54,What dataset do they use?,extractive,1,"datasets from the NIST DUC-05, DUC-06 and DUC-07 shared tasks",10,61,5,25,2,1.0,what,False,False,False
train,188,54,What simpler models do they look at?,extractive,1,"BiGRU s with attention, ROUGE, Language model (LM), Next sentence prediction",11,76,7,36,3,1.0,what,False,False,False
train,189,54,What linguistic quality aspects are addressed?,free_form,1,"Grammaticality, non-redundancy, referential clarity, focus, structure & coherence",7,81,6,46,4,1.0,what,False,False,False
train,2308,882,What does recurrent deep stacking network do?,free_form,1,Stacks and joins outputs of previous frames with inputs of the current frame,13,76,7,45,4,1.0,what,False,False,False
train,1085,325,what is the source of the song lyrics?,extractive,1,Vagalume website,2,16,8,38,3,0.875,what,False,False,False
train,1086,325,what genre was the most difficult to classify?,extractive,1,bossa-nova and jovem-guarda genres,4,34,8,46,3,1.0,what,False,False,False
train,1087,325,what word embedding techniques did they experiment with?,extractive,1,"Word2Vec, Wang2Vec, and FastText",4,32,8,56,4,1.0,what,False,False,False
train,1088,325,what genres do they songs fall under?,free_form,1,"Gospel, Sertanejo, MPB, Forró, Pagode, Rock, Samba, Pop, Axé, Funk-carioca, Infantil, Velha-guarda, Bossa-nova and Jovem-guarda",13,127,7,37,3,1.0,what,False,False,False
train,431,114,Do they use pretrained word vectors for dialogue context embedding?,yes_no,1,Yes,1,3,10,67,7,1.0,boolean,False,False,False
train,432,114,Do they train a different training method except from scheduled sampling?,free_form,1,"Answer with content missing: (list missing) 
Scheduled sampling: In our experiments, we found that models trained with scheduled sampling performed better (about 0.004 BLEU-4 on validation set) than the ones trained using teacher-forcing for the AVSD dataset. Hence, we use scheduled sampling for all the results we report in this paper.

Yes.",53,343,11,73,7,1.0,boolean,False,False,False
train,1847,612,what were the baselines?,free_form,1,"2008 Punyakanok et al. 
2009 Zhao et al. + ME 
2008 Toutanova et al. 
2010 Bjorkelund et al.  
2015 FitzGerald et al. 
2015 Zhou and Xu 
2016 Roth and Lapata 
2017 He et al. 
2017 Marcheggiani et al.
2017 Marcheggiani and Titov 
2018 Tan et al. 
2018 He et al. 
2018 Strubell et al. 
2018 Cai et al. 
2018 He et al. 
2018 Li et al. 
",65,333,4,24,1,1.0,what,False,False,False
train,1537,481,how many domains did they experiment with?,free_form,1,2,1,1,7,42,3,1.0,how_many,False,False,False
train,1538,481,what pretrained models were used?,extractive,1,"BiDAF, BERT",2,11,5,33,3,1.0,what,False,False,False
train,1982,675,How do they obtain human generated policies?,extractive,1,"derive rewards from human-human dialogues by assigning positive values to contextualised responses seen in the data, and negative values to randomly chosen responses due to lacking coherence",27,190,7,44,4,1.0,how,False,False,False
train,1983,675,How many agents do they ensemble over?,extractive,1,100,1,3,7,38,3,1.0,how_many,False,False,False
train,1822,602,How is fluency of generated text evaluated?,extractive,1,manually reviewed,2,17,7,43,4,1.0,how,False,False,False
train,1823,602,How is faithfulness of the resulting text evaluated?,extractive,1,manually inspect,2,16,8,52,4,1.0,how,False,False,False
train,1824,602,How are typing hints suggested?,extractive,1,concatenating to the embedding vector,5,37,5,31,3,1.0,how,False,False,False
train,1825,602,What is the effectiveness plan generation?,extractive,1,"clear mapping between plans and text helps to reduce these issues greatly, the system in  still has 2% errors, work in neural text generation and summarization attempt to address these issues",31,191,6,42,3,1.0,what,False,False,False
train,1826,602,How is neural planning component trained?,extractive,1,"plan-to-DFS mapping to perform the correct sequence of traversals, and train a neural classifier to act as a controller",19,119,6,41,4,1.0,how,False,False,False
train,212,60,what were the baselines?,extractive,1,"Rank by the number of times a citation is mentioned in the document, Rank by the number of times the citation is cited in the literature (citation impact). , Rank using Google Scholar Related Articles., Rank by the TF*IDF weighted cosine similarity. , ank using a learning-to-rank model trained on text similarity rankings",52,322,4,24,1,1.0,what,False,False,False
train,213,60,what is the supervised model they developed?,extractive,1,SVMRank,1,7,7,44,3,1.0,what,False,False,False
train,214,60,what is the size of this built corpus?,extractive,1,"90 annotated documents with 5 citations each ranked 1 to 5, where 1 is least relevant and 5 is most relevant for a total of 450 annotated citations",28,147,8,38,3,1.0,what,False,False,False
train,215,60,what crowdsourcing platform is used?,extractive,1,asked the authors to rank by closeness five citations we selected from their paper,14,82,5,36,3,1.0,what,False,False,False
train,311,85,What were the evaluation metrics used?,extractive,1,"accuracy, normalized mutual information",4,39,6,38,3,1.0,what,False,False,False
train,312,85,What were their performance results?,free_form,1,"On SearchSnippets dataset ACC 77.01%, NMI 62.94%, on StackOverflow dataset ACC 51.14%, NMI 49.08%, on Biomedical dataset ACC 43.00%, NMI 38.18%",27,143,5,36,2,1.0,what,False,False,False
train,313,85,By how much did they outperform the other methods?,free_form,1,"on SearchSnippets dataset by 6.72% in ACC, by 6.94% in NMI; on Biomedical dataset by 5.77% in ACC, 3.91% in NMI",25,111,9,50,3,1.0,how,False,True,False
train,314,85,Which popular clustering methods did they experiment with?,extractive,1,"K-means, Skip-thought Vectors, Recursive Neural Network and Paragraph Vector based clustering methods",12,101,8,58,4,1.0,which,False,False,False
train,315,85,What datasets did they use?,extractive,1,"SearchSnippets, StackOverflow, Biomedical",3,41,5,27,2,1.0,what,False,False,False
train,2231,814,What is binary variational dropout?,extractive,1,the dropout technique of Gal & Ghahramani gal,7,45,5,35,3,1.0,what,False,False,False
train,1840,610,How do they quantify alignment between the embeddings of a document and its translation?,extractive,1,median cosine similarity,3,24,14,88,5,1.0,how,False,False,True
train,1841,610,"Does adversarial learning have stronger performance gains for text classification, or for NER?",extractive,1,classification,1,14,13,94,8,0.9231,boolean,False,False,True
train,1842,610,Do any of the evaluations show that adversarial learning improves performance in at least two different language families?,yes_no,1,Yes,1,3,18,122,11,1.0,boolean,True,False,False
train,2121,746,How do they obtain parsed source sentences?,extractive,1,Stanford CoreNLP ,2,17,7,43,4,1.0,how,False,False,False
train,2122,746,What kind of encoders are used for the parsed source sentence?,extractive,1,RNN encoders,2,12,11,62,6,1.0,what,False,False,False
train,2123,746,Whas is the performance drop of their model when there is no parsed input?,extractive,1,improvements of up to 1.5 BLEU over the seq2seq baseline,11,56,14,74,6,0.9286,other,False,False,False
train,1228,377,What representations are presented by this paper?,extractive,1,"the number of speakers of each gender category, their speech duration",11,69,7,49,3,1.0,what,False,False,False
train,1514,474,What external sources are used?,free_form,1,"Raw data from Gigaword, Automatically segmented text from Gigaword, Heterogenous training data from People's Daily, POS data from People's Daily",22,144,5,31,3,1.0,what,False,False,False
train,1515,474,What submodules does the model consist of?,extractive,1,five-character window context,3,29,7,42,3,1.0,what,False,False,False
train,744,206,what baseline do they compare to?,extractive,1,"VecMap, Muse, Barista",3,21,6,33,2,1.0,what,False,True,False
train,2282,855,What is novel in author's approach?,free_form,1,"They use self-play learning , optimize the model for specific metrics, train separate models per user, use model  and response classification predictors, and filter the dataset to obtain higher quality training data.",31,216,7,35,3,1.0,what,False,False,False
train,651,179,"Is model explanation output evaluated, what metric was used?",extractive,1,"balanced accuracy, i.e., the average of the three accuracies on each class",13,74,9,60,6,1.0,boolean,False,False,False
train,652,179,How many annotators are used to write natural language explanations to SNLI-VE-2.0?,extractive,1,"2,060 workers",3,13,13,83,8,0.9231,how_many,True,False,False
train,653,179,How many natural language explanations are human-written?,free_form,1,Totally 6980 validation and test image-sentence pairs have been corrected.,10,74,7,57,5,1.0,how_many,False,False,False
train,654,179,How much is performance difference of existing model between original and corrected corpus?,extractive,1,"73.02% on the uncorrected SNLI-VE test set, achieves 73.18% balanced accuracy when tested on the corrected test set",20,115,13,91,8,1.0,how_many,False,True,True
train,655,179,What is the class with highest error rate in SNLI-VE?,extractive,1,neutral class,2,13,10,53,5,1.0,what,False,False,False
train,2154,770,What is the state-of-the-art neural coreference resolution model?,extractive,1," , ",0,3,8,65,5,1.0,what,False,False,False
train,1054,313,Which dataset do they use?,extractive,1,Stanford Sentiment Treebank (SST)  and AG News ,7,47,5,26,2,1.0,which,False,False,False
train,2081,726,Do they measure the number of created No-Arc long sequences?,yes_no,1,No,1,2,10,60,6,1.0,boolean,False,False,False
train,2082,726,By how much does the new parser outperform the current state-of-the-art?,free_form,1,Proposed method achieves 94.5 UAS and 92.4 LAS  compared to 94.3 and 92.2 of best state-of-the -art greedy based parser. Best state-of-the art parser overall achieves 95.8 UAS and 94.6 LAS.,37,189,11,72,6,0.9091,how,False,True,False
train,552,151,What are the supported natural commands?,extractive,1,"Set/Change Destination, Set/Change Route, Go Faster, Go Slower, Stop, Park, Pull Over, Drop Off, Open Door, Other",19,113,6,40,3,1.0,what,False,False,False
train,553,151,What is the size of their collected dataset?,free_form,1,3347 unique utterances ,3,23,8,44,3,1.0,what,False,False,False
train,554,151,Did they compare against other systems?,yes_no,1,Yes,1,3,6,39,2,1.0,boolean,False,True,False
train,555,151,What intents does the paper explore?,extractive,1,"Set/Change Destination, Set/Change Route, Go Faster, Go Slower, Stop, Park, Pull Over, Drop Off, Open Door, Other",19,113,6,36,3,1.0,what,False,False,False
train,2000,682,Do they report results only on English data?,yes_no,1,Yes,1,3,8,44,4,1.0,boolean,False,False,False
train,2001,682,Which is the best performing method?,extractive,1,"Caravel, COAV and NNCD",4,22,6,36,3,1.0,which,False,False,False
train,2002,682,What size are the corpora?,extractive,1,"80 excerpts from scientific works, collection of 1,645 chat conversations, collection of 200 aggregated postings",16,112,5,26,2,1.0,what,False,False,False
train,2003,682,What is a self-compiled corpus?,extractive,1,"restrict the content of each text to the abstract and conclusion of the original work, considered other parts of the original works such as introduction or discussion sections, extracted text portions are appropriate for the AV task, each original work was preprocessed manually, removed tables, formulas, citations, quotes and sentences that include non-language content such as mathematical constructs or specific names of researchers, systems or algorithms",66,459,5,31,2,1.0,what,False,False,False
train,2004,682,What are the 12 AV approaches which are examined?,free_form,1,"MOCC, OCCAV, COAV, AVeer, GLAD, DistAV, Unmasking, Caravel, GenIM, ImpGI, SPATIUM and NNCD",13,90,9,49,4,0.8889,what,True,False,False
train,773,220,How do they measure performance?,extractive,1,"average INLINEFORM0 , INLINEFORM1 , and INLINEFORM2 values",6,58,5,32,2,1.0,how,False,False,False
train,774,220,Which four QA systems do they use?,extractive,1,"WDAqua  , QAKiS  , gAnswer  and Platypus ",5,41,7,34,4,1.0,which,True,False,False
train,775,220,Do they test performance of their approaches using human judgements?,yes_no,1,Yes,1,3,10,68,6,1.0,boolean,False,False,False
train,980,288,What improvement does the MOE model make over the SOTA on machine translation?,extractive,1,"1.34 and 1.12 BLEU score on top of the strong baselines in , perplexity scores are also better, On the Google Production dataset, our model achieved 1.01 higher test BLEU score",33,176,13,78,7,0.9231,what,False,False,False
train,981,288,What improvement does the MOE model make over the SOTA on language modelling?,free_form,1,Perpexity is improved from 34.7 to 28.0.,9,40,13,77,7,0.9231,what,False,False,False
train,982,288,How is the correct number of experts to use decided?,extractive,1,varied the number of experts between models,7,43,10,52,5,1.0,how,False,False,False
train,983,288,What equations are used for the trainable gating network?,extractive,1,"DISPLAYFORM0, DISPLAYFORM0 DISPLAYFORM1",3,39,9,57,5,1.0,what,False,False,False
train,1981,673,Do they build a generative probabilistic language model for sign language?,yes_no,1,No,1,2,11,74,7,0.9091,boolean,False,False,False
train,460,124,How big is data provided by this research?,extractive,1,16k images and 740k corresponding region descriptions,7,53,8,42,4,1.0,how,False,False,False
train,461,124,How they complete a user query prefix conditioned upon an image?,extractive,1,we replace user embeddings with a low-dimensional image representation,9,70,11,64,7,1.0,how,False,False,False
train,579,156,What data were they used to train the multilingual encoder?,free_form,1,WMT 2014 En-Fr parallel corpus,5,30,10,59,5,1.0,what,False,False,False
train,240,67,Do they report results only on English data?,yes_no,1,Yes,1,3,8,44,4,1.0,boolean,False,False,False
train,241,67,Do the authors mention any confounds to their study?,yes_no,1,No,1,2,9,52,4,1.0,boolean,False,False,False
train,242,67,What baseline model is used?,free_form,1,Human evaluators,2,16,5,28,3,1.0,what,False,True,False
train,243,67,What stylistic features are used to detect drunk texts?,free_form,1,"LDA unigrams (Presence/Count), POS Ratio, #Named Entity Mentions, #Discourse Connectors,  Spelling errors, Repeated characters, Capitalisation, Length,  Emoticon (Presence/Count ) 
 and Sentiment Ratio",23,201,9,55,6,1.0,what,False,False,False
train,244,67,Is the data acquired under distant supervision verified by humans at any stage?,yes_no,1,Yes,1,3,13,79,7,1.0,boolean,False,False,False
train,245,67,Do the authors equate drunk tweeting with drunk texting?,yes_no,1,Yes,1,3,9,56,6,0.8889,boolean,False,False,False
train,2208,803,Did they experiment with the corpus?,yes_no,1,Yes,1,3,6,36,2,1.0,boolean,False,False,False
train,2209,803,What writing styles are present in the corpus?,free_form,1,"current news, historical news, free time, sports, juridical news pieces, personal adverts, editorials.",13,102,8,46,4,1.0,what,False,False,False
train,2210,803,How did they determine the distinct classes?,extractive,1,inspired by the OntoNotes5 corpus  as well as the ACE (Automatic Content Extraction) English Annotation Guidelines for Entities Version 6.6 2008.06.13 ,24,151,7,44,3,1.0,how,False,False,False
train,2143,761,how did they ask if a tweet was racist?,free_form,1,"if it includes  negative utterances, negative generalizations and insults concerning ethnicity, nationality, religion and culture.",15,130,9,39,3,1.0,how,False,False,True
train,1671,539,What other solutions do they compare to?,extractive,1,strong competitive methods on the SQuAD leaderboard and TriviaQA leaderboard,10,76,7,40,2,1.0,what,False,True,False
train,1672,539,How does the gatint mechanism combine word and character information?,extractive,1,"when the gate has high value, more information flows from the word-level representation; otherwise, char-level will take the dominating place, for unfamiliar noun entities, the gates tend to bias towards char-level representation in order to care richer morphological structure",39,277,10,69,6,1.0,how,False,False,True
train,1888,629,Are results reported only for English data?,yes_no,1,No,1,2,7,43,4,1.0,boolean,False,False,False
train,1889,629,Which existing models does this approach outperform?,free_form,1,"RNN-context, SRB, CopyNet, RNN-distract, DRGD",5,45,7,52,4,1.0,which,False,True,False
train,1890,629,What human evaluation method is proposed?,free_form,1,comparing the summary with the text instead of the reference and labeling the candidate bad if it is incorrect or irrelevant,21,124,6,41,4,1.0,what,False,False,False
train,1404,432,What is the motivation behind the work? Why question generation is an important task?,extractive,1,Such a system would benefit educators by saving time to generate quizzes and tests.,14,83,14,85,7,0.8571,what,False,False,False
train,1405,432,Why did they choose WER as evaluation metric?,extractive,1,"WER can reflect our model's effectiveness in generating questions that are similar to those of SQuAD, WER can be used for initial analyses",24,138,8,45,4,1.0,why,False,False,False
train,2241,823,How much does HAS-QA improve over baselines?,extractive,1,"For example, in QuasarT, it improves 16.8% in EM score and 20.4% in F1 score. , For example, in QuasarT, it improves 4.6% in EM score and 3.5% in F1 score.",34,155,7,44,4,1.0,how_many,False,False,False
train,507,137,Why does not the approach from English work on other languages?,free_form,1,"Because, unlike other languages, English does not mark grammatical genders",10,74,11,63,4,1.0,why,False,False,False
train,508,137,How do they measure grammaticality?,free_form,1,by calculating log ratio of grammatical phrase over ungrammatical phrase,10,72,5,35,2,1.0,how,False,False,False
train,509,137,Which model do they use to convert between masculine-inflected and feminine-inflected sentences?,extractive,1,Markov random field with an optional neural parameterization,8,60,12,96,6,1.0,which,False,False,True
train,2147,765,Which conventional alignment models do they use as guidance?,extractive,1,GIZA++  or fast_align ,3,22,9,60,5,1.0,which,False,False,False
train,2148,765,Which dataset do they use?,extractive,1,"BTEC corpus, the CSTAR03 and IWSLT04 held out sets, the NIST2008 Open Machine Translation Campaign",15,98,5,26,2,1.0,which,False,False,False
train,491,132,How is order of binomials tracked across time?,extractive,1,"draw our data from news publications, wine reviews, and Reddit, develop new metrics for the agreement of binomial orderings across communities and the movement of binomial orderings over time, develop a null model to determine how much variation in binomial orderings we might expect across communities and across time",49,318,8,46,5,1.0,how,False,False,False
train,492,132,What types of various community texts have been investigated for exploring global structure of binomials?,extractive,1,"news publications, wine reviews, and Reddit",6,43,15,105,9,0.9333,what,False,False,False
train,493,132,Are there any new finding in analasys of trinomials that was not present binomials?,extractive,1,Trinomials are likely to appear in exactly one order,9,52,14,83,6,1.0,boolean,False,False,False
train,494,132,What new model is proposed for binomial lists?,extractive,1,null model,2,10,8,46,5,1.0,what,False,False,False
train,495,132,How was performance of previously proposed rules at very large scale?,extractive,1,"close to random,",3,16,11,69,6,1.0,how,False,False,False
train,496,132,What previously proposed rules for predicting binoial ordering are used?,extractive,1,"word length, number of phonemes, number of syllables, alphabetical order, and frequency",12,87,10,72,7,1.0,what,False,False,False
train,497,132,What online text resources are used to test binomial lists?,extractive,1,"news publications, wine reviews, and Reddit",6,43,10,59,7,1.0,what,False,False,False
train,1440,446,Is the proposed method compared to previous methods?,yes_no,1,Yes,1,3,8,52,5,1.0,boolean,False,True,False
train,1872,622,what semantically conditioned models did they compare with?,extractive,1,Hierarchical Disentangled Self-Attention,3,40,8,59,4,1.0,what,False,True,False
train,1489,466,What are the key issues around whether the gold standard data produced in such an annotation is reliable?,extractive,1,"only 1 in 9 qualitative papers in Human-Computer Interaction reported inter-rater reliability metrics, low-effort responses from crowdworkers",17,141,18,105,10,0.9444,what,False,False,True
train,1490,466,How were the machine learning papers from ArXiv sampled?,extractive,1,"sampled all papers published in the Computer Science subcategories of Artificial Intelligence (cs.AI), Machine Learning (cs.LG), Social and Information Networks (cs.SI), Computational Linguistics (cs.CL), Computers and Society (cs.CY), Information Retrieval (cs.IR), and Computer Vision (CS.CV), the Statistics subcategory of Machine Learning (stat.ML), and Social Physics (physics.soc-ph), filtered for papers in which the title or abstract included at least one of the words “machine learning”, “classif*”, or “supervi*” (case insensitive), filtered to papers in which the title or abstract included at least “twitter” or “tweet” (case insensitive)",95,650,9,56,5,1.0,how,False,False,False
train,1491,466,What are the core best practices of structured content analysis?,extractive,1,"“coding scheme” is defined, coders are trained with the coding scheme, Training sometimes results in changes to the coding scheme, calculation of “inter-annotator agreement” or “inter-rater reliability.”, there is a process of “reconciliation” for disagreements",35,261,10,64,6,1.0,what,False,False,False
train,1492,466,In what sense is data annotation similar to structured content analysis?,extractive,1,"structured content analysis (also called “closed coding”) is used to turn qualitative or unstructured data of all kinds into structured and/or quantitative data, Projects usually involve teams of “coders” (also called “annotators”, “labelers”, or “reviewers”), with human labor required to “code”, “annotate”, or “label” a corpus of items.",49,339,11,72,7,1.0,what,False,False,False
train,1369,421,What clustering algorithm is used on top of the VerbNet-specialized representations?,extractive,1,MNCut spectral clustering algorithm ,4,36,11,84,6,1.0,what,False,False,False
train,1370,421,What are the six target languages?,free_form,1,"Answer with content missing: (3 Experimental Setup) We experiment with six target languages: French (FR), Brazilian Portuguese (PT), Italian (IT), Polish (PL), Croatian (HR), and Finnish (FI).",27,192,6,34,3,1.0,what,True,False,False
train,811,232,How is speed measured?,extractive,1,time elapsed between the moment the link or content was posted/tweeted and the moment that the reaction comment or tweet occurred,22,129,4,22,2,1.0,how,False,False,False
train,812,232,What is the architecture of their model?,extractive,1,"we combine a text sequence sub-network with a vector representation sub-network as shown in Figure FIGREF5 . The text sequence sub-network consists of an embedding layer initialized with 200-dimensional GloVe embeddings  followed by two 1-dimensional convolution layers, then a max-pooling layer followed by a dense layer. The vector representation sub-network consists of two dense layers. We incorporate information from both sub-networks through concatenated padded text sequences and vector representations of normalized Linguistic Inquiry and Word Count (LIWC) features  for the text of each post and its parent.",86,617,7,40,2,1.0,what,False,False,False
train,813,232,What are the nine types?,extractive,1,"agreement, answer, appreciation, disagreement, elaboration, humor, negative reaction, question, other",10,101,5,24,2,1.0,what,True,False,False
train,1384,425,How are meta vertices computed?,extractive,1,"Meta vertex candidate identification. Edit distance and word lengths distance are used to determine whether two words should be merged into a meta vertex (only if length distance threshold is met, the more expensive edit distance is computed)., The meta vertex creation. As common identifiers, we use the stemmed version of the original vertices and if there is more than one resulting stem, we select the vertex from the identified candidates that has the highest centrality value in the graph and its stemmed version is introduced as a novel vertex (meta vertex).",92,565,5,31,3,1.0,how,False,False,False
train,1385,425,How are graphs derived from a given text?,extractive,1,"The given corpus is traversed, and for each element INLINEFORM6 , its successor INLINEFORM7 , together with a given element, forms a directed edge INLINEFORM8 . Finally, such edges are weighted according to the number of times they appear in a given corpus. Thus the graph, constructed after traversing a given corpus, consists of all local neighborhoods (order one), merged into a single joint structure. Global contextual information is potentially kept intact (via weights), even though it needs to be detected via network analysis",81,534,8,41,4,1.0,how,False,False,False
train,2199,796,"Can the model add new relations to the knowledge graph, or just new entities?",free_form,1,The model does not add new relations to the knowledge graph.,11,60,14,77,10,0.8571,boolean,False,False,True
train,1832,606,What language technologies have been introduced in the past?,free_form,1,"- Font & Keyboard
- Speech-to-Text
- Text-to-Speech
- Text Prediction
- Spell Checker
- Grammar Checker
- Text Search
- Machine Translation
- Voice to Text Search
- Voice to Speech Search",22,187,9,60,4,1.0,what,False,False,False
train,2062,717,What is their baseline?,extractive,1,Google's Neural Machine Translation,5,35,4,23,1,1.0,what,False,True,False
train,1791,588,Are there syntax-agnostic SRL models before?,yes_no,1,Yes,1,3,6,44,3,1.0,boolean,False,False,False
train,1792,588,What is the biaffine scorer?,extractive,1,biaffine attention ,2,19,5,28,2,1.0,what,False,False,False
train,2177,783,What is the introduced meta-embedding method introduced in this paper?,extractive,1,"proposed method comprises of two steps: a neighbourhood reconstruction step (Section ""Nearest Neighbour Reconstruction"" ), and a projection step (Section ""Projection to Meta-Embedding Space"" ). In the reconstruction step, we represent the embedding of a word by the linearly weighted combination of the embeddings of its nearest neighbours in each source embedding space.",51,371,10,70,5,0.9,what,False,False,False
train,1833,607,Does the dataset contain non-English reviews?,yes_no,1,Yes,1,3,6,45,4,1.0,boolean,False,False,False
train,1834,607,Does the paper report the performance of the method when is trained for more than 8 epochs?,yes_no,1,No,1,2,17,91,6,0.8824,boolean,True,False,False
train,113,32,Which ASR system(s) is used in this work?,extractive,1,Oracle,1,6,9,41,4,1.0,which,False,False,False
train,114,32,What are the series of simple models?,extractive,1,perform experiments to utilize ASR $n$-best hypotheses during evaluation,10,72,7,37,3,1.0,what,False,False,False
train,115,32,Over which datasets/corpora is this work evaluated?,extractive,1,$\sim $ 8.7M annotated anonymised user utterances,7,49,8,51,4,1.0,which,False,False,False
train,747,208,What statistics on the VIST dataset are reported?,extractive,1,"In the overall available data there are 40,071 training, 4,988 validation, and 5,050 usable testing stories.",19,108,8,49,4,1.0,what,False,False,False
train,1677,541,Is the corpus annotated?,yes_no,1,No,1,2,4,24,2,1.0,boolean,False,False,False
train,1678,541,How is the corpus normalized?,extractive,1,by replacing zero-width-non-joiner (ZWNJ)  and manually verifying the orthography,9,81,5,29,2,1.0,how,False,False,False
train,1679,541,What are the 12 categories devised?,free_form,1,"Economics, Genocide, Geography, History, Human Rights, Kurdish, Kurdology, Philosophy, Physics, Theology, Sociology, Social Study",14,129,6,35,3,1.0,what,True,False,False
train,1680,541,Is the corpus annotated with a phonetic transcription?,yes_no,1,No,1,2,8,54,4,1.0,boolean,False,False,False
train,1681,541,Is the corpus annotated with Part-of-Speech tags?,yes_no,1,No,1,2,7,49,4,1.0,boolean,False,False,False
train,704,193,How do they demonstrate the robustness of their results?,extractive,1,performances of a purely content-based model naturally stays stable,9,67,9,56,3,1.0,how,False,False,False
train,705,193,What baseline and classification systems are used in experiments?,extractive,1,", majority baseline",2,19,9,65,5,1.0,what,False,True,True
train,706,193,How are the EAU text spans annotated?,free_form,1,Answer with content missing: (Data and pre-processing section) The data is suited for our experiments because the annotators were explicitly asked to provide annotations on a clausal level.,28,189,7,37,4,1.0,how,False,False,False
train,633,174,what were the baselines?,extractive,1,"RNN model, CNN model , RNN-CNN model, attn1511 model, Deep Averaging Network model, avg mean of word embeddings in the sentence with projection matrix",23,150,4,24,1,1.0,what,False,False,False
train,634,174,what is the state of the art for ranking mc test answers?,extractive,1,ensemble of hand-crafted syntactic and frame-semantic features ,7,63,12,57,6,0.9167,what,False,False,False
train,635,174,what datasets did they use?,extractive,1,"Argus Dataset, AI2-8grade/CK12 Dataset, MCTest Dataset",7,54,5,27,2,1.0,what,False,False,False
train,1081,323,"By how much, the proposed method improves BiDAF and DCN on SQuAD dataset?",free_form,1,"In terms of F1 score, the Hybrid approach improved by 23.47% and 1.39% on BiDAF and DCN respectively. The DCA approach improved by 23.2% and 1.12% on BiDAF and DCN respectively.",35,177,13,73,8,1.0,how,False,False,True
train,1451,452,what are the evaluation metrics?,free_form,1,"Precision, Recall, F1",3,21,5,32,2,1.0,what,False,False,False
train,1452,452,which datasets were used in evaluation?,free_form,1,"CoNLL 2003, GermEval 2014, CoNLL 2002, Egunkaria, MUC7, Wikigold, MEANTIME, SONAR-1, Ancora 2.0",14,95,6,39,3,1.0,which,False,False,False
train,1453,452,what are the baselines?,free_form,1,Perceptron model using the local features.,6,42,4,23,1,1.0,what,False,False,False
train,2247,828,What were the model's results on flood detection?,extractive,1,"Queensland flood which provided 96% accuracy, Alberta flood with the same configuration of train-test split which provided 95% accuracy",19,135,9,49,4,1.0,what,False,False,False
train,2248,828,What dataset did they use?,extractive,1,"disaster data from , Queensland flood in Queensland, Australia and Alberta flood in Alberta, Canada",14,99,5,26,2,1.0,what,False,False,False
train,1804,593,Do the authors mention any possible confounds in their study?,yes_no,1,Yes,1,3,10,61,5,1.0,boolean,False,False,False
train,1805,593,What are the characteristics of the city dialect?,free_form,1,Lexicon of the cities tend to use most forms of a particular concept,13,68,8,49,3,0.875,what,False,False,False
train,1806,593,What are the characteristics of the rural dialect?,free_form,1,It uses particular forms of a concept rather than all of them uniformly,13,71,8,50,3,0.875,what,False,False,False
train,423,111,How well did the system do?,extractive,1,"the neural approach is generally preferred by a greater percentage of participants than the rules or random, human-made game outperforms them all",22,145,6,27,2,1.0,how,False,False,False
train,424,111,How is the information extracted?,extractive,1,"neural question-answering technique to extract relations from a story text, OpenIE5, a commonly used rule-based information extraction technique",18,144,5,33,2,1.0,how,False,False,False
train,180,52,Did they use the state-of-the-art model to analyze the attention?,extractive,1,we provide an extensive analysis of the state-of-the-art model,9,62,10,65,5,0.9,boolean,False,False,False
train,181,52,How many layers are there in their model?,extractive,1,two LSTM layers,3,15,8,41,3,1.0,how_many,False,False,False
train,407,106,Is there an online demo of their system?,yes_no,1,No,1,2,8,40,3,1.0,boolean,False,False,False
train,408,106,Do they perform manual evaluation?,yes_no,1,Yes,1,3,5,34,3,1.0,boolean,False,False,False
train,409,106,Do they compare against Noraset et al. 2017?,yes_no,1,Yes,1,3,8,44,5,1.0,boolean,True,True,False
train,410,106,What is a sememe?,extractive,1,"Sememes are minimum semantic units of word meanings, and the meaning of each word sense is typically composed of several sememes",21,128,4,17,1,1.0,what,False,False,False
train,1498,468,Do the authors suggest any future extensions to this work?,yes_no,1,Yes,1,3,10,58,5,1.0,boolean,False,False,False
train,1499,468,Which of the classifiers showed the best performance?,free_form,1,Logistic regression,2,19,8,53,4,0.875,which,False,False,False
train,1500,468,"Were any other word similar metrics, besides Jaccard metric, tested?",yes_no,1,Yes,1,3,10,68,7,1.0,boolean,False,False,False
train,1501,468,How are the keywords associated with events such as protests selected?,free_form,1,"By using a Bayesian approach  and by using word-pairs, where they extract all the pairs of co-occurring words within each tweet.  They search for the words that achieve the highest number of spikes matching the days of events.",38,226,11,70,5,1.0,how,False,False,False
train,2257,833,How are templates discovered from training data?,extractive,1,"For each source article, Retrieve aims to return a few candidate templates from the training corpus. Then, the Fast Rerank module quickly identifies a best template from the candidates.",29,185,7,48,4,1.0,how,False,False,False
train,824,236,Do they evaluate only on English data?,yes_no,1,Yes,1,3,7,38,3,1.0,boolean,False,False,False
train,825,236,How strong was the correlation between exercise and diabetes?,free_form,1,weak correlation with p-value of 0.08,7,37,9,61,4,1.0,how,False,False,True
train,826,236,How were topics of interest about DDEO identified?,free_form,1,using topic modeling model Latent Dirichlet Allocation (LDA),8,60,8,50,4,1.0,how,False,False,False
train,889,257,What metrics are used to evaluation revision detection?,extractive,1,"precision, recall, F-measure",3,28,8,55,5,1.0,what,False,False,False
train,890,257,How large is the Wikipedia revision dump dataset?,extractive,1,eight GB,2,8,8,49,5,1.0,how,False,False,False
train,891,257,What are simulated datasets collected?,free_form,1,There are 6 simulated datasets collected which is initialised with a corpus of size 550 and simulated by generating new documents from Wikipedia extracts and replacing existing documents,28,186,5,38,3,1.0,what,False,False,False
train,892,257,Which are the state-of-the-art models?,extractive,1,"WMD, VSM, PV-DTW, PV-TED",4,24,5,38,2,1.0,which,False,False,False
train,437,116,Do they release MED?,yes_no,1,Yes,1,3,4,20,2,1.0,boolean,False,False,False
train,438,116,What NLI models do they analyze?,extractive,1,"BiMPM, ESIM, Decomposable Attention Model, KIM, BERT",7,52,6,32,3,1.0,what,False,False,False
train,439,116,How do they define upward and downward reasoning?,free_form,1,"Upward reasoning is defined as going from one specific concept to a more general one. Downward reasoning is defined as the opposite, going from a general concept to one that is more specific.",33,191,8,49,4,1.0,how,False,False,True
train,440,116,What is monotonicity reasoning?,extractive,1,"a type of reasoning based on word replacement, requires the ability to capture the interaction between lexical and syntactic structures",20,135,4,31,2,1.0,what,False,False,False
train,84,21,What is the baseline for the experiments?,extractive,1,"FastText, BiLSTM, BERT",3,22,7,41,2,0.8571,what,False,True,False
train,85,21,Which experiments are perfomed?,free_form,1,They used BERT-based models to detect subjective language in the WNC corpus,12,75,4,31,2,1.0,which,False,False,False
train,1290,398,How did they induce the CFG?,extractive,1,"the parser first learns to parse simple sentences, then proceeds to learn more complex ones. The induction method is iterative, semi-automatic and based on frequent patterns",26,173,6,28,2,1.0,how,False,False,False
train,1291,398,How big is their dataset?,extractive,1,"1.1 million sentences, 119 different relation types (unique predicates)",10,71,5,25,2,1.0,how,False,False,False
train,2163,774,How do they determine similar environments for fragments in their data augmentation scheme?,extractive,1,fragments are interchangeable if they occur in at least one lexical environment that is exactly the same,17,104,13,91,7,1.0,how,False,False,False
train,2164,774,Do they experiment with language modeling on large datasets?,yes_no,1,No,1,2,9,60,5,1.0,boolean,False,False,False
train,2165,774,Which languages do they test on?,free_form,1,"Answer with content missing: (Applications section) We use Wikipedia articles
in five languages
(Kinyarwanda, Lao, Pashto, Tok Pisin, and a subset of English) as well as the Na dataset of Adams
et al. (2017).
Select:
Kinyarwanda, Lao, Pashto, Tok Pisin, and a subset of English",45,277,6,32,2,1.0,which,False,False,False
train,873,250,What factors contribute to interpretive biases according to this research?,extractive,1,"Which events authors choose to include in their history, which they leave out, and the way the events chosen relate to the march",23,128,10,74,6,0.9,what,False,False,False
train,874,250,Which interpretative biases are analyzed in this paper?,extractive,1,"in an ME game there are typically several interpretive biases at work: each player has her own bias, as does the Jury",22,117,8,55,4,1.0,which,False,False,False
train,175,50,What pretrained LM is used?,extractive,1,Generative Pre-trained Transformer (GPT),4,40,5,27,3,1.0,what,False,False,False
train,1039,307,Do they predict the sentiment of the review summary?,yes_no,1,No,1,2,9,52,4,0.8889,boolean,False,False,False
train,1040,307,What is the performance difference of using a generated summary vs. a user-written one?,free_form,1,2.7 accuracy points,4,19,14,87,8,0.9286,what,True,True,False
train,1041,307,Which review dataset do they use?,extractive,1,SNAP (Stanford Network Analysis Project),5,40,6,33,3,1.0,which,False,False,False
train,2200,797,How large is the dataset?,extractive,1,"6,127 scientific entities, including 2,112 Process, 258 Method, 2,099 Material, and 1,658 Data entities",18,103,5,25,2,1.0,how,False,False,False
train,106,29,What are the country-specific drivers of international development rhetoric?,extractive,1,"wealth , democracy , population, levels of ODA, conflict",7,56,9,76,5,1.0,what,False,False,False
train,107,29,Is the dataset multilingual?,yes_no,1,No,1,2,4,28,2,1.0,boolean,False,False,False
train,108,29,How are the main international development topics that states raise identified?,free_form,1," They focus on exclusivity and semantic coherence measures: Highly frequent words in a given topic that do not appear very often in other topics are viewed as making that topic exclusive. They select select the 16-topic model, which has the largest positive residual in the regression fit, and provides higher exclusivity at the same level of semantic coherence.",58,362,11,79,7,1.0,how,False,False,False
train,1398,430,What type of recurrent layers does the model use?,free_form,1,GRU,1,3,9,49,5,1.0,what,False,False,False
train,1399,430,What is a word confusion network?,free_form,1,It is a network used to encode speech lattices to maintain a rich hypothesis space.,15,83,6,33,3,1.0,what,False,False,False
train,1270,390,Which dataset(s) do they evaluate on?,extractive,1,LJSpeech,1,8,7,37,2,1.0,which,False,False,False
train,1271,390,Which modifications do they make to well-established Seq2seq architectures?,free_form,1,"Replacing attention mechanism to query-key attention, and adding a loss to make the attention mask as diagonal as possible",19,122,9,75,5,1.0,which,False,False,False
train,1272,390,How do they measure the size of models?,extractive,1,Direct comparison of model parameters,5,37,8,39,3,1.0,how,False,False,False
train,1273,390,Do they reduce the number of parameters in their architecture compared to other direct text-to-speech models?,yes_no,1,Yes,1,3,16,109,8,1.0,boolean,False,True,False
train,1060,315,What text classification task is considered?,free_form,1,To classify a text as belonging to one of the ten possible classes.,13,67,6,44,4,1.0,what,False,False,False
train,1061,315,What novel class of recurrent-like networks is proposed?,free_form,1,"A network, whose learned functions satisfy a certain equation. The  network contains RNN cells with either nested internal memories or dependencies that extend temporally beyond the immediately previous hidden state.",30,216,8,56,5,1.0,what,False,False,False
train,1062,315,Is there a formal proof that the RNNs form a representation of the group?,yes_no,1,No,1,2,14,73,6,0.8571,boolean,False,False,False
train,505,136,Which of their training domains improves performance the most?,extractive,1,documents from the CommonCrawl dataset that has the most overlapping n-grams with the question,14,94,9,62,4,1.0,which,False,False,False
train,506,136,Do they fine-tune their model on the end task?,yes_no,1,Yes,1,3,9,46,4,1.0,boolean,False,False,False
train,1720,556,What was the baseline?,extractive,1,"the baseline provided by , the baselines provided by the ABSA organizers",11,72,4,22,1,1.0,what,False,True,False
train,1721,556,Which datasets are used?,free_form,1,"ABSA SemEval 2014-2016 datasets
Yelp Academic Dataset
Wikipedia dumps",9,69,4,24,2,1.0,which,False,False,False
train,1722,556,Which six languages are experimented with?,extractive,1,"Dutch, French, Russian, Spanish , Turkish, English",6,50,6,42,3,1.0,which,True,False,False
train,1723,556,What shallow local features are extracted?,extractive,1,"Local, shallow features based mostly on orthographic, word shape and n-gram features plus their context",15,103,6,42,4,1.0,what,False,False,False
train,417,109,How does the model compare with the MMR baseline?,extractive,1,"Moreover, our TL-TranSum method also outperforms other approaches such as MaxCover ( $5\%$ ) and MRMR ( $7\%$ )",15,111,9,49,4,0.8889,how,False,True,False
train,1016,300,What metrics are used in challenge?,extractive,1,"NDCG, MRR, recall@k, mean rank",6,30,6,35,3,1.0,what,False,False,False
train,1017,300,What model was winner of the Visual Dialog challenge 2018?,extractive,1,DL-61,1,5,10,58,6,1.0,what,True,False,False
train,1018,300,Which method for integration peforms better ensemble or consensus dropout fusion with shared parameters?,extractive,1,ensemble model,2,14,14,104,10,1.0,which,False,True,True
train,1019,300,How big is dataset for this challenge?,free_form,1,"133,287 images",3,14,7,38,3,1.0,how,False,False,False
train,1776,582,How large is the corpus?,free_form,1,"It contains 106,350 documents",5,29,5,24,2,1.0,how,False,False,False
train,1777,582,Which document classifiers do they experiment with?,extractive,1,"logistic regression (LR), recurrent neural network (RNN) , convolutional neural network (CNN)  and Google BERT ",14,111,7,51,3,1.0,which,False,False,False
train,1778,582,How large is the dataset?,free_form,1,over 104k documents,3,19,5,25,2,1.0,how,False,False,False
train,748,210,What are puns?,extractive,1,"a form of wordplay jokes in which one sign (e.g. a word or a phrase) suggests two or more meanings by exploiting polysemy, homonymy, or phonological similarity to another sign, for an intended humorous or rhetorical effect",38,222,3,14,1,1.0,what,False,False,False
train,749,210,What are the categories of code-mixed puns?,extractive,1,intra-sequential and intra-word,3,31,7,43,3,1.0,what,False,False,False
train,1048,310,What are the three languages studied in the paper?,extractive,1,"Arabic, Czech and Turkish",4,25,9,50,4,0.8889,what,True,False,False
train,771,219,Where does the vocabulary come from?,extractive,1,LDC corpus,2,10,6,36,2,1.0,where,False,False,False
train,772,219,What dataset did they use?,extractive,1,"LDC corpus, NIST 2003(MT03), NIST 2004(MT04), NIST 2005(MT05), NIST 2006(MT06), NIST 2008(MT08)",17,95,5,26,2,1.0,what,False,False,False
train,143,42,How big is the performance difference between this method and the baseline?,free_form,1,"Comparing with the highest performing baseline: 1.3 points on ACE2004 dataset, 0.6 points on CWEB dataset, and 0.86 points in the average of all scores.",28,152,12,75,5,0.9167,how,False,True,True
train,144,42,What datasets used for evaluation?,extractive,1,"AIDA-B, ACE2004, MSNBC, AQUAINT, WNED-CWEB, WNED-WIKI",6,53,5,34,3,1.0,what,False,False,False
train,145,42,what are the mentioned cues?,extractive,1,"output of global LSTM network at time $V_{m_i}^t$5 , which encodes the mention context and target entity information from $V_{m_i}^t$6 to $V_{m_i}^t$7",30,150,5,28,2,1.0,what,False,False,False
train,1124,337,Do they analyze what type of content Arabic bots spread in comparison to English?,yes_no,1,No,1,2,14,81,8,1.0,boolean,False,True,False
train,1125,337,Do they propose a new model to better detect Arabic bots specifically?,yes_no,1,Yes,1,3,12,70,8,1.0,boolean,False,True,False
train,2242,824,"What does ""explicitly leverages their probabilistic correlation to guide the training process of both models"" mean?",free_form,1,"The framework jointly learns parametrized QA and QG models subject to the constraint in equation 2. In more detail, they minimize QA and QG loss functions, with a third dual loss for regularization.",33,198,16,115,9,1.0,what,False,False,False
train,1183,359,Which metrics are they evaluating with?,extractive,1,accuracy,1,8,6,39,2,1.0,which,False,False,False
train,2313,885,What knowledge base do they use?,extractive,1,Freebase,1,8,6,32,3,1.0,what,False,False,False
train,2314,885,How big is their dataset?,free_form,1,"3 million webpages processed with a CCG parser for training, 220 queries for development, and 307 queries for testing",19,117,5,25,2,1.0,how,False,False,False
train,2315,885,What task do they evaluate on?,free_form,1,Fill-in-the-blank natural language questions,4,44,6,30,2,1.0,what,False,False,False
train,820,235,Do they evaluate the quality of the paraphrasing model?,yes_no,1,No,1,2,9,55,4,0.8889,boolean,False,False,False
train,821,235,How many paraphrases are generated per question?,free_form,1,"10*n paraphrases, where n depends on the number of paraphrases that contain the entity mention spans",17,100,7,48,5,1.0,how_many,False,False,False
train,822,235,What latent variables are modeled in the PCFG?,extractive,1,"syntactic information, semantic and topical information",6,55,8,46,4,1.0,what,False,False,False
train,823,235,What are the baselines?,extractive,1,"GraphParser without paraphrases, monolingual machine translation based model for paraphrase generation",11,102,4,23,1,1.0,what,False,False,False
train,278,77,What conclusions are drawn from the syntactic analysis?,extractive,1,"our method enables to control the morphological realization of first and second-person pronouns, together with verbs and adjectives related to them",21,147,8,55,4,1.0,what,False,False,False
train,279,77,What type of syntactic analysis is performed?,extractive,1,"Speaker's Gender Effects, Interlocutors' Gender and Number Effects",9,66,7,45,4,1.0,what,False,False,False
train,280,77,How is it demonstrated that the correct gender and number information is injected using this system?,extractive,1,"correct information substantially improves it - we see an increase of up to 2.3 BLEU over the baseline, Finally, the “She said” prefixes substantially increase the number of feminine-marked verbs, bringing the proportion much closer to that of the reference",40,257,16,100,8,0.9375,how,False,False,True
train,281,77,Which neural machine translation system is used?,extractive,1,Google's machine translation system (GMT),6,41,7,48,5,1.0,which,False,False,False
train,282,77,What are the components of the black-box context injection system?,extractive,1,supply an NMT system with knowledge regarding the speaker and interlocutor of first-person sentences,14,100,10,66,5,0.9,what,False,False,False
train,1253,385,Is this a task other people have worked on?,yes_no,1,No,1,2,9,43,3,1.0,boolean,False,False,False
train,1254,385,Where did they get the data for this project?,extractive,1,Twitter,1,7,9,45,3,1.0,where,False,False,False
train,967,283,"Is their implementation on CNN-DSA compared to GPU implementation in terms of power consumption, accuracy and speed?",yes_no,1,No,1,2,17,116,10,0.9412,boolean,False,True,True
train,968,283,How is Super Character method modified to handle tabular data also?,extractive,1,"simply split the image into two parts. One for the text input, and the other for the tabular data",19,97,11,67,8,1.0,how,False,False,False
train,2204,801,Do twitter users tend to tweet about the DOS attack when it occurs? How much data supports this assumption?,free_form,1,The dataset contains about 590 tweets about DDos attacks.,9,57,19,107,11,1.0,boolean,False,False,False
train,2205,801,What is the training and test data used?,free_form,1,"Tweets related to a Bank of America DDos attack were used as training data. The test datasets contain tweets related to attacks to Bank of America, PNC and Wells Fargo.",30,168,8,40,4,1.0,what,False,False,True
train,2206,801,Was performance of the weakly-supervised model compared to the performance of a supervised model?,yes_no,1,Yes,1,3,14,97,7,0.7143,boolean,False,True,False
train,580,157,From when are many VQA datasets collected?,free_form,1,late 2014,2,9,7,42,4,1.0,when,False,False,False
train,1248,384,What were the previous state of the art benchmarks?,extractive,1," for VQA dataset, , ",3,20,9,51,4,0.8889,what,False,False,False
train,1249,384,How/where are the natural question generated?,extractive,1,Decoder that generates question using an LSTM-based language model,9,66,7,45,3,1.0,how,False,False,False
train,1250,384,What is the input to the differential network?,extractive,1,image,1,5,8,46,3,0.875,what,False,False,False
train,1251,384,How do the authors define a differential network?,extractive,1,The proposed Multimodal Differential Network (MDN) consists of a representation module and a joint mixture module.,16,114,8,49,4,1.0,how,False,False,False
train,1252,384,How do the authors define exemplars?,extractive,1,"Exemplars aim to provide appropriate context., joint image-caption embedding for the supporting exemplar are closer to that of the target image-caption",21,151,6,36,3,1.0,how,False,False,False
train,2174,779,Which models do they try out?,free_form,1,"DocQA, SAN, QANet, ASReader, LM, Random Guess",7,45,6,29,2,1.0,which,False,False,False
train,954,278,Do they impose any grammatical constraints over the generated output?,yes_no,1,No,1,2,10,69,5,1.0,boolean,False,False,False
train,955,278,Why did they think this was a good idea?,free_form,1,They think it will help human TCM practitioners make prescriptions.,10,67,9,40,3,1.0,why,False,False,False
train,2022,691,Do they report results only on English datasets?,yes_no,1,Yes,1,3,8,48,4,1.0,boolean,False,False,False
train,1959,661,What are bottleneck features?,extractive,1,"Bulgarian, Czech, French, German, Korean, Polish, Portuguese, Russian, Thai, Vietnamese, South African English, These features are typically obtained by training a deep neural network jointly on several languages for which labelled data is available., The final shared layer often has a lower dimensionality than the input layer, and is therefore referred to as a `bottleneck'.",55,377,4,29,2,1.0,what,False,False,False
train,1960,661,What languages are considered?,extractive,1,"Bulgarian, Czech, French, German, Korean, Polish, Portuguese, Russian, Thai, Vietnamese",10,87,4,30,2,1.0,what,False,False,False
train,1617,516,What is the domain of their collected corpus?,extractive,1,speaker systems in the real world,6,33,8,45,3,1.0,what,False,False,False
train,1618,516,What was the performance on the self-collected corpus?,free_form,1,F1 scores of 86.16 on slot filling and 94.56 on intent detection,14,64,8,54,3,0.875,what,False,False,False
train,1619,516,What is the size of their dataset?,free_form,1,"10,001 utterances",3,17,7,34,2,1.0,what,False,False,False
train,1620,516,What is the source of the CAIS dataset?,extractive,1,the $\mathbf {C}$hinese $\mathbf {A}$rtificial $\mathbf {I}$ntelligence $\mathbf {S}$peakers (CAIS),14,99,8,39,3,0.875,what,False,False,False
train,1621,516,What were the baselines models?,extractive,1,"BiLSTMs + CRF architecture , sententce-state LSTM ",5,50,5,31,2,1.0,what,False,False,False
train,111,31,How they measure robustness in experiments?,extractive,1,We empirically provide a formula to measure the richness in the scenario of machine translation.,15,96,6,43,3,1.0,how,False,False,False
train,112,31,What experiments with large-scale features are performed?,extractive,1,Plackett-Luce Model for SMT Reranking,5,37,7,57,4,1.0,what,False,False,False
train,586,160,Does the paper consider the use of perplexity in order to identify text anomalies?,yes_no,1,No,1,2,14,82,8,0.9286,boolean,False,False,False
train,587,160,Does the paper report a baseline for the task?,yes_no,1,No,1,2,9,46,4,0.8889,boolean,False,True,False
train,482,130,Is the model evaluated against any baseline?,yes_no,1,No,1,2,7,44,3,1.0,boolean,False,True,False
train,483,130,Does the paper report the accuracy of the model?,yes_no,1,No,1,2,9,48,4,0.7778,boolean,False,False,False
train,484,130,How is the performance of the model evaluated?,extractive,1,"The experiment settings from this paper and evaluation protocol for the Mboshi corpus (Boundary F-scores using the ZRC speech reference) are the same from ., For the multilingual selection experiments, we experimented combining the languages from top to bottom as they appear Table (ranked by performance; e.g. 1-3 means the combination of FR(1), EN(2) and PT(3)). , Lastly, following the methodology from , we extract the most confident alignments (in terms of ANE) discovered by the bilingual models.",79,502,8,46,3,0.875,how,False,False,False
train,485,130,What are the different bilingual models employed?,extractive,1,"Neural Machine Translation (NMT) models are trained between language pairs, using as source language the translation (word-level) and as target",20,143,7,49,4,1.0,what,False,False,False
train,486,130,How does the well-resourced language impact the quality of the output?,extractive,1,"Results show that similar languages rank better in terms of segmentation performance, and that by combining the information learned by different models, segmentation is further improved.",26,186,11,70,5,0.8182,how,False,False,False
train,1476,462,What off-the-shelf QA model was used to answer sub-questions?,extractive,1,$\textsc {BERT}_{\textsc {BASE}}$ ensemble from ,7,48,9,61,6,1.0,what,False,False,False
train,1477,462,How large is the improvement over the baseline?,extractive,1,"3.1 F1 gain on the original dev set, 11 F1 gain on the multi-hop dev set, 10 F1 gain on the out-of-domain dev set.",25,114,8,47,3,0.875,how,False,True,False
train,1478,462,What is the strong baseline that this work outperforms?,extractive,1,RoBERTa baseline,2,16,9,55,4,1.0,what,False,True,False
train,9,1,Does the paper report macro F1?,yes_no,1,Yes,1,3,6,31,4,1.0,boolean,False,False,False
train,10,1,How is the annotation experiment evaluated?,extractive,1,confusion matrices of labels between annotators,6,47,6,43,3,1.0,how,False,False,False
train,11,1,What are the aesthetic emotions formalized?,extractive,1,"feelings of suspense experienced in narratives not only respond to the trajectory of the plot's content, but are also directly predictive of aesthetic liking (or disliking), Emotions that exhibit this dual capacity have been defined as “aesthetic emotions”",39,256,6,43,3,1.0,what,False,False,False
train,1923,642,Do the images have multilingual annotations or monolingual ones?,free_form,1,monolingual,1,11,9,64,5,1.0,boolean,False,False,True
train,1924,642,Could you learn such embedding simply from the image annotations and without using visual information?,yes_no,1,Yes,1,3,15,102,9,1.0,boolean,False,False,True
train,1925,642,How much important is the visual grounding in the learning of the multilingual representations?,free_form,1,performance is significantly degraded without pixel data,7,56,14,95,7,0.8571,how_many,False,False,False
train,2287,861,How is the semi-structured knowledge base created?,extractive,1,using a mixture of manual and semi-automatic techniques,8,55,7,50,4,1.0,how,False,False,False
train,1436,445,"How many texts/datapoints are in the SemEval, TASS and SENTIPOLC datasets?",free_form,1,"Total number of annotated data:
Semeval'15: 10712
Semeval'16: 28632
Tass'15: 69000
Sentipol'14: 6428",17,100,12,74,7,1.0,how_many,False,False,True
train,1437,445,In which languages did the approach outperform the reported results?,free_form,1,"Arabic, German, Portuguese, Russian, Swedish",5,44,10,68,5,0.9,which,False,True,False
train,1438,445,What eight language are reported on?,extractive,1,"Spanish, English, Italian, Arabic, German, Portuguese, Russian and Swedish",9,74,6,36,3,1.0,what,True,False,False
train,1439,445,What are the components of the multilingual framework?,extractive,1,"text-transformations to the messages, vector space model, Support Vector Machine",10,80,8,54,3,0.875,what,False,False,False
train,119,34,What new metrics are suggested to track progress?,extractive,1,"For example, one metric could consist in checking whether for any given word, all words that are known to belong to the same class are closer than any words belonging to different classes, independently of the actual cosine",38,223,8,49,5,1.0,what,False,False,False
train,120,34,What intrinsic evaluation metrics are used?,extractive,1,"Class Membership Tests, Class Distinction Test, Word Equivalence Test",9,69,6,43,4,1.0,what,False,False,False
train,121,34,What experimental results suggest that using less than 50% of the available training examples might result in overfitting?,extractive,1,consistent increase in the validation loss after about 15 epochs,10,64,18,122,12,1.0,what,True,False,False
train,1646,526,Does a neural scoring function take both the question and the logical form as inputs?,yes_no,1,Yes,1,3,15,85,8,0.9333,boolean,False,False,True
train,1647,526,What is the source of the paraphrases of the questions?,extractive,1,WikiTableQuestions,1,18,10,55,3,0.7,what,False,False,False
train,1648,526,"Does the dataset they use differ from the one used by Pasupat and Liang, 2015?",yes_no,1,No,1,2,15,78,8,0.9333,boolean,True,True,True
train,777,222,What are lyrical topics present in the metal genre?,extractive,1,Table TABREF10 displays the twenty resulting topics,7,51,9,51,5,1.0,what,False,False,False
train,969,284,How are the substitution rules built?,extractive,1,from the Database of Modern Icelandic Inflection (DMII) ,8,56,6,37,3,1.0,how,False,False,False
train,970,284,Which dataset do they use?,extractive,1,"a reference corpus of 21,093 tokens and their correct lemmas",11,60,5,26,2,1.0,which,False,False,False
train,255,69,Do the authors offer any hypothesis about why the dense mode outperformed the sparse one?,yes_no,1,Yes,1,3,15,89,8,0.8667,boolean,True,False,False
train,256,69,What evaluation is conducted?,extractive,1,Word Sense Induction & Disambiguation,4,37,4,29,2,1.0,what,False,False,False
train,257,69,Which corpus of synsets are used?,extractive,1,Wiktionary,1,10,6,33,3,1.0,which,False,False,False
train,258,69,What measure of semantic similarity is used?,extractive,1,cosine similarity,2,17,7,44,4,1.0,what,False,False,False
train,1728,559,did they compare with other evaluation metrics?,yes_no,1,Yes,1,3,7,47,3,1.0,boolean,False,True,False
train,1296,400,How are different domains weighted in WDIRL?,extractive,1,"To achieve this purpose, we introduce a trainable class weight $\mathbf {w}$ to reweigh source domain examples by class when performing DIRL, with $\mathbf {w}_i > 0$",27,166,7,44,4,1.0,how,False,False,False
train,1297,400,How is DIRL evaluated?,extractive,1,"Through the experiments, we empirically studied our analysis on DIRL and the effectiveness of our proposed solution in dealing with the problem it suffered from.",25,161,4,22,2,1.0,how,False,False,False
train,1298,400,Which sentiment analysis tasks are addressed?,free_form,1,12 binary-class classification and multi-class classification of reviews based on rating,11,88,6,45,4,1.0,which,False,False,False
train,1867,619,What are least important components identified in the the training of VQA models?,extractive,1,"some configurations used in some architectures (e.g., additional RNN layers) are actually irrelevant",14,100,13,81,7,0.9231,what,False,False,False
train,1868,619,What type of experiments are performed?,extractive,1,"pre-trained word embeddings , , recurrent , transformer-based sentence encoders , distinct convolutional neural networks, standard fusion strategies, two main attention mechanisms , ",18,182,6,39,3,1.0,what,False,False,False
train,1869,619,What components are identified as core components for training VQA models?,extractive,1,"pre-trained text representations, transformer-based encoders together with GRU models, attention mechanisms are paramount for learning top performing networks, Top-Down is the preferred attention method",24,202,11,74,7,0.9091,what,False,False,False
train,1406,433,What evaluation metrics were used in the experiment?,free_form,1,"For sentence-level prediction they used tolerance accuracy, for segment retrieval accuracy and MRR and for the pipeline approach they used overall accuracy",22,155,8,52,4,1.0,what,False,False,False
train,1407,433,What kind of instructional videos are in the dataset?,free_form,1,tutorial videos for a photo-editing software,6,44,9,53,4,1.0,what,False,False,False
train,1408,433,What baseline algorithms were presented?,free_form,1,"a sentence-level prediction algorithm, a segment retrieval algorithm and a pipeline segment retrieval algorithm",14,111,5,40,3,1.0,what,False,True,False
train,1409,433,What is the source of the triples?,extractive,1,a tutorial website about an image editing program,8,49,7,34,2,0.8571,what,False,False,False
train,1582,503,Which model is used to capture the implicit structure?,extractive,1,"Bi-directional LSTM, self-attention",3,35,9,54,5,1.0,which,False,False,False
train,1583,503,How is the robustness of the model evaluated?,extractive,1,10-fold cross validation,3,24,8,45,3,0.875,how,False,False,False
train,1584,503,How is the effectiveness of the model evaluated?,extractive,1,"precision ($P.$), recall ($R.$) and $F_1$ scores for target recognition and targeted sentiment",13,94,8,48,3,0.875,how,False,False,False
train,640,176,How do they determine the opinion summary?,extractive,1,"the weighted sum of the new opinion representations, according to their associations with the current aspect representation",17,123,7,42,3,1.0,how,False,False,False
train,641,176,Do they explore how useful is the detection history and opinion summary?,yes_no,1,Yes,1,3,12,72,6,1.0,boolean,False,False,True
train,642,176,Which dataset(s) do they use to train the model?,extractive,1,"INLINEFORM0 (SemEval 2014) contains reviews of the laptop domain and those of INLINEFORM1 (SemEval 2014), INLINEFORM2 (SemEval 2015) and INLINEFORM3 (SemEval 2016) are for the restaurant domain.",27,194,10,48,4,1.0,which,False,False,False
train,643,176,By how much do they outperform state-of-the-art methods?,extractive,1,"Compared with the winning systems of SemEval ABSA, our framework achieves 5.0%, 1.6%, 1.4%, 1.3% absolute gains on INLINEFORM0 , INLINEFORM1 , INLINEFORM2 and INLINEFORM3 respectively.",28,184,8,56,4,1.0,how,False,True,False
train,971,285,What baseline is used to compare the experimental results against?,extractive,1,Transformer generation model,3,28,10,66,5,1.0,what,False,True,False
train,972,285,How does counterfactual data augmentation aim to tackle bias?,free_form,1,The training dataset is augmented by swapping all gendered words by their other gender counterparts,15,99,9,61,6,1.0,how,False,False,False
train,973,285,"In the targeted data collection approach, what type of data is targetted?",free_form,1,Gendered characters in the dataset,5,34,12,73,7,0.9167,other,False,False,False
train,2225,811,What neural machine translation models can learn in terms of transfer learning?,free_form,1,Multilingual Neural Machine Translation Models,5,46,12,79,9,1.0,what,False,False,False
train,2263,838,Was any variation in results observed based on language typology?,free_form,1,It is observed some variability - but not significant. Bert does not seem to gain much more syntax information than with type level information.,23,144,10,65,6,1.0,boolean,False,False,False
train,2264,838,Does the work explicitly study the relationship between model complexity and linguistic structure encoding?,yes_no,1,No,1,2,14,107,9,0.9286,boolean,False,False,True
train,675,185,Does the performance increase using their method?,extractive,1,"The multi-task model outperforms the single-task model at all data sizes, but none have an overall benefit from the open vocabulary system",22,138,7,49,4,1.0,boolean,False,False,False
train,676,185,What tasks are they experimenting with in this paper?,extractive,1,"Slot filling, we consider the actions that a user might perform via apps on their phone, The corresponding actions are booking a flight, renting a home, buying bus tickets, and making a reservation at a restaurant",36,213,9,53,3,1.0,what,False,False,False
train,1991,679,Which dataset do they use?,extractive,1,"the annotated dataset reported by degen2015investigating, a dataset of the utterances from the Switchboard corpus of telephone dialogues  that contain the word some",23,164,5,26,2,1.0,which,False,False,False
train,845,241,What problem do they apply transfer learning to?,extractive,1,CSKS task,2,9,8,48,4,1.0,what,False,False,False
train,846,241,What are the baselines?,extractive,1,"Honk, DeepSpeech-finetune",2,25,4,23,1,1.0,what,False,False,False
train,847,241,What languages are considered?,extractive,1,"English, Hindi",2,14,4,30,2,1.0,what,False,False,False
train,1023,302,How better is performance of proposed model compared to baselines?,free_form,1,"Proposed model achive 66+-22 win rate, baseline CNN 13+-1  and baseline FiLM 32+-3 .",16,84,10,66,6,1.0,how,False,True,False
train,1024,302,How does propose model model that capture three-way interactions?,extractive,1,"We first encode text inputs using bidirectional LSTMs, then compute summaries using self-attention and conditional summaries using attention. We concatenate text summaries into text features, which, along with visual features, are processed through consecutive layers. In this case of a textual environment, we consider the grid of word embeddings as the visual features for . The final output is further processed by MLPs to compute a policy distribution over actions and a baseline for advantage estimation.",75,509,9,65,6,0.8889,how,True,False,False
train,1962,663,What other multimodal knowledge base embedding methods are there?,extractive,1,"merging, concatenating, or averaging the entity and its features to compute its embeddings, graph embedding approaches, matrix factorization to jointly embed KB and textual relations",25,182,9,65,5,1.0,what,False,False,False
train,1394,428,"Do the authors analyze what kinds of cases their new embeddings fail in where the original, less-interpretable embeddings didn't?",yes_no,1,No,1,2,20,129,11,0.9,boolean,False,False,False
train,1395,428,"When they say ""comparable performance"", how much of a performance drop do these new embeddings result in?",free_form,1,"Performance was comparable, with the proposed method quite close and sometimes exceeding performance of baseline method.",16,120,17,105,9,0.9412,when,False,False,False
train,1396,428,How do they evaluate interpretability?,extractive,1,"For evaluating the interpretability, we use $Coherence@k$ (Equation 6 ) , automated and manual word intrusion tests.",16,116,5,38,2,1.0,how,False,False,False
train,1658,532,What standard large speaker verification corpora is used for evaluation?,extractive,1,non-native speech from the BULATS test,6,38,10,72,7,1.0,what,False,False,False
train,1659,532,What systems are tested?,free_form,1,"BULATS i-vector/PLDA
BULATS x-vector/PLDA
VoxCeleb x-vector/PLDA
PLDA adaptation (X1)
 Extractor fine-tuning (X2) ",15,114,4,24,2,1.0,what,False,False,False
train,1610,514,By how much does their model outperform both the state-of-the-art systems?,free_form,1,w.r.t Rouge-1 their model outperforms by 0.98% and w.r.t Rouge-L their model outperforms by 0.45%,21,97,11,74,5,1.0,how,False,True,False
train,1611,514,What is the state-of-the art?,free_form,1,neural attention model with a convolutional encoder with an RNN decoder and RNN encoder-decoder,14,95,5,29,2,1.0,what,False,False,False
train,1531,479,What baseline approaches do they compare against?,free_form,1,"HotspotQA: Yang, Ding, Muppet
Fever: Hanselowski, Yoneda, Nie",8,61,7,49,3,1.0,what,False,True,False
train,1532,479,How do they train the retrieval modules?,extractive,1,We treated the neural semantic retrieval at both the paragraph and sentence level as binary classification problems with models' parameters updated by minimizing binary cross entropy loss.,27,188,7,40,3,1.0,how,False,False,False
train,1533,479,How do they model the neural retrieval modules?,extractive,1,BERT-Base  to provide the state-of-the-art contextualized modeling,7,66,8,47,4,1.0,how,False,False,False
train,1534,479,"Retrieval at what level performs better, sentence level or paragraph level?",extractive,1,This seems to indicate that the downstream QA module relies more on the upstream paragraph-level retrieval whereas the verification module relies more on the upstream sentence-level retrieval.,27,192,11,75,8,0.8182,what,False,True,True
train,1746,566,How big are datasets used in experiments?,extractive,1,2000 images,2,11,7,41,4,1.0,how,False,False,False
train,1747,566,What previously annotated databases are available?,extractive,1,the UBC database ,3,17,6,50,4,1.0,what,False,False,False
train,991,291,Which language-pair had the better performance?,free_form,1,French-English,1,14,6,47,3,1.0,which,False,True,False
train,992,291,Which datasets were used in the experiment?,extractive,1,"WMT 2019 parallel dataset, a restricted dataset containing the full TED corpus from MUST-C , sampled sentences from WMT 2019 dataset",20,132,7,43,3,1.0,which,False,False,False
train,993,291,What evaluation metrics did they use?,extractive,1,BLEU and TER scores,4,19,6,37,3,1.0,what,False,False,False
train,39,7,How is embedding quality assessed?,extractive,1,"We compare this method of bias mitigation with the no bias mitigation (""Orig""), geometric bias mitigation (""Geo""), the two pieces of our method alone (""Prob"" and ""KNN"") and the composite method (""KNN+Prob""). We note that the composite method performs reasonably well according the the RIPA metric, and much better than traditional geometric bias mitigation according to the neighborhood metric, without significant performance loss according to the accepted benchmarks. To our knowledge this is the first bias mitigation method to perform reasonably both on both metrics.",86,571,5,34,3,1.0,how,False,False,False
train,40,7,What are the three measures of bias which are reduced in experiments?,free_form,1,"RIPA, Neighborhood Metric, WEAT",4,31,12,69,5,0.9167,what,True,False,False
train,1126,338,How do they prevent the model complexity increasing with the increased number of slots?,free_form,1,They exclude slot-specific parameters and incorporate better feature representation of user utterance and dialogue states using syntactic information and convolutional neural networks (CNN).,23,190,14,87,7,0.9286,how,False,False,False
train,1127,338,What network architecture do they use for SIM?,extractive,1,convolutional neural networks (CNN),4,35,8,46,4,1.0,what,False,False,False
train,1128,338,How do they measure model size?,free_form,1,By the number of parameters.,5,28,6,31,3,1.0,how,False,False,False
train,1593,508,Which language is divided into six dialects in the task mentioned in the paper?,extractive,1,Akkadian.,1,9,14,79,7,0.8571,which,True,False,False
train,1594,508,What is one of the first writing systems in the world?,extractive,1,Cuneiform,1,9,11,54,5,0.9091,what,True,False,False
train,2074,722,Which dataset do they use?,extractive,1,AMI IHM meeting corpus,4,22,5,26,2,1.0,which,False,False,False
train,2317,887,Did the authors try stacking multiple convolutional layers?,yes_no,1,No,1,2,8,59,6,1.0,boolean,False,False,False
train,2318,887,How many feature maps are generated for a given triple?,free_form,1,3 feature maps for a given tuple,7,32,10,55,6,1.0,how_many,False,False,False
train,1286,396,Did they compare to Transformer based large language models?,yes_no,1,No,1,2,9,60,6,1.0,boolean,False,True,False
train,1287,396,Which baselines are they using?,extractive,1,"Seq2Seq, HLSTM, HLSTM+Copy, HLSTM+Graph Attention, HLSTM+Contextual Attention",10,77,5,31,2,1.0,which,False,False,False
train,1025,303,Do transferring hurt the performance is the corpora are not related?,yes_no,1,Yes,1,3,11,68,5,0.9091,boolean,False,False,False
train,1026,303,Is accuracy the only metric they used to compare systems?,yes_no,1,No,1,2,10,57,5,1.0,boolean,False,True,False
train,1027,303,How do they transfer the model?,extractive,1,"In the MULT method, two datasets are simultaneously trained, and the weights are tuned based on the inputs which come from both datasets. The hyper-parameter $\lambda \in (0,1)$ is calculated based on a brute-force search or using general global search. This hyper parameter is used to calculate the final cost function which is computed from the combination of the cost function of the source dataset and the target datasets. , this paper proposes to use the most relevant samples from the source dataset to train on the target dataset. One way to find the most similar samples is finding the pair-wise distance between all samples of the development set of the target dataset and source dataset., we propose using a clustering algorithm on the development set. The clustering algorithm used ihere is a hierarchical clustering algorithm. The cosine similarity is used as a criteria to cluster each question and answer. Therefore, these clusters are representative of the development set of the target dataset and the corresponding center for each cluster is representative of all the samples on that cluster. In the next step, the distance of each center is used to calculate the cosine similarity. Finally, the samples in the source dataset which are far from these centers are ignored. In other words, the outliers do not take part in transfer learning.",222,1356,6,31,2,1.0,how,False,False,False
train,684,188,What languages do they experiment with?,extractive,1,Chinese,1,7,6,39,2,1.0,what,False,False,False
train,685,188,What are the baselines?,extractive,1,"MemN2N , Attentive and Impatient Readers ",5,41,4,23,1,1.0,what,False,False,False
train,686,188,What was the inter-annotator agreement?,extractive,1,correctness of all the question answer pairs are verified by at least two annotators,14,84,5,39,2,1.0,what,False,False,False
train,234,66,How much better is performance of proposed method than state-of-the-art methods in experiments?,free_form,1,"Accuracy of best proposed method KANE (LSTM+Concatenation) are 0.8011, 0.8592, 0.8605 compared to best state-of-the art method R-GCN + LR 0.7721, 0.8193, 0.8229 on three datasets respectively.",33,192,13,95,8,1.0,how_many,False,True,False
train,235,66,What further analysis is done?,extractive,1,we use t-SNE tool  to visualize the learned embedding,9,53,5,30,2,1.0,what,False,False,False
train,236,66,What seven state-of-the-art methods are used for comparison?,extractive,1,"TransE, TransR and TransH, PTransE, and ALL-PATHS, R-GCN  and KR-EAR ",10,69,8,60,5,1.0,what,True,True,False
train,237,66,What three datasets are used to measure performance?,extractive,1,"FB24K, DBP24K, Game30K",3,22,8,52,5,1.0,what,True,False,False
train,238,66,"How does KANE capture both high-order structural and attribute information of KGs in an efficient, explicit and unified manner?",extractive,1,"To capture both high-order structural information of KGs, we used an attention-based embedding propagation method.",15,114,19,127,11,0.9474,how,False,False,True
train,239,66,What are recent works on knowedge graph embeddings authors mention?,extractive,1,"entity types or concepts , relations paths , textual descriptions , , logical rules , deep neural network models ",14,113,10,67,7,1.0,what,False,False,False
train,1156,350,What are the best within-language data augmentation methods?,extractive,1,"Frequency masking, Time masking, Additive noise, Speed and volume perturbation",10,78,8,60,5,1.0,what,False,False,False
train,1157,350,How much of the ASR grapheme set is shared between languages?,free_form,1,Little overlap except common basic Latin alphabet and that Hindi and Marathi languages use same script.,16,103,11,61,6,1.0,how_many,False,False,False
train,182,53,What MC abbreviate for?,free_form,1,machine comprehension,2,21,4,23,2,1.0,what,False,False,False
train,183,53,how much of improvement the adaptation model can get?,extractive,1,69.10%/78.38%,4,13,9,53,6,1.0,how_many,False,False,False
train,184,53,what is the architecture of the baseline model?,extractive,1,"word embedding, input encoder, alignment, aggregation, and prediction.",8,70,8,47,3,0.875,what,False,True,False
train,185,53,What is the exact performance on SQUAD?,extractive,1,Our model achieves a 68.73% EM score and 77.39% F1 score,13,56,7,39,3,1.0,what,False,False,False
train,1105,331,How many parameters does the model have?,extractive,1,model has around 836M parameters,5,32,7,40,3,1.0,how_many,False,False,False
train,1106,331,How many characters are accepted as input of the language model?,extractive,1,input byte embedding matrix has dimensionality 256,7,50,11,64,6,1.0,how_many,False,False,False
train,750,211,How is dialogue guided to avoid interactions that breach procedures and processes only known to experts?,extractive,1,"pairing crowdworkers and having half of them acting as Wizards by limiting their dialogue options only to relevant and plausible ones, at any one point in the interaction",28,170,16,104,9,0.9375,how,False,False,True
train,751,211,"What is meant by semiguided dialogue, what part of dialogue is guided?",extractive,1,"The Wizard can select one of several predefined messages to send, or type their own message if needed. Free text messages do not change the dialogue state in the FSM, so it is important to minimise their use by providing enough dialogue options to the Wizard.",46,259,12,70,6,0.75,what,False,False,False
train,752,211,"Is CRWIZ already used for data collection, what are the results?",free_form,1,"Yes, CRWIZ has been used for data collection and its initial use resulted in 145 dialogues. The average time taken for the task was close to the estimate of 10 minutes, 14 dialogues (9.66%) resolved the emergency in the scenario, and these dialogues rated consistently higher in subjective and objective ratings than those which did not resolve the emergency. Qualitative results showed that participants believed that they were interacting with an automated assistant.",74,469,11,64,6,1.0,boolean,False,False,False
train,753,211,How does framework made sure that dialogue will not breach procedures?,extractive,1,"The Wizard can select one of several predefined messages to send, or type their own message if needed. Free text messages do not change the dialogue state in the FSM, so it is important to minimise their use by providing enough dialogue options to the Wizard. Predefined messages can also trigger other associated events such as pop-ups or follow-up non-verbal actions.",61,369,11,70,7,1.0,how,False,False,False
train,1418,437,What is current state-of-the-art model?,extractive,1,"SUMBT  is the current state-of-the-art model on WOZ 2.0, TRADE  is the current published state-of-the-art model",17,111,5,39,3,1.0,what,False,False,False
train,1835,608,What do the correlation demonstrate?,extractive,1,the extent to which the text obtained from the two platforms of Yahoo! Answers and Twitter reflect the true attributes of neighbourhoods,22,136,5,36,2,1.0,what,False,False,False
train,1836,608,"On Twitter, do the demographic attributes and answers show more correlations than on Yahoo! Answers?",yes_no,1,No,1,2,15,100,8,0.8667,other,False,False,True
train,1837,608,How many demographic attributes they try to predict?,extractive,1,62,1,2,8,52,5,1.0,how_many,False,False,False
train,263,72,What supplemental tasks are used for multitask learning?,free_form,1,"Multitask learning is used for the task of predicting relevance of a comment on a different question to a given question, where the supplemental tasks are predicting relevance between the questions, and between the comment and the corresponding question",39,253,8,56,5,1.0,what,False,False,False
train,264,72,Is the improvement actually coming from using an RNN?,yes_no,1,No,1,2,9,53,5,1.0,boolean,False,False,False
train,265,72,How much performance gap between their approach and the strong handcrafted method?,free_form,1,"0.007 MAP on Task A, 0.032 MAP on Task B, 0.055 MAP on Task C",18,61,12,82,7,1.0,how_many,False,False,True
train,266,72,Did they experimnet in other languages?,yes_no,1,Yes,1,3,6,39,2,1.0,boolean,False,False,False
train,1512,473,How are proof scores calculated?,extractive,1,"'= ( , { ll k(h:, g:) if hV, gV 1 otherwise } ) where $_{h:}$ and $_{g:}$ denote the embedding representations of $h$ and $g$ , respectively.",24,141,5,32,3,1.0,how,False,False,False
train,1513,473,What are proof paths?,free_form,1,A sequence of logical statements represented in a computational graph,10,69,4,21,2,1.0,what,False,False,False
train,1261,387,What two components are included in their proposed framework?,free_form,1,evidence extraction and answer synthesis,5,40,9,61,5,1.0,what,True,False,False
train,1262,387,Which framework they propose in this paper?,extractive,1,extraction-then-synthesis framework,2,35,7,43,3,1.0,which,False,False,False
train,1263,387,Why MS-MARCO is different from SQuAD?,extractive,1,"there are several related passages for each question in the MS-MARCO dataset., MS-MARCO also annotates which passage is correct",19,127,6,37,3,1.0,why,False,False,False
train,36,6,Which baselines did they compare?,extractive,1,The baseline model is a deep sequence-to-sequence encoder/decoder model with attention. The encoder is a bidirectional Long-Short Term Memory(LSTM) cell  and the decoder a single LSTM cell with attention mechanism. The attention mechanism is computed as in  and we use a greedy search for decoding. We train end-to-end including the words embeddings. The embedding size used is of 128 and the hidden state size of the LSTM cells is of 254.,73,439,5,33,2,1.0,which,False,True,False
train,37,6,How many attention layers are there in their model?,free_form,1,one,1,3,9,51,4,1.0,how_many,False,False,False
train,38,6,Is the explanation from saliency map correct?,yes_no,1,No,1,2,7,45,4,1.0,boolean,False,False,False
train,1751,569,How they prove that multi-head self-attention is at least as powerful as convolution layer?,extractive,1,constructively by selecting the parameters of the multi-head self-attention layer so that the latter acts like a convolutional layer,19,132,14,91,7,0.9286,how,False,False,False
train,1752,569,"Is there any nonnumerical experiment that also support author's claim, like analysis of attention layers in publicly available networks?",yes_no,1,No,1,2,20,136,13,1.0,boolean,False,False,False
train,1753,569,What numerical experiments they perform?,extractive,1,"attention probabilities learned tend to respect the conditions of Lemma UNKREF15, corroborating our hypothesis, validate that our model learns a meaningful classifier we compare it to the standard ResNet18",29,205,5,40,3,1.0,what,False,False,False
train,2194,793,Is model compared against state of the art models on these datasets?,yes_no,1,Yes,1,3,12,68,6,1.0,boolean,False,True,False
train,2195,793,How is octave convolution concept extended to multiple resolutions and octaves?,extractive,1,"The resolution of the low-frequency feature maps is reduced by an octave – height and width dimensions are divided by 2. In this work, we explore spatial reduction by up to 3 octaves – dividing by $2^t$, where $t=1,2,3$ – and for up to 4 groups. We refer to such a layer as a multi-octave convolutional (MultiOctConv) layer,",59,324,11,79,7,1.0,how,False,False,True
train,887,256,What accuracy does CNN model achieve?,free_form,1,Combined per-pixel accuracy for character line segments is 74.79,10,64,6,37,4,1.0,what,False,False,False
train,888,256,How many documents are in the Indiscapes dataset?,free_form,1,508,1,3,8,49,4,1.0,how_many,False,False,False
train,901,261,Do they evaluate only on English?,yes_no,1,Yes,1,3,6,33,2,1.0,boolean,False,False,False
train,902,261,What are the 7 different datasets?,extractive,1,"SemEval 2018 Task 3, , , SARC 2.0, SARC 2.0 pol, Sarcasm Corpus V1 (SC-V1), Sarcasm Corpus V2 (SC-V2)",19,101,6,34,2,1.0,what,True,False,False
train,903,261,What are the three different sources of data?,extractive,1,"Twitter, Reddit, Online Dialogues",4,33,8,45,4,1.0,what,True,False,False
train,904,261,What type of model are the ELMo representations used in?,free_form,1,A bi-LSTM with max-pooling on top of it,8,39,10,56,5,1.0,what,False,False,False
train,905,261,Which morphosyntactic features are thought to indicate irony or sarcasm?,extractive,1,"all caps, quotation marks, emoticons, emojis, hashtags",7,54,10,72,6,1.0,which,False,False,True
train,1577,501,Does the paper report the performance on the task of a Neural Machine Translation model?,yes_no,1,No,1,2,15,88,8,0.8667,boolean,False,False,False
train,1578,501,Is the RNN model evaluated against any baseline?,yes_no,1,Yes,1,3,8,48,4,1.0,boolean,False,True,False
train,1579,501,Which languages are used in the paper?,extractive,1,"English, Russian",2,16,7,38,3,1.0,which,False,False,False
train,1082,324,What are the linguistic differences between each class?,free_form,1,"Each class has different patterns in adjectives, adverbs and verbs for sarcastic and non-sarcastic classes",15,106,8,55,3,1.0,what,False,True,False
train,1083,324,What simple features are used?,extractive,1,"unigrams, bigrams, and trigrams, including sequences of punctuation, Word2Vec word embeddings",11,93,5,30,3,1.0,what,False,False,False
train,1084,324,What lexico-syntactic cues are used to retrieve sarcastic utterances?,extractive,1,"adjective and adverb patterns, verb, subject, and object arguments, verbal patterns",11,83,9,69,6,1.0,what,False,False,False
train,1968,667,What datasets do they use for the tasks?,extractive,1,"Viet Treebank corpus for POS tagging and chunking tasks, and on VLSP shared task 2016 corpus for NER task",19,105,8,40,3,1.0,what,False,False,False
train,1174,355,Which datasets do they use?,extractive,1,Wikipedia toxic comments,3,24,5,27,2,1.0,which,False,False,False
train,571,155,How much more coverage is in the new dataset?,free_form,1,278 more annotations,3,20,9,45,4,1.0,how_many,False,False,False
train,572,155,How was coverage measured?,extractive,1,QA pairs per predicate,4,22,4,26,2,1.0,how,False,False,False
train,573,155,How was quality measured?,free_form,1,"Inter-annotator agreement, comparison against expert annotation, agreement with PropBank Data annotations.",11,106,4,25,2,1.0,how,False,False,False
train,574,155,How was the corpus obtained?,extractive,1,"trained annotators , crowdsourcing ",3,35,5,28,2,1.0,how,False,False,False
train,575,155,How are workers trained?,extractive,1,extensive personal feedback,3,27,4,24,2,1.0,how,False,False,False
train,576,155,What is different in the improved annotation protocol?,free_form,1,a trained worker consolidates existing annotations ,6,51,8,54,4,1.0,what,False,False,False
train,577,155,How was the previous dataset annotated?,extractive,1,the annotation machinery of ,4,28,6,39,3,1.0,how,False,False,False
train,578,155,How big is the dataset?,extractive,1,1593 annotations,2,16,5,23,2,1.0,how,False,False,False
train,2125,748,What supports the claim that injected CNN into recurent units will enhance ability of the model to catch local context and reduce ambiguities?,extractive,1,"word embeddings to generate a new feature, i.e., summarizing a local context",13,76,23,142,15,0.9565,what,False,False,True
train,2126,748,How is CNN injected into recurent units?,extractive,1,The most simple one is to directly apply a CNN layer after the embedding layer to obtain blended contextual representations. Then a GRU layer is applied afterward.,27,163,7,40,4,1.0,how,False,False,False
train,2127,748,Are there some results better than state of the art on these tasks?,yes_no,1,Yes,1,3,13,67,5,1.0,boolean,False,True,False
train,2128,748,Do experiment results show consistent significant improvement of new approach over traditional CNN and RNN models?,yes_no,1,Yes,1,3,16,114,12,1.0,boolean,False,False,True
train,2129,748,What datasets are used for testing sentiment classification and reading comprehension?,extractive,1,"CBT NE/CN, MR Movie reviews, IMDB Movie reviews, SUBJ",10,53,11,86,7,1.0,what,False,False,True
train,1229,378,How is the delta-softmax calculated?,free_form,1,Answer with content missing: (Formula) Formula is the answer.,9,61,5,36,2,1.0,how,False,False,False
train,1230,378,"Are some models evaluated using this metric, what are the findings?",yes_no,1,Yes,1,3,11,67,5,0.9091,boolean,False,False,False
train,1231,378,Where does proposed metric differ from juman judgement?,extractive,1,"model points out plausible signals which were passed over by an annotator, it also picks up on a recurring tendency in how-to guides in which the second person pronoun referring to the reader is often the benefactee of some action",40,230,8,55,5,1.0,where,False,True,False
train,1232,378,Where does proposed metric overlap with juman judgement?,extractive,1,"influence of each word on the score of the correct relation, that impact should and does still correlate with human judgments",21,125,8,56,5,1.0,where,False,False,False
train,911,264,What features are used?,extractive,1,"Sociodemographics: gender, age, marital status, etc., Past medical history: number of previous admissions, history of suicidality, average length of stay (up until that admission), etc., Information from the current admission: length of stay (LOS), suicidal risk, number and length of notes, time of discharge, evaluation scores, etc.",47,334,4,23,2,1.0,what,False,False,False
train,912,264,Do they compare to previous models?,yes_no,1,Yes,1,3,6,35,3,1.0,boolean,False,True,False
train,913,264,How do they incorporate sentiment analysis?,extractive,1,features per admission were extracted as inputs to the readmission risk classifier,12,82,6,43,3,1.0,how,False,False,False
train,914,264,What is the dataset used?,extractive,1,"EHRs of 183 psychosis patients from McLean Psychiatric Hospital in Belmont, MA",12,78,5,25,2,1.0,what,False,False,False
train,915,264,How do they extract topics?,extractive,1,automatically obtained through the topic extraction and sentiment analysis pipeline introduced in our prior work ,15,113,5,27,2,1.0,how,False,False,False
train,719,198,What are three new proposed architectures?,extractive,1,"special dedicated discriminator is added to the model to control that the latent representation does not contain stylistic information, shifted autoencoder or SAE, combination of both approaches",27,194,6,42,4,1.0,what,True,False,False
train,720,198,How much does the standard metrics for style accuracy vary on different re-runs?,extractive,1,"accuracy can change up to 5 percentage points, whereas BLEU can vary up to 8 points",16,83,13,80,8,1.0,how_many,False,False,False
train,1848,613,Which soft-selection approaches are evaluated?,free_form,1,LSTM and BERT ,3,14,5,46,3,1.0,which,False,False,False
train,1849,613,Is the model evaluated against the baseline also on single-aspect sentences?,yes_no,1,No,1,2,11,76,6,0.9091,boolean,False,True,False
train,1850,613,Is the accuracy of the opinion snippet detection subtask reported?,yes_no,1,No,1,2,10,66,6,0.9,boolean,False,False,False
train,356,95,Which knowledge graph completion tasks do they experiment with?,extractive,1,"link prediction , triplet classification",4,40,9,63,5,1.0,which,False,False,False
train,357,95,"Apart from using desired properties, do they evaluate their LAN approach in some other way?",yes_no,1,No,1,2,15,91,8,1.0,other,False,False,False
train,358,95,Do they evaluate existing methods in terms of desired properties?,yes_no,1,Yes,1,3,10,65,6,1.0,boolean,False,False,False
train,2052,710,Do they only test on one dataset?,yes_no,1,Yes,1,3,7,33,3,1.0,boolean,True,False,False
train,2053,710,What baseline decoder do they use?,extractive,1,a standard beam search decoder  with several straightforward performance optimizations,10,86,6,34,3,1.0,what,False,True,False
train,1634,522,What is the performance change of the textual semantic similarity task when no error and maximum errors (noise) are present?,free_form,1,"10 Epochs: pearson-Spearman correlation  drops  60 points when error increase by 20%
50 Epochs: pearson-Spearman correlation  drops  55 points when error increase by 20%",24,169,20,124,11,0.95,what,False,False,True
train,1635,522,Which sentiment analysis data set has a larger performance drop when a 10% error is introduced?,free_form,1,SST-2 dataset,2,13,16,95,10,0.9375,which,True,False,False
train,1636,522,What kind is noise is present in typical industrial data?,extractive,1,"non-canonical text such as spelling mistakes, typographic errors, colloquialisms, abbreviations, slang, internet jargon, emojis, embedded metadata (such as hashtags, URLs, mentions), non standard syntactic constructions and spelling variations, grammatically incorrect text, mixture of two or more languages",37,307,10,57,6,0.9,what,False,False,False
train,1637,522,What is the reason behind the drop in performance using BERT for some popular task?,extractive,1,"Hence WordPiece tokenizer tokenizes noisy words into subwords. However, it ends up breaking them into subwords whose meaning can be very different from the meaning of the original word. Often, this changes the meaning of the sentence completely, therefore leading to substantial dip in the performance.",46,302,15,83,8,0.9333,what,False,False,False
train,2283,856,How large is the Dialog State Tracking Dataset?,free_form,1,"1,618 training dialogs, 500 validation dialogs, and 1,117 test dialogs",12,70,8,47,5,1.0,how,False,False,False
train,462,125,Did the collection process use a WoZ method?,yes_no,1,No,1,2,8,44,5,1.0,boolean,False,False,False
train,463,125,By how much did their model outperform the baseline?,extractive,1,"increasing accuracy by 35% and 25% in comparison to the Baseline and Ablation models, respectively, over INLINEFORM0 increase in EM and GM between our model and the next best two models",31,185,9,52,4,1.0,how,False,True,False
train,464,125,What baselines did they compare their model with?,free_form,1,the baseline where path generation uses a standard sequence-to-sequence model augmented with attention mechanism and path verification uses depth-first search,20,158,8,49,3,1.0,what,False,True,False
train,465,125,What was the performance of their model?,free_form,1,"For test-repeated set, EM score of 61.17, F1 of 93.54, ED of 0.75 and GM of 61.36. For test-new set, EM score of 41.71, F1 of 91.02, ED of 1.22 and GM of 41.81",42,159,7,40,2,1.0,what,False,False,False
train,466,125,What evaluation metrics are used?,free_form,1,"exact match, f1 score, edit distance and goal match",9,51,5,33,3,1.0,what,False,False,False
train,467,125,Did the authors use a crowdsourcing platform?,yes_no,1,Yes,1,3,7,45,4,1.0,boolean,False,False,False
train,468,125,How were the navigation instructions collected?,free_form,1,using Amazon Mechanical Turk using simulated environments with topological maps,10,79,6,47,3,1.0,how,False,False,False
train,469,125,What language is the experiment done in?,free_form,1,english language,2,16,7,40,3,1.0,what,False,False,False
train,1891,630,"How is human evaluation performed, what were the criteria?",extractive,1,"(1) Good (3 points): The response is grammatical, semantically relevant to the query, and more importantly informative and interesting, (2) Acceptable (2 points): The response is grammatical, semantically relevant to the query, but too trivial or generic, (3) Failed (1 point): The response has grammar mistakes or irrelevant to the query",51,338,9,58,4,1.0,how,False,False,False
train,1892,630,What automatic metrics are used?,extractive,1,"BLEU, Distinct-1 & distinct-2",3,29,5,32,3,1.0,what,False,False,False
train,1893,630,What other kinds of generation models are used in experiments?,extractive,1,"Seq2seq, CVAE, Hierarchical Gated Fusion Unit (HGFU), Mechanism-Aware Neural Machine (MANM)",11,91,10,62,5,1.0,what,False,False,False
train,1894,630,How does discrete latent variable has an explicit semantic meaning to improve the CVAE on short-text conversation?,extractive,1,"we connect each latent variable with a word in the vocabulary, thus each latent variable has an exact semantic meaning.",20,119,17,114,10,1.0,how,False,False,False
train,1356,417,Do all the instances contain code-switching?,yes_no,1,No,1,2,6,44,3,1.0,boolean,False,False,False
train,1357,417,What embeddings do they use?,extractive,1,"Glove, Twitter word2vec",3,23,5,28,2,1.0,what,False,False,False
train,1358,417,Do they perform some annotation?,yes_no,1,No,1,2,5,32,2,1.0,boolean,False,False,False
train,1359,417,Do they use dropout?,yes_no,1,Yes,1,3,4,20,2,1.0,boolean,False,False,False
train,600,164,How do they obtain word lattices from words?,free_form,1,By considering words as vertices and generating directed edges between neighboring words within a sentence,15,106,8,44,4,1.0,how,False,False,False
train,601,164,Which metrics do they use to evaluate matching?,extractive,1,"Precision@1, Mean Average Precision, Mean Reciprocal Rank",8,57,8,47,4,1.0,which,False,False,False
train,602,164,Which dataset(s) do they evaluate on?,extractive,1,"DBQA, KBRE",2,10,7,37,2,1.0,which,False,False,False
train,321,87,What evaluation metrics were used?,extractive,1,AUC-ROC,1,7,5,34,3,1.0,what,False,False,False
train,322,87,Where did the real production data come from?,extractive,1,"jokes of different categories (sci-fi, sports, etc) and types (puns, limerick, etc)",12,83,8,45,4,1.0,where,False,False,False
train,323,87,What feedback labels are used?,extractive,1,five-minute reuse and one-day return,5,36,5,30,3,1.0,what,False,False,False
train,2232,815,Which strategies show the most promise in deterring these attacks?,extractive,1,"At the moment defender can draw on methods from image area to text for improving the robustness of DNNs, e.g. adversarial training  , adding extra layer  , optimizing cross-entropy function  ,  or weakening the transferability of adversarial examples.",36,251,10,66,5,1.0,which,False,False,False
train,946,274,How do they show their model discovers underlying syntactic structure?,free_form,1,By visualizing syntactic distance estimated by the parsing network,9,66,10,70,6,1.0,how,False,False,False
train,947,274,Which dataset do they experiment with?,extractive,1,"Penn Treebank, Text8, WSJ10",4,27,6,38,2,1.0,which,False,False,False
train,948,274,How do they measure performance of language model tasks?,free_form,1,"BPC, Perplexity",2,15,9,56,5,1.0,how,False,False,False
train,926,269,What conclusions do the authors draw from their detailed analyses?,extractive,1,"neural network-based models can outperform feature-based models with wide margins, contextualized representation learning can boost performance of NN models",19,156,10,66,5,1.0,what,False,False,False
train,927,269,Do the BERT-based embeddings improve results?,yes_no,1,Yes,1,3,6,45,4,1.0,boolean,False,False,False
train,928,269,What were the traditional linguistic feature-based models?,extractive,1,CAEVO,1,5,7,58,4,1.0,what,False,False,False
train,929,269,What type of baseline are established for the two datasets?,extractive,1,CAEVO,1,5,10,59,5,1.0,what,True,True,False
train,1660,533,How many examples are there in the source domain?,extractive,1,"78,976",2,6,9,49,4,1.0,how_many,False,False,False
train,1661,533,How many examples are there in the target domain?,extractive,1,"the food dataset has 3,806 images for training",9,46,9,49,4,1.0,how_many,False,False,False
train,1662,533,Did they only experiment with captioning task?,yes_no,1,Yes,1,3,7,46,3,1.0,boolean,False,False,False
train,626,172,Is the data all in Vietnamese?,yes_no,1,Yes,1,3,6,30,2,1.0,boolean,False,False,False
train,627,172,What classifier do they use?,extractive,1,"Stacking method, LSTMCNN, SARNN, simple LSTM bidirectional model, TextCNN",9,73,5,28,2,1.0,what,False,False,False
train,628,172,What is private dashboard?,free_form,1,Private dashboard is leaderboard where competitors can see results after competition is finished - on hidden part of test set (private test set).,22,145,4,26,2,1.0,what,False,False,False
train,629,172,What is public dashboard?,free_form,1,"Public dashboard where competitors can see their results during competition, on part of the test set (public test set).",19,119,4,25,2,1.0,what,False,False,False
train,630,172,What dataset do they use?,free_form,1,They used Wiki Vietnamese language and Vietnamese newspapers to pretrain embeddings and dataset provided in HSD task to train model (details not mentioned in paper).,25,165,5,25,2,1.0,what,False,False,False
train,1484,464,What models other than SAN-VOES are trained on new PlotQA dataset?,extractive,1,"IMG-only, QUES-only, SAN, SANDY, VOES-Oracle, VOES",6,50,11,66,6,1.0,what,False,False,False
train,393,104,Is this style generator compared to some baseline?,yes_no,1,Yes,1,3,8,50,4,1.0,boolean,False,True,False
train,394,104,"How they perform manual evaluation, what is criteria?",extractive,1,accuracy,1,8,8,53,4,1.0,how,False,False,False
train,395,104,What metrics are used for automatic evaluation?,extractive,1,"classification accuracy, BLEU scores, model perplexities of the reconstruction",9,78,7,47,4,1.0,what,False,False,False
train,396,104,How they know what are content words?,extractive,1,"words found in the control word lists are then removed, The remaining words, which represent the content",17,104,7,37,3,1.0,how,False,False,False
train,397,104,"How they model style as a suite of low-level linguistic controls, such as frequency of pronouns, prepositions, and subordinate clause constructions?",extractive,1,"style of a sentence is represented as a vector of counts of closed word classes (like personal pronouns) as well as counts of syntactic features like the number of SBAR non-terminals in its constituency parse, since clause structure has been shown to be indicative of style",46,273,21,148,12,0.9048,how,False,False,True
train,672,184,What is the size of the dataset?,extractive,1,"9,892 stories of sexual harassment incidents",7,44,7,32,2,0.8571,what,False,False,False
train,673,184,What model did they use?,extractive,1,joint learning NLP models that use convolutional neural network (CNN)  and bi-directional long short-term memory (BiLSTM),16,121,5,24,2,1.0,what,False,False,False
train,674,184,What patterns were discovered from the stories?,extractive,1,"we demonstrate that harassment occurred more frequently during the night time than the day time, it shows that besides unspecified strangers (not shown in the figure), conductors and drivers are top the list of identified types of harassers, followed by friends and relatives, we uncovered that there exist strong correlations between the age of perpetrators and the location of harassment, between the single/multiple harasser(s) and location, and between age and single/multiple harasser(s) , We also found that the majority of young perpetrators engaged in harassment behaviors on the streets, we found that adult perpetrators of sexual harassment are more likely to act alone, we also found that the correlations between the forms of harassment with the age, single/multiple harasser, type of harasser, and location , commenting happened more frequently when harassers were in groups. Last but not least, public transportation is where people got indecently touched most frequently both by fellow passengers and by conductors and drivers.",160,1042,7,47,3,1.0,what,False,False,False
train,2235,818,So this paper turns unstructured text inputs to parameters that GNNs can read?,yes_no,1,Yes,1,3,13,78,9,1.0,other,False,False,False
train,1764,577,Do they use pretrained word embeddings?,yes_no,1,Yes,1,3,6,39,4,1.0,boolean,False,False,False
train,2162,773,Is such bias caused by bad annotation?,yes_no,1,No,1,2,7,38,4,1.0,boolean,False,False,False
train,759,213,How is human interaction consumed by the model?,extractive,1,"displays three different versions of a story written by three distinct models for a human to compare, human can select the model to interact with (potentially after having chosen it via cross-model), and can collaborate at all stages",38,233,8,47,4,1.0,how,False,False,False
train,760,213,How do they evaluate generated stories?,extractive,1,separate set of Turkers to rate the stories for overall quality and the three improvement areas,16,95,6,39,3,1.0,how,False,False,False
train,761,213,What are the baselines?,extractive,1,Title-to-Story system,2,21,4,23,1,1.0,what,False,False,False
train,2244,826,Does the new system utilize pre-extracted bounding boxes and/or features?,yes_no,1,Yes,1,3,11,73,7,1.0,boolean,False,False,True
train,2245,826,To which previous papers does this work compare its results?,extractive,1,"holistic, TraAtt, RegAtt, ConAtt, ConAtt, iBOWIMG , VQA, VQA, WTL , NMN , SAN , AMA , FDA , D-NMN, DMN+",15,103,10,60,5,1.0,which,False,True,False
train,1151,348,Is the new model evaluated on the tasks that BERT and ELMo are evaluated on?,yes_no,1,Yes,1,3,15,76,7,0.8,boolean,False,False,True
train,1152,348,Does the additional training on supervised tasks hurt performance in some tasks?,yes_no,1,Yes,1,3,12,80,7,0.9167,boolean,False,False,False
train,2146,764,How does the model compute the likelihood of executing to the correction semantic denotation?,free_form,1,By treating logical forms as a latent variable and training a discriminative log-linear model over logical form y given x.,20,122,14,93,7,0.8571,how,False,False,False
train,99,26,What is the algorithm used for the classification tasks?,extractive,1,Random Forest Ensemble classifiers,4,34,9,56,4,0.8889,what,False,False,False
train,100,26,Is the outcome of the LDA analysis evaluated in any way?,yes_no,1,Yes,1,3,11,56,5,0.9091,boolean,False,False,False
train,101,26,What is the corpus used in the study?,extractive,1,TextGrid Repository,2,19,8,37,3,0.875,what,False,False,False
train,1068,318,What domains are detected in this paper?,free_form,1,"Answer with content missing: (Experimental setup not properly rendered) In our experiments we used seven target domains: “Business and Commerce” (BUS), “Government and Politics” (GOV), “Physical and Mental Health” (HEA), “Law and Order” (LAW),
“Lifestyle” (LIF), “Military” (MIL), and “General Purpose” (GEN). Exceptionally, GEN does
not have a natural root category.",51,367,7,40,3,1.0,what,False,False,False
train,1121,336,How many improvements on the French-German translation benchmark?,free_form,1,one,1,3,8,65,5,1.0,how_many,False,False,False
train,1122,336,How do they align the synthetic data?,extractive,1,"By choosing English (En) as the pivot language, we perform pivot alignments for identical English segments on Europarl Fr-En and En-De parallel corpora  , constructing a multi-parallel corpus of Fr-En-De. Then each of the Fr*-De and Fr-De* pseudo parallel corpora is established from the multi-parallel data by applying the pivot language-based translation described in the previous section.",57,391,7,37,3,1.0,how,False,False,False
train,1123,336,Where do they collect the synthetic data?,yes_no,1,Yes,1,3,7,41,3,1.0,where,False,False,False
train,1622,517,Are the document vectors that the authors introduce evaluated in any way other than the new way the authors propose?,yes_no,1,Yes,1,3,20,116,10,0.75,boolean,False,False,False
train,1623,517,"According to the authors, why does the CNN model exhibit a higher level of explainability?",extractive,1,CNN model which additionally learns intermediate hidden layer representations and convolutional filters. Moreover the CNN model can take advantage of the semantic similarity encoded in the distributed word2vec representations,29,225,15,90,8,0.9333,other,False,True,False
train,1624,517,Does the LRP method work in settings that contextualize the words with respect to one another?,yes_no,1,Yes,1,3,16,94,9,0.9375,boolean,True,False,False
train,1200,368,How much faster is training time for MGNC-CNN over the baselines?,extractive,1,"It is an order of magnitude more efficient in terms of training time., his model requires pre-training and mutual-learning and requires days of training time, whereas the simple architecture we propose requires on the order of an hour",38,234,11,65,6,1.0,how_many,False,False,False
train,1201,368,What are the baseline models?,free_form,1,"MC-CNN
MVCNN
CNN",3,16,5,29,2,1.0,what,False,True,False
train,1202,368,By how much of MGNC-CNN out perform the baselines?,free_form,1,"In terms of Subj the Average MGNC-CNN is better than the average score of baselines by 0.5.  Similarly, Scores of SST-1, SST-2, and TREC where MGNC-CNN has similar improvements. 
In case of Irony the difference is about 2.0. 
",40,226,9,50,4,1.0,how,False,False,False
train,1203,368,What dataset/corpus is this evaluated over?,extractive,1,"SST-1, SST-2, Subj , TREC , Irony",5,33,7,43,3,1.0,what,False,False,False
train,1204,368,What are the comparable alternative architectures?,extractive,1,"standard CNN, C-CNN, MVCNN",4,26,6,50,3,1.0,what,False,False,False
train,871,249,What is the architecture of the siamese neural network?,extractive,1,"two parallel convolutional networks, INLINEFORM0 , that share the same set of weights",12,85,9,55,4,0.8889,what,False,False,False
train,872,249,Which are the four Arabic dialects?,extractive,1,"Egyptian (EGY), Levantine (LEV), Gulf (GLF), North African (NOR)",9,64,6,35,3,1.0,which,True,False,False
train,1553,488,What is the size of the dataset?,free_form,1,"300,000 sentences with 1.5 million single-quiz questions",9,56,7,32,2,0.8571,what,False,False,False
train,1554,488,Which two schemes are used?,extractive,1,"sequence classification, sequence labeling",4,42,5,27,3,1.0,which,True,False,False
train,2045,706,What accuracy score do they obtain?,free_form,1,the best performing model obtained an accuracy of 0.86,10,54,6,35,3,1.0,what,False,False,False
train,2046,706,What is their baseline model?,extractive,1,the model proposed in ,4,22,5,29,2,1.0,what,False,True,False
train,2047,706,What is the size of the dataset?,extractive,1,$0.3$ million records,4,21,7,32,2,0.8571,what,False,False,False
train,2048,706,What is the 12 class bilingual text?,free_form,1,"Appreciation, Satisfied, Peripheral complaint, Demanded inquiry, Corruption, Lagged response, Unresponsive, Medicine payment, Adverse behavior, Grievance ascribed and Obnoxious/irrelevant",19,187,7,36,4,1.0,what,True,False,False
train,454,122,How are character representations from various languages joint?,extractive,1,shared character embeddings for taggers in both languages together through optimization of a joint loss function,16,112,8,63,5,1.0,how,False,False,False
train,455,122,On which dataset is the experiment conducted?,extractive,1,We use the morphological tagging datasets provided by the Universal Dependencies (UD) treebanks (the concatenation of the $4^\text{th}$ and $6^\text{th}$ columns of the file format)  .,29,184,7,45,3,1.0,which,False,False,False
train,610,167,How better is proposed method than baselines perpexity wise?,free_form,1,Perplexity of proposed MEED model is 19.795 vs 19.913 of next best result on test set.,18,86,9,60,6,1.0,how,False,True,False
train,611,167,How does the multi-turn dialog system learns?,extractive,1,"we extract the emotion information from the utterances in $\mathbf {X}$ by leveraging an external text analysis program, and use an RNN to encode it into an emotion context vector $\mathbf {e}$, which is combined with $\mathbf {c}_t$ to produce the distribution",43,261,7,45,4,1.0,how,False,False,False
train,612,167,How is human evaluation performed?,extractive,1,"(1) grammatical correctness, (2) contextual coherence, (3) emotional appropriateness",9,84,5,34,3,1.0,how,False,False,False
train,613,167,Is some other metrics other then perplexity measured?,yes_no,1,No,1,2,8,53,3,0.875,boolean,False,False,False
train,614,167,What two baseline models are used?,extractive,1,"sequence-to-sequence model (denoted as S2S), HRAN",6,49,6,34,4,1.0,what,True,True,False
train,2284,857,What dataset is used for train/test of this method?,free_form,1,Training datasets: TTS System dataset and embedding selection dataset. Evaluation datasets: Common Prosody Errors dataset and LFR dataset.,18,138,10,51,5,1.0,what,False,False,False
train,1955,658,Did they experiment with the corpus?,yes_no,1,Yes,1,3,6,36,2,1.0,boolean,False,False,False
train,1743,565,How many category tags are considered?,free_form,1,14 categories,2,13,6,38,4,1.0,how_many,False,False,False
train,1744,565,What domain does the dataset fall into?,free_form,1,YouTube videos,2,14,7,39,3,1.0,what,False,False,False
train,1745,565,What ASR system do they use?,extractive,1,YouTube ASR system,3,18,6,28,3,1.0,what,False,False,False
train,839,240,How strong is negative correlation between compound divergence and accuracy in performed experiment?,extractive,1,between 0.81 and 0.88,6,21,13,100,8,1.0,how,False,False,True
train,840,240,What are results of comparison between novel method to other approaches for creating compositional generalization benchmarks?,extractive,1,The MCD splits achieve a significantly higher compound divergence at a similar atom divergence when compared to the other experiments,20,133,16,125,9,1.0,what,False,True,False
train,841,240,How authors justify that question answering dataset presented is realistic?,extractive,1,CFQ contains the most query patterns by an order of magnitude and also contains significantly more queries and questions than the other datasets,23,144,10,75,7,1.0,how,False,False,False
train,842,240,What three machine architectures are analyzed?,extractive,1,"LSTM+attention, Transformer , Universal Transformer",5,51,6,46,4,1.0,what,True,False,False
train,843,240,How big is new question answering dataset?,extractive,1,"239,357 English question-answer pairs",5,37,7,42,5,1.0,how,False,False,False
train,844,240,What are other approaches into creating compositional generalization benchmarks?,extractive,1,"random , Output length, Input length, Output pattern, Input pattern",9,67,9,80,5,1.0,what,False,False,False
train,2140,756,Which datasets are used for evaluation?,extractive,1,Stanford Sentiment Treebank,3,27,6,39,3,1.0,which,False,False,False
train,2135,754,At what text unit/level were documents processed?,extractive,1,documents are segmented into paragraphs and processed at the paragraph level,11,76,8,49,5,1.0,what,False,False,False
train,2136,754,What evaluation metric were used for presenting results?,extractive,1,"F$_1$, precision, and recall",5,28,8,56,5,1.0,what,False,False,False
train,2137,754,Was the structure of regulatory filings exploited when training the model?,yes_no,1,No,1,2,11,74,6,0.9091,boolean,False,False,False
train,2138,754,What type of documents are supported by the annotation platform?,free_form,1,"Variety of formats supported (PDF, Word...), user can define content elements of document",13,89,10,64,5,1.0,what,False,False,False
train,2222,810,What experiment result led to conclussion that reducing the number of layers of the decoder does not matter much?,extractive,1,Exp. 5.1,3,8,19,113,10,0.8947,what,False,False,False
train,2223,810,How much is performance hurt when using too small amount of layers in encoder?,free_form,1,"comparing to the results from reducing the number of layers in the decoder, the BLEU score was 69.93 which is less than 1% in case of test2016 and in case of test2017 it was less by 0.2 %. In terms of TER it had higher score by 0.7 in case of test2016 and 0.1 in case of test2017. ",61,281,14,78,8,1.0,how_many,False,False,False
train,2224,810,What was previous state of the art model for automatic post editing?,extractive,1,"pal-EtAl:2018:WMT proposed an APE model that uses three self-attention-based encoders, tebbifakhr-EtAl:2018:WMT, the NMT-subtask winner of WMT 2018 ($wmt18^{nmt}_{best}$), employ sequence-level loss functions in order to avoid exposure bias during training and to be consistent with the automatic evaluation metrics., shin-lee:2018:WMT propose that each encoder has its own self-attention and feed-forward layer to process each input separately. , The APE PBSMT-subtask winner of WMT 2018 ($wmt18^{smt}_{best}$)  also presented another transformer-based multi-source APE which uses two encoders and stacks an additional cross-attention component for $src \rightarrow pe$ above the previous cross-attention for $mt \rightarrow pe$.",104,730,12,68,7,1.0,what,False,False,False
train,1309,403,Where do they retrieve neighbor n-grams from in their approach?,extractive,1,represent every sentence by their reduced n-gram set,8,52,10,63,4,1.0,where,False,False,False
train,1310,403,To which systems do they compare their results against?,extractive,1,standard Transformer Base model,4,31,9,55,3,1.0,which,False,True,False
train,1311,403,Does their combination of a non-parametric retrieval and neural network get trained end-to-end?,yes_no,1,Yes,1,3,13,95,8,1.0,boolean,False,False,True
train,1312,403,Which similarity measure do they use in their n-gram retrieval approach?,extractive,1,"we define the similarity between INLINEFORM7 and INLINEFORM8 by, DISPLAYFORM0",10,77,11,72,6,1.0,which,False,False,False
train,1656,531,How much does this system outperform prior work?,free_form,1,"The system outperforms by 27.7% the LSTM model, 38.5% the RL-SPINN model and 41.6% the Gumbel Tree-LSTM",20,103,8,48,5,1.0,how_many,False,True,False
train,1657,531,What are the baseline systems that are compared against?,free_form,1,"The system is compared to baseline models: LSTM, RL-SPINN and Gumbel Tree-LSTM",12,78,9,56,3,0.8889,what,False,True,False
train,1756,571,What dierse domains and languages are present in new datasets?,extractive,1,"movies , restaurants, English , Korean",4,38,10,62,6,1.0,what,False,False,True
train,1044,309,What are the datasets used for the task?,free_form,1,"Datasets used are Celex (English, Dutch), Festival (Italian), OpenLexuque (French), IIT-Guwahati (Manipuri), E-Hitz (Basque)",14,124,8,40,3,0.875,what,False,False,False
train,1045,309,What is the accuracy of the model for the six languages tested?,free_form,1,"Authors report their best models have following accuracy: English CELEX (98.5%), Dutch CELEX (99.47%), Festival (99.990%), OpenLexique (100%), IIT-Guwahat (95.4%), E-Hitz (99.83%)",27,179,12,63,5,0.8333,what,True,False,False
train,1046,309,Which models achieve state-of-the-art performances?,free_form,1,"CELEX (Dutch and English) - SVM-HMM
Festival, E-Hitz and OpenLexique - Liang hyphenation
IIT-Guwahat - Entropy CRF",14,114,5,51,4,1.0,which,False,False,False
train,1047,309,Is the LSTM bidirectional?,yes_no,1,Yes,1,3,4,26,2,1.0,boolean,False,False,False
train,1907,636,Is the model evaluated against a baseline?,yes_no,1,No,1,2,7,42,3,1.0,boolean,False,True,False
train,1908,636,How many people are employed for the subjective evaluation?,extractive,1,14 volunteers,2,13,9,59,5,1.0,how_many,False,False,False
train,2070,721,Do they report results only on English data?,yes_no,1,Yes,1,3,8,44,4,1.0,boolean,False,False,False
train,2071,721,Which other unsupervised models are used for comparison?,extractive,1,"Sequential (Denoising) Autoencoder, TF-IDF BOW, SkipThought, FastSent, Siamese C-BOW, C-BOW, C-PHRASE, ParagraphVector",12,118,8,56,4,1.0,which,False,True,False
train,2072,721,What metric is used to measure performance?,free_form,1,"Accuracy and F1 score for supervised tasks, Pearson's and Spearman's correlation for unsupervised tasks",16,103,7,43,4,1.0,what,False,False,False
train,2073,721,How do the n-gram features incorporate compositionality?,extractive,1,"by also learning source embeddings for not only unigrams but also n-grams present in each sentence, and averaging the n-gram embeddings along with the words",25,156,7,56,4,1.0,how,False,False,False
train,1856,615,"What performance did proposed method achieve, how much better is than previous state-of-the-art?",extractive,1,increases F1-score by 10.2% and 3% compared with the existing best systems $LS \cup KLD \cup CONN$ and $KLD \cup LS \cup LS_{inter}$,25,132,13,96,8,1.0,what,False,True,False
train,1857,615,What was previous state-of-the-art approach?,extractive,1,"TextCNN, TextRNN, SASE, DPCNN, and BERT, $LS \cup KLD \cup CONN$ and $KLD \cup LS \cup LS_{inter}$ are the best systems with the highest recall and F1-score respectively",29,169,5,44,3,1.0,what,False,False,False
train,1858,615,How is Relation network used to infer causality at segment level?,extractive,1,we integrate object-pairs with global representation and make a pair-wise inference to detect the relationship among the segments,18,129,11,65,7,1.0,how,False,False,False
train,1306,402,What ensemble methods are used for best model?,extractive,1,choosing the answer from the network that had the highest probability and choosing no answer if any of the networks predicted no answer,23,135,8,46,5,1.0,what,False,False,False
train,1307,402,What hyperparameters have been tuned?,extractive,1,"number of coattention blocks, the batch size, and the number of epochs trained and ensembled our three best networks",19,116,5,37,2,1.0,what,False,False,False
train,1308,402,How much F1 was improved after adding skip connections?,free_form,1,"Simple Skip improves F1 from 74.34 to 74.81
Transformer Skip improes F1 from 74.34 to 74.95 ",20,92,9,55,6,1.0,how_many,False,False,False
train,827,237,What datasets are used for evaluation?,extractive,1,Swissmetro dataset,2,18,6,38,3,1.0,what,False,False,False
train,828,237,How do their train their embeddings?,free_form,1,"The embeddings are learned several times using the training set, then the average is taken.",15,91,6,36,2,0.8333,how,False,False,False
train,829,237,How do they model travel behavior?,free_form,1,The data from collected travel surveys is used to model travel behavior.,12,72,6,34,3,1.0,how,False,False,False
train,830,237,How do their interpret the coefficients?,free_form,1,The coefficients are projected back to the dummy variable space.,10,64,6,40,2,1.0,how,False,False,False
train,1115,334,What are all machine learning approaches compared in this work?,extractive,1,"Feature selection, Random forest, XGBoost, Hierarchical Model",7,61,10,63,5,1.0,what,False,True,False
train,762,214,What is used a baseline?,extractive,1,"As the baseline, we simply judge the input token as IOCs on the basis of the spelling features described in ",20,108,5,24,2,1.0,what,False,True,False
train,763,214,What contextual features are used?,free_form,1,The words that can indicate the characteristics of the neighbor words as contextual keywords and generate it from the automatically extracted contextual keywords.,23,162,5,34,3,1.0,what,False,False,False
train,764,214,Where are the cybersecurity articles used in the model sourced from?,extractive,1,from a collection of advanced persistent threats (APT) reports which are published from 2008 to 2018,16,100,11,68,5,0.9091,where,False,False,False
train,385,102,What previously proposed methods is this method compared against?,extractive,1,"Naive Bayes, SVM, Maximum Entropy classifiers",6,45,9,65,5,1.0,what,False,True,False
train,386,102,How is effective word score calculated?,extractive,1,"We define the Effective Word Score of score x as EFWS(x) = N(+x) - N(-x), where N(x) is the number of words in the tweet with polarity score x.",31,143,6,39,4,1.0,how,False,False,False
train,2131,750,How are sentence embeddings incorporated into the speech recognition system?,free_form,1,BERT generates sentence embeddings that represent words in context. These sentence embeddings are merged into a single conversational-context vector that is used to calculate a gated embedding and is later combined with the output of the decoder h to provide the gated activations for the next hidden layer.,48,307,10,76,6,1.0,how,False,False,False
train,2290,864,What's the method used here?,free_form,1,Two neural networks: an extractor based on an encoder (BERT) and a decoder (LSTM Pointer Network ) and an abstractor identical to the one proposed in .,25,151,6,28,2,1.0,what,False,False,False
train,1571,496,How do slot binary classifiers improve performance?,free_form,1,by adding extra supervision to generate the slots that will be present in the response,15,86,7,51,5,1.0,how,False,False,False
train,1572,496,What baselines have been used in this work?,free_form,1,"NDM, LIDM, KVRN, and TSCP/RL",6,28,8,43,3,1.0,what,False,False,False
train,791,225,How big are improvements of MMM over state of the art?,extractive,1,"test accuracy of 88.9%, which exceeds the previous best by 16.9%",13,64,11,54,5,0.9091,how,False,False,False
train,792,225,What out of domain datasets authors used for coarse-tuning stage?,extractive,1,MultiNLI  and SNLI ,3,19,10,65,6,1.0,what,False,False,False
train,793,225,What are state of the art methods MMM is compared to?,free_form,1,"FTLM++, BERT-large, XLNet",3,25,11,53,5,1.0,what,False,True,False
train,794,225,What four representative datasets are used for bechmark?,extractive,1,"DREAM, MCTest, TOEFL, and SemEval-2018 Task 11",7,46,8,56,5,1.0,what,True,False,False
train,2203,800,What datasets did they use?,extractive,1,the personalized bAbI dialog dataset,5,36,5,27,2,1.0,what,False,False,False
train,1588,506,what state of the accuracy did they obtain?,free_form,1,51.5,2,4,8,43,3,1.0,what,False,False,False
train,1589,506,what models did they compare to?,free_form,1,"High-order CNN, Tree-LSTM, DRNN, DCNN, CNN-MC, NBoW and SVM ",9,60,6,32,2,1.0,what,False,True,False
train,1590,506,which benchmark tasks did they experiment on?,free_form,1, They used Stanford Sentiment Treebank benchmark for sentiment classification task and   AG English news corpus for the text classification task.,20,145,7,45,3,1.0,which,False,False,False
train,286,79,What approach did previous models use for multi-span questions?,free_form,1,Only MTMSM specifically tried to tackle the multi-span questions. Their approach consisted of two parts: first train a dedicated categorical variable to predict the number of spans to extract and the second was to generalize the single-span head method of extracting a span,43,273,9,63,6,1.0,what,False,False,False
train,287,79,How they use sequence tagging to answer multi-span questions?,extractive,1,"To model an answer which is a collection of spans, the multi-span head uses the $\mathtt {BIO}$ tagging format : $\mathtt {B}$ is used to mark the beginning of a span, $\mathtt {I}$ is used to mark the inside of a span and $\mathtt {O}$ is used to mark tokens not included in a span",54,282,9,61,6,1.0,how,False,False,False
train,288,79,What is difference in peformance between proposed model and state-of-the art on other question types?,free_form,1,"For single-span questions, the proposed LARGE-SQUAD improve performance of the MTMSNlarge baseline for 2.1 EM and 1.55 F1.
For number type question,  MTMSNlarge baseline  have improvement over LARGE-SQUAD for 3,11  EM and  2,98 F1. 
For date question,  LARGE-SQUAD have improvements in 2,02 EM but MTMSNlarge have improvement of 4,39 F1.",56,337,15,101,8,1.0,what,False,True,True
train,289,79,What is the performance of proposed model on entire DROP dataset?,free_form,1,"The proposed model achieves  EM 77,63 and F1 80,73  on the test and EM  76,95 and  F1 80,25 on the dev",25,102,11,65,6,1.0,what,False,False,False
train,290,79,What is the previous model that attempted to tackle multi-span questions as a part of its design?,extractive,1,MTMSN ,1,6,17,97,8,1.0,what,False,False,False
train,1739,564,How big is improvement over the old  state-of-the-art performance on CoNLL-2009 dataset?,extractive,1,our Open model achieves more than 3 points of f1-score than the state-of-the-art result,14,87,12,88,7,1.0,how,True,False,False
train,1740,564,What is new state-of-the-art performance on CoNLL-2009 dataset?,free_form,1,In closed setting 84.22 F1 and in open 87.35 F1.,12,48,8,63,5,1.0,what,True,False,False
train,1741,564,What different approaches of encoding syntactic information authors present?,extractive,1,"dependency head and dependency relation label, denoted as Dep and Rel for short, Tree-based Position Feature (TPF) as Dependency Path (DepPath), Shortest Dependency Path (SDP) as Relation Path (RelPath)",29,202,9,76,7,1.0,what,False,False,False
train,1742,564,What are two strong baseline methods authors refer to?,free_form,1,Marcheggiani and Titov (2017) and Cai et al. (2018),9,51,9,54,6,1.0,what,True,True,False
train,1996,681,What were the evaluation metrics used?,extractive,1,"entity match rate, BLEU score, Success F1 score",8,47,6,38,3,1.0,what,False,False,False
train,1997,681,What is the size of the dataset?,free_form,1,3029,1,4,7,32,2,0.8571,what,False,False,False
train,1998,681,What multi-domain dataset is used?,extractive,1,KVRET,1,5,5,34,3,1.0,what,False,False,False
train,1999,681,Which domains did they explored?,extractive,1,"calendar, weather, navigation",3,29,5,32,2,1.0,which,False,False,False
train,259,70,Which retrieval system was used for baselines?,free_form,1,The dataset comes with a ranked set of relevant documents. Hence the baselines do not use a retrieval system.,19,109,7,46,4,1.0,which,False,False,False
train,644,177,What is the average number of turns per dialog?,extractive,1,The average number of utterances per dialog is about 23,10,55,9,47,5,1.0,what,False,False,False
train,645,177,What baseline models are offered?,extractive,1,"3-gram and 4-gram conditional language model, Convolution, LSTM models  with and without attention , Transformer, GPT-2",15,119,5,33,3,1.0,what,False,True,False
train,646,177,Which six domains are covered in the dataset?,extractive,1,"ordering pizza, creating auto repair appointments, setting up ride service, ordering movie tickets, ordering coffee drinks and making restaurant reservations",20,157,8,45,4,1.0,which,True,False,False
train,2094,731,Could you tell me more about the metrics used for performance evaluation?,free_form,1,"BLUE utilizes different metrics for each of the tasks: Pearson correlation coefficient, F-1 scores, micro-averaging, and accuracy",17,129,12,73,5,1.0,boolean,False,False,False
train,2095,731,which tasks are used in BLUE benchmark?,extractive,1,"Inference task The aim of the inference task is to predict whether the premise sentence entails or contradicts the hypothesis sentence, Document multilabel classification The multilabel classification task predicts multiple labels from the texts., Relation extraction The aim of the relation extraction task is to predict relations and their types between the two entities mentioned in the sentences., Named entity recognition The aim of the named entity recognition task is to predict mention spans given in the text , Sentence similarity The sentence similarity task is to predict similarity scores based on sentence pairs",93,624,7,39,4,1.0,which,False,False,False
train,1603,513,Are any of the utterances ungrammatical?,yes_no,1,Yes,1,3,6,40,2,1.0,boolean,False,False,False
train,1604,513,How is the proficiency score calculated?,free_form,1,"They used 6 indicators for proficiency (same for written and spoken) each marked by bad, medium or good by one expert.",21,118,6,40,3,1.0,how,False,False,False
train,1605,513,What proficiency indicators are used to the score the utterances?,free_form,1,"6 indicators:
- lexical richness
- pronunciation and fluency
- syntactical correctness
- fulfillment of delivery
- coherence and cohesion
- communicative, descriptive, narrative skills",19,184,10,65,5,0.9,what,False,False,False
train,1606,513,What accuracy is achieved by the speech recognition system?,free_form,1,"Accuracy not available: WER results are reported 42.6 German, 35.9 English",13,74,9,59,5,1.0,what,False,False,False
train,1607,513,How is the speech recognition system evaluated?,free_form,1,Speech recognition system is evaluated using WER metric.,8,56,7,47,4,1.0,how,False,False,False
train,1608,513,How many of the utterances are transcribed?,free_form,1,Total number of transcribed utterances including Train and Test for both Eng and Ger language is 5562 (2188 cleaned),19,116,7,43,3,1.0,how_many,False,False,False
train,1609,513,How many utterances are in the corpus?,free_form,1,Total number of utterances available is: 70607 (37344 ENG + 33263 GER),11,70,7,38,3,1.0,how_many,False,False,False
train,376,100,Do they cover data augmentation papers?,yes_no,1,No,1,2,6,39,4,1.0,boolean,False,False,False
train,377,100,What is the latest paper covered by this survey?,free_form,1,Kim et al. (2019),4,17,9,48,4,1.0,what,False,False,False
train,378,100,Do they survey visual question generation work?,yes_no,1,Yes,1,3,7,47,5,1.0,boolean,False,False,False
train,379,100,Do they survey multilingual aspects?,yes_no,1,No,1,2,5,36,3,1.0,boolean,False,False,False
train,380,100,What learning paradigms do they cover in this survey?,free_form,1,"Considering ""What"" and ""How"" separately versus jointly optimizing for both.",10,75,9,53,4,1.0,what,False,False,False
train,381,100,What are all the input modalities considered in prior work in question generation?,free_form,1,"Textual inputs, knowledge bases, and images.",6,44,13,82,7,0.9231,what,False,False,False
train,382,100,Do they survey non-neural methods for question generation?,yes_no,1,No,1,2,8,58,5,1.0,boolean,False,False,False
train,470,126,What additional features are proposed for future work?,free_form,1,distinguishing between clinically positive and negative phenomena within each risk factor domain and accounting for structured data collected on the target cohort,22,162,8,54,5,1.0,what,False,False,False
train,471,126,What are their initial results on this task?,free_form,1,"Achieved the highest per-domain scores on Substance (F1 ≈ 0.8) and the lowest scores on Interpersonal and Mood (F1 ≈ 0.5), and show consistency in per-domain performance rankings between MLP and RBF models.",33,206,8,44,3,1.0,what,False,False,False
train,472,126,What datasets did the authors use?,extractive,1,"a corpus of discharge summaries, admission notes, individual encounter notes, and other clinical notes from 220 patients in the OnTrackTM program at McLean Hospital, an additional data set for training our vector space model, comprised of EHR texts queried from the Research Patient Data Registry (RPDR)",46,303,6,34,3,1.0,what,False,False,False
train,1506,471,What is the problem with existing metrics that they are trying to address?,free_form,1,"Answer with content missing: (whole introduction) However, recent
studies observe the limits of ROUGE and find in
some cases, it fails to reach consensus with human.
judgment (Paulus et al., 2017; Schluter, 2017).",33,213,13,74,5,1.0,what,False,False,False
train,1507,471,How do they evaluate their proposed metric?,extractive,1,"manually labeled and tell exactly if one sentence should be extracted (assuming our annotations are in agreement), to further verify that FAR correlates with human preference,",26,175,7,43,3,1.0,how,False,False,False
train,1238,381,Which two datasets does the resource come from?,free_form,1,two surveys by two groups - school students and meteorologists to draw on a map a polygon representing a given geographical descriptor,21,134,8,47,4,1.0,which,True,False,False
train,1380,424,What is the size of the released dataset?,free_form,1,"440 sentences, 2247 triples extracted from those sentences, and 11262 judgements on those triples.",14,98,8,41,3,0.875,what,False,False,False
train,1381,424,What is the most common error type?,extractive,1,all annotators that a triple extraction was incorrect,8,53,7,35,3,1.0,what,False,False,False
train,1382,424,Which OpenIE systems were used?,free_form,1,OpenIE4 and MiniIE,3,18,5,31,3,1.0,which,False,False,False
train,1383,424,What is the role of crowd-sourcing?,extractive,1,"Crowd workers were asked to mark whether a triple was correct, namely, did the triple reflect the consequence of the sentence.",21,126,6,35,2,1.0,what,False,False,False
train,834,239,Do they experiment with the dataset?,yes_no,1,Yes,1,3,6,36,2,1.0,boolean,False,False,False
train,835,239,Do they use a crowdsourcing platform for annotation?,yes_no,1,No,1,2,8,52,4,1.0,boolean,False,False,False
train,836,239,What is an example of a difficult-to-classify case?,extractive,1,"The lack of background, Non-cursing aggressions and insults, the presence of controversial topic words , shallow meaning representation, directly ask the suspected troll if he/she is trolling or not, a blurry line between “Frustrate” and “Neutralize”, distinction between the classes “Troll” and “Engage”",43,304,8,51,3,1.0,what,False,False,False
train,837,239,What potential solutions are suggested?,extractive,1,inclusion of longer parts of the conversation,7,45,5,39,3,1.0,what,False,False,False
train,838,239,What is the size of the dataset?,extractive,1,1000 conversations composed of 6833 sentences and 88047 tokens,9,62,7,32,2,0.8571,what,False,False,False
train,1692,546,How is the back-translation model trained?,extractive,1,"applying the rule INLINEFORM4 to a set of natural language questions INLINEFORM5, both models are improved following the back-translation protocol that target sequences should follow the real data distribution",29,209,6,42,3,1.0,how,False,False,False
train,1693,546,Are the rules dataset specific?,yes_no,1,Yes,1,3,5,31,3,1.0,boolean,False,False,False
train,1694,546,How many rules had to be defined?,free_form,1,"WikiSQL - 2 rules (SELECT, WHERE)
SimpleQuestions - 1 rule
SequentialQA - 3 rules (SELECT, WHERE, COPY)",14,103,7,33,3,1.0,how_many,False,False,False
train,1695,546,What datasets are used in this paper?,extractive,1,"WikiSQL, SimpleQuestions, SequentialQA",3,38,7,37,3,1.0,what,False,False,False
train,270,74,What datasets were used?,extractive,1,"datasets given on the shared task, without using any additional external data",12,77,4,24,2,1.0,what,False,False,False
train,271,74,How did they do compared to other teams?,extractive,1,"second on Subtask A with an F1 score of 77.78% among 33 other team submissions, performs well on Subtask B with an F1 score of 79.59%",28,133,8,40,2,1.0,how,False,True,False
train,267,73,Do they use multi-attention heads?,yes_no,1,Yes,1,3,5,34,3,1.0,boolean,False,False,False
train,268,73,How big is their model?,free_form,1,Proposed model has 1.16 million parameters and 11.04 MB.,11,56,5,23,2,1.0,how,False,False,False
train,269,73,How is their model different from BERT?,extractive,1,"overall architecture of the proposed Attentional Encoder Network (AEN), which mainly consists of an embedding layer, an attentional encoder layer, a target-specific attention layer, and an output layer.",28,202,7,39,3,1.0,how,False,False,False
train,932,271,how are rare words defined?,extractive,1,low-frequency words,2,19,5,27,3,1.0,how,False,False,False
train,933,271,which public datasets were used?,extractive,1,"CMRC-2017, People's Daily (PD), Children Fairy Tales (CFT) , Children's Book Test (CBT)",14,87,5,32,3,1.0,which,False,False,False
train,934,271,what are the baselines?,free_form,1,"AS Reader, GA Reader, CAS Reader",6,32,4,23,1,1.0,what,False,False,False
train,2303,879,What is the difference in findings of Buck et al? It looks like the same conclusion was mentioned in Buck et al..,extractive,1,"AQA diverges from well structured language in favour of less fluent, but more effective, classic information retrieval (IR) query operations",20,140,22,113,12,0.7727,what,False,True,False
train,797,227,How is knowledge retrieved in the memory?,extractive,1,"the memory slots correspond to entities and the edges correspond to relationships between entities, each represented as a vector.",19,129,7,41,3,1.0,how,False,False,False
train,798,227,How is knowledge stored in the memory?,free_form,1,entity memory and relational memory.,5,36,7,38,3,1.0,how,False,False,False
train,799,227,What are the relative improvements observed over existing methods?,extractive,1,"The RelNet model achieves a mean error of 0.285% across tasks which is better than the results of the EntNet model  . The RelNet model is able to achieve 0% test error on 11 of the tasks, whereas the EntNet model achieves 0% error on 7 of the tasks.",49,249,9,66,5,1.0,what,False,True,False
train,800,227,What is the architecture of the neural network?,extractive,1,"extends memory-augmented neural networks with a relational memory to reason about relationships between multiple entities present within the text. , The model is sequential in nature, consisting of the following steps: read text, process it into a dynamic relational memory and then attention conditioned on the question generates the answer. We model the dynamic memory in a fashion similar to Recurrent Entity Networks  and then equip it with an additional relational memory.",71,477,8,47,3,0.875,what,False,False,False
train,801,227,What methods is RelNet compared to?,extractive,1,We compare the performance with the Recurrent Entity Networks model (EntNet) ,11,77,6,35,3,1.0,what,False,True,False
train,216,61,Which deep learning model performed better?,extractive,1,autoencoders,1,12,6,43,5,1.0,which,False,True,False
train,217,61,What was their performance on the dataset?,extractive,1,accuracy of 82.6%,4,17,7,42,2,1.0,what,False,False,False
train,2130,749,So we do not use pre-trained embedding in this case?,yes_no,1,Yes,1,3,10,52,4,1.0,other,False,False,False
train,1585,504,Do they assume sentence-level supervision?,yes_no,1,No,1,2,5,42,3,1.0,boolean,False,False,False
train,1650,528,Is the model compared against a linear regression baseline?,yes_no,1,No,1,2,9,59,5,1.0,boolean,False,True,False
train,1651,528,What is the prediction accuracy of the model?,free_form,1,"mean prediction accuracy 0.99582651
S&P 500 Accuracy 0.99582651",11,63,8,45,3,0.875,what,False,False,False
train,1652,528,What is the dataset used in the paper?,free_form,1,"historical S&P 500 component stocks
 306242 news articles",9,57,8,38,3,0.875,what,False,False,False
train,1653,528,How does the differential privacy mechanism work?,extractive,1,"A mechanism ${f}$ is a random function that takes a dataset $\mathcal {N}$ as input, and outputs a random variable ${f}(\mathcal {N})$.",23,135,7,49,4,1.0,how,False,False,False
train,1580,502,What metrics are used for evaluation?,extractive,1,ROUGE  and METEOR ,3,18,6,37,3,1.0,what,False,False,False
train,1581,502,What baselines are used?,extractive,1,"a two layer recurrent neural language model with GRU cells of hidden size 512, a two layer neural sequence to sequence model equipped with bi-linear attention function with GRU cells of hidden size 512, a linear dynamical system, semi-supervised SLDS models with varying amount of labelled sentiment tags",48,304,4,24,2,1.0,what,False,False,False
train,940,273,Do the authors mention any possible confounds in their study?,yes_no,1,Yes,1,3,10,61,5,1.0,boolean,False,False,False
train,941,273,What is the relationship between the co-voting and retweeting patterns?,extractive,1,"we observe a positive correlation between retweeting and co-voting, strongest positive correlations are in the areas Area of freedom, security and justice, External relations of the Union, and Internal markets, Weaker, but still positive, correlations are observed in the areas Economic, social and territorial cohesion, European citizenship, and State and evolution of the Union, significantly negative coefficient, is the area Economic and monetary system",64,457,10,71,4,0.9,what,False,False,True
train,942,273,Does the analysis find that coalitions are formed in the same way for different policy areas?,yes_no,1,No,1,2,16,93,8,0.9375,boolean,False,False,False
train,943,273,What insights does the analysis give about the cohesion of political groups in the European parliament?,extractive,1,"Greens-EFA, S&D, and EPP exhibit the highest cohesion, non-aligned members NI have the lowest cohesion, followed by EFDD and ENL, two methods disagree is the level of cohesion of GUE-NGL",31,186,16,103,8,0.875,what,False,False,False
train,944,273,Do they authors account for differences in usage of Twitter amongst MPs into their model?,yes_no,1,No,1,2,15,89,8,1.0,boolean,False,True,False
train,945,273,Did the authors examine if any of the MEPs used the disclaimer that retweeting does not imply endorsement on their twitter profile?,yes_no,1,No,1,2,22,131,10,0.9091,boolean,False,False,True
train,1865,618,Which machine learning models do they use to correct run-on sentences?,extractive,1,"conditional random field model, Seq2Seq attention model",7,55,11,70,7,1.0,which,False,False,False
train,1866,618,How large is the dataset they generate?,free_form,1,4.756 million sentences,4,23,7,39,3,1.0,how,False,False,False
train,362,97,Does the model proposed beat the baseline models for all the values of the masking parameter tested?,yes_no,1,No,1,2,17,100,9,0.8235,boolean,False,True,False
train,363,97,Has STES been previously used in the literature to evaluate similar tasks?,yes_no,1,No,1,2,12,74,7,1.0,boolean,False,False,False
train,364,97,What are the baseline models mentioned in the paper?,extractive,1,"Noun WordNet Semantic Text Exchange Model (NWN-STEM), General WordNet Semantic Text Exchange Model (GWN-STEM), Word2Vec Semantic Text Exchange Model (W2V-STEM)",20,159,9,52,4,0.8889,what,False,True,False
train,1913,639,What other datasets are used?,extractive,1,WikiText-TL-39,1,14,5,29,2,1.0,what,False,False,False
train,1914,639,What is the size of the dataset?,extractive,1,"3,206",2,5,7,32,2,0.8571,what,False,False,False
train,1915,639,What is the source of the dataset?,free_form,1,"Online sites tagged as fake news site by Verafiles and NUJP and news website in the Philippines, including Pilipino Star Ngayon, Abante, and Bandera",24,148,7,34,2,0.8571,what,False,False,False
train,1916,639,What were the baselines?,free_form,1,"Siamese neural network consisting of an embedding layer, a LSTM layer and a feed-forward layer with ReLU activations",18,116,4,24,1,1.0,what,False,False,False
train,2279,851,What models are included in the toolkit?,extractive,1,recurrent neural network (RNN)-based sequence-to-sequence (Seq2Seq) models for NATS,10,83,7,40,3,1.0,what,False,False,False
train,425,112,What are some guidelines in writing input vernacular so model can generate,extractive,1,"if a vernacular paragraph contains more poetic images used in classical literature, its generated poem usually achieves higher score, poems generated from descriptive paragraphs achieve higher scores than from logical or philosophical paragraphs",33,245,12,74,7,1.0,what,False,False,False
train,426,112,How much is proposed model better in perplexity and BLEU score than typical UMT models?,free_form,1,"Perplexity of the best model is 65.58 compared to best baseline 105.79.
Bleu of the best model is 6.57 compared to best baseline 5.50.",28,134,15,87,10,1.0,how_many,False,True,True
train,427,112,What dataset is used for training?,extractive,1,We collected a corpus of poems and a corpus of vernacular literature from online resources,15,90,6,34,3,1.0,what,False,False,False
train,2268,841,How is the discriminative training formulation different from the standard ones?,extractive,1,"the best permutation is decided by $\mathcal {J}_{\text{SEQ}}(\mathbf {L}_{un}^{(s^{\prime })},\mathbf {L}_{un}^{(r)})$ , which is the sequence discriminative criterion of taking the $s^{\prime }$ -th permutation in $n$ -th output inference stream at utterance $u$",44,264,11,80,6,0.9091,how,False,False,False
train,2269,841,How are the two datasets artificially overlapped?,extractive,1,"we sort the speech segments by length, we take segments in pairs, zero-padding the shorter segment so both have the same length, These pairs are then mixed together",28,164,7,49,4,1.0,how,True,False,False
train,1551,487,Did they experiment on this dataset?,yes_no,1,No,1,2,6,36,2,1.0,boolean,False,False,False
train,1552,487,What language are the conversations in?,extractive,1,"The language is Chinese, which is not easy for non-Chinese-speaking researchers to work on.",14,91,6,39,2,1.0,what,False,False,False
train,1952,657,How many layers of self-attention does the model have?,free_form,1,"1, 4, 8, 16, 32, 64",6,19,9,54,4,1.0,how_many,False,False,False
train,1953,657,Is human evaluation performed?,yes_no,1,No,1,2,4,30,3,1.0,boolean,False,False,False
train,1954,657,What are the three datasets used?,extractive,1,"DSTC2, M2M-sim-M, M2M-sim-R",3,27,6,33,3,1.0,what,True,False,False
train,1335,411,What baseline did they compare Entity-GCN to?,free_form,1,"Human, FastQA, BiDAF, Coref-GRU, MHPGM, Weaver / Jenga, MHQA-GRN",8,64,7,45,3,1.0,what,False,True,False
train,1336,411,Did they use a relation extraction method to construct the edges in the graph?,yes_no,1,No,1,2,14,78,7,0.9286,boolean,False,False,False
train,1337,411,How did they get relations between mentions?,free_form,1,"Assign a value to the relation based on whether mentions occur in the same document, if mentions are identical, or if mentions are in the same coreference chain.",28,161,7,44,3,1.0,how,False,False,False
train,1338,411,How did they detect entity mentions?,free_form,1,Exact matches to the entity string and predictions from a coreference resolution system,13,87,6,36,3,1.0,how,False,False,False
train,1339,411,What is the metric used with WIKIHOP?,extractive,1,Accuracy,1,8,7,37,3,1.0,what,False,False,False
train,1340,411,What performance does the Entity-GCN get on WIKIHOP?,free_form,1,"During testing: 67.6 for single model without coreference, 66.4 for single model with coreference, 71.2 for ensemble of 5 models",23,128,8,52,4,1.0,what,False,False,False
train,724,200,What regularizers were used to encourage consistency in back translation cycles?,extractive,1,"an adversarial loss ($\ell _{adv}$) for each model as in the baseline, a cycle consistency loss ($\ell _{cycle}$) on each side",23,126,11,80,7,1.0,what,False,False,False
train,725,200,What are new best results on standard benchmark?,free_form,1,"New best results of accuracy (P@1) on Vecmap:
Ours-GeoMMsemi: EN-IT 50.00 IT-EN 42.67 EN-DE 51.60 DE-EN 47.22 FI-EN 39.62 EN-ES 39.47 ES-EN 36.43",31,145,8,48,5,1.0,what,False,False,False
train,726,200,How better is performance compared to competitive baselines?,free_form,1,"Proposed method vs best baseline result on Vecmap (Accuracy P@1):
EN-IT: 50 vs 50
IT-EN: 42.67 vs 42.67
EN-DE: 51.6 vs 51.47
DE-EN: 47.22 vs 46.96
EN-FI: 35.88 vs 36.24
FI-EN: 39.62 vs 39.57
EN-ES: 39.47 vs 39.30
ES-EN: 36.43 vs 36.06",57,234,8,60,5,1.0,how,False,True,False
train,727,200,What 6 language pairs is experimented on?,free_form,1,"EN<->ES
EN<->DE
EN<->IT
EN<->EO
EN<->MS
EN<->FI",12,47,7,41,3,1.0,what,True,False,False
train,728,200,What are current state-of-the-art methods that consider the two tasks independently?,extractive,1,"Procrustes, GPA, GeoMM, GeoMM$_{semi}$, Adv-C-Procrustes, Unsup-SL, Sinkhorn-BT",9,79,11,84,7,1.0,what,True,False,False
train,2249,829,What exactly is new about this stochastic gradient descent algorithm?,extractive,1,"CNN model can be trained in a purely online setting. We first initialize the model parameters $\theta _0$ (line 1), which can be a trained model from other disaster events or it can be initialized randomly to start from scratch. As a new batch of labeled tweets $B_t= \lbrace \mathbf {s}_1 \ldots \mathbf {s}_n \rbrace $ arrives, we first compute the log-loss (cross entropy) in Equation 11 for $B_t$ with respect to the current parameters $\theta _t$ (line 2a). Then, we use backpropagation to compute the gradients $f^{\prime }(\theta _{t})$ of the loss with respect to the current parameters (line 2b). Finally, we update the parameters with the learning rate $\eta _t$ and the mean of the gradients (line 2c). We take the mean of the gradients to deal with minibatches of different sizes. Notice that we take only the current minibatch into account to get an updated model.",152,877,10,69,6,1.0,what,False,False,False
train,2288,862,what is the practical application for this paper?,free_form,1,Improve existing NLP methods. Improve linguistic analysis. Measure impact of word normalization tools.,13,102,8,49,3,1.0,what,False,False,False
train,1326,409,Which part of the joke is more important in humor?,extractive,1,the punchline of the joke,5,25,10,50,4,1.0,which,False,False,False
train,1327,409,What is improvement in accuracy for short Jokes in relation other types of jokes?,free_form,1,It had the highest accuracy comparing to all datasets 0.986% and It had the highest improvement comparing to previous methods on the same dataset by 8%,27,151,14,81,7,0.8571,what,False,False,False
train,1328,409,What kind of humor they have evaluated?,extractive,1,"a subset of the population where we can quantitatively measure reactions: the popular Reddit r/Jokes thread, These Reddit posts consist of the body of the joke, the punchline, and the number of reactions or upvotes.",36,215,7,39,3,1.0,what,False,False,False
train,1329,409,How they evaluate if joke is humorous or not?,extractive,1,"The distribution of joke scores varies wildly, ranging from 0 to 136,354 upvotes. We found that there is a major jump between the 0-200 upvote range and the 200 range and onwards, with only 6% of jokes scoring between 200-20,000. We used this natural divide as the cutoff to decide what qualified as a funny joke, giving us 13884 not-funny jokes and 2025 funny jokes.",67,367,9,45,3,1.0,how,False,False,True
train,1523,477,What conclusions are drawn from these experiments?,extractive,1,"best results were obtained using new word embeddings, best group of word embeddings is EC, The highest type F1-score was obtained for EC1 model, built using binary FastText Skip-gram method utilising subword information, ability of the model to provide vector representation for the unknown words seems to be the most important",51,327,7,50,3,1.0,what,False,False,False
train,1524,477,What experiments are presented?,extractive,1,"identify the boundaries of timexes and assign them to one of the following classes: date, time, duration, set, Then we evaluated these results using more detailed measures for timexes",29,183,4,31,2,1.0,what,False,False,False
train,1525,477,What is specific about the specific embeddings?,extractive,1,predicting the word given its context,6,37,7,47,3,0.8571,what,False,False,False
train,1526,477,What embedding algorithm is used to build the embeddings?,extractive,1,CBOW and Skip-gram methods in the FastText tool ,8,48,9,57,5,1.0,what,False,False,False
train,1527,477,How was the KGR10 corpus created?,extractive,1,"most relevant content of the website, including all subsites",9,60,6,33,3,1.0,how,False,False,False
train,616,169,What is the baseline model for the agreement-based mode?,extractive,1,"PCFGLA-based parser, viz. Berkeley parser , minimal span-based neural parser ",9,77,9,56,4,0.8889,what,False,True,False
train,617,169,Do the authors suggest why syntactic parsing is so important for semantic role labelling for interlanguages?,extractive,1,syntax-based system may generate correct syntactic analyses for partial grammatical fragments,11,93,16,108,9,0.9375,boolean,False,False,False
train,618,169,Who manually annotated the semantic roles for the set of learner texts?,free_form,1,Authors,1,7,12,71,7,0.9167,who,False,False,False
train,1820,601,Does they focus on any specific product/service domain?,extractive,1,local businesses (i.e. restaurants),5,35,9,55,5,1.0,boolean,False,False,False
train,1821,601,What are the baselines?,extractive,1,"RS-Average , RS-Linear, RS-Item, RS-MF, Sum-Opinosis, Sum-LSTM-Att",6,66,4,23,1,1.0,what,False,False,False
train,2218,808,Does their solution involve connecting images and text?,yes_no,1,Yes,1,3,8,55,5,1.0,boolean,False,False,True
train,2219,808,Which model do they use to generate key messages?,extractive,1,"ontology-based knowledge tree, heuristics-based, n-grams model",6,62,9,49,5,1.0,which,False,False,False
train,176,51,What approaches they propose?,extractive,1,"Across models and tasks: The degree (as grayscale) of faithfulness at the level of specific models and tasks., Across input space: The degree of faithfulness at the level of subspaces of the input space, such as neighborhoods of similar inputs, or singular inputs themselves.",44,275,4,29,2,1.0,what,False,False,False
train,177,51,What faithfulness criteria does they propose?,extractive,1,"Across models and tasks: The degree (as grayscale) of faithfulness at the level of specific models and tasks., Across input space: The degree of faithfulness at the level of subspaces of the input space, such as neighborhoods of similar inputs, or singular inputs themselves.",44,275,6,45,3,1.0,what,False,False,False
train,178,51,Which are three assumptions in current approaches for defining faithfulness?,extractive,1,"Two models will make the same predictions if and only if they use the same reasoning process., On similar inputs, the model makes similar decisions if and only if its reasoning is similar., Certain parts of the input are more important to the model reasoning than others. Moreover, the contributions of different parts of the input are independent from each other.",61,364,10,76,6,1.0,which,True,False,False
train,179,51,Which are key points in guidelines for faithfulness evaluation?,extractive,1,"Be explicit in what you evaluate., Faithfulness evaluation should not involve human-judgement on the quality of interpretation., Faithfulness evaluation should not involve human-provided gold labels., Do not trust “inherent interpretability” claims., Faithfulness evaluation of IUI systems should not rely on user performance.",42,326,9,63,5,1.0,which,False,False,False
train,2041,701,What are the citation intent labels in the datasets?,free_form,1,"Background, extends, uses, motivation, compare/contrast, and future work for the ACL-ARC dataset. Background, method, result comparison for the SciCite dataset.",21,160,9,52,4,0.8889,what,False,False,False
train,2042,701,What is the size of ACL-ARC datasets?,extractive,1,"includes 1,941 citation instances from 186 papers",8,49,7,37,3,1.0,what,False,False,False
train,277,76,Can SCRF be used to pretrain the model?,yes_no,1,No,1,2,8,39,5,1.0,boolean,False,False,False
train,769,218,What is the architecture of the model?,extractive,1," to train neural sequence-to-sequence, NMF topic model with scikit-learn ",9,73,7,38,2,0.8571,what,False,False,False
train,770,218,What language do they look at?,extractive,1,Spanish,1,7,6,30,2,1.0,what,False,False,False
train,2234,817,Do they use the same architecture as LSTM-s and GRUs with just replacing with the LAU unit?,yes_no,1,Yes,1,3,17,91,8,0.8824,boolean,False,False,True
train,371,99,On what datasets is the new model evaluated on?,extractive,1,"SST (Stanford Sentiment Treebank), Subj (Subjectivity dataset), MPQA Opinion Corpus, RT is another movie review sentiment dataset, TREC is a dataset for classification of the six question types",28,193,9,47,4,0.8889,what,False,False,False
train,372,99,How do the authors measure performance?,free_form,1,Accuracy across six datasets,4,28,6,39,3,1.0,how,False,False,False
train,373,99,Does the new objective perform better than the original objective bert is trained on?,yes_no,1,Yes,1,3,14,85,8,0.8571,boolean,False,True,False
train,374,99,Are other pretrained language models also evaluated for contextual augmentation?,yes_no,1,No,1,2,10,80,7,1.0,boolean,False,False,False
train,375,99,Do the authors report performance of conditional bert on tasks without data augmentation?,yes_no,1,Yes,1,3,13,89,9,1.0,boolean,False,False,False
train,96,25,By how much do they outperform standard BERT?,extractive,1,up to four percentage points in accuracy,7,40,8,45,4,1.0,how,False,True,False
train,97,25,What dataset do they use?,extractive,1,2019 GermEval shared task on hierarchical text classification,8,61,5,25,2,1.0,what,False,False,False
train,98,25,How do they combine text representations with the knowledge graph embeddings?,extractive,1,all three representations are concatenated and passed into a MLP,10,64,11,77,6,1.0,how,False,False,False
train,1726,558,How much does it minimally cost to fine-tune some model according to benchmarking framework?,free_form,1,"$1,728",2,6,14,92,8,0.9286,how_many,False,False,False
train,1727,558,What models are included in baseline benchmarking results?,free_form,1,"BERT, XLNET RoBERTa, ALBERT, DistilBERT",5,39,8,58,5,1.0,what,False,True,False
train,1974,670,Does DCA or GMM-based attention perform better in experiments?,free_form,1,About the same performance,4,26,9,62,6,1.0,boolean,False,True,True
train,1975,670,How they compare varioius mechanisms in terms of naturalness?,extractive,1,using mean opinion score (MOS) naturalness judgments produced by a crowd-sourced pool of raters,14,95,9,61,5,1.0,how,False,True,False
train,2271,843,How does nextsum work?,extractive,1,"selects the next summary sentence based not only on properties of the source text, but also on the previously selected sentences in the summary",24,143,4,22,2,1.0,how,False,False,False
train,327,89,What is CamemBERT trained on?,extractive,1,unshuffled version of the French OSCAR corpus,7,45,5,29,2,1.0,what,False,False,False
train,328,89,Which tasks does CamemBERT not improve on?,extractive,1,"its performance still lags behind models trained on the original English training set in the TRANSLATE-TEST setting, 81.2 vs. 82.91 for RoBERTa",24,143,7,42,3,1.0,which,False,False,False
train,329,89,What is the state of the art?,free_form,1,"POS and DP task: CONLL 2018
NER task: (no extensive work) Strong baselines CRF and BiLSTM-CRF
NLI task: mBERT or XLM (not clear from text)",25,138,7,29,2,0.8571,what,False,False,False
train,330,89,How much better was results of CamemBERT than previous results on these tasks?,extractive,1,"2.36 point increase in the F1 score with respect to the best SEM architecture, on the TRANSLATE-TRAIN setting (81.2 vs. 80.2 for XLM), lags behind models trained on the original English training set in the TRANSLATE-TEST setting, 81.2 vs. 82.91 for RoBERTa, For POS tagging, we observe error reductions of respectively 0.71% for GSD, 0.81% for Sequoia, 0.7% for Spoken and 0.28% for ParTUT, For parsing, we observe error reductions in LAS of 2.96% for GSD, 3.33% for Sequoia, 1.70% for Spoken and 1.65% for ParTUT",99,513,13,78,7,0.9231,how_many,False,True,False
train,331,89,Was CamemBERT compared against multilingual BERT on these tasks?,yes_no,1,Yes,1,3,9,64,5,1.0,boolean,False,True,False
train,332,89,What data is used for training CamemBERT?,extractive,1,unshuffled version of the French OSCAR corpus,7,45,7,41,4,1.0,what,False,False,False
train,707,194,Which Twitter corpus was used to train the word vectors?,free_form,1,They collected tweets in Russian language using a heuristic query specific to Russian,13,85,10,56,6,1.0,which,False,False,False
train,1574,498,How successful are they at matching names of authors in Japanese and English?,extractive,1,180221 of 231162 author names could be matched successfully,9,59,13,77,6,1.0,how,False,False,True
train,1575,498,Do they translate metadata from Japanese papers to English?,yes_no,1,No,1,2,9,59,5,1.0,boolean,False,False,False
train,2286,860,How many domains of ontologies do they gather data from?,free_form,1,"5 domains: software, stuff, african wildlife, healthcare, datatypes",8,67,10,56,5,1.0,how_many,False,False,False
train,1638,523,How they observe that fine-tuning BERT on a specific task does not improve its prunability?,extractive,1,"we compressed English BERT using magnitude weight pruning  and observed the results on transfer learning to the General Language Understanding Evaluation (GLUE) benchmark , a diverse set of natural language understanding tasks including sentiment analysis, NLI, and textual similarity evaluation.",39,296,15,91,7,1.0,how,False,False,False
train,1639,523,How much is pre-training loss increased in Low/Medium/Hard level of pruning?,free_form,1,"The increase is linearly from lowest on average 2.0 , medium around 3.5, and the largest is 6.0",20,95,13,76,9,1.0,how_many,False,False,False
train,2080,725,How are the synthetic examples generated?,free_form,1,"Random perturbation of Wikipedia sentences using mask-filling with BERT, backtranslation and randomly drop out",14,110,6,41,3,1.0,how,False,False,False
train,510,138,What is the size of the datasets employed?,extractive,1,"(about 4 million sentences, 138 million word tokens), one trained on the Billion Word benchmark",15,95,8,42,3,0.875,what,False,False,False
train,511,138,What are the baseline models?,extractive,1,"Recurrent Neural Network (RNN), ActionLSTM, Generative Recurrent Neural Network Grammars (RNNG)",11,95,5,29,2,1.0,what,False,True,False
train,1197,365,How big is dataset used?,free_form,1,"553,451 documents",3,17,5,24,3,1.0,how,False,False,False
train,1198,365,What is dataset used for news-driven stock movement prediction?,extractive,1,the public financial news dataset released by ,7,46,9,63,6,1.0,what,False,False,False
train,1684,543,"How is ""hirability"" defined?",extractive,1,candidates who have been liked or shortlisted are considered part of the hirable class,14,86,4,28,2,1.0,how,False,False,False
train,1685,543,Have the candidates given their consent to have their videos used for the research?,yes_no,1,Yes,1,3,14,83,6,0.7857,boolean,False,False,False
train,1686,543,Do they analyze if their system has any bias?,yes_no,1,No,1,2,9,45,3,1.0,boolean,False,False,True
train,1687,543,Is there any ethical consideration in the research?,yes_no,1,No,1,2,8,51,3,1.0,boolean,False,False,False
train,615,168,Do they evaluate on relation extraction?,yes_no,1,No,1,2,6,40,3,1.0,boolean,False,False,False
train,2189,789,What are the common captioning metrics?,extractive,1,"the CIDEr-D  , SPICE  , BLEU  , METEOR  , and ROUGE-L  metrics",8,62,6,39,3,1.0,what,False,False,False
train,984,289,What is the difference in performance between the interpretable system (e.g. vectors and cosine distance) and LSTM with ELMo system?,free_form,1,Accuracy of best interpretible system was 0.3945 while accuracy of LSTM-ELMo net was 0.6818.,16,92,21,132,10,0.8571,what,False,True,True
train,985,289,How is PIEWi annotated?,extractive,1,"[error, correction] pairs",3,25,4,23,2,1.0,how,False,False,False
train,986,289,What methods are tested in PIEWi?,extractive,1,"Levenshtein distance metric , diacritical swapping, Levenshtein distance is used in a weighted sum to cosine distance between word vectors, ELMo-augmented LSTM",21,159,6,33,3,1.0,what,False,False,False
train,987,289,Which specific error correction solutions have been proposed for specialized corpora in the past?,extractive,1,"spellchecking mammography reports and tweets  , ",5,48,14,97,8,1.0,which,False,False,False
train,1360,418,What are the other models they compare to?,extractive,1,"CNN-C, CNN-W, CNN-Lex-C, CNN-Lex-W, Bi-LSTM-C , Bi-LSTM-W, Lex-rule, BOW",8,72,8,42,2,1.0,what,False,True,False
train,1361,418,How long are the datasets?,free_form,1,"Travel dataset contains 4100 raw samples, 11291 clauses, Hotel dataset contains 3825 raw samples, 11264 clauses, and the Mobile dataset contains 3483 raw samples and 8118 clauses",27,178,5,26,2,1.0,how,False,False,False
train,1362,418,What are the sources of the data?,free_form,1,"User reviews written in Chinese collected online for hotel, mobile phone, and travel domains",14,92,7,33,2,0.8571,what,False,False,False
train,1363,418,What is the new labeling strategy?,free_form,1,They use a two-stage labeling strategy where in the first stage single annotators label a large number of short texts with relatively pure sentiment orientations and in the second stage multiple annotators label few text samples with mixed sentiment orientations,40,262,6,34,3,1.0,what,False,False,False
train,1006,295,What scoring function does the model use to score triples?,extractive,1,"$ f_r(h, t) & = & \Vert \textbf {W}_{r,1}\textbf {h} + \textbf {r} - \textbf {W}_{r,2}\textbf {t}\Vert _{\ell _{1/2}} $",26,119,10,58,6,1.0,what,False,False,False
train,1007,295,What datasets are used to evaluate the model?,free_form,1,"WN18, FB15k",2,11,8,45,4,1.0,what,False,False,False
train,383,101,What is their model?,extractive,1,cross-lingual NE recognition,3,28,4,20,1,1.0,what,False,False,False
train,384,101,Do they evaluate on NER data sets?,yes_no,1,Yes,1,3,7,34,4,1.0,boolean,False,False,False
train,2211,804,Do they jointly tackle multiple tagging problems?,yes_no,1,No,1,2,7,49,5,1.0,boolean,False,False,False
train,2212,804,How do they confirm their model working well on out-of-vocabulary problems?,extractive,1,conduct experiments using artificially constructed unnormalized text by corrupting words in the normal dev set,15,110,11,75,6,1.0,how,False,False,False
train,1205,369,Which state-of-the-art model is surpassed by 9.68% attraction score?,extractive,1,pure summarization model NHG,4,28,10,68,6,1.0,which,True,False,False
train,1206,369,What is increase in percentage of humor contained in headlines generated with TitleStylist method (w.r.t. baselines)?,free_form,1,"Humor in headlines (TitleStylist vs Multitask baseline):
Relevance: +6.53% (5.87 vs 5.51)
Attraction: +3.72% (8.93 vs 8.61)
Fluency: 1,98% (9.29 vs 9.11)",31,153,18,117,9,0.9444,what,False,False,False
train,1207,369,How is attraction score measured?,extractive,1,"annotators are asked how attractive the headlines are, Likert scale from 1 to 10 (integer values)",16,97,5,33,3,1.0,how,False,False,False
train,1208,369,How is presence of three target styles detected?,extractive,1,human evaluation task about the style strength,7,46,8,48,5,1.0,how,True,False,False
train,1209,369,How is fluency automatically evaluated?,extractive,1,fine-tuned the GPT-2 medium model  on our collected headlines and then used it to measure the perplexity (PPL) on the generated outputs,22,135,5,39,3,1.0,how,False,False,False
train,1035,306,How much is performance improved by disabling attention in certain heads?,extractive,1,"disabling the first layer in the RTE task gives a significant boost, resulting in an absolute performance gain of 3.2%, this operation vary across tasks",26,152,11,73,7,1.0,how_many,False,False,False
train,1036,306,In which certain heads was attention disabled in experiments?,extractive,1,"single head, disabling a whole layer, that is, all 12 heads in a given layer",15,76,9,61,5,0.8889,which,False,False,False
train,1037,306,What handcrafter features-of-interest are used?,extractive,1,"nouns, verbs, pronouns, subjects, objects, negation words, special BERT tokens",10,78,5,47,3,1.0,what,False,False,False
train,1038,306,What subset of GLUE tasks is used?,extractive,1,"MRPC, STS-B, SST-2, QQP, RTE, QNLI, MNLI",7,40,7,34,4,1.0,what,False,False,False
train,2281,854,How big is dataset used for fine-tuning BERT?,extractive,1,hundreds of thousands of legal agreements,6,41,8,45,5,1.0,how,False,False,False
train,1895,631,What news dataset was used?,extractive,1,collection of headlines published by HuffPost  between 2012 and 2018,10,68,5,27,3,1.0,what,False,False,False
train,1896,631,How do they determine similarity between predicted word and topics?,extractive,1,number of relevant output words as a function of the headline’s category label,14,78,10,67,5,1.0,how,False,False,True
train,1897,631,What is the language model pre-trained on?,extractive,1,Wikipedea Corpus and BooksCorpus,4,32,7,42,3,1.0,what,False,False,False
train,1782,585,Did they use other evaluation metrics?,yes_no,1,Yes,1,3,6,38,3,1.0,boolean,False,False,False
train,1783,585,What was their perplexity score?,free_form,1,Perplexity score 142.84 on dev and 138.91 on test,11,49,5,32,2,1.0,what,False,False,False
train,1784,585,What languages are explored in this paper?,extractive,1,"Mandarin, English",2,17,7,42,3,1.0,what,False,False,False
train,1785,585,What parallel corpus did they use?,free_form,1,Parallel monolingual corpus in English and Mandarin,7,51,6,34,3,1.0,what,False,False,False
train,1211,371,What are the languages they consider in this paper?,free_form,1,"The languages considered were English, Chinese, German, Russian, Arabic, Spanish, French",11,88,9,51,3,1.0,what,False,False,False
train,1212,371,Did they experiment with tasks other than word problems in math?,free_form,1,They experimented with sentiment analysis and natural language inference task,10,77,11,64,5,1.0,boolean,False,False,False
train,1838,609,What evaluation metrics do they use?,extractive,1,"ROUGE F1, METEOR",3,16,6,36,3,1.0,what,False,False,False
train,1839,609,How do they define local variance?,free_form,1,The reciprocal of the variance of the attention distribution,9,60,6,34,3,1.0,how,False,False,False
train,295,82,Which publicly available NLU dataset is used?,extractive,1,"ROMULUS dataset, NLU-Benchmark dataset",4,38,7,45,5,1.0,which,False,False,False
train,296,82,What metrics other than entity tagging are compared?,extractive,1,"We also report the metrics in  for consistency, we report the span F1, Exact Match (EM) accuracy of the entire sequence of labels, metric that combines intent and entities",29,171,8,52,4,1.0,what,False,True,False
train,2152,769,What is the architecture of the model?,extractive,1,LSTM,1,4,7,38,2,0.8571,what,False,False,False
train,2153,769,What languages are explored in the work?,extractive,1,"Mandarin, English",2,17,7,40,3,1.0,what,False,False,False
train,694,191,How do they measure the quality of summaries?,extractive,1,"Rouge-L, Bleu-1",2,15,8,45,3,1.0,how,False,False,False
train,695,191,Does their model also take the expected answer style as input?,yes_no,1,Yes,1,3,11,62,7,1.0,boolean,False,False,False
train,696,191,What do they mean by answer styles?,free_form,1,well-formed sentences vs concise answers,5,40,7,35,3,1.0,what,False,False,False
train,697,191,"Is there exactly one ""answer style"" per dataset?",yes_no,1,Yes,1,3,8,48,6,1.0,boolean,True,False,False
train,698,191,What are the baselines that Masque is compared against?,free_form,1,"BiDAF, Deep Cascade QA, S-Net+CES2S, BERT+Multi-PGNet, Selector+CCG, VNET, DECAPROP, MHPGM+NOIC, ConZNet, RMR+A2D",17,113,9,55,3,1.0,what,False,True,False
train,699,191,What is the performance achieved on NarrativeQA?,free_form,1,"Bleu-1: 54.11, Bleu-4: 30.43, METEOR: 26.13, ROUGE-L: 59.87",12,59,7,48,3,1.0,what,False,False,False
train,700,191,"What is an ""answer style""?",free_form,1,well-formed sentences vs concise answers,5,40,5,26,2,1.0,what,False,False,False
train,1414,435,did they use a crowdsourcing platform for annotations?,yes_no,1,Yes,1,3,8,54,4,1.0,boolean,False,False,False
train,1415,435,where does the data come from?,extractive,1,Evaluation Dataset of Japanese Lexical Simplification kodaira,7,61,6,30,2,1.0,where,False,False,False
train,1071,320,Do they study frequent user responses to help automate modelling of those?,yes_no,1,Yes,1,3,12,74,7,1.0,boolean,False,False,False
train,1072,320,Do they use the same distance metric for both the SimCluster and K-means algorithm?,yes_no,1,Yes,1,3,14,83,6,0.9286,boolean,False,False,True
train,1073,320,How do they generate the synthetic dataset?,free_form,1,using generative process,3,24,7,43,3,1.0,how,False,False,False
train,524,144,How big is the improvement over the state-of-the-art results?,extractive,1,"AGDT improves the performance by 2.4% and 1.6% in the “DS” part of the two dataset, Our AGDT surpasses GCAE by a very large margin (+11.4% and +4.9% respectively) on both datasets, In the “HDS” part, the AGDT model obtains +3.6% higher accuracy than GCAE on the restaurant domain and +4.2% higher accuracy on the laptop domain",63,326,9,61,4,0.8889,how,False,False,False
train,525,144,Is the model evaluated against other Aspect-Based models?,yes_no,1,Yes,1,3,8,57,4,1.0,boolean,False,False,False
train,411,107,What data did they use?,extractive,1,the Dutch section of the OSCAR corpus,7,37,5,23,2,1.0,what,False,False,False
train,412,107,What is the state of the art?,extractive,1,"BERTje , an ULMFiT model (Universal Language Model Fine-tuning for Text Classification model) ., mBERT",13,102,7,29,2,0.8571,what,False,False,False
train,413,107,What language tasks did they experiment on?,extractive,1,"sentiment analysis, the disambiguation of demonstrative pronouns,",7,65,7,43,3,1.0,what,False,False,False
train,1299,401,Which NLP area have the highest average citation for woman author?,extractive,1,"sentiment analysis, information extraction, document summarization, spoken dialogue, cross lingual (research), dialogue, systems, language generation",15,149,11,66,7,1.0,which,False,False,False
train,1300,401,Which 3 NLP areas are cited the most?,free_form,1,"machine translation, statistical machine, sentiment analysis",6,60,8,37,3,1.0,which,True,False,False
train,1301,401,Which journal and conference are cited the most in recent years?,free_form,1,CL Journal and EMNLP conference,5,31,11,64,5,1.0,which,False,False,True
train,1302,401,Which 5 languages appear most frequently in AA paper titles?,free_form,1,"English, Chinese, French, Japanese and Arabic",6,45,10,60,6,1.0,which,True,False,False
train,1303,401,What aspect of NLP research is examined?,extractive,1,"size, demographics, areas of research, impact, and correlation of citations with demographic attributes (age and gender)",16,120,7,40,4,1.0,what,False,False,False
train,1304,401,Are the academically younger authors cited less than older?,yes_no,1,Yes,1,3,9,59,6,1.0,boolean,False,False,False
train,1305,401,How many papers are used in experiment?,extractive,1,"44,896 articles",3,15,7,39,4,1.0,how_many,False,False,False
train,2119,745,Who annotated the data?,extractive,1,"annotators who were not security experts, researchers in either NLP or computer security",13,88,4,23,2,1.0,who,False,False,False
train,2120,745,What are the four forums the data comes from?,free_form,1,"Darkode,  Hack Forums, Blackhat and Nulled.",6,43,9,45,4,0.8889,what,True,False,False
train,885,255,Did the authors evaluate their system output for coherence?,yes_no,1,Yes,1,3,9,59,5,1.0,boolean,False,False,False
train,886,255,What evaluations did the authors use on their system?,free_form,1,"BLEU scores, exact matches of words in both translations and topic cache, and cosine similarities of adjacent sentences for coherence.",20,134,9,53,4,1.0,what,False,False,False
train,2197,795,On which dataset is model trained?,extractive,1,Couples Therapy Corpus (CoupTher) ,4,34,6,34,3,1.0,which,False,False,False
train,2198,795,How is module that analyzes behavioral state trained?,free_form,1,pre-trained to identify the presence of behavior from a sequence of word using the Couples Therapy Corpus,17,105,8,53,5,1.0,how,False,False,False
train,2178,784,How long are dialogue recordings used for evaluation?,extractive,1,average 12.8 min per recording,6,30,8,53,5,1.0,how,False,False,False
train,1827,603,How do they evaluate interpretability in this paper?,extractive,1,"we suggest to estimate the interpretability of $k$ th component as $ \operatorname{interp}_k W = \sum _{i,j=1}^N W_{i,k} W_{j,k} \left(W_i \cdot W_j \right). $",32,159,8,52,3,1.0,how,False,False,False
train,451,121,Which unlabeled data do they pretrain with?,free_form,1,1000 hours of WSJ audio data,6,28,7,43,3,1.0,which,False,False,False
train,452,121,How many convolutional layers does their model have?,free_form,1,wav2vec has 12 convolutional layers,5,35,8,52,4,1.0,how_many,False,False,False
train,453,121,Do they explore how much traning data is needed for which magnitude of improvement for WER?,yes_no,1,Yes,1,3,16,91,8,0.9375,boolean,False,False,False
train,1008,296,How better are results for pmra algorithm  than Doc2Vec in human evaluation?,extractive,1,"The D2V model has been rated 80 times as ""bad relevance"" while the pmra returned only 24 times badly relevant documents.",21,120,12,76,7,1.0,how,False,True,False
train,1009,296,What Doc2Vec architectures other than PV-DBOW have been tried?,extractive,1,PV-DM,1,5,9,62,4,1.0,what,False,False,False
train,1010,296,What four evaluation tasks are defined to determine what influences proximity?,extractive,1,"String length, Words co-occurrences, Stems co-occurrences, MeSH similarity",8,74,11,78,7,0.9091,what,True,False,False
train,1011,296,What six parameters were optimized with grid search?,extractive,1,"window_size, alpha, sample, dm, hs, vector_size",6,47,8,52,5,1.0,what,True,False,False
train,272,75,Which tested technique was the worst performer?,extractive,1,Depeche + SVM,2,13,7,47,4,1.0,which,False,False,False
train,273,75,How many emotions do they look at?,free_form,1,9,1,1,7,34,3,1.0,how_many,False,False,False
train,274,75,What are the baseline benchmarks?,extractive,1,"TF-IDF + SVM, Depeche + SVM, NRC + SVM, TF-NRC + SVM, Doc2Vec + SVM, Hierarchical RNN, BiRNN + Self-Attention, ELMo + BiRNN, Fine-tuned BERT",18,140,5,33,2,1.0,what,False,True,False
train,275,75,What is the size of this dataset?,extractive,1,"9710 passages, with an average of 6.24 sentences per passage, 16.16 words per sentence, and an average length of 86 words",23,121,7,33,2,1.0,what,False,False,False
train,276,75,How many annotators were there?,extractive,1,3,1,1,5,31,2,1.0,how_many,False,False,False
train,1773,581,What is baseline used?,extractive,1,"Base , Base+Noise, Cleaning , Dynamic-CM , Global-CM, Global-ID-CM, Brown-CM , K-Means-CM",9,89,4,22,2,1.0,what,False,True,False
train,1774,581,Did they evaluate against baseline?,yes_no,1,Yes,1,3,5,35,2,1.0,boolean,False,True,False
train,1775,581,How they evaluate their approach?,free_form,1,"They  evaluate newly proposed models in several low-resource settings across different languages with real, distantly supervised data with non-synthetic noise",20,158,5,33,2,1.0,how,False,False,False
train,1900,633,Which language family does Mboshi belong to?,extractive,1,Bantu,1,5,7,44,4,1.0,which,False,False,False
train,1901,633,Does the paper report any alignment-only baseline?,yes_no,1,Yes,1,3,7,50,4,1.0,boolean,False,True,False
train,1902,633,What is the dataset used in the paper?,extractive,1,French-Mboshi 5K corpus,3,23,8,38,3,0.875,what,False,False,False
train,1903,633,How is the word segmentation task evaluated?,extractive,1,"precision, recall, and F-measure on boundaries (BP, BR, BF), and tokens (WP, WR, WF), exact-match (X) metric",17,108,7,44,4,1.0,how,False,False,False
train,208,59,"Are there datasets with relation tuples annotated, how big are datasets available?",yes_no,1,Yes,1,3,12,82,7,0.8333,boolean,False,False,False
train,209,59,Which one of two proposed approaches performed better in experiments?,extractive,1,WordDecoding (WDec) model,3,25,10,69,7,1.0,which,True,True,False
train,210,59,What is previous work authors reffer to?,extractive,1,"SPTree, Tagging, CopyR, HRL, GraphR, N-gram Attention",7,53,7,40,4,1.0,what,False,False,False
train,211,59,How higher are F1 scores compared to previous work?,extractive,1,"WordDecoding (WDec) model achieves F1 scores that are $3.9\%$ and $4.1\%$ higher than HRL on the NYT29 and NYT24 datasets respectively, PtrNetDecoding (PNDec) model achieves F1 scores that are $3.0\%$ and $1.3\%$ higher than HRL on the NYT29 and NYT24 datasets respectively",46,273,9,51,6,1.0,how,False,True,False
train,851,243,What is result of their attention distribution analysis?,extractive,1,"visual attention is very sparse, visual component of the attention hasn't learnt any variation over the source encodings",19,120,8,56,4,1.0,what,False,False,False
train,852,243,What is result of their Principal Component Analysis?,extractive,1,existing visual features aren't sufficient enough to expect benefits from the visual modality in NMT,16,100,8,53,4,1.0,what,False,False,False
train,853,243,What are 3 novel fusion techniques that are proposed?,extractive,1,"Step-Wise Decoder Fusion, Multimodal Attention Modulation, Visual-Semantic (VS) Regularizer",9,91,9,53,4,0.8889,what,True,False,False
train,1441,447,Which is the baseline model?,free_form,1,"The three baseline models are the i-vector model, a standard RNN LID system and a multi-task RNN LID system. ",19,109,5,28,2,1.0,which,False,True,False
train,1442,447,What is the main contribution of the paper?,free_form,1,"Proposing an improved RNN model, the phonetic temporal neural LID approach, based on phonetic features that results in better performance",20,137,8,43,3,0.875,what,False,False,False
train,1543,483,Which dataset do they use to learn embeddings?,extractive,1,Fisher Corpus English Part 1,5,28,8,46,4,1.0,which,False,False,False
train,1544,483,How do they correlate NED with emotional bond levels?,free_form,1,They compute Pearson’s correlation between NED measure for patient-to-therapist and patient-perceived emotional bond rating and NED measure for therapist-to-patient and patient-perceived emotional bond rating,25,208,9,53,5,1.0,how,False,False,False
train,2270,842,"What type of lexical, syntactic, semantic and polarity features are used?",extractive,1,"Our lexical features include 1-, 2-, and 3-grams in both word and character levels., number of characters and the number of words, POS tags, 300-dimensional pre-trained word embeddings from GloVe, latent semantic indexing, tweet representation by applying the Brown clustering algorithm, positive words (e.g., love), negative words (e.g., awful), positive emoji icon and negative emoji icon, boolean features that check whether or not a negation word is in a tweet",72,464,11,73,7,1.0,what,False,False,True
train,2301,877,What NLP tasks do the authors evaluate feed-forward networks on?,extractive,1,"language identification, part-of-speech tagging, word segmentation, and preordering for statistical machine translation",12,119,10,64,6,1.0,what,False,False,False
train,2316,886,Do some pretraining objectives perform better than others for sentence level understanding tasks?,yes_no,1,Yes,1,3,13,97,9,1.0,boolean,False,True,False
train,2280,852,Is there any human evaluation involved in evaluating this famework?,yes_no,1,Yes,1,3,10,67,5,1.0,boolean,False,False,False
train,1089,326,Is the filter based feature selection (FSE) a form of regularization?,yes_no,1,No,1,2,11,69,7,1.0,boolean,False,False,False
train,1717,554,What domains do they experiment with?,extractive,1,"Twitter, Yelp reviews and movie reviews",6,39,6,37,2,1.0,what,False,False,False
train,1111,333,Is the dataset balanced across categories?,yes_no,1,Yes,1,3,6,42,4,1.0,boolean,False,False,False
train,1112,333,What supervised methods are used?,extractive,1,"Support Vector Machines (SVMs), logistic regression, Naïve Bayes, Perceptron, and decision trees, a two-layer bidirectional Gated Recurrent Neural Network (GRNN)  and Convolutional Neural Network (CNN) (as designed in )",27,219,5,33,3,1.0,what,False,False,False
train,1113,333,What labels are in the dataset?,free_form,1,binary label of stress or not stress,7,36,6,31,2,1.0,what,False,False,False
train,1114,333,What categories does the dataset come from?,extractive,1,"abuse, social, anxiety, PTSD, and financial",6,43,7,43,3,1.0,what,False,False,False
train,504,135,How many samples did they generate for the artificial language?,free_form,1,"70,000",2,6,10,63,5,1.0,how_many,False,False,False
train,498,133,How do they model a city description using embeddings?,extractive,1,"We experiment with three different pretrained representations: ELMo  , BERT  , and GloVe  . To produce a single city embedding, we compute the TF-IDF weighted element-wise mean of the token-level representations. For all pretrained methods, we additionally reduce the dimensionality of the city embeddings to 40 using PCA for increased compatibility with our clustering algorithm.",52,380,9,54,5,1.0,how,False,False,False
train,499,133,How do they obtain human judgements?,free_form,1,Using crowdsourcing ,2,20,6,36,3,1.0,how,False,False,False
train,500,133,Which clustering method do they use to cluster city description embeddings?,extractive,1,"We devise a simple clustering algorithm to approximate this process. First, we initialize with random cluster assignments and define “cluster strength” to be the relative difference between “intra-group” Euclidean distance and “inter-group” Euclidean distance. Then, we iteratively propose random exchanges of memberships, only accepting these proposals when the cluster strength increases, until convergence.",53,409,11,75,7,1.0,which,False,False,False
train,1761,574,What evaluation metrics did they use?,extractive,1,"we report P@1, which is equivalent to accuracy, we also provide results with P@5 and P@10 in the Appendix",22,105,6,37,3,1.0,what,False,False,False
train,1762,574,What is triangulation?,free_form,1,"Answer with content missing: (Chapter 3) The concept can be easily explained with an example, visualized in Figure 1. Consider the Portuguese (Pt) word trabalho which, according to the MUSE Pt–En dictionary, has the words job and work as possible En translations. In turn, these two En words can be translated to 4 and 5 Czech (Cs) words respectively. By utilizing the transitive property (which translation should exhibit) we can identify the set of 7 possible Cs translations for the Pt word trabalho.",84,503,3,22,1,1.0,what,False,False,False
train,1268,389,What models are evaluated with QAGS?,extractive,1,"bert-large-wwm, bert-base, bert-large",3,37,6,36,3,1.0,what,False,False,False
train,1269,389,Do they use crowdsourcing to collect human judgements?,yes_no,1,Yes,1,3,8,54,5,1.0,boolean,False,False,False
train,584,159,Are synonymous relation taken into account in the Japanese-Vietnamese task?,yes_no,1,Yes,1,3,10,75,6,1.0,boolean,False,False,False
train,585,159,Is the supervised morphological learner tested on Japanese?,yes_no,1,No,1,2,8,59,5,1.0,boolean,False,False,False
train,1069,319,Why do they think this task is hard?  What is the baseline performance?,free_form,1,"1. there may be situations where more than one action is reasonable, and also because writers tell a story playing with elements such as surprise or uncertainty.
2. Macro F1 = 14.6 (MLR, length 96 snippet)
Weighted F1 = 31.1 (LSTM, length 128 snippet)",44,251,13,71,5,0.9231,why,False,True,False
train,1070,319,"Do they literally just treat this as ""predict the next spell that appears in the text""?",yes_no,1,Yes,1,3,16,87,8,0.9375,boolean,False,False,False
train,526,145,Is the baseline a non-heirarchical model like BERT?,free_form,1,There were hierarchical and non-hierarchical baselines; BERT was one of those baselines,12,87,8,51,5,1.0,boolean,False,True,False
train,1884,628,What was the task given to workers?,extractive,1,conceptualization task,2,22,7,35,3,1.0,what,False,False,False
train,1885,628,How was lexical diversity measured?,free_form,1,By computing number of unique responses and number of responses divided by the number of unique responses to that question for each of the questions,25,148,5,35,3,1.0,how,False,False,False
train,1886,628,How many responses did they obtain?,extractive,1,1001,1,4,6,35,3,1.0,how_many,False,False,False
train,1887,628,What crowdsourcing platform was used?,extractive,1,AMT,1,3,5,37,3,1.0,what,False,False,False
train,906,262,Is the model evaluated on other datasets?,yes_no,1,No,1,2,7,41,3,1.0,boolean,False,False,False
train,907,262,Does the model incorporate coreference and entailment?,extractive,1,"As the question has integrated previous utterances, the model needs to directly relate previously mentioned concept with the current question. This is helpful for concept carry-over and coreference resolution.",29,209,7,54,4,1.0,boolean,False,False,True
train,908,262,Is the incorporation of context separately evaluated?,yes_no,1,No,1,2,7,53,4,1.0,boolean,False,False,False
train,1851,614,What were the baselines?,extractive,1,"$\textsc {Lead-X}$, $\textsc {PTGen}$, $\textsc {DRM}$, $\textsc {TConvS2S}$, $\textsc {BottomUp}$, ABS, DRGD, SEQ$^3$, BottleSum, GPT-2",16,136,4,24,1,1.0,what,False,False,False
train,1852,614,What metric was used in the evaluation step?,extractive,1,"ROUGE-1, ROUGE-2 and ROUGE-L, F-measure ROUGE on XSUM and CNN/DailyMail, and use limited-length recall-measure ROUGE on NYT and DUC",20,131,8,44,4,1.0,what,False,False,False
train,1853,614,What did they pretrain the model on?,extractive,1,hree years of online news articles from June 2016 to June 2019,12,62,7,36,2,1.0,what,False,False,False
train,1854,614,What does the data cleaning and filtering process consist of?,extractive,1,"many news articles begin with reporter names, media agencies, dates or other contents irrelevant to the content, to ensure that the summary is concise and the article contains enough salient information, we only keep articles with 10-150 words in the top three sentences and 150-1200 words in the rest, and that contain at least 6 sentences in total, we try to remove articles whose top three sentences may not form a relevant summary",73,434,10,61,5,1.0,what,False,False,True
train,1855,614,What unlabeled corpus did they use?,extractive,1,three years of online news articles from June 2016 to June 2019,12,63,6,35,3,1.0,what,False,False,False
train,514,140,Why does their model do better than prior models?,extractive,1,better sentence pair representations,4,36,9,49,4,1.0,why,False,True,False
train,930,270,Which multitask annotated corpus is used?,extractive,1,IEMOCAP,1,7,6,41,4,1.0,which,False,False,False
train,931,270,What are the tasks in the multitask learning setup?,extractive,1,"set of related tasks are learned (e.g., emotional activation), primary task (e.g., emotional valence)",16,101,9,51,4,0.8889,what,False,False,False
train,260,71,What word embeddings were used?,extractive,1,"Kyubyong Park, Edouard Grave et al ",6,35,5,31,3,1.0,what,False,False,False
train,261,71,What type of errors were produced by the BLSTM-CNN-CRF system?,extractive,1,"No extraction, No annotation, Wrong range, Wrong tag, Wrong range and tag",12,73,10,62,5,1.0,what,False,False,False
train,262,71,How much better was the BLSTM-CNN-CRF than the BLSTM-CRF?,free_form,1,Best BLSTM-CNN-CRF had F1 score 86.87 vs 86.69 of best BLSTM-CRF ,13,65,9,57,4,0.8889,how_many,False,True,False
train,1793,589,What languages are were included in the dataset of hateful content?,extractive,1,German,1,6,11,67,5,1.0,what,False,False,False
train,1794,589,How was reliability measured?,extractive,1,level of agreement (Krippendorff's INLINEFORM0 ),6,48,4,29,2,1.0,how,False,False,False
train,1795,589,How did the authors demonstrate that showing a hate speech definition caused annotators to partially align their own opinion with the definition?,extractive,1,participants in group one very rarely gave different answers to questions one and two (18 of 500 instances or 3.6%),21,115,22,145,12,0.9091,how,False,False,False
train,1796,589,What definition was one of the groups was shown?,extractive,1,Twitter definition of hateful conduct,5,37,9,48,4,0.8889,what,True,False,False
train,1797,589,"Was the degree of offensiveness taken as how generally offensive the text was, or how personally offensive it was to the annotator?",free_form,1,Personal thought of the annotator.,5,34,22,131,9,0.7273,boolean,False,False,True
train,1798,589,How were potentially hateful messages identified?,extractive,1,10 hashtags that can be used in an insulting or offensive way,12,61,6,49,4,1.0,how,False,False,False
train,1194,364,what was the baseline?,free_form,1,There is no baseline.,4,21,4,22,1,1.0,what,False,True,False
train,1195,364,how many movie genres do they explore?,extractive,1,27,1,2,7,38,4,1.0,how_many,False,False,False
train,1196,364,what evaluation metrics are discussed?,extractive,1,"precision , recall , Hamming loss, micro averaged precision and recall",9,70,5,38,3,1.0,what,False,False,False
train,2144,762,What other cross-lingual approaches is the model compared to?,extractive,1,The baseline model  we compare with regards the output space of the model as a subset INLINEFORM2 where INLINEFORM3 is the set of all tag sets seen in this training data.,31,170,9,61,4,1.0,what,False,True,False
train,2145,762,What languages are explored?,extractive,1,"Danish/Swedish (da/sv), Russian/Bulgarian (ru/bg), Finnish/Hungarian (fi/hu), Spanish/Portuguese (es/pt)",16,104,4,28,2,1.0,what,False,False,False
train,909,263,Which frozen acoustic model do they use?,extractive,1,"a masking speech enhancement model , , ",5,39,7,40,4,1.0,which,False,False,False
train,910,263,By how much does using phonetic feedback improve state-of-the-art systems?,free_form,1,Improved AECNN-T by 2.1 and AECNN-T-SM BY 0.9,10,45,10,74,7,1.0,how,False,False,False
train,1547,485,Which model have the smallest Character Error Rate and which have the smallest Word Error Rate?,extractive,1,"character unit the RNN-transducer with additional attention module, For subword units, classic RNN-transducer, RNN-transducer with attention and joint CTC-attention show comparable performance",22,192,16,95,9,0.625,which,False,False,True
train,1548,485,What will be in focus for future work?,extractive,1,"1) investigate errors produced by the end-to-end methods and explore several approaches to correct common errors done in French, 2) compare the end-to-end methods in a SLU context and evaluate the semantic value of the partially correct produced words",39,251,8,38,4,1.0,what,False,False,False
train,1549,485,What are the existing end-to-end ASR approaches for the French language?,extractive,1,"1) Connectionist Temporal Classification (CTC), 2) Attention-based methods, 3) RNN-tranducer",10,92,11,72,6,0.9091,what,False,False,False
train,297,83,Do they provide decision sequences as supervision while training models?,yes_no,1,No,1,2,10,72,6,1.0,boolean,False,False,True
train,298,83,What are the models evaluated on?,free_form,1,They evaluate F1 score and agent's test performance on their own built interactive datasets (iSQuAD and iNewsQA),18,112,6,33,2,1.0,what,False,False,False
train,299,83,How do they train models in this setup?,extractive,1,"Thus, our task requires models to `feed themselves' rather than spoon-feeding them with information. This casts MRC as a sequential decision-making problem amenable to reinforcement learning (RL).",27,196,8,39,3,1.0,how,False,False,False
train,300,83,What commands does their setup provide to models seeking information?,extractive,1,"previous, next, Ctrl+F $<$query$>$, stop",6,40,10,69,6,1.0,what,False,False,False
train,1738,563,How much more accurate is the model than the baseline?,free_form,1,"For the Oshiete-goo dataset, the NAGM model's ROUGE-L score is higher than the highest performing conventional model, Trans, by 0.021, and its BLEU-4 score is higher than the highest performing model CLSTM by 0.037.  For the nfL6 dataset, the NAGM model's ROUGE-L score is higher than the highest performing conventional model, CLSTM, by 0.028, and its BLEU-4 score is higher than the highest performing model CLSTM by 0.040. Human evaluation of the NAGM's generated outputs for the Oshiete-goo dataset had 47% ratings of (1), the highest rating, while CLSTM only received 21% ratings of (1). For the nfL6 dataset, the comparison of (1)'s was NAGM's 50% to CLSTM's 30%. ",119,670,10,54,4,0.9,how_many,False,True,False
train,1730,561,What multimodal representations are used in the experiments?,extractive,1,"The second method it to learn a common space for the two modalities before concatenation (project), The first method is concatenation of the text and image representation (concat)",28,179,8,60,4,1.0,what,False,False,False
train,1731,561,How much better is inference that has addition of image representation compared to text-only representations?,extractive,1,largest improvement ($22-26\%$ E.R) when text-based unsupervised models are combined with image representations,14,111,15,109,9,1.0,how_many,False,True,False
train,1732,561,How they compute similarity between the representations?,extractive,1,similarity is computed as the cosine of the produced $h_{L}$ and $h_{R}$ sentence/image representations,17,103,7,56,3,1.0,how,False,False,False
train,1733,561,How big is vSTS training data?,extractive,1,1338 pairs for training,4,23,6,30,4,1.0,how,False,False,False
train,2058,713,How is language modelling evaluated?,extractive,1,perplexity of the models,4,24,5,36,3,1.0,how,False,False,False
train,1985,677,Do they report results only on English data?,yes_no,1,Yes,1,3,8,44,4,1.0,boolean,False,False,False
train,1986,677,How are the potentially relevant text fragments identified?,free_form,1," Generate a query out of the claim and querying a search engine, rank the words by means of TF-IDF, use IBM's AlchemyAPI to identify named entities, generate queries of 5–10 tokens, which execute against a search engine, and collect the snippets and the URLs in the results, skipping any result that points to a domain that is considered unreliable.",61,349,8,59,5,1.0,how,False,False,False
train,1987,677,What algorithm and embedding dimensions are used to build the task-specific embeddings?,extractive,1,"task-specific embedding of the claim together with all the above evidence about it, which comes from the last hidden layer of the NN",23,132,12,87,7,1.0,what,False,False,True
train,1988,677,What data is used to build the task-specific embeddings?,extractive,1,"embedding of the claim, Web evidence",6,36,9,56,5,1.0,what,False,False,False
train,1963,664,What is the data selection paper in machine translation,extractive,1,", ",0,2,9,55,5,1.0,what,False,False,False
train,338,91,What is the current SOTA for sentiment analysis on Twitter at the time of writing?,extractive,1,"deep convolutional networks  , ",3,31,15,82,7,0.9333,what,False,False,False
train,339,91,"What difficulties does sentiment analysis on Twitter have, compared to sentiment analysis in other domains?",free_form,1,"Tweets noisy nature, use of creative spelling and punctuation, misspellings, slang, new words, URLs, and genre-specific terminology and abbreviations, short (length limited) text",23,178,15,107,8,0.8667,what,False,True,False
train,2111,739,Is the proposed layer smaller in parameters than a Transformer?,yes_no,1,No,1,2,10,63,5,1.0,boolean,False,False,False
train,2149,766,Do they compare their algorithm to voting without weights?,yes_no,1,No,1,2,9,58,5,1.0,boolean,False,True,False
train,1937,651,Which countries and languages do the political speeches and manifestos come from?,extractive,1,german,1,6,12,81,6,0.9167,which,False,False,True
train,1938,651,Do changes in policies of the political actors account for all of the mistakes the model made?,yes_no,1,Yes,1,3,17,94,8,0.8235,boolean,False,False,False
train,1939,651,What model are the text features used in to provide predictions?,extractive,1,multinomial logistic regression,3,31,11,64,6,1.0,what,False,False,False
train,414,108,What result from experiments suggest that natural language based agents are more robust?,free_form,1,Average reward across 5 seeds show that NLP representations are robust to changes in the environment as well task-nuisances,19,123,13,88,8,1.0,what,False,False,False
train,415,108,What experiments authors perform?,extractive,1,"a basic scenario, a health gathering scenario, a scenario in which the agent must take cover from fireballs, a scenario in which the agent must defend itself from charging enemies, and a super scenario, where a mixture of the above scenarios",41,241,4,33,3,1.0,what,False,False,False
train,416,108,How is state to learn and complete tasks represented via natural language?,extractive,1,represent the state using natural language,6,42,12,74,8,1.0,how,False,False,True
train,2043,704,How is quality of annotation measured?,free_form,1,Annotators went through various phases to make sure their annotations did not deviate from the mean.,16,100,6,38,3,1.0,how,False,False,False
train,1950,655,What is barycentric Newton diagram?,extractive,1,"The basic idea of the visualization, drawing on Isaac Newton’s visualization of the color spectrum  , is to express a mixture in terms of its constituents as represented in barycentric coordinates.",31,197,5,35,3,1.0,what,False,False,False
train,2296,870,what datasets did the authors use?,free_form,1,"Kaggle
Subversive Kaggle
Wikipedia
Subversive Wikipedia
Reddit
Subversive Reddit ",9,81,6,34,3,1.0,what,False,False,False
train,18,3,What data is the language model pretrained on?,extractive,1,Chinese general corpus,3,22,8,46,4,1.0,what,False,False,False
train,19,3,What baselines is the proposed model compared against?,extractive,1,"BERT-Base, QANet",2,16,8,54,4,1.0,what,False,True,False
train,20,3,How is the clinical text structuring task defined?,extractive,1,"Clinical text structuring (CTS) is a critical task for fetching medical research data from electronic health records (EHRs), where structural patient medical data, such as whether the patient has specific symptoms, diseases, or what the tumor size is, how far from the tumor is cut at during the surgery, or what the specific laboratory test result is, are obtained., Unlike the traditional CTS task, our QA-CTS task aims to discover the most related text from original paragraph text.",78,485,8,50,5,1.0,how,False,False,False
train,21,3,What are the specific tasks being unified?,extractive,1,"three types of questions, namely tumor size, proximal resection margin and distal resection margin",14,98,7,42,3,1.0,what,False,False,False
train,22,3,"Is all text in this dataset a question, or are there unrelated sentences in between questions?",free_form,1,the dataset consists of pathology reports including sentences and questions and answers about tumor size and resection margins so it does include additional sentences ,24,167,16,94,6,0.9375,boolean,False,False,True
train,23,3,How many questions are in the dataset?,free_form,1,"2,714 ",2,6,7,38,3,1.0,how_many,False,False,False
train,24,3,How they introduce domain-specific features into pre-trained language model?,extractive,1,integrate clinical named entity information into pre-trained language model,9,75,9,76,6,1.0,how,False,False,False
train,25,3,How big is QA-CTS task dataset?,extractive,1,"17,833 sentences, 826,987 characters and 2,714 question-answer pairs",11,68,6,31,4,1.0,how,False,False,False
train,26,3,How big is dataset of pathology reports collected from Ruijing Hospital?,extractive,1,"17,833 sentences, 826,987 characters and 2,714 question-answer pairs",11,68,11,72,7,1.0,how,False,False,False
train,27,3,What are strong baseline models in specific tasks?,extractive,1,state-of-the-art question answering models (i.e. QANet ) and BERT-Base ,9,71,8,50,5,1.0,what,False,True,False
train,1550,486,How much is decoding speed increased by increasing encoder and decreasing decoder depth?,extractive,1,the Transformer with 10 encoder layers and 2 decoder layers is $2.32$ times as fast as the 6-layer Transformer,20,110,13,88,9,1.0,how_many,False,False,True
train,1555,489,How many examples do they have in the target domain?,free_form,1,"Around 388k examples, 194k from tst2013 (in-domain) and 194k from newstest2014 (out-of-domain)",12,94,10,52,4,1.0,how_many,False,False,False
train,1597,510,Which evaluation metric has been measured?,extractive,1,Mean Average Precision,3,22,6,42,3,1.0,which,False,False,False
train,1598,510,What is the WordNet counterpart for Persian?,extractive,1,FarsNet,1,7,7,44,3,1.0,what,False,False,False
train,1012,297,What baseline models do they compare against?,free_form,1,"SLQA, Rusalka, HMA Model (single), TriAN (single), jiangnan (ensemble), MITRE (ensemble), TriAN (ensemble), HMA Model (ensemble)",16,128,7,45,3,1.0,what,False,True,False
train,43,9,What were the word embeddings trained on?,extractive,1,large Portuguese corpus,3,23,7,41,3,1.0,what,False,False,False
train,44,9,Which word embeddings are analysed?,extractive,1,Continuous Bag-of-Words (CBOW),3,30,5,35,3,1.0,which,False,False,False
train,1802,592,What neural language models are explored?,extractive,1,LSTM-LM,1,7,6,41,4,1.0,what,False,False,False
train,1803,592,How do they perform data augmentation?,free_form,1,They randomly sample sentences from Wikipedia that contains an object RC and add them to training data,17,102,6,38,3,1.0,how,False,False,False
train,1192,363,What were the five English subtasks?,extractive,1,"five subtasks which involve standard classification, ordinal classification and distributional estimation. For a more detailed description see ",17,143,6,36,3,1.0,what,True,False,False
train,1193,363,How many CNNs and LSTMs were ensembled?,extractive,1,10 CNNs and 10 LSTMs,5,20,7,39,4,1.0,how_many,False,False,True
train,1973,669,Which four languages do they experiment with?,free_form,1,"German, English, Italian, Chinese",4,33,7,45,3,1.0,which,True,False,False
dev,1912,638,What datasets are used to evaluate the model?,free_form,1,WN18 and FB15k,3,14,8,45,4,1.0,what,False,False,False
dev,2201,798,Why is a Gaussian process an especially appropriate method for this classification problem?,extractive,1,avoids the need for expensive cross-validation for hyperparameter selection,9,75,13,91,7,1.0,why,False,False,False
dev,883,254,What dataset is used?,extractive,1,ACL Anthology Reference Corpus,4,30,4,21,2,1.0,what,False,False,False
dev,884,254,What metrics are considered?,extractive,1,"F-score, micro-F, macro-F, weighted-F",4,37,4,28,2,1.0,what,False,False,False
dev,104,28,Did they propose other metrics?,yes_no,1,Yes,1,3,5,31,2,1.0,boolean,False,False,False
dev,105,28,Which real-world datasets did they use?,extractive,1,"SST-2 (Stanford Sentiment Treebank, version 2), Snips",7,53,6,39,3,1.0,which,False,False,False
dev,2100,735,What is the reasoning method that is used?,extractive,1,SPARQL,1,6,8,42,3,0.875,what,False,False,False
dev,2101,735,What KB is used in this work?,extractive,1,DBpedia,1,7,7,29,3,1.0,what,False,False,False
dev,2102,735,What's the precision of the system?,free_form,1,"0.8320 on semantic typing, 0.7194 on entity matching",10,52,7,35,2,0.8571,what,False,False,False
dev,732,203,Do they conduct any human evaluation?,yes_no,1,Yes,1,3,6,37,3,1.0,boolean,False,False,False
dev,733,203,What dataset do they use for experiments?,extractive,1,"English$\rightarrow $Italian/German portions of the MuST-C corpus, As additional data, we use a mix of public and proprietary data for about 16 million sentence pairs for English-Italian (En-It) and $4.4$ million WMT14 sentence pairs for the English-German (En-De)",41,264,7,41,3,1.0,what,False,False,False
dev,734,203,How do they enrich the positional embedding with length information,free_form,1,They introduce new trigonometric encoding which besides information about position uses additional length information (abs or relative).,17,136,10,67,5,1.0,how,False,False,False
dev,735,203,How do they condition the output to a given target-source class?,free_form,1,"They use three groups short/normal/long translation classes to learn length token, which is in inference used to bias network to generate desired length group.",26,159,11,64,5,1.0,how,False,False,False
dev,736,203,Which languages do they focus on?,extractive,1,two translation directions (En-It and En-De),6,44,6,33,2,1.0,which,False,False,False
dev,737,203,What dataset do they use?,extractive,1,"English$\rightarrow $Italian/German portions of the MuST-C corpus, As additional data, we use a mix of public and proprietary data for about 16 million sentence pairs for English-Italian (En-It) and $4.4$ million WMT14 sentence pairs for the English-German (En-De)",41,264,5,25,2,1.0,what,False,False,False
dev,738,203,Do they experiment with combining both methods?,yes_no,1,Yes,1,3,7,47,3,1.0,boolean,False,False,False
dev,1187,361,Did they experiment with the tool?,yes_no,1,Yes,1,3,6,34,2,1.0,boolean,False,False,False
dev,1188,361,Is this software available to the public?,yes_no,1,Yes,1,3,7,41,3,1.0,boolean,False,False,False
dev,2069,720,What text sequences are associated with each vertex?,extractive,1,"abstracts, sentences",2,20,8,52,4,1.0,what,False,False,False
dev,116,33,Is the semantic hierarchy representation used for any task?,free_form,1,"Yes, Open IE",3,12,9,59,5,1.0,boolean,False,False,False
dev,117,33,What are the corpora used for the task?,extractive,1,"For the English version, we performed both a thorough manual analysis and automatic evaluation across three commonly used TS datasets from two different domains, The evaluation of the German version is in progress.",33,214,8,39,3,0.875,what,False,False,False
dev,118,33,Is the model evaluated?,free_form,1,the English version is evaluated. The German version evaluation is in progress ,12,79,4,23,2,1.0,boolean,False,False,False
dev,1670,538,How does the model recognize entities and their relation to answers at inference time when answers are not accessible?,extractive,1,"gating function, Dynamic Memory",4,31,19,118,9,0.9474,how,False,False,True
dev,1377,423,How are seed dictionaries obtained by fully unsupervised methods?,extractive,1,"the latest CLWE developments almost exclusively focus on fully unsupervised approaches  ,  ,  ,  ,  ,  ,  ,  : they fully abandon any source of (even weak) supervision and extract the initial seed dictionary by exploiting topological similarities between pre-trained monolingual embedding spaces",35,295,9,65,6,1.0,how,False,False,False
dev,1378,423,How does BLI measure alignment quality?,extractive,1,we use mean average precision (MAP) as the main evaluation metric,11,65,6,39,4,1.0,how,False,False,False
dev,1379,423,What methods were used for unsupervised CLWE?,extractive,1,"Unsupervised CLWEs. These methods first induce a seed dictionary $D^{(1)}$ leveraging only two unaligned monolingual spaces (C1). While the algorithms for unsupervised seed dictionary induction differ, they all strongly rely on the assumption of similar topological structure between the two pretrained monolingual spaces. Once the seed dictionary is obtained, the two-step iterative self-learning procedure (C2) takes place: 1) a dictionary $D^{(k)}$ is first used to learn the joint space $\mathbf {Y}^{(k)} = \mathbf {X{W}}^{(k)}_x \cup \mathbf {Z{W}}^{(k)}_z$ ; 2) the nearest neighbours in $\mathbf {Y}^{(k)}$ then form the new dictionary $D^{(k+1)}$ . We illustrate the general structure in Figure 1 .",109,707,7,45,4,1.0,what,False,False,False
dev,1632,520,what processing was done on the speeches before being parsed?,free_form,1,Remove numbers and interjections,4,32,10,61,4,1.0,what,False,False,False
dev,1504,470,What is different in BERT-gen from standard BERT?,free_form,1,"They use a left-to-right attention mask so that the input tokens can only attend to other input tokens, and the target tokens can only attend to the input tokens and already generated target tokens.",34,198,8,49,4,1.0,what,False,False,False
dev,1505,470,How are multimodal representations combined?,free_form,1,The image feature vectors are mapped into BERT embedding dimensions and treated like a text sequence afterwards.,17,112,5,44,3,1.0,how,False,False,False
dev,1807,594,What are their baseline methods?,extractive,1,"simple linear model with rank constraint, Hierarchical softmax, N-gram features",10,79,5,32,2,1.0,what,False,True,False
dev,2190,790,Which English domains do they evaluate on?,extractive,1,"Conll, Weblogs, Newsgroups, Reviews, Answers",5,44,7,42,3,1.0,which,False,False,False
dev,877,252,How does the QuaSP+Zero model work?,extractive,1,"does not just consider the question tokens, but also the relationship between those tokens and the properties",17,109,7,35,4,1.0,how,False,False,False
dev,878,252,Which off-the-shelf tools do they use on QuaRel?,extractive,1,"information retrieval system, word-association method, CCG-style rule-based semantic parser written specifically for friction questions, state-of-the-art neural semantic parser",18,176,8,48,4,1.0,which,False,False,False
dev,879,252,How do they obtain the logical forms of their questions in their dataset?,extractive,1,"workers were given a seed qualitative relation, asked to enter two objects, people, or situations to compare, created a question, guided by a large number of examples, LFs were elicited using a novel technique of reverse-engineering them from a set of follow-up questions",43,271,13,73,5,0.9231,how,False,False,False
dev,880,252,Do all questions in the dataset allow the answers to pick from 2 options?,yes_no,1,Yes,1,3,14,73,6,0.9286,boolean,True,False,False
dev,2239,821,Did participants behave unexpectedly?,yes_no,1,No,1,2,4,37,3,1.0,boolean,False,False,False
dev,2240,821,Was this experiment done in a lab?,yes_no,1,No,1,2,7,34,3,1.0,boolean,False,False,False
dev,2293,867,what was the evaluation metrics studied in this work?,extractive,1,"mean rank (MR), mean reciprocal rank (MRR), as well as Hits@1, Hits@3, and Hits@10",17,82,9,53,4,1.0,what,False,False,False
dev,1282,394,How does the model work if no treebank is available?,extractive,1,"train the parser on six other languages in the Google universal dependency treebanks version 2.0 (de, en, es, fr, it, pt, sv, excluding whichever is the target language), and we use gold coarse POS tags",36,202,10,52,4,1.0,how,False,False,True
dev,1283,394,How many languages have this parser been tried on?,extractive,1,seven,1,5,9,50,4,1.0,how_many,False,False,False
dev,1926,643,How is the generative model evaluated?,free_form,1,Comparing BLEU score of model with and without attention,9,56,6,38,3,1.0,how,False,False,False
dev,1132,340,How do they evaluate their sentence representations?,extractive,1,"standard benchmarks  , , to use our learned representations as features for a low complexity classifier (typically linear) on a novel supervised task/domain unseen during training without updating the parameters, transfer learning evaluation in an artificially constructed low-resource setting",38,293,7,52,3,1.0,how,False,False,False
dev,1133,340,Which model architecture do they for sentence encoding?,free_form,1,"Answer with content missing: (Skip-thought vectors-Natural Language Inference paragraphs) The encoder for the current sentence and the decoders for the previous (STP) and next sentence (STN) are typically parameterized as separate RNNs
- RNN",33,241,8,55,4,1.0,which,False,False,False
dev,1134,340,Which training objectives do they combine?,extractive,1,"multi-lingual NMT, natural language inference, constituency parsing, skip-thought vectors",9,89,6,42,3,1.0,which,False,False,False
dev,1135,340,Which data sources do they use?,free_form,1,"- En-Fr (WMT14)
- En-De (WMT15)
- Skipthought (BookCorpus)
- AllNLI (SNLI + MultiNLI)
- Parsing (PTB + 1-billion word)",13,118,6,31,3,1.0,which,False,False,False
dev,2196,794,Does this paper address the variation among English dialects regarding these hedges?,yes_no,1,No,1,2,12,84,8,1.0,boolean,False,False,False
dev,1400,431,What type of simulations of real-time data feeds are used for validaton?,extractive,1,"simplified set of input data, in a variety of different formats that occur frequently in a healthcare setting",18,109,12,72,7,0.9167,what,False,False,False
dev,1401,431,How are FHIR and RDF combined?,extractive,1,"RDF was designed as an abstract information model and FHIR was designed for operational use in a healthcare setting, RDF makes statements of fact, whereas FHIR makes records of events, RDF is intended to have the property of monotonicity, meaning that previous facts cannot be invalidated by new facts",49,301,6,30,3,1.0,how,False,False,True
dev,1402,431,What are the differences between FHIR and RDF?,extractive,1,"One of the several formats into which FHIR can be serialized is RDF, there is the potential for a slight mismatch between the models",24,132,8,46,3,1.0,what,False,True,True
dev,1403,431,What do FHIR and RDF stand for?,extractive,1,"Health Level Seven Fast Healthcare Interoperability Resources (HL7 FHIR), Resource Description Framework (RDF)",13,110,7,31,3,1.0,what,False,False,True
dev,2158,772,What they use as a metric of finding hot spots in meeting?,extractive,1,unweighted average recall (UAR) metric,5,38,12,58,6,1.0,what,False,False,False
dev,2159,772,Is this approach compared to some baseline?,yes_no,1,No,1,2,7,43,3,1.0,boolean,False,True,False
dev,2160,772,How big is ICSI meeting corpus?,extractive,1,75 meetings and about 70 hours of real-time audio duration,10,58,6,31,4,1.0,how,False,False,False
dev,2161,772,What annotations are available in ICSI meeting corpus?,extractive,1,"8 levels and degrees, ranging from `not hot' to `luke warm' to `hot +'. Every utterance was labeled with one of these discrete labels by a single annotator",27,155,8,54,5,1.0,what,False,False,False
dev,1213,372,Do the authors offer any hypothesis as to why the transformations sometimes disimproved performance?,yes_no,1,No,1,2,14,100,7,0.9286,boolean,False,False,False
dev,1214,372,What preprocessing techniques are used in the experiments?,extractive,1,See Figure FIGREF3,3,18,8,58,4,1.0,what,False,False,False
dev,1215,372,What state of the art models are used in the experiments?,extractive,1,"2) Naïve Bayes with SVM (NBSVM), 3) Extreme Gradient Boosting (XGBoost), 4) FastText algorithm with Bidirectional LSTM (FastText-BiLSTM)",17,136,11,57,5,0.9091,what,False,False,False
dev,2023,692,What datasets or tasks do they conduct experiments on?,extractive,1,"Language Modeling (LM), PTB  , WikiText-103  and One-Billion Word benchmark  datasets, neural machine translation (NMT), WMT 2016 English-German dataset",18,152,9,54,4,1.0,what,False,False,True
dev,1964,665,Do they compare computational time of AM-softmax versus Softmax?,yes_no,1,No,1,2,9,64,6,1.0,boolean,False,True,False
dev,1965,665,Do they visualize the difference between AM-Softmax and regular softmax?,yes_no,1,Yes,1,3,10,72,5,1.0,boolean,False,True,True
dev,545,150,How can the classifier facilitate the annotation task for human annotators?,extractive,1,"quality of the classifier predictions is too low to be integrated into the network analysis right away, the classifier drastically facilitates the annotation process for human annotators compared to annotating unfiltered tweets",32,227,11,75,7,0.9091,how,False,False,False
dev,546,150,What recommendations are made to improve the performance in future?,extractive,1,applying reasoning  or irony detection methods ,6,47,10,67,5,1.0,what,False,False,False
dev,547,150,What type of errors do the classifiers use?,extractive,1,"correct class can be directly inferred from the text content easily, even without background knowledge, correct class can be inferred from the text content, given that event-specific knowledge is provided, orrect class can be inferred from the text content if the text is interpreted correctly",45,293,8,43,4,1.0,what,False,False,False
dev,548,150,What neural classifiers are used?,extractive,1,convolutional neural network (CNN) ,4,35,5,33,3,1.0,what,False,False,False
dev,549,150,What languages are included in the dataset?,extractive,1,English,1,7,7,43,3,1.0,what,False,False,False
dev,550,150,What dataset is used for this study?,extractive,1,MH17 Twitter dataset,3,20,7,36,3,1.0,what,False,False,False
dev,551,150,What proxies for data annotation were used in previous datasets?,extractive,1,"widely used method for classifying misleading content is to use distant annotations, for example to classify a tweet based on the domain of a URL that is shared by the tweet, or a hashtag that is contained in the tweet, Natural Language Processing (NLP) models can be used to automatically label text content",53,308,10,64,6,1.0,what,False,False,False
dev,1704,549,How big are the datasets used?,free_form,1,"Evaluation datasets used:
CMRC 2018 - 18939 questions, 10 answers
DRCD - 33953 questions, 5 answers
NIST MT02/03/04/05/06/08 Chinese-English - Not specified

Source language train data:
SQuAD - Not specified",31,207,6,30,3,1.0,how,False,False,False
dev,1705,549,Is this a span-based (extractive) QA task?,yes_no,1,Yes,1,3,7,42,4,1.0,boolean,False,False,False
dev,125,36,How does the scoring model work?,extractive,1,"First, mapping the segmented sentence to a sequence of candidate word embeddings. Then, the scoring model takes the word embedding sequence as input, scoring over each individual candidate word",29,193,6,32,3,1.0,how,False,False,False
dev,126,36,How does the active learning model work?,free_form,1,"Active learning methods has a learning engine (mainly used for training of classification problems) and the selection engine (which chooses samples that need to be relabeled by annotators from unlabeled data). Then, relabeled samples are added to training set for classifier to re-train, thus continuously improving the accuracy of the classifier. In this paper, CRF-based segmenter and a scoring model are employed as learning engine and selection engine, respectively.",69,470,7,40,4,1.0,how,False,False,False
dev,127,36,Which neural network architectures are employed?,extractive,1,gated neural network,3,20,6,48,4,1.0,which,False,False,False
dev,1757,572,Are their corpus and software public?,yes_no,1,Yes,1,3,6,37,3,1.0,boolean,False,False,True
dev,1000,293,What is English mixed with in the TRAC dataset?,extractive,1,Hindi,1,5,9,47,4,1.0,what,False,False,False
dev,1001,293,Which psycholinguistic and basic linguistic features are used?,free_form,1,"Emotion Sensor Feature, Part of Speech, Punctuation, Sentiment Analysis, Empath, TF-IDF Emoticon features",13,105,8,62,5,1.0,which,False,False,True
dev,1002,293,How have the differences in communication styles between Twitter and Facebook increase the complexity of the problem?,free_form,1,Systems do not perform well both in Facebook and Twitter texts,11,62,17,117,8,0.8824,how,False,True,True
dev,1003,293,What data/studies do the authors provide to support the assertion that the majority of aggressive conversations contain code-mixed languages?,free_form,1,None,1,4,20,141,12,0.9,what,False,False,False
dev,1917,640,How do they show that acquiring names of places helps self-localization?,extractive,1,"unsupervised morphological analyzer capable of using lattices improved the accuracy of phoneme recognition and word segmentation, Consequently, this result suggests that this word segmentation method considers the multiple hypothesis of speech recognition as a whole and reduces uncertainty such as variability in recognition",43,325,11,72,6,1.0,how,False,False,False
dev,1918,640,How do they evaluate how their model acquired words?,extractive,1,PAR score,2,9,9,52,4,0.8889,how,False,False,False
dev,1919,640,Which method do they use for word segmentation?,extractive,1,unsupervised word segmentation method latticelm,5,47,8,47,4,1.0,which,False,False,False
dev,1920,640,Does their model start with any prior knowledge of words?,yes_no,1,No,1,2,10,57,5,1.0,boolean,False,False,False
dev,418,110,Does the paper discuss previous models which have been applied to the same task?,yes_no,1,Yes,1,3,14,80,6,0.9286,boolean,False,False,False
dev,419,110,Which datasets are used in the paper?,free_form,1,"Google N-grams
COHA
Moral Foundations Dictionary (MFD)
",7,55,7,37,3,1.0,which,False,False,False
dev,420,110,How does the parameter-free model work?,extractive,1,"A Centroid model summarizes each set of seed words by its expected vector in embedding space, and classifies concepts into the class of closest expected embedding in Euclidean distance following a softmax rule;, A Naïve Bayes model considers both mean and variance, under the assumption of independence among embedding dimensions, by fitting a normal distribution with mean vector and diagonal covariance matrix to the set of seed words of each class;",70,451,6,39,3,1.0,how,False,False,False
dev,421,110,How do they quantify moral relevance?,free_form,1,By complementing morally relevant seed words with a set of morally irrelevant seed words based on the notion of valence,20,119,6,37,3,1.0,how,False,False,False
dev,422,110,Which fine-grained moral dimension examples do they showcase?,extractive,1,"Care / Harm, Fairness / Cheating, Loyalty / Betrayal, Authority / Subversion, and Sanctity / Degradation",11,104,8,61,5,1.0,which,False,False,False
dev,1984,676,What is the task of slot filling?,extractive,1,"The task aims at extracting information about persons, organizations or geo-political entities from a large collection of news, web and discussion forum documents.",23,163,7,33,3,1.0,what,False,False,False
dev,1028,304,Will these findings be robust through different datasets and different question answering algorithms?,yes_no,1,Yes,1,3,13,101,9,0.9231,boolean,False,False,True
dev,1029,304,What is the underlying question answering algorithm?,extractive,1,The system extends BiDAF  with self-attention,6,45,7,52,4,1.0,what,False,False,False
dev,1030,304,What datasets have this method been evaluated on?,extractive,1,document-level variants of the SQuAD dataset,6,44,8,49,3,1.0,what,False,False,False
dev,1419,438,Which language(s) are found in the WSD datasets?,extractive,1,"WSD is predominantly evaluated on English, we are also interested in evaluating our approach on Chinese",16,103,9,48,4,1.0,which,False,False,False
dev,1420,438,What datasets are used for testing?,extractive,1,"Senseval-2 (SE2), Senseval-3 (SE3), SemEval 2013 task 12 (SE13), and SemEval 2015 task 13 (SE15), OntoNotes Release 5.0",19,119,6,35,3,1.0,what,False,False,False
dev,1493,467,What additional information is found in the dataset?,extractive,1,"the full tweet object including the id of the tweet, username, hashtags, and geolocation of the tweet",17,101,8,52,4,1.0,what,False,False,False
dev,1494,467,Is the dataset focused on a region?,yes_no,1,Yes,1,3,7,35,3,1.0,boolean,False,False,False
dev,1495,467,Over what period of time were the tweets collected?,extractive,1,"from January 1, 2020 until April 15, 2020",8,41,9,51,4,1.0,what,False,False,False
dev,1496,467,Are the tweets location-specific?,yes_no,1,Yes,1,3,4,33,2,1.0,boolean,False,False,False
dev,1497,467,How big is the dataset?,extractive,1,"more than 3,934,610 million tweets",7,34,5,23,2,1.0,how,False,False,False
dev,1828,604,How much better performing is the proposed method over the baselines?,extractive,1,"original models were better in some tasks (CR, MPQA, MRPC), utilizing self-attentive sentence representation further improves performances in 5 out of 8 tasks",23,158,11,69,6,0.9091,how_many,False,True,False
dev,1829,604,What baselines are the proposed method compared against?,extractive,1,"(Layer Normalized Skip-Thoughts, ST-LN) , Cap2All, Cap2Cap, Cap2Img",7,67,8,56,4,1.0,what,False,True,False
dev,1830,604,What dataset/corpus is this work evaluated over?,extractive,1,Karpathy and Fei-Fei's split for MS-COCO dataset ,8,49,8,48,4,1.0,what,False,False,False
dev,90,24,Which paired corpora did they use in the other experiment?,extractive,1,"dataset that contains article-comment parallel contents INLINEFORM0 , and an unpaired dataset that contains the documents (articles or comments) INLINEFORM1",19,156,10,58,4,1.0,which,False,False,False
dev,91,24,By how much does their system outperform the lexicon-based models?,free_form,1,"Under the retrieval evaluation setting, their proposed model + IR2 had better MRR than NVDM by 0.3769, better MR by 4.6, and better Recall@10 by  20 . 
Under the generative evaluation setting the proposed model + IR2 had better BLEU by 0.044 , better CIDEr by 0.033, better ROUGE by 0.032, and better METEOR by 0.029",59,316,10,66,5,1.0,how,False,True,False
dev,92,24,Which lexicon-based models did they compare with?,extractive,1,"TF-IDF, NVDM",2,12,7,49,3,1.0,which,False,True,False
dev,93,24,How many comments were used?,extractive,1,from 50K to 4.8M,5,16,5,28,3,1.0,how_many,False,False,False
dev,94,24,How many articles did they have?,extractive,1,"198,112",2,7,6,32,2,1.0,how_many,False,False,False
dev,95,24,What news comment dataset was used?,extractive,1,Chinese dataset ,2,16,6,35,4,1.0,what,False,False,False
dev,636,175,What evaluation metric is used?,extractive,1,The BLEU metric,3,15,5,31,3,1.0,what,False,False,False
dev,637,175,What datasets are used?,extractive,1,"WMT14 En-Fr and En-De datasets, IWSLT De-En and En-Vi datasets",10,62,4,23,2,1.0,what,False,False,False
dev,638,175,What are three main machine translation tasks?,extractive,1,"De-En, En-Fr and En-Vi translation tasks",6,40,7,46,5,1.0,what,True,False,False
dev,639,175,How big is improvement in performance over Transformers?,extractive,1,2.2 BLEU gains,4,14,8,56,4,1.0,how,False,False,False
dev,897,259,What human evaluation metrics were used in the paper?,free_form,1,rating questions on a scale of 1-5 based on fluency of language used and relevance of the question to the context,21,113,9,53,5,1.0,what,False,False,False
dev,1909,637,What other embedding models are tested?,extractive,1,"GloVe embeddings trained by  on Wikipedia and Gigaword 5 (vocab: 400K, dim: 300), w2v-gn, Word2vec  trained on the Google News dataset (vocab: 3M, dim: 300), DeepWalk , node2vec",27,177,6,39,3,1.0,what,False,False,False
dev,1910,637,How is performance measured?,extractive,1,"To verify the reliability of the transformed semantic space, we propose an evaluation benchmark on the basis of word similarity datasets. Given an enriched space INLINEFORM0 and a similarity dataset INLINEFORM1 , we compute the similarity of each word pair INLINEFORM2 as the cosine similarity of their corresponding transformed vectors INLINEFORM3 and INLINEFORM4 from the two spaces, where INLINEFORM5 and INLINEFORM6 for LS and INLINEFORM7 and INLINEFORM8 for CCA.",68,467,4,28,2,1.0,how,False,False,False
dev,1911,637,How are rare words defined?,extractive,1,"judged by 10 raters on a [0,10] scale",9,37,5,27,3,1.0,how,False,False,False
dev,2014,687,What datasets are used to evaluate the introduced method?,free_form,1,"They used a dataset from Taobao which contained a collection of conversation records between customers and customer service staffs. It contains over five kinds of conversations,
including chit-chat, product and discount consultation, querying delivery progress and after-sales feedback. ",38,287,9,57,5,1.0,what,False,False,False
dev,2015,687,What are the results achieved from the introduced method?,free_form,1,"Their model resulted in values of 0.476, 0.672 and 0.893 for recall at position 1,2 and 5 respectively in 10 candidates.",25,120,9,57,4,0.8889,what,False,False,False
dev,818,234,How does Frege's holistic and functional approach to meaning relates to general distributional hypothesis?,extractive,1,interpretation of Frege's work are examples of holistic approaches to meaning,12,77,15,106,9,0.9333,how,False,False,True
dev,819,234,What does Frege's holistic and functional approach to meaning states?,extractive,1,Only in the context of a sentence does a word have a meaning.,13,61,11,69,6,1.0,what,False,False,True
dev,1958,660,Does the paper describe experiments with real humans?,yes_no,1,Yes,1,3,8,53,5,1.0,boolean,False,False,False
dev,964,282,How do their results compare against other competitors in the PAN 2017 shared task on Author Profiling?,free_form,1,"They achieved best result in the PAN 2017 shared task with accuracy for Variety prediction task 0.0013 more than the 2nd best baseline, accuracy for Gender prediction task 0.0029 more than 2nd best baseline and accuracy for Joint prediction task 0.0101 more than the 2nd best baseline",50,284,17,103,9,1.0,how,True,True,False
dev,965,282,On which task does do model do worst?,free_form,1,Gender prediction task,3,22,8,37,3,0.875,which,False,False,False
dev,966,282,On which task does do model do best?,free_form,1,Variety prediction task,3,23,8,36,3,0.875,which,False,False,False
dev,1107,332,What dataset is used for this task?,extractive,1,the Pasokh dataset ,3,19,7,35,3,1.0,what,False,False,False
dev,1108,332,What features of the document are integrated into vectors of every sentence?,extractive,1,"Ordinal position, Length of sentence, The Ratio of Nouns, The Ratio of Numerical entities, Cue Words, Cosine position, Relative Length, TF-ISF, POS features, Document sentences, Document words, Topical category, Ratio of Verbs, Ratio of Adjectives, and Ratio of Adverbs",39,269,12,76,6,0.9167,what,False,False,False
dev,1109,332,By how much is precission increased?,free_form,1,"ROUGE-1 increases by 0.05, ROUGE-2 by 0.06 and ROUGE-L by 0.09",14,62,6,36,3,1.0,how,False,False,False
dev,1110,332,Is new approach tested against state of the art?,yes_no,1,No,1,2,9,48,5,1.0,boolean,False,False,False
dev,1264,388,Did they experiment with pre-training schemes?,yes_no,1,No,1,2,6,46,3,1.0,boolean,False,False,False
dev,1265,388,What were their results on the test set?,extractive,1,an official F1-score of 0.2905 on the test set,10,46,8,40,3,1.0,what,False,False,False
dev,1266,388,What is the size of the dataset?,extractive,1,"a balanced dataset of 2,396 ironic and 2,396 non-ironic tweets is provided",14,74,7,32,2,0.8571,what,False,False,False
dev,1267,388,What was the baseline model?,extractive,1,a non-parameter optimized linear-kernel SVM that uses TF-IDF bag-of-word vectors as inputs,12,90,5,28,2,1.0,what,False,True,False
dev,1364,419,Which future direction in NLG are discussed?,extractive,1,"1) How to introduce unsupervised pre-training into NLG tasks with cross-modal context?, 2) How to design a generic pre-training algorithm to fit a wide range of NLG tasks?, 3) How to reduce the computing resources required for large-scale pre-training?, 4) What aspect of knowledge do the pre-trained models provide for better language generation?",53,347,7,44,4,1.0,which,False,False,False
dev,1365,419,What experimental phenomena are presented?,extractive,1,"The advantage of pre-training gradually diminishes with the increase of labeled data, Fixed representations yield better results than fine-tuning in some cases, pre-training the Seq2Seq encoder outperforms pre-training the decoder",30,230,5,42,3,1.0,what,False,False,False
dev,1366,419,How strategy-based methods handle obstacles in NLG?,extractive,1,"fine-tuning schedules that elaborately design the control of learning rates for optimization, proxy tasks that leverage labeled data to help the pre-trained model better fit the target data distribution, knowledge distillation approaches that ditch the paradigm of initialization with pre-trained parameters by adopting the pre-trained model as a teacher network",50,362,7,51,5,1.0,how,False,False,False
dev,1367,419,How architecture-based method handle obstacles in NLG?,extractive,1,"task-specific architecture during pre-training (task-specific methods), aim at building a general pre-training architecture to fit all downstream tasks (task-agnostic methods)",20,175,7,54,5,1.0,how,False,False,False
dev,1065,317,What crowdsourcing platform is used for data collection and data validation?,extractive,1,"the Common Voice website, iPhone app",6,36,11,76,7,0.9091,what,False,False,True
dev,1066,317,How is validation of the data performed?,extractive,1,"A maximum of three contributors will listen to any audio clip. If an $<$audio,transcript$>$ pair first receives two up-votes, then the clip is marked as valid. If instead the clip first receives two down-votes, then it is marked as invalid.",41,240,7,40,3,1.0,how,False,False,False
dev,1067,317,Is audio data per language balanced in dataset?,yes_no,1,No,1,2,8,47,6,1.0,boolean,False,False,False
dev,1586,505,By how much do they outperform BiLSTMs in Sentiment Analysis?,free_form,1,Proposed RCRN outperforms ablative baselines BiLSTM by +2.9% and 3L-BiLSTM by +1.1% on average across 16 datasets.,19,114,10,61,5,1.0,how,False,True,False
dev,1587,505,Does their model have more parameters than other models?,extractive,1,approximately equal parameterization,3,36,9,56,3,1.0,boolean,False,False,False
dev,171,49,How they demonstrate that language-neutral component is sufficiently general in terms of modeling semantics to allow high-accuracy word-alignment?,extractive,1,"Table TABREF15 shows that word-alignment based on mBERT representations surpasses the outputs of the standard FastAlign tool even if it was provided large parallel corpus. This suggests that word-level semantics are well captured by mBERT contextual embeddings. For this task, learning an explicit projection had a negligible effect on the performance.",51,352,18,146,11,1.0,how,False,False,False
dev,172,49,Are language-specific and language-neutral components disjunctive?,yes_no,1,No,1,2,6,66,4,1.0,boolean,False,False,True
dev,173,49,How they show that mBERT representations can be split into a language-specific component and a language-neutral component?,extractive,1,We thus try to remove the language-specific information from the representations by centering the representations of sentences in each language so that their average lies at the origin of the vector space.,32,205,17,122,9,0.8824,how,False,False,True
dev,174,49,What challenges this work presents that must be solved to build better language-neutral representations?,extractive,1,contextual embeddings do not represent similar semantic phenomena similarly and therefore they are not directly usable for zero-shot cross-lingual tasks,20,152,14,104,9,1.0,what,False,True,False
dev,340,92,How many sentence transformations on average are available per unique sentence in dataset?,free_form,1,27.41 transformation on average of single seed sentence is available in dataset.,13,80,13,90,9,0.9231,how_many,False,False,False
dev,341,92,What annotations are available in the dataset?,free_form,1,"For each source sentence, transformation sentences that are transformed according to some criteria (paraphrase, minimal change etc.)",17,132,7,46,3,1.0,what,False,False,False
dev,342,92,"How are possible sentence transformations represented in dataset, as new sentences?",free_form,1,"Yes, as new sentences.",4,22,11,83,7,1.0,how,False,False,False
dev,343,92,What are all 15 types of modifications ilustrated in the dataset?,free_form,1,"- paraphrase 1
- paraphrase 2
- different meaning
- opposite meaning
- nonsense
- minimal change
- generalization
- gossip
- formal sentence
- non-standard sentence
- simple sentence
- possibility
- ban
- future
- past",23,218,11,65,5,1.0,what,True,False,False
dev,344,92,Is this dataset publicly available?,yes_no,1,Yes,1,3,5,35,3,1.0,boolean,False,False,False
dev,345,92,Are some baseline models trained on this dataset?,yes_no,1,Yes,1,3,8,49,4,1.0,boolean,False,True,False
dev,346,92,Do they do any analysis of of how the modifications changed the starting set of sentences?,yes_no,1,Yes,1,3,16,90,6,0.75,boolean,False,False,False
dev,347,92,How do they introduce language variation?,extractive,1,we were looking for original and uncommon sentence change suggestions,10,69,6,41,3,1.0,how,False,False,False
dev,348,92,Do they use external resources to make modifications to sentences?,yes_no,1,No,1,2,10,66,6,0.9,boolean,False,False,False
dev,1233,379,Which baseline performs best?,extractive,1,IR methods perform better than the best neural models,9,53,4,29,3,1.0,which,False,True,False
dev,1234,379,Which baselines are explored?,extractive,1,"GPT2, SciBERT model of ",4,23,4,29,2,1.0,which,False,False,False
dev,1235,379,What is the size of the corpus?,extractive,1,"8.1 million scientific documents, 154K computer science articles, 622K citing sentences",12,87,7,31,2,0.8571,what,False,False,False
dev,1313,404,Where is MVCNN pertained?,extractive,1,on the unlabeled data of each task,7,34,4,25,2,1.0,where,False,False,False
dev,1314,404,How much gain does the model achieve with pretraining MVCNN?,free_form,1,0.8 points on Binary; 0.7 points on Fine-Grained; 0.6 points on Senti140; 0.7 points on Subj,20,92,10,60,6,1.0,how_many,False,False,False
dev,1315,404,What are the effects of extracting features of multigranular phrases?,extractive,1,"The system benefits from filters of each size., features of multigranular phrases are extracted with variable-size convolution filters.",18,135,10,69,5,0.9,what,False,False,False
dev,1316,404,What are the effects of diverse versions of pertained word embeddings?,extractive,1,each embedding version is crucial for good performance,8,54,11,70,6,0.9091,what,False,False,False
dev,1317,404,How is MVCNN compared to CNN?,extractive,1,"MVCNN, a novel CNN architecture for sentence classification. It combines multichannel initialization – diverse versions of pretrained word embeddings are used – and variable-size filters – features of multigranular phrases are extracted with variable-size convolution filters.",33,276,6,29,3,1.0,how,False,True,False
dev,1158,351,What is the performance of the model for the German sub-task A?,extractive,1,macro F1 score of 0.62,6,22,12,63,4,0.8333,what,False,False,False
dev,1159,351,Is the model tested for language identification?,yes_no,1,No,1,2,7,48,4,1.0,boolean,False,False,False
dev,1160,351,Is the model compared to a baseline model?,yes_no,1,No,1,2,8,42,4,0.875,boolean,False,True,False
dev,1161,351,What are the languages used to test the model?,free_form,1,"Hindi, English and German (German task won)",7,43,9,46,4,0.8889,what,False,False,False
dev,1004,294,What is the baseline?,extractive,1,"Majority Class baseline (MC) , Random selection baseline (RAN)",8,62,4,21,1,1.0,what,False,True,False
dev,1005,294,What datasets did they use?,extractive,1,"News Articles, Twitter",3,22,5,27,2,1.0,what,False,False,False
dev,2202,799,Do the authors do manual evaluation?,yes_no,1,No,1,2,6,36,3,0.8333,boolean,False,False,False
dev,1763,575,Did they experiment with the dataset on some tasks?,yes_no,1,Yes,1,3,9,51,3,1.0,boolean,False,False,False
dev,2191,791,What is the road exam metric?,extractive,1,a new metric to reveal a model's robustness against exposure bias,12,65,6,29,3,1.0,what,False,False,False
dev,2192,791,What are the competing models?,free_form,1,"TEACHER FORCING (TF), SCHEDULED SAMPLING (SS),  SEQGAN, RANKGAN, LEAKGAN.",9,73,5,30,2,1.0,what,False,False,False
dev,1808,595,Which of the model yields the best performance?,extractive,1,GPT-2,1,5,8,47,4,0.875,which,False,False,False
dev,1809,595,What is the performance of the models on the tasks?,free_form,1,"Overall accuracy per model is: 5-gram (60.5), LSTM (68.9), TXL (68.7), GPT-2 (80.1)",17,83,10,51,3,0.8,what,False,False,False
dev,1810,595,How is the data automatically generated?,extractive,1,"The data generation scripts use a basic template to create each paradigm, pulling from a vocabulary of over 3000 words annotated for morphological, syntactic, and semantic features needed to create grammatical and semantically felicitous sentences.",35,248,6,40,3,1.0,how,False,False,False
dev,677,186,How do they select answer candidates for their QA task?,extractive,1,AMS method.,2,11,10,55,5,1.0,how,False,False,False
dev,478,129,Are agglutinative languages used in the prediction of both prefixing and suffixing languages?,yes_no,1,Yes,1,3,13,93,7,0.9231,boolean,False,False,True
dev,479,129,What is an example of a prefixing language?,extractive,1,Zulu,1,4,8,43,3,1.0,what,False,False,False
dev,480,129,How is the performance on the task evaluated?,free_form,1,Comparison of test accuracies of neural network models on an inflection task and qualitative analysis of the errors,18,115,8,45,3,0.875,how,False,False,False
dev,481,129,What are the tree target languages studied in the paper?,extractive,1,"English, Spanish and Zulu",4,25,10,56,5,0.9,what,False,False,False
dev,1799,590,Which embeddings do they detect biases in?,free_form,1,Word embeddings trained on GoogleNews and Word embeddings trained on Reddit dataset,12,83,7,42,3,1.0,which,False,False,False
dev,721,199,Which baseline methods are used?,free_form,1,standard parametrized attention and a non-attention baseline,7,60,5,32,3,1.0,which,False,True,False
dev,722,199,How much is the BLEU score?,free_form,1,Ranges from 44.22 to 100.00 depending on K and the sequence length.,14,67,6,27,3,1.0,how_many,False,False,False
dev,723,199,Which datasets are used in experiments?,free_form,1,Sequence Copy Task and WMT'17,6,29,6,39,3,1.0,which,False,False,False
dev,2031,696,How much do they outperform previous state-of-the-art?,free_form,1,"On subtask 3 best proposed model has F1 score of 92.18 compared to best previous F1 score of 88.58.
On subtask 4 best proposed model has 85.9, 89.9 and 95.6 compared to best previous results of 82.9, 84.0 and 89.9 on 4-way, 3-way and binary aspect polarity.",55,257,7,54,4,1.0,how_many,False,True,False
dev,2032,696,How do they generate the auxiliary sentence?,extractive,1,"The sentence we want to generate from the target-aspect pair is a question, and the format needs to be the same., For the NLI task, the conditions we set when generating sentences are less strict, and the form is much simpler., For QA-B, we add the label information and temporarily convert TABSA into a binary classification problem ( INLINEFORM0 ) to obtain the probability distribution, auxiliary sentence changes from a question to a pseudo-sentence",72,453,7,44,3,1.0,how,False,False,False
dev,1682,542,what evaluation methods are discussed?,extractive,1,"document-level accuracy, precision, recall, F-score",5,51,5,38,3,1.0,what,False,False,False
dev,1683,542,what are the off-the-shelf systems discussed in the paper?,free_form,1,"Answer with content missing: (Names of many identifiers missing) TextCat, ChromeCLD, LangDetect, langid.py, whatlang, whatthelang, YALI, LDIG, Polyglot 3000, Lextek Language Identifier and Open Xerox Language Identifier.",28,220,9,58,4,0.8889,what,False,False,False
dev,1871,621,What model do they use a baseline to estimate satisfaction?,extractive,1,"a BiLSTM without attention (BiLSTM) as well as a single forward-LSTM layer with attention (LSTM+att) and without attention (LSTM), baselines are defined by  who already proposed an LSTM-based architecture that only uses non-temporal features, and the SVM-based estimation model as originally used for reward estimation by ",47,322,10,59,5,1.0,what,False,True,False
dev,2059,715,What datasets are used to evaluate the model?,extractive,1,WN18 and FB15k,3,14,8,45,4,1.0,what,False,False,False
dev,1663,535,What benchmark datasets they use?,free_form,1,VQA and GeoQA,3,13,5,33,3,1.0,what,False,False,False
dev,153,45,Does the paper evaluate any adjustment to improve the predicion accuracy of face and audio features?,yes_no,1,No,1,2,16,100,9,0.9375,boolean,False,False,True
dev,154,45,How is face and audio data analysis evaluated?,extractive,1,"confusion matrices, $\text{F}_1$ score",6,38,8,46,5,1.0,how,False,False,True
dev,155,45,What is the baseline method for the task?,free_form,1,"For the emotion recognition from text they use described neural network as baseline.
For audio and face there is no baseline.",21,125,8,41,3,0.875,what,False,True,False
dev,156,45,What are the emotion detection tools used for audio and face input?,extractive,1,We apply an off-the-shelf tool for emotion recognition (the manufacturer cannot be disclosed due to licensing restrictions),17,123,12,67,7,1.0,what,False,False,True
dev,1800,591,What does their system consist of?,extractive,1,rule-based and dictionary-based methods,4,39,6,34,2,1.0,what,False,False,False
dev,1801,591,What are the two PharmaCoNER subtasks?,free_form,1,Entity identification with offset mapping and concept indexing,8,62,6,38,3,1.0,what,True,False,False
dev,556,152,"What kind of features are used by the HMM models, and how interpretable are those?",free_form,1,"A continuous emission HMM uses the hidden states of a 2-layer LSTM as features and a discrete emission HMM uses data as features. 
The interpretability of the model is shown in Figure 2. ",33,187,15,82,6,0.9333,what,False,False,True
dev,557,152,What kind of information do the HMMs learn that the LSTMs don't?,free_form,1,The HMM can identify punctuation or pick up on vowels.,10,54,13,64,6,0.9231,what,False,False,False
dev,558,152,Which methods do the authors use to reach the conclusion that LSTMs and HMMs learn complementary information?,extractive,1,"decision trees to predict individual hidden state dimensions, apply k-means clustering to the LSTM state vectors, and color-code the training data with the clusters",24,164,17,109,10,0.9412,which,False,False,True
dev,559,152,How large is the gap in performance between the HMMs and the LSTMs?,free_form,1,"With similar number of parameters, the log likelihood is about 0.1 lower for LSTMs across datasets. When the number of parameters in LSTMs is increased, their log likelihood is up to 0.7 lower.",35,193,13,67,5,0.8462,how,False,False,True
dev,1502,469,How many speeches are in the dataset?,free_form,1,5575 speeches,2,13,7,37,3,1.0,how_many,False,False,False
dev,1503,469,What classification models were used?,extractive,1,fastText and SVM ,3,17,5,37,3,1.0,what,False,False,False
dev,1934,647,Is is known whether Sina Weibo posts are censored by humans or some automatic classifier?,yes_no,1,No,1,2,15,89,9,0.9333,boolean,False,False,True
dev,2027,695,By how much does transfer learning improve performance on this task?,free_form,1,"In task 1 best transfer learning strategy improves F1 score by 4.4% and accuracy score by 3.3%, in task 2 best transfer learning strategy improves F1 score by 2.9% and accuracy score by 1.7%",38,190,11,68,6,1.0,how,False,False,False
dev,2028,695,What baseline is used?,free_form,1,SVM,1,3,4,22,2,1.0,what,False,True,False
dev,2029,695,What topic clusters are identified by LDA?,free_form,1,"Clusters of Twitter user ids from accounts of American or German political actors, musicians, media websites or sports club",19,123,7,42,4,1.0,what,False,False,False
dev,2030,695,What are the near-offensive language categories?,extractive,1,"inappropriate, discriminating",2,29,6,48,3,1.0,what,False,False,False
dev,2262,837,what was their baseline comparison?,extractive,1,"Support Vector Machine (SVM), Logistic Regression (LR), Random Forest (RF)",10,74,5,35,2,1.0,what,False,True,False
dev,283,78,What normalization techniques are mentioned?,extractive,1,"FBanks with cepstral mean normalization (CMN), variance with mean normalization (CMVN)",11,86,5,44,3,1.0,what,False,False,False
dev,284,78,What features do they experiment with?,extractive,1,"40 mel-scaled log filterbank enegries (FBanks) computed every 10 ms with 25 ms window, deltas and delta-deltas (120 features in vector), spectrogram",22,148,6,38,2,1.0,what,False,False,False
dev,285,78,Which architecture is their best model?,extractive,1,6-layer bLSTM with 1024 hidden units,6,36,6,39,3,1.0,which,False,False,False
dev,1013,298,What are the differences with previous applications of neural networks for this task?,free_form,1,This approach considers related images,5,38,13,85,6,1.0,what,False,True,False
dev,916,266,What translationese effects are seen in the analysis?,extractive,1,"potentially indicating a shining through effect, explicitation effect",8,69,8,53,4,1.0,what,False,False,False
dev,917,266,What languages are seen in the news and TED datasets?,extractive,1,"English, German",2,15,10,53,5,1.0,what,False,False,True
dev,918,266,How are the (possibly incorrect) coreference chains in the MT outputs annotated?,extractive,1,"allows the annotator to define each markable as a certain mention type (pronoun, NP, VP or clause), The mentions referring to the same discourse item are linked between each other., chain members are annotated for their correctness",37,231,12,80,7,0.9167,how,False,False,False
dev,919,266,Which three neural machine translation systems are analyzed?,extractive,1,"first two systems are transformer models trained on different amounts of data, The third system includes a modification to consider the information of full coreference chains",26,174,8,60,6,1.0,which,True,False,False
dev,920,266,Which coreference phenomena are analyzed?,extractive,1,"shining through, explicitation",3,30,5,41,3,1.0,which,False,False,False
dev,1779,583,How is some information lost in the RNN-based generation models?,extractive,1,the generated sentences often did not include all desired attributes.,10,69,10,64,5,1.0,how,False,False,False
dev,951,276,How can a neural model be used for a retrieval if the input is the entire Wikipedia?,extractive,1,"Using the answer labels in the training set, we can find appropriate articles that include the information requested in the question.",21,133,17,84,8,0.8824,how,False,False,True
dev,398,105,What insights into the relationship between demographics and mental health are provided?,extractive,1,"either likely depressed-user population is younger, or depressed youngsters are more likely to disclose their age, more women than men were given a diagnosis of depression",26,171,12,88,6,1.0,what,False,False,True
dev,399,105,What model is used to achieve 5% improvement on F1 for identifying depressed individuals on Twitter?,extractive,1,Random Forest classifier,3,24,16,100,9,0.9375,what,True,False,False
dev,400,105,How do this framework facilitate demographic inference from social media?,free_form,1,Demographic information is predicted using weighted lexicon of terms.,9,69,10,73,6,1.0,how,False,False,False
dev,401,105,What types of features are used from each data type?,extractive,1,"facial presence, Facial Expression, General Image Features, textual content, analytical thinking, clout, authenticity, emotional tone, Sixltr, informal language markers, 1st person singular pronouns",23,198,10,52,5,1.0,what,False,False,False
dev,402,105,How is the data annotated?,free_form,1,The data are self-reported by Twitter users and then verified by two human experts.,14,83,5,26,2,1.0,how,False,False,False
dev,403,105,Where does the information on individual-level demographics come from?,free_form,1,From Twitter profile descriptions of the users.,7,47,9,70,4,1.0,where,False,False,False
dev,404,105,What is the source of the user interaction data?,free_form,1,Sociability from ego-network on Twitter,5,39,9,48,4,0.8889,what,False,False,False
dev,405,105,What is the source of the textual data?,free_form,1,Users' tweets,2,13,8,39,3,0.875,what,False,False,False
dev,406,105,What is the source of the visual data?,free_form,1,Profile pictures from the Twitter users' profiles.,7,50,8,38,3,0.875,what,False,False,False
dev,631,173,Do the authors report results only on English data?,yes_no,1,Yes,1,3,9,51,5,1.0,boolean,False,False,False
dev,632,173,What other interesting correlations are observed?,extractive,1,Women-Yoga,1,10,6,49,3,1.0,what,False,False,False
dev,1459,454,Does the proposed method outperform a baseline?,yes_no,1,No,1,2,7,47,4,1.0,boolean,False,True,False
dev,1460,454,What type of RNN is used?,extractive,1,"RNN, LSTM",2,9,6,25,3,1.0,what,False,False,False
