question_id,paper_id,passage_rank,layer,match_category,query_to_passage_raw,query_to_passage_norm,answer_to_passage_raw,answer_to_passage_norm,passage_tokens
1001,293,1,0,WEAK,0.284706,0.00016591,0.675205,0.00016501,132
1001,293,2,0,STRONG,0.58133,0.00018632,1.362426,0.00018312,240
1001,293,3,0,WEAK,0.684501,0.00019795,1.622275,0.00019673,266
1001,293,4,0,WEAK,0.706855,0.00019844,1.68114,0.00019792,274
1001,293,5,0,WEAK,0.404758,0.00018533,0.981133,0.00018839,168
1001,293,6,0,STRONG,0.683726,0.00022967,1.590285,0.00022402,229
1001,293,7,0,WEAK,0.069813,0.00025572,0.158637,0.00024368,21
1001,293,8,0,PARTIAL,0.695574,0.00023263,1.630877,0.00022873,230
1001,293,9,0,PARTIAL,0.163635,0.0002375,0.380271,0.00023145,53
1001,293,10,0,PARTIAL,1.355729,0.00038913,2.909351,0.00035019,268
1001,293,1,4,WEAK,0.199932,0.00011651,0.356061,8.701e-05,132
1001,293,2,4,STRONG,0.166292,5.33e-05,0.32653,4.389e-05,240
1001,293,3,4,WEAK,0.133637,3.865e-05,0.318846,3.867e-05,266
1001,293,4,4,WEAK,0.14358,4.031e-05,0.344611,4.057e-05,274
1001,293,5,4,WEAK,0.094897,4.345e-05,0.263733,5.064e-05,168
1001,293,6,4,STRONG,0.126895,4.263e-05,0.422997,5.959e-05,229
1001,293,7,4,WEAK,0.015662,5.737e-05,0.035486,5.451e-05,21
1001,293,8,4,PARTIAL,0.121686,4.07e-05,0.5021,7.042e-05,230
1001,293,9,4,PARTIAL,0.030079,4.366e-05,0.152352,9.273e-05,53
1001,293,10,4,PARTIAL,0.189196,5.43e-05,0.627653,7.555e-05,268
1001,293,1,8,WEAK,0.269974,0.00015733,0.353685,8.643e-05,132
1001,293,2,8,STRONG,0.312854,0.00010027,0.437992,5.887e-05,240
1001,293,3,8,WEAK,0.256427,7.415e-05,0.394516,4.784e-05,266
1001,293,4,8,WEAK,0.193058,5.42e-05,0.29896,3.52e-05,274
1001,293,5,8,WEAK,0.161731,7.405e-05,0.327428,6.287e-05,168
1001,293,6,8,STRONG,0.285836,9.601e-05,0.510676,7.194e-05,229
1001,293,7,8,WEAK,0.032659,0.00011963,0.051125,7.853e-05,21
1001,293,8,8,PARTIAL,0.200968,6.721e-05,0.639603,8.971e-05,230
1001,293,9,8,PARTIAL,0.067263,9.762e-05,0.129109,7.858e-05,53
1001,293,10,8,PARTIAL,0.394933,0.00011336,0.827646,9.962e-05,268
1001,293,1,16,WEAK,0.723471,0.0004216,0.978755,0.00023919,132
1001,293,2,16,STRONG,0.706162,0.00022633,0.768224,0.00010326,240
1001,293,3,16,WEAK,0.274727,7.945e-05,0.291703,3.538e-05,266
1001,293,4,16,WEAK,0.540169,0.00015165,0.484046,5.699e-05,274
1001,293,5,16,WEAK,0.473546,0.00021683,1.014078,0.00019472,168
1001,293,6,16,STRONG,1.1533,0.0003874,2.473483,0.00034843,229
1001,293,7,16,WEAK,0.0627,0.00022967,0.085275,0.00013099,21
1001,293,8,16,PARTIAL,0.831948,0.00027824,3.429869,0.00048105,230
1001,293,9,16,PARTIAL,0.185843,0.00026973,1.669985,0.00101642,53
1001,293,10,16,PARTIAL,0.429372,0.00012324,0.820292,9.874e-05,268
1001,293,1,24,WEAK,0.611621,0.00035642,0.757511,0.00018512,132
1001,293,2,24,STRONG,0.69457,0.00022262,0.903295,0.00012141,240
1001,293,3,24,WEAK,0.287805,8.323e-05,0.44278,5.37e-05,266
1001,293,4,24,WEAK,0.428937,0.00012042,0.620766,7.308e-05,274
1001,293,5,24,WEAK,0.267617,0.00012254,0.717641,0.0001378,168
1001,293,6,24,STRONG,0.579003,0.00019449,1.760863,0.00024804,229
1001,293,7,24,WEAK,0.030568,0.00011197,0.04652,7.146e-05,21
1001,293,8,24,PARTIAL,0.317677,0.00010625,2.046816,0.00028707,230
1001,293,9,24,PARTIAL,0.054795,7.953e-05,0.409208,0.00024906,53
1001,293,10,24,PARTIAL,0.214909,6.168e-05,0.631613,7.602e-05,268
1001,293,1,31,WEAK,0.735173,0.00042842,1.13745,0.00027797,132
1001,293,2,31,STRONG,1.045325,0.00033504,1.560266,0.00020971,240
1001,293,3,31,WEAK,0.452712,0.00013092,0.677793,8.22e-05,266
1001,293,4,31,WEAK,0.719412,0.00020197,1.154909,0.00013597,274
1001,293,5,31,WEAK,0.391056,0.00017905,0.962298,0.00018477,168
1001,293,6,31,STRONG,0.777828,0.00026128,2.190511,0.00030857,229
1001,293,7,31,WEAK,0.084943,0.00031115,0.122695,0.00018847,21
1001,293,8,31,PARTIAL,0.560755,0.00018754,2.816818,0.00039507,230
1001,293,9,31,PARTIAL,0.140473,0.00020388,0.987061,0.00060077,53
1001,293,10,31,PARTIAL,0.57047,0.00016374,1.697302,0.0002043,268
105,28,1,0,WEAK,0.035485,0.00014081,0.07816,0.00013957,28
105,28,2,0,NONE,0.279096,0.00017228,0.634497,0.00017625,180
105,28,3,0,STRONG,0.499445,0.0002102,1.125558,0.00021317,264
105,28,4,0,WEAK,0.370968,0.0001754,0.844758,0.00017974,235
105,28,5,0,NONE,0.173214,0.00018157,0.393503,0.00018561,106
105,28,6,0,NONE,0.204511,0.0001976,0.4596,0.00019983,115
105,28,7,0,NONE,0.403769,0.00019338,0.892095,0.00019226,232
105,28,8,0,WEAK,0.499633,0.0002177,1.141883,0.0002239,255
105,28,9,0,WEAK,0.503963,0.00022949,1.137482,0.00023309,244
105,28,10,0,NONE,0.835959,0.00036283,1.730535,0.000338,256
105,28,1,4,WEAK,0.078166,0.00031018,0.093306,0.00016662,28
105,28,2,4,NONE,0.188476,0.00011634,0.287168,7.977e-05,180
105,28,3,4,STRONG,0.129232,5.439e-05,0.678169,0.00012844,264
105,28,4,4,WEAK,0.08632,4.081e-05,0.1865,3.968e-05,235
105,28,5,4,NONE,0.057882,6.067e-05,0.102535,4.837e-05,106
105,28,6,4,NONE,0.055752,5.387e-05,0.169512,7.37e-05,115
105,28,7,4,NONE,0.067751,3.245e-05,0.190302,4.101e-05,232
105,28,8,4,WEAK,0.069227,3.016e-05,0.191789,3.761e-05,255
105,28,9,4,WEAK,0.086372,3.933e-05,0.185436,3.8e-05,244
105,28,10,4,NONE,0.13399,5.816e-05,0.248092,4.846e-05,256
105,28,1,8,WEAK,0.153351,0.00060853,0.10484,0.00018721,28
105,28,2,8,NONE,0.218658,0.00013497,0.290405,8.067e-05,180
105,28,3,8,STRONG,0.154214,6.49e-05,0.50761,9.614e-05,264
105,28,4,8,WEAK,0.118919,5.623e-05,0.235878,5.019e-05,235
105,28,5,8,NONE,0.093608,9.812e-05,0.102559,4.838e-05,106
105,28,6,8,NONE,0.07962,7.693e-05,0.137603,5.983e-05,115
105,28,7,8,NONE,0.097194,4.655e-05,0.23045,4.967e-05,232
105,28,8,8,WEAK,0.153952,6.708e-05,0.350722,6.877e-05,255
105,28,9,8,WEAK,0.230048,0.00010476,0.278857,5.714e-05,244
105,28,10,8,NONE,0.25182,0.0001093,0.489095,9.553e-05,256
105,28,1,16,WEAK,0.590065,0.00234153,0.342339,0.00061132,28
105,28,2,16,NONE,0.40229,0.00024833,0.250495,6.958e-05,180
105,28,3,16,STRONG,0.86159,0.00036262,3.485233,0.00066008,264
105,28,4,16,WEAK,0.207512,9.811e-05,0.338164,7.195e-05,235
105,28,5,16,NONE,0.224929,0.00023577,0.110174,5.197e-05,106
105,28,6,16,NONE,0.11231,0.00010851,0.27019,0.00011747,115
105,28,7,16,NONE,0.075359,3.609e-05,0.18178,3.918e-05,232
105,28,8,16,WEAK,0.226165,9.855e-05,0.3145,6.167e-05,255
105,28,9,16,WEAK,0.262042,0.00011933,0.476864,9.772e-05,244
105,28,10,16,NONE,0.1281,5.56e-05,0.220079,4.298e-05,256
105,28,1,24,WEAK,0.447741,0.00177675,0.365271,0.00065227,28
105,28,2,24,NONE,0.298579,0.00018431,0.221025,6.14e-05,180
105,28,3,24,STRONG,0.768498,0.00032344,2.689124,0.0005093,264
105,28,4,24,WEAK,0.177385,8.387e-05,0.322822,6.869e-05,235
105,28,5,24,NONE,0.114665,0.00012019,0.068586,3.235e-05,106
105,28,6,24,NONE,0.076832,7.423e-05,0.139386,6.06e-05,115
105,28,7,24,NONE,0.106866,5.118e-05,0.26618,5.737e-05,232
105,28,8,24,WEAK,0.167465,7.297e-05,0.250964,4.921e-05,255
105,28,9,24,WEAK,0.128613,5.857e-05,0.179154,3.671e-05,244
105,28,10,24,NONE,0.090651,3.934e-05,0.220941,4.315e-05,256
105,28,1,31,WEAK,0.473227,0.00187789,0.460402,0.00082215,28
105,28,2,31,NONE,0.546904,0.00033759,0.536618,0.00014906,180
105,28,3,31,STRONG,0.999283,0.00042057,3.980939,0.00075397,264
105,28,4,31,WEAK,0.376386,0.00017796,0.625376,0.00013306,235
105,28,5,31,NONE,0.28813,0.00030202,0.196242,9.257e-05,106
105,28,6,31,NONE,0.188653,0.00018227,0.372122,0.00016179,115
105,28,7,31,NONE,0.245995,0.00011781,0.663371,0.00014297,232
105,28,8,31,WEAK,0.381382,0.00016618,0.905224,0.00017749,255
105,28,9,31,WEAK,0.354585,0.00016147,0.585381,0.00011996,244
105,28,10,31,NONE,0.298848,0.00012971,0.660878,0.00012908,256
1067,317,1,0,STRONG,0.244083,0.0001482,0.024215,0.00013232,183
1067,317,2,0,WEAK,0.475599,0.00020887,0.047173,0.00018645,253
1067,317,3,0,STRONG,0.429482,0.00022195,0.042651,0.00019838,215
1067,317,4,0,PARTIAL,0.407609,0.00015891,0.040094,0.00014068,285
1067,317,5,0,WEAK,0.410377,0.00017952,0.040625,0.00015994,254
1067,317,6,0,PARTIAL,0.250803,0.00020953,0.024248,0.00018232,133
1067,317,7,0,WEAK,0.440014,0.00027467,0.043913,0.0002467,178
1067,317,8,0,WEAK,0.329563,0.00020806,0.032676,0.00018566,176
1067,317,9,0,WEAK,0.648479,0.00028821,0.062786,0.00025115,250
1067,317,10,0,PARTIAL,0.665821,0.00047423,0.062095,0.00039805,156
1067,317,1,4,STRONG,0.163938,9.954e-05,0.005158,2.818e-05,183
1067,317,2,4,WEAK,0.126082,5.537e-05,0.005617,2.22e-05,253
1067,317,3,4,STRONG,0.077828,4.022e-05,0.003269,1.521e-05,215
1067,317,4,4,PARTIAL,0.11302,4.406e-05,0.005096,1.788e-05,285
1067,317,5,4,WEAK,0.073045,3.195e-05,0.003602,1.418e-05,254
1067,317,6,4,PARTIAL,0.052195,4.361e-05,0.002819,2.12e-05,133
1067,317,7,4,WEAK,0.050311,3.141e-05,0.002504,1.407e-05,178
1067,317,8,4,WEAK,0.06007,3.792e-05,0.003371,1.916e-05,176
1067,317,9,4,WEAK,0.096474,4.288e-05,0.004933,1.973e-05,250
1067,317,10,4,PARTIAL,0.119629,8.521e-05,0.007176,4.6e-05,156
1067,317,1,8,STRONG,0.196606,0.00011937,0.005206,2.845e-05,183
1067,317,2,8,WEAK,0.185177,8.132e-05,0.005587,2.208e-05,253
1067,317,3,8,STRONG,0.127269,6.577e-05,0.003699,1.721e-05,215
1067,317,4,8,PARTIAL,0.140378,5.473e-05,0.005922,2.078e-05,285
1067,317,5,8,WEAK,0.12181,5.329e-05,0.004163,1.639e-05,254
1067,317,6,8,PARTIAL,0.102044,8.525e-05,0.003553,2.671e-05,133
1067,317,7,8,WEAK,0.11363,7.093e-05,0.006462,3.63e-05,178
1067,317,8,8,WEAK,0.107835,6.808e-05,0.004478,2.544e-05,176
1067,317,9,8,WEAK,0.194046,8.624e-05,0.007773,3.109e-05,250
1067,317,10,8,PARTIAL,0.249497,0.0001777,0.010118,6.486e-05,156
1067,317,1,16,STRONG,0.750704,0.0004558,0.039305,0.00021478,183
1067,317,2,16,WEAK,0.897129,0.000394,0.023466,9.275e-05,253
1067,317,3,16,STRONG,0.409822,0.00021179,0.007302,3.396e-05,215
1067,317,4,16,PARTIAL,0.323429,0.00012609,0.012083,4.24e-05,285
1067,317,5,16,WEAK,0.331593,0.00014505,0.010097,3.975e-05,254
1067,317,6,16,PARTIAL,0.143312,0.00011973,0.005759,4.33e-05,133
1067,317,7,16,WEAK,0.136516,8.522e-05,0.009067,5.094e-05,178
1067,317,8,16,WEAK,0.14645,9.246e-05,0.005482,3.115e-05,176
1067,317,9,16,WEAK,0.185482,8.244e-05,0.009654,3.861e-05,250
1067,317,10,16,PARTIAL,0.344281,0.00024521,0.017415,0.00011164,156
1067,317,1,24,STRONG,0.421765,0.00025608,0.029018,0.00015857,183
1067,317,2,24,WEAK,0.488687,0.00021462,0.021807,8.62e-05,253
1067,317,3,24,STRONG,0.362622,0.0001874,0.021608,0.0001005,215
1067,317,4,24,PARTIAL,0.361078,0.00014077,0.022537,7.908e-05,285
1067,317,5,24,WEAK,0.294272,0.00012873,0.014473,5.698e-05,254
1067,317,6,24,PARTIAL,0.111965,9.354e-05,0.007119,5.353e-05,133
1067,317,7,24,WEAK,0.142728,8.909e-05,0.014749,8.286e-05,178
1067,317,8,24,WEAK,0.142573,9.001e-05,0.009008,5.118e-05,176
1067,317,9,24,WEAK,0.150626,6.694e-05,0.013208,5.283e-05,250
1067,317,10,24,PARTIAL,0.118861,8.466e-05,0.013533,8.675e-05,156
1067,317,1,31,STRONG,0.670422,0.00040706,0.04805,0.00026257,183
1067,317,2,31,WEAK,0.6287,0.00027611,0.049388,0.00019521,253
1067,317,3,31,STRONG,0.539306,0.00027871,0.033128,0.00015409,215
1067,317,4,31,PARTIAL,0.559969,0.00021831,0.045204,0.00015861,285
1067,317,5,31,WEAK,0.506057,0.00022137,0.030416,0.00011975,254
1067,317,6,31,PARTIAL,0.278715,0.00023284,0.019462,0.00014633,133
1067,317,7,31,WEAK,0.354156,0.00022107,0.034795,0.00019548,178
1067,317,8,31,WEAK,0.326491,0.00020612,0.028702,0.00016308,176
1067,317,9,31,WEAK,0.380775,0.00016923,0.042519,0.00017007,250
1067,317,10,31,PARTIAL,0.395454,0.00028166,0.055209,0.00035391,156
1108,332,1,0,WEAK,0.474402,0.00018524,2.633197,0.00017359,197
1108,332,2,0,STRONG,0.423493,0.00017421,2.314389,0.00016073,187
1108,332,3,0,STRONG,0.557209,0.00017859,3.105656,0.00016805,240
1108,332,4,0,PARTIAL,0.613095,0.00019094,3.474992,0.00018271,247
1108,332,5,0,PARTIAL,0.328436,0.00018996,1.787955,0.00017459,133
1108,332,6,0,PARTIAL,0.557018,0.00022433,3.144198,0.00021379,191
1108,332,7,0,STRONG,0.502363,0.00020665,2.745705,0.00019069,187
1108,332,8,0,STRONG,0.723113,0.00023976,4.035369,0.00022589,232
1108,332,9,0,PARTIAL,0.660816,0.00024322,3.664268,0.00022769,209
1108,332,10,0,PARTIAL,1.256188,0.00036882,6.193223,0.00030699,262
1108,332,1,4,WEAK,0.220782,8.621e-05,0.658804,4.343e-05,197
1108,332,2,4,STRONG,0.145806,5.998e-05,0.494343,3.433e-05,187
1108,332,3,4,STRONG,0.175703,5.632e-05,0.5831,3.155e-05,240
1108,332,4,4,PARTIAL,0.157755,4.913e-05,0.545154,2.866e-05,247
1108,332,5,4,PARTIAL,0.080886,4.678e-05,0.266727,2.604e-05,133
1108,332,6,4,PARTIAL,0.108994,4.39e-05,0.346782,2.358e-05,191
1108,332,7,4,STRONG,0.128132,5.271e-05,0.404031,2.806e-05,187
1108,332,8,4,STRONG,0.116446,3.861e-05,0.543673,3.043e-05,232
1108,332,9,4,PARTIAL,0.181247,6.671e-05,0.724656,4.503e-05,209
1108,332,10,4,PARTIAL,0.310243,9.109e-05,2.605275,0.00012914,262
1108,332,1,8,WEAK,0.292492,0.00011421,1.036632,6.834e-05,197
1108,332,2,8,STRONG,0.177653,7.308e-05,0.736731,5.117e-05,187
1108,332,3,8,STRONG,0.220075,7.054e-05,0.847558,4.586e-05,240
1108,332,4,8,PARTIAL,0.221978,6.913e-05,0.822155,4.323e-05,247
1108,332,5,8,PARTIAL,0.114308,6.611e-05,0.334115,3.263e-05,133
1108,332,6,8,PARTIAL,0.166596,6.709e-05,0.445709,3.031e-05,191
1108,332,7,8,STRONG,0.166092,6.832e-05,0.576279,4.002e-05,187
1108,332,8,8,STRONG,0.182628,6.055e-05,0.762555,4.269e-05,232
1108,332,9,8,PARTIAL,0.236706,8.712e-05,0.773138,4.804e-05,209
1108,332,10,8,PARTIAL,0.438969,0.00012888,3.172745,0.00015727,262
1108,332,1,16,WEAK,1.10133,0.00043004,1.056475,6.965e-05,197
1108,332,2,16,STRONG,0.385423,0.00015854,1.198023,8.32e-05,187
1108,332,3,16,STRONG,1.530196,0.00049045,4.469174,0.00024184,240
1108,332,4,16,PARTIAL,0.691324,0.0002153,1.361746,7.16e-05,247
1108,332,5,16,PARTIAL,0.260195,0.00015049,0.778998,7.607e-05,133
1108,332,6,16,PARTIAL,0.331592,0.00013354,0.541789,3.684e-05,191
1108,332,7,16,STRONG,0.605573,0.0002491,1.021701,7.096e-05,187
1108,332,8,16,STRONG,0.164332,5.449e-05,0.755248,4.228e-05,232
1108,332,9,16,PARTIAL,0.494506,0.000182,1.304242,8.104e-05,209
1108,332,10,16,PARTIAL,0.154355,4.532e-05,10.494565,0.0005202,262
1108,332,1,24,WEAK,0.993332,0.00038787,0.833506,5.495e-05,197
1108,332,2,24,STRONG,0.310026,0.00012753,0.956225,6.641e-05,187
1108,332,3,24,STRONG,0.858445,0.00027514,4.122357,0.00022307,240
1108,332,4,24,PARTIAL,0.370067,0.00011525,0.971705,5.109e-05,247
1108,332,5,24,PARTIAL,0.158021,9.139e-05,0.612713,5.983e-05,133
1108,332,6,24,PARTIAL,0.230498,9.283e-05,0.395344,2.688e-05,191
1108,332,7,24,STRONG,0.257359,0.00010587,0.715723,4.971e-05,187
1108,332,8,24,STRONG,0.090968,3.016e-05,0.660249,3.696e-05,232
1108,332,9,24,PARTIAL,0.204515,7.527e-05,0.950201,5.904e-05,209
1108,332,10,24,PARTIAL,0.12705,3.73e-05,5.81619,0.0002883,262
1108,332,1,31,WEAK,1.135041,0.0004432,1.996629,0.00013163,197
1108,332,2,31,STRONG,0.608638,0.00025037,1.988029,0.00013807,187
1108,332,3,31,STRONG,1.082076,0.00034682,5.004342,0.0002708,240
1108,332,4,31,PARTIAL,0.761181,0.00023705,2.075673,0.00010914,247
1108,332,5,31,PARTIAL,0.399672,0.00023116,1.063803,0.00010388,133
1108,332,6,31,PARTIAL,0.530725,0.00021374,1.104376,7.509e-05,191
1108,332,7,31,STRONG,0.589693,0.00024257,1.669298,0.00011593,187
1108,332,8,31,STRONG,0.328334,0.00010886,1.782246,9.977e-05,232
1108,332,9,31,PARTIAL,0.48729,0.00017935,1.964804,0.00012209,209
1108,332,10,31,PARTIAL,0.392478,0.00011523,9.490856,0.00047045,262
1134,340,1,0,WEAK,0.180241,0.00016194,0.58097,0.00016609,159
1134,340,2,0,STRONG,0.265756,0.00019272,0.842353,0.00019436,197
1134,340,3,0,NONE,0.146903,0.00017785,0.438387,0.00016887,118
1134,340,4,0,PARTIAL,0.278329,0.00017138,0.887252,0.00017383,232
1134,340,5,0,WEAK,0.3606,0.00019222,1.126014,0.00019098,268
1134,340,6,0,NONE,0.371726,0.00020192,1.190571,0.00020577,263
1134,340,7,0,WEAK,0.235423,0.00022273,0.743934,0.00022394,151
1134,340,8,0,NONE,0.170098,0.00026129,0.545316,0.00026653,93
1134,340,9,0,WEAK,0.390899,0.00022248,1.258417,0.00022789,251
1134,340,10,0,WEAK,0.561604,0.00039136,1.658942,0.00036784,205
1134,340,1,4,WEAK,0.102983,9.253e-05,0.43721,0.00012499,159
1134,340,2,4,STRONG,0.08953,6.492e-05,0.505324,0.0001166,197
1134,340,3,4,NONE,0.025179,3.048e-05,0.091729,3.533e-05,118
1134,340,4,4,PARTIAL,0.058854,3.624e-05,0.248496,4.869e-05,232
1134,340,5,4,WEAK,0.059366,3.165e-05,0.338634,5.743e-05,268
1134,340,6,4,NONE,0.085648,4.652e-05,0.265256,4.584e-05,263
1134,340,7,4,WEAK,0.064562,6.108e-05,0.167928,5.055e-05,151
1134,340,8,4,NONE,0.040485,6.219e-05,0.115833,5.661e-05,93
1134,340,9,4,WEAK,0.059985,3.414e-05,0.219804,3.981e-05,251
1134,340,10,4,WEAK,0.164633,0.00011473,0.352224,7.81e-05,205
1134,340,1,8,WEAK,0.155342,0.00013957,0.425863,0.00012174,159
1134,340,2,8,STRONG,0.153324,0.00011118,0.577706,0.0001333,197
1134,340,3,8,NONE,0.047505,5.751e-05,0.084245,3.245e-05,118
1134,340,4,8,PARTIAL,0.096886,5.966e-05,0.36374,7.127e-05,232
1134,340,5,8,WEAK,0.070989,3.784e-05,0.30908,5.242e-05,268
1134,340,6,8,NONE,0.132328,7.188e-05,0.350313,6.054e-05,263
1134,340,7,8,WEAK,0.103239,9.767e-05,0.288022,8.67e-05,151
1134,340,8,8,NONE,0.055332,8.5e-05,0.205231,0.00010031,93
1134,340,9,8,WEAK,0.115472,6.572e-05,0.392787,7.113e-05,251
1134,340,10,8,WEAK,0.214589,0.00014954,0.605573,0.00013427,205
1134,340,1,16,WEAK,0.308934,0.00027757,0.618374,0.00017678,159
1134,340,2,16,STRONG,0.328282,0.00023806,2.033373,0.00046917,197
1134,340,3,16,NONE,0.119569,0.00014476,0.099847,3.846e-05,118
1134,340,4,16,PARTIAL,0.286524,0.00017643,0.841418,0.00016485,232
1134,340,5,16,WEAK,0.137183,7.313e-05,0.919163,0.0001559,268
1134,340,6,16,NONE,0.427724,0.00023233,0.72578,0.00012544,263
1134,340,7,16,WEAK,0.507901,0.00048051,0.519467,0.00015637,151
1134,340,8,16,NONE,0.170952,0.0002626,0.593082,0.00028987,93
1134,340,9,16,WEAK,0.565952,0.00032211,1.452098,0.00026297,251
1134,340,10,16,WEAK,0.234229,0.00016323,0.528572,0.0001172,205
1134,340,1,24,WEAK,0.228135,0.00020497,0.491364,0.00014047,159
1134,340,2,24,STRONG,0.2886,0.00020928,1.767202,0.00040775,197
1134,340,3,24,NONE,0.091775,0.00011111,0.082886,3.193e-05,118
1134,340,4,24,PARTIAL,0.283556,0.0001746,0.37339,7.316e-05,232
1134,340,5,24,WEAK,0.191569,0.00010212,0.583723,9.9e-05,268
1134,340,6,24,NONE,0.324222,0.00017611,0.298092,5.152e-05,263
1134,340,7,24,WEAK,0.299423,0.00028328,0.172141,5.182e-05,151
1134,340,8,24,NONE,0.208147,0.00031973,0.649164,0.00031728,93
1134,340,9,24,WEAK,0.277509,0.00015795,0.545848,9.885e-05,251
1134,340,10,24,WEAK,0.132879,9.26e-05,0.255461,5.664e-05,205
1134,340,1,31,WEAK,0.440879,0.00039612,1.135023,0.00032448,159
1134,340,2,31,STRONG,0.383341,0.00027798,2.28158,0.00052644,197
1134,340,3,31,NONE,0.164676,0.00019937,0.244831,9.431e-05,118
1134,340,4,31,PARTIAL,0.402572,0.00024789,0.892629,0.00017489,232
1134,340,5,31,WEAK,0.371087,0.00019781,1.350573,0.00022907,268
1134,340,6,31,NONE,0.601701,0.00032683,0.975111,0.00016853,263
1134,340,7,31,WEAK,0.412589,0.00039034,0.489484,0.00014735,151
1134,340,8,31,NONE,0.24994,0.00038393,0.733938,0.00035872,93
1134,340,9,31,WEAK,0.46263,0.00026331,1.076047,0.00019487,251
1134,340,10,31,WEAK,0.334382,0.00023302,0.796028,0.0001765,205
116,33,1,0,WEAK,0.151722,0.00022247,0.05166,0.00020831,62
116,33,2,0,WEAK,0.331382,0.00021518,0.109288,0.00019516,140
116,33,3,0,PARTIAL,0.717641,0.00024901,0.237397,0.00022652,262
116,33,4,0,WEAK,0.259602,0.00025652,0.087508,0.00023779,92
116,33,5,0,STRONG,0.635736,0.00024911,0.211563,0.00022798,232
116,33,6,0,NONE,0.424554,0.00029689,0.141901,0.00027289,130
116,33,7,0,NONE,0.129868,0.0002811,0.045178,0.00026892,42
116,33,8,0,NONE,0.712004,0.00031886,0.237681,0.00029271,203
116,33,9,0,NONE,0.538587,0.00037955,0.184504,0.00035757,129
116,33,10,0,WEAK,1.049606,0.00052428,0.327966,0.0004505,182
116,33,1,4,WEAK,0.09133,0.00013391,0.022689,9.149e-05,62
116,33,2,4,WEAK,0.128346,8.334e-05,0.034958,6.242e-05,140
116,33,3,4,PARTIAL,0.115837,4.019e-05,0.033624,3.208e-05,262
116,33,4,4,WEAK,0.045112,4.458e-05,0.010537,2.863e-05,92
116,33,5,4,STRONG,0.12525,4.908e-05,0.086194,9.288e-05,232
116,33,6,4,NONE,0.071949,5.031e-05,0.029741,5.719e-05,130
116,33,7,4,NONE,0.022292,4.825e-05,0.007206,4.289e-05,42
116,33,8,4,NONE,0.139979,6.269e-05,0.04879,6.009e-05,203
116,33,9,4,NONE,0.090483,6.377e-05,0.042035,8.146e-05,129
116,33,10,4,WEAK,0.233577,0.00011667,0.054781,7.525e-05,182
116,33,1,8,WEAK,0.157406,0.0002308,0.031451,0.00012682,62
116,33,2,8,WEAK,0.198723,0.00012904,0.05283,9.434e-05,140
116,33,3,8,PARTIAL,0.189351,6.57e-05,0.066659,6.361e-05,262
116,33,4,8,WEAK,0.080896,7.994e-05,0.015828,4.301e-05,92
116,33,5,8,STRONG,0.177899,6.971e-05,0.074861,8.067e-05,232
116,33,6,8,NONE,0.102101,7.14e-05,0.028953,5.568e-05,130
116,33,7,8,NONE,0.039246,8.495e-05,0.010899,6.487e-05,42
116,33,8,8,NONE,0.191402,8.572e-05,0.074784,9.21e-05,203
116,33,9,8,NONE,0.115339,8.128e-05,0.038303,7.423e-05,129
116,33,10,8,WEAK,0.358436,0.00017904,0.09194,0.00012629,182
116,33,1,16,WEAK,0.279895,0.0004104,0.026084,0.00010518,62
116,33,2,16,WEAK,0.498177,0.00032349,0.032409,5.787e-05,140
116,33,3,16,PARTIAL,0.480438,0.0001667,0.091863,8.766e-05,262
116,33,4,16,WEAK,0.441387,0.00043615,0.035369,9.611e-05,92
116,33,5,16,STRONG,0.802112,0.00031431,0.713941,0.00076933,232
116,33,6,16,NONE,0.275761,0.00019284,0.034875,6.707e-05,130
116,33,7,16,NONE,0.17286,0.00037416,0.014401,8.572e-05,42
116,33,8,16,NONE,0.62726,0.0002809,0.143748,0.00017703,203
116,33,9,16,NONE,0.25727,0.0001813,0.085047,0.00016482,129
116,33,10,16,WEAK,0.47671,0.00023812,0.059529,8.177e-05,182
116,33,1,24,WEAK,0.255857,0.00037516,0.04745,0.00019133,62
116,33,2,24,WEAK,0.44714,0.00029035,0.087812,0.00015681,140
116,33,3,24,PARTIAL,0.380913,0.00013217,0.120339,0.00011483,262
116,33,4,24,WEAK,0.269525,0.00026633,0.05663,0.00015389,92
116,33,5,24,STRONG,0.495501,0.00019416,0.420089,0.00045268,232
116,33,6,24,NONE,0.203579,0.00014236,0.053652,0.00010318,130
116,33,7,24,NONE,0.07923,0.00017149,0.012994,7.735e-05,42
116,33,8,24,NONE,0.401994,0.00018002,0.148759,0.0001832,203
116,33,9,24,NONE,0.307706,0.00021685,0.092738,0.00017972,129
116,33,10,24,WEAK,0.327487,0.00016358,0.060178,8.266e-05,182
116,33,1,31,WEAK,0.346874,0.00050861,0.071735,0.00028926,62
116,33,2,31,WEAK,0.605727,0.00039333,0.155114,0.00027699,140
116,33,3,31,PARTIAL,0.79017,0.00027417,0.281224,0.00026834,262
116,33,4,31,WEAK,0.348304,0.00034417,0.087879,0.0002388,92
116,33,5,31,STRONG,0.797376,0.00031245,0.550547,0.00059326,232
116,33,6,31,NONE,0.426295,0.00029811,0.11434,0.00021988,130
116,33,7,31,NONE,0.16585,0.00035898,0.03472,0.00020667,42
116,33,8,31,NONE,0.718648,0.00032183,0.276575,0.00034061,203
116,33,9,31,NONE,0.306615,0.00021608,0.123051,0.00023847,129
116,33,10,31,WEAK,0.603963,0.00030168,0.176131,0.00024194,182
1188,361,1,0,NONE,0.199701,0.00018089,0.024318,0.00017621,138
1188,361,2,0,NONE,0.202882,0.00016684,0.025258,0.00016617,152
1188,361,3,0,NONE,0.247192,0.00018392,0.029745,0.00017705,168
1188,361,4,0,NONE,0.343153,0.0001865,0.041639,0.00018104,230
1188,361,5,0,STRONG,0.33489,0.00018441,0.039757,0.00017514,227
1188,361,6,0,WEAK,0.502659,0.00023271,0.05992,0.00022193,270
1188,361,7,0,NONE,0.442163,0.0001953,0.052044,0.0001839,283
1188,361,8,0,WEAK,0.490902,0.00022982,0.058912,0.00022064,267
1188,361,9,0,NONE,0.54941,0.00025916,0.064179,0.00024218,265
1188,361,10,0,NONE,0.428015,0.00034078,0.044867,0.00028578,157
1188,361,1,4,NONE,0.094117,8.525e-05,0.004298,3.114e-05,138
1188,361,2,4,NONE,0.06648,5.467e-05,0.002937,1.932e-05,152
1188,361,3,4,NONE,0.059233,4.407e-05,0.003852,2.293e-05,168
1188,361,4,4,NONE,0.05639,3.065e-05,0.00414,1.8e-05,230
1188,361,5,4,STRONG,0.06316,3.478e-05,0.003713,1.636e-05,227
1188,361,6,4,WEAK,0.063312,2.931e-05,0.003329,1.233e-05,270
1188,361,7,4,NONE,0.078063,3.448e-05,0.005524,1.952e-05,283
1188,361,8,4,WEAK,0.064999,3.043e-05,0.003443,1.29e-05,267
1188,361,9,4,NONE,0.094131,4.44e-05,0.00582,2.196e-05,265
1188,361,10,4,NONE,0.081049,6.453e-05,0.007164,4.563e-05,157
1188,361,1,8,NONE,0.150553,0.00013637,0.006364,4.611e-05,138
1188,361,2,8,NONE,0.090783,7.466e-05,0.002743,1.805e-05,152
1188,361,3,8,NONE,0.054235,4.035e-05,0.003403,2.025e-05,168
1188,361,4,8,NONE,0.050767,2.759e-05,0.003251,1.414e-05,230
1188,361,5,8,STRONG,0.084815,4.67e-05,0.006462,2.847e-05,227
1188,361,6,8,WEAK,0.06301,2.917e-05,0.003277,1.214e-05,270
1188,361,7,8,NONE,0.097395,4.302e-05,0.005735,2.026e-05,283
1188,361,8,8,WEAK,0.085419,3.999e-05,0.005207,1.95e-05,267
1188,361,9,8,NONE,0.113698,5.363e-05,0.006697,2.527e-05,265
1188,361,10,8,NONE,0.124558,9.917e-05,0.010172,6.479e-05,157
1188,361,1,16,NONE,0.482664,0.0004372,0.014301,0.00010363,138
1188,361,2,16,NONE,0.39732,0.00032674,0.008278,5.446e-05,152
1188,361,3,16,NONE,0.115266,8.576e-05,0.005984,3.562e-05,168
1188,361,4,16,NONE,0.094799,5.152e-05,0.003128,1.36e-05,230
1188,361,5,16,STRONG,0.225983,0.00012444,0.016595,7.31e-05,227
1188,361,6,16,WEAK,0.13653,6.321e-05,0.005564,2.061e-05,270
1188,361,7,16,NONE,0.070427,3.111e-05,0.002713,9.59e-06,283
1188,361,8,16,WEAK,0.086573,4.053e-05,0.006346,2.377e-05,267
1188,361,9,16,NONE,0.197868,9.333e-05,0.005291,1.997e-05,265
1188,361,10,16,NONE,0.173159,0.00013787,0.012663,8.066e-05,157
1188,361,1,24,NONE,0.171418,0.00015527,0.015191,0.00011008,138
1188,361,2,24,NONE,0.250423,0.00020594,0.011716,7.708e-05,152
1188,361,3,24,NONE,0.11047,8.219e-05,0.01204,7.167e-05,168
1188,361,4,24,NONE,0.1327,7.212e-05,0.010668,4.638e-05,230
1188,361,5,24,STRONG,0.229816,0.00012655,0.019441,8.564e-05,227
1188,361,6,24,WEAK,0.195091,9.032e-05,0.017193,6.368e-05,270
1188,361,7,24,NONE,0.140569,6.209e-05,0.010559,3.731e-05,283
1188,361,8,24,WEAK,0.083407,3.905e-05,0.011021,4.128e-05,267
1188,361,9,24,NONE,0.186509,8.798e-05,0.014363,5.42e-05,265
1188,361,10,24,NONE,0.147527,0.00011746,0.021512,0.00013702,157
1188,361,1,31,NONE,0.414484,0.00037544,0.038168,0.00027658,138
1188,361,2,31,NONE,0.422399,0.00034737,0.032265,0.00021227,152
1188,361,3,31,NONE,0.292079,0.00021732,0.025742,0.00015323,168
1188,361,4,31,NONE,0.307061,0.00016688,0.030242,0.00013149,230
1188,361,5,31,STRONG,0.32781,0.00018051,0.039678,0.00017479,227
1188,361,6,31,WEAK,0.356416,0.00016501,0.033161,0.00012282,270
1188,361,7,31,NONE,0.275579,0.00012172,0.029114,0.00010288,283
1188,361,8,31,WEAK,0.244976,0.00011469,0.028001,0.00010487,267
1188,361,9,31,NONE,0.352702,0.00016637,0.046666,0.0001761,265
1188,361,10,31,NONE,0.291748,0.00023228,0.051466,0.00032781,157
1378,423,1,0,NONE,0.309424,0.00017114,0.510916,0.0001739,226
1378,423,2,0,WEAK,0.285447,0.00014805,0.489805,0.00015634,241
1378,423,3,0,NONE,0.290526,0.00014883,0.487915,0.00015382,244
1378,423,4,0,NONE,0.286677,0.00014869,0.48256,0.00015402,241
1378,423,5,0,WEAK,0.316413,0.00015633,0.53476,0.00016259,253
1378,423,6,0,WEAK,0.373108,0.00017869,0.625392,0.00018432,261
1378,423,7,0,NONE,0.25896,0.00013833,0.433273,0.00014243,234
1378,423,8,0,NONE,0.341861,0.00022141,0.557622,0.00022225,193
1378,423,9,0,WEAK,0.419649,0.00019006,0.685755,0.00019112,276
1378,423,10,0,WEAK,0.733071,0.00033443,1.081742,0.00030369,274
1378,423,1,4,NONE,0.118101,6.532e-05,0.129028,4.392e-05,226
1378,423,2,4,WEAK,0.09597,4.978e-05,0.09501,3.033e-05,241
1378,423,3,4,NONE,0.097841,5.012e-05,0.095972,3.026e-05,244
1378,423,4,4,NONE,0.062207,3.226e-05,0.0722,2.304e-05,241
1378,423,5,4,WEAK,0.073662,3.639e-05,0.085121,2.588e-05,253
1378,423,6,4,WEAK,0.065639,3.144e-05,0.081796,2.411e-05,261
1378,423,7,4,NONE,0.040526,2.165e-05,0.056687,1.863e-05,234
1378,423,8,4,NONE,0.038084,2.467e-05,0.059327,2.365e-05,193
1378,423,9,4,WEAK,0.115082,5.212e-05,0.154193,4.297e-05,276
1378,423,10,4,WEAK,0.165801,7.564e-05,0.238603,6.699e-05,274
1378,423,1,8,NONE,0.140888,7.792e-05,0.127658,4.345e-05,226
1378,423,2,8,WEAK,0.105719,5.483e-05,0.094692,3.022e-05,241
1378,423,3,8,NONE,0.124218,6.364e-05,0.122891,3.874e-05,244
1378,423,4,8,NONE,0.088142,4.572e-05,0.08033,2.564e-05,241
1378,423,5,8,WEAK,0.104486,5.162e-05,0.101514,3.086e-05,253
1378,423,6,8,WEAK,0.089193,4.272e-05,0.086979,2.563e-05,261
1378,423,7,8,NONE,0.075632,4.04e-05,0.068324,2.246e-05,234
1378,423,8,8,NONE,0.055494,3.594e-05,0.065659,2.617e-05,193
1378,423,9,8,WEAK,0.181496,8.22e-05,0.145241,4.048e-05,276
1378,423,10,8,WEAK,0.244694,0.00011163,0.232949,6.54e-05,274
1378,423,1,16,NONE,0.374993,0.00020741,0.178469,6.075e-05,226
1378,423,2,16,WEAK,0.236708,0.00012277,0.203259,6.488e-05,241
1378,423,3,16,NONE,0.442905,0.0002269,0.487418,0.00015366,244
1378,423,4,16,NONE,0.276463,0.00014339,0.296351,9.459e-05,241
1378,423,5,16,WEAK,0.30595,0.00015116,0.247752,7.533e-05,253
1378,423,6,16,WEAK,0.160855,7.704e-05,0.115965,3.418e-05,261
1378,423,7,16,NONE,0.240501,0.00012847,0.199652,6.563e-05,234
1378,423,8,16,NONE,0.164573,0.00010659,0.148109,5.903e-05,193
1378,423,9,16,WEAK,0.440841,0.00019966,0.326201,9.091e-05,276
1378,423,10,16,WEAK,0.283319,0.00012925,0.27217,7.641e-05,274
1378,423,1,24,NONE,0.29041,0.00016062,0.205715,7.002e-05,226
1378,423,2,24,WEAK,0.269184,0.00013962,0.227939,7.275e-05,241
1378,423,3,24,NONE,0.258464,0.00013241,0.211205,6.658e-05,244
1378,423,4,24,NONE,0.214898,0.00011146,0.17367,5.543e-05,241
1378,423,5,24,WEAK,0.285837,0.00014122,0.225344,6.851e-05,253
1378,423,6,24,WEAK,0.213021,0.00010202,0.155377,4.579e-05,261
1378,423,7,24,NONE,0.139516,7.453e-05,0.128259,4.216e-05,234
1378,423,8,24,NONE,0.102151,6.616e-05,0.118221,4.712e-05,193
1378,423,9,24,WEAK,0.221402,0.00010027,0.241137,6.721e-05,276
1378,423,10,24,WEAK,0.173183,7.901e-05,0.209313,5.876e-05,274
1378,423,1,31,NONE,0.39458,0.00021824,0.431924,0.00014701,226
1378,423,2,31,WEAK,0.429088,0.00022256,0.585955,0.00018703,241
1378,423,3,31,NONE,0.466825,0.00023915,0.539112,0.00016996,244
1378,423,4,31,NONE,0.420554,0.00021813,0.498014,0.00015896,241
1378,423,5,31,WEAK,0.477546,0.00023594,0.49333,0.00014999,253
1378,423,6,31,WEAK,0.313667,0.00015022,0.381647,0.00011248,261
1378,423,7,31,NONE,0.325953,0.00017412,0.353416,0.00011618,234
1378,423,8,31,NONE,0.166013,0.00010752,0.32679,0.00013025,193
1378,423,9,31,WEAK,0.418136,0.00018937,0.616473,0.00017182,276
1378,423,10,31,WEAK,0.440355,0.00020089,0.592297,0.00016628,274
1403,431,1,0,NONE,0.067122,0.00015255,0.160419,0.00016042,40
1403,431,2,0,PARTIAL,0.403374,0.00016154,0.976954,0.00017215,227
1403,431,3,0,PARTIAL,0.254241,0.00016748,0.606754,0.00017587,138
1403,431,4,0,PARTIAL,0.493097,0.00016916,1.200887,0.00018127,265
1403,431,5,0,WEAK,0.534676,0.00019759,1.27449,0.00020723,246
1403,431,6,0,WEAK,0.530618,0.00017478,1.271232,0.00018424,276
1403,431,7,0,WEAK,0.535461,0.00022228,1.267761,0.00023155,219
1403,431,8,0,WEAK,0.205003,0.00021421,0.496479,0.00022827,87
1403,431,9,0,STRONG,0.698377,0.00023514,1.666937,0.00024695,270
1403,431,10,0,WEAK,0.846552,0.00040936,1.74555,0.00037139,188
1403,431,1,4,NONE,0.028338,6.441e-05,0.05016,5.016e-05,40
1403,431,2,4,PARTIAL,0.108701,4.353e-05,0.220957,3.894e-05,227
1403,431,3,4,PARTIAL,0.071361,4.701e-05,0.205253,5.949e-05,138
1403,431,4,4,PARTIAL,0.091379,3.135e-05,0.229383,3.462e-05,265
1403,431,5,4,WEAK,0.079212,2.927e-05,0.19389,3.153e-05,246
1403,431,6,4,WEAK,0.092959,3.062e-05,0.277101,4.016e-05,276
1403,431,7,4,WEAK,0.052621,2.184e-05,0.160686,2.935e-05,219
1403,431,8,4,WEAK,0.058284,6.09e-05,0.151047,6.945e-05,87
1403,431,9,4,STRONG,0.129093,4.347e-05,0.590443,8.747e-05,270
1403,431,10,4,WEAK,0.225652,0.00010912,0.550063,0.00011703,188
1403,431,1,8,NONE,0.062362,0.00014173,0.052869,5.287e-05,40
1403,431,2,8,PARTIAL,0.177352,7.103e-05,0.228149,4.02e-05,227
1403,431,3,8,PARTIAL,0.084931,5.595e-05,0.140878,4.083e-05,138
1403,431,4,8,PARTIAL,0.174227,5.977e-05,0.286814,4.329e-05,265
1403,431,5,8,WEAK,0.122372,4.522e-05,0.158509,2.577e-05,246
1403,431,6,8,WEAK,0.133727,4.405e-05,0.213749,3.098e-05,276
1403,431,7,8,WEAK,0.133369,5.536e-05,0.206909,3.779e-05,219
1403,431,8,8,WEAK,0.099811,0.0001043,0.162997,7.494e-05,87
1403,431,9,8,STRONG,0.234614,7.899e-05,0.49511,7.335e-05,270
1403,431,10,8,WEAK,0.58421,0.0002825,0.770734,0.00016399,188
1403,431,1,16,NONE,0.124052,0.00028194,0.038774,3.877e-05,40
1403,431,2,16,PARTIAL,0.921121,0.00036889,0.63548,0.00011198,227
1403,431,3,16,PARTIAL,0.267816,0.00017643,0.366077,0.00010611,138
1403,431,4,16,PARTIAL,0.305747,0.00010489,0.238844,3.605e-05,265
1403,431,5,16,WEAK,0.247354,9.141e-05,0.192369,3.128e-05,246
1403,431,6,16,WEAK,0.274386,9.038e-05,0.278586,4.037e-05,276
1403,431,7,16,WEAK,0.230524,9.569e-05,0.28013,5.117e-05,219
1403,431,8,16,WEAK,0.300701,0.00031421,0.462744,0.00021276,87
1403,431,9,16,STRONG,0.499092,0.00016804,1.641046,0.00024312,270
1403,431,10,16,WEAK,0.577228,0.00027912,0.736912,0.00015679,188
1403,431,1,24,NONE,0.141461,0.0003215,0.056421,5.642e-05,40
1403,431,2,24,PARTIAL,0.539708,0.00021614,0.404898,7.135e-05,227
1403,431,3,24,PARTIAL,0.306488,0.0002019,0.338188,9.803e-05,138
1403,431,4,24,PARTIAL,0.319649,0.00010966,0.24219,3.656e-05,265
1403,431,5,24,WEAK,0.166012,6.135e-05,0.145842,2.371e-05,246
1403,431,6,24,WEAK,0.254913,8.396e-05,0.241702,3.503e-05,276
1403,431,7,24,WEAK,0.166299,6.903e-05,0.207892,3.797e-05,219
1403,431,8,24,WEAK,0.216132,0.00022584,0.271454,0.00012481,87
1403,431,9,24,STRONG,0.353536,0.00011904,0.891405,0.00013206,270
1403,431,10,24,WEAK,0.246535,0.00011921,0.312624,6.652e-05,188
1403,431,1,31,NONE,0.153999,0.00035,0.14475,0.00014475,40
1403,431,2,31,PARTIAL,0.723833,0.00028988,1.021672,0.00018003,227
1403,431,3,31,PARTIAL,0.616753,0.00040629,1.014531,0.00029407,138
1403,431,4,31,PARTIAL,0.673031,0.00023089,0.679703,0.0001026,265
1403,431,5,31,WEAK,0.398848,0.00014739,0.493774,8.029e-05,246
1403,431,6,31,WEAK,0.500732,0.00016493,0.909779,0.00013185,276
1403,431,7,31,WEAK,0.363509,0.0001509,0.77187,0.00014098,219
1403,431,8,31,WEAK,0.33547,0.00035054,0.536644,0.00024673,87
1403,431,9,31,STRONG,0.757158,0.00025494,3.124957,0.00046296,270
1403,431,10,31,WEAK,0.586119,0.00028342,0.973053,0.00020703,188
1420,438,1,0,STRONG,0.293104,0.00015861,2.450364,0.00015469,264
1420,438,2,0,WEAK,0.161987,0.0001394,1.3621,0.00013676,166
1420,438,3,0,NONE,0.381158,0.00019873,3.140247,0.00019101,274
1420,438,4,0,WEAK,0.29703,0.00015047,2.472047,0.0001461,282
1420,438,5,0,NONE,0.253705,0.00021834,2.08621,0.00020946,166
1420,438,6,0,STRONG,0.287952,0.00015883,2.383992,0.00015341,259
1420,438,7,0,WEAK,0.196683,0.00021286,1.639792,0.00020704,132
1420,438,8,0,NONE,0.185538,0.0002285,1.527085,0.00021941,116
1420,438,9,0,NONE,0.422189,0.00025235,3.517719,0.00024531,239
1420,438,10,0,NONE,0.710614,0.00041949,5.157236,0.00035518,242
1420,438,1,4,STRONG,0.095853,5.187e-05,1.03475,6.533e-05,264
1420,438,2,4,WEAK,0.053171,4.576e-05,0.50866,5.107e-05,166
1420,438,3,4,NONE,0.051151,2.667e-05,0.604827,3.679e-05,274
1420,438,4,4,WEAK,0.042825,2.169e-05,0.524892,3.102e-05,282
1420,438,5,4,NONE,0.026661,2.294e-05,0.369643,3.711e-05,166
1420,438,6,4,STRONG,0.051572,2.845e-05,1.486088,9.563e-05,259
1420,438,7,4,WEAK,0.03779,4.09e-05,0.556993,7.033e-05,132
1420,438,8,4,NONE,0.018773,2.312e-05,0.227626,3.27e-05,116
1420,438,9,4,NONE,0.029411,1.758e-05,0.429349,2.994e-05,239
1420,438,10,4,NONE,0.084591,4.994e-05,0.780517,5.375e-05,242
1420,438,1,8,STRONG,0.233234,0.00012621,1.131873,7.146e-05,264
1420,438,2,8,WEAK,0.082772,7.123e-05,0.527197,5.293e-05,166
1420,438,3,8,NONE,0.076311,3.979e-05,0.505537,3.075e-05,274
1420,438,4,8,WEAK,0.076822,3.892e-05,0.526226,3.11e-05,282
1420,438,5,8,NONE,0.037379,3.217e-05,0.293924,2.951e-05,166
1420,438,6,8,STRONG,0.082898,4.572e-05,1.100021,7.079e-05,259
1420,438,7,8,WEAK,0.072637,7.861e-05,0.535541,6.762e-05,132
1420,438,8,8,NONE,0.033645,4.143e-05,0.256262,3.682e-05,116
1420,438,9,8,NONE,0.045799,2.738e-05,0.435505,3.037e-05,239
1420,438,10,8,NONE,0.142503,8.412e-05,1.231862,8.484e-05,242
1420,438,1,16,STRONG,0.890638,0.00048195,2.872295,0.00018133,264
1420,438,2,16,WEAK,0.181751,0.00015641,0.376421,3.779e-05,166
1420,438,3,16,NONE,0.148581,7.747e-05,0.486112,2.957e-05,274
1420,438,4,16,WEAK,0.232761,0.00011791,0.661235,3.908e-05,282
1420,438,5,16,NONE,0.068622,5.906e-05,0.253077,2.541e-05,166
1420,438,6,16,STRONG,0.391463,0.00021592,7.772994,0.00050019,259
1420,438,7,16,WEAK,0.329407,0.0003565,1.634266,0.00020635,132
1420,438,8,16,NONE,0.148593,0.000183,0.300756,4.321e-05,116
1420,438,9,16,NONE,0.044724,2.673e-05,0.193092,1.347e-05,239
1420,438,10,16,NONE,0.177769,0.00010494,0.786171,5.414e-05,242
1420,438,1,24,STRONG,0.611083,0.00033067,3.396757,0.00021444,264
1420,438,2,24,WEAK,0.192843,0.00016596,0.59734,5.997e-05,166
1420,438,3,24,NONE,0.164308,8.567e-05,0.816914,4.969e-05,274
1420,438,4,24,WEAK,0.193033,9.779e-05,0.763705,4.514e-05,282
1420,438,5,24,NONE,0.120683,0.00010386,0.414028,4.157e-05,166
1420,438,6,24,STRONG,0.410164,0.00022623,4.993806,0.00032135,259
1420,438,7,24,WEAK,0.264661,0.00028643,0.958018,0.00012096,132
1420,438,8,24,NONE,0.07364,9.069e-05,0.152158,2.186e-05,116
1420,438,9,24,NONE,0.058505,3.497e-05,0.343504,2.395e-05,239
1420,438,10,24,NONE,0.113968,6.728e-05,0.546256,3.762e-05,242
1420,438,1,31,STRONG,0.742976,0.00040204,5.774745,0.00036457,264
1420,438,2,31,WEAK,0.341684,0.00029405,1.372199,0.00013777,166
1420,438,3,31,NONE,0.338128,0.00017629,1.930487,0.00011743,274
1420,438,4,31,WEAK,0.446408,0.00022614,1.699453,0.00010044,282
1420,438,5,31,NONE,0.230171,0.00019808,1.184154,0.00011889,166
1420,438,6,31,STRONG,0.619687,0.0003418,8.979744,0.00057785,259
1420,438,7,31,WEAK,0.372815,0.00040348,1.904911,0.00024052,132
1420,438,8,31,NONE,0.164985,0.00020318,0.463555,6.66e-05,116
1420,438,9,31,NONE,0.162576,9.718e-05,1.14573,7.99e-05,239
1420,438,10,31,NONE,0.299185,0.00017661,1.507026,0.00010379,242
1460,454,1,0,STRONG,0.077341,0.00016386,0.050348,0.00017067,59
1460,454,2,0,NONE,0.11926,0.00013803,0.078822,0.00014597,108
1460,454,3,0,NONE,0.383122,0.00018072,0.249697,0.00018845,265
1460,454,4,0,PARTIAL,0.349645,0.00021216,0.225574,0.000219,206
1460,454,5,0,PARTIAL,0.413273,0.00019946,0.266981,0.00020616,259
1460,454,6,0,WEAK,0.2309,0.00021866,0.149023,0.00022579,132
1460,454,7,0,NONE,0.356096,0.00017594,0.229992,0.00018181,253
1460,454,8,0,WEAK,0.093771,0.0002664,0.060049,0.00027295,44
1460,454,9,0,NONE,0.628326,0.0002805,0.4099,0.00029279,280
1460,454,10,0,STRONG,0.595642,0.00049637,0.353731,0.00047164,150
1460,454,1,4,STRONG,0.060352,0.00012786,0.035758,0.00012121,59
1460,454,2,4,NONE,0.055516,6.425e-05,0.037112,6.873e-05,108
1460,454,3,4,NONE,0.045463,2.144e-05,0.027333,2.063e-05,265
1460,454,4,4,PARTIAL,0.076499,4.642e-05,0.052548,5.102e-05,206
1460,454,5,4,PARTIAL,0.057312,2.766e-05,0.037894,2.926e-05,259
1460,454,6,4,WEAK,0.042588,4.033e-05,0.03295,4.992e-05,132
1460,454,7,4,NONE,0.050421,2.491e-05,0.039469,3.12e-05,253
1460,454,8,4,WEAK,0.028794,8.18e-05,0.02147,9.759e-05,44
1460,454,9,4,NONE,0.064546,2.882e-05,0.048032,3.431e-05,280
1460,454,10,4,STRONG,0.131328,0.00010944,0.077376,0.00010317,150
1460,454,1,8,STRONG,0.132166,0.00028001,0.044418,0.00015057,59
1460,454,2,8,NONE,0.084551,9.786e-05,0.029121,5.393e-05,108
1460,454,3,8,NONE,0.126535,5.969e-05,0.045559,3.438e-05,265
1460,454,4,8,PARTIAL,0.1128,6.845e-05,0.0446,4.33e-05,206
1460,454,5,8,PARTIAL,0.08524,4.114e-05,0.034828,2.689e-05,259
1460,454,6,8,WEAK,0.072387,6.855e-05,0.021994,3.332e-05,132
1460,454,7,8,NONE,0.106549,5.264e-05,0.047716,3.772e-05,253
1460,454,8,8,WEAK,0.060045,0.00017058,0.018052,8.206e-05,44
1460,454,9,8,NONE,0.136827,6.108e-05,0.048096,3.435e-05,280
1460,454,10,8,STRONG,0.190541,0.00015878,0.056783,7.571e-05,150
1460,454,1,16,STRONG,0.190564,0.00040374,0.034741,0.00011777,59
1460,454,2,16,NONE,0.262013,0.00030326,0.078457,0.00014529,108
1460,454,3,16,NONE,0.327142,0.00015431,0.046457,3.506e-05,265
1460,454,4,16,PARTIAL,0.390125,0.00023673,0.135774,0.00013182,206
1460,454,5,16,PARTIAL,0.17516,8.454e-05,0.025242,1.949e-05,259
1460,454,6,16,WEAK,0.350796,0.00033219,0.347601,0.00052667,132
1460,454,7,16,NONE,0.479905,0.00023711,0.365142,0.00028865,253
1460,454,8,16,WEAK,0.258272,0.00073373,0.177999,0.00080909,44
1460,454,9,16,NONE,0.180676,8.066e-05,0.062284,4.449e-05,280
1460,454,10,16,STRONG,0.303958,0.0002533,0.174049,0.00023206,150
1460,454,1,24,STRONG,0.178587,0.00037836,0.067986,0.00023046,59
1460,454,2,24,NONE,0.204615,0.00023682,0.096878,0.0001794,108
1460,454,3,24,NONE,0.424218,0.0002001,0.116155,8.766e-05,265
1460,454,4,24,PARTIAL,0.421623,0.00025584,0.173026,0.00016799,206
1460,454,5,24,PARTIAL,0.251994,0.00012162,0.078623,6.071e-05,259
1460,454,6,24,WEAK,0.203146,0.00019237,0.160087,0.00024256,132
1460,454,7,24,NONE,0.254829,0.0001259,0.184674,0.00014599,253
1460,454,8,24,WEAK,0.122474,0.00034794,0.070566,0.00032075,44
1460,454,9,24,NONE,0.234814,0.00010483,0.142406,0.00010172,280
1460,454,10,24,STRONG,0.151269,0.00012606,0.073654,9.821e-05,150
1460,454,1,31,STRONG,0.276989,0.00058684,0.123769,0.00041955,59
1460,454,2,31,NONE,0.379883,0.00043968,0.22163,0.00041043,108
1460,454,3,31,NONE,0.450817,0.00021265,0.148842,0.00011233,265
1460,454,4,31,PARTIAL,0.735776,0.00044647,0.282268,0.00027405,206
1460,454,5,31,PARTIAL,0.473504,0.00022853,0.147681,0.00011404,259
1460,454,6,31,WEAK,0.32471,0.00030749,0.251703,0.00038137,132
1460,454,7,31,NONE,0.562564,0.00027795,0.380634,0.0003009,253
1460,454,8,31,WEAK,0.254819,0.00072392,0.147266,0.00066939,44
1460,454,9,31,NONE,0.40977,0.00018293,0.19777,0.00014126,280
1460,454,10,31,STRONG,0.34906,0.00029088,0.187844,0.00025046,150
156,45,1,0,WEAK,0.498615,0.00014809,1.007215,0.00014403,259
156,45,2,0,WEAK,0.559813,0.00016499,1.106244,0.00015698,261
156,45,3,0,STRONG,0.316347,0.00020799,0.630498,0.00019959,117
156,45,4,0,WEAK,0.595525,0.00019248,1.193944,0.0001858,238
156,45,5,0,STRONG,0.523963,0.00019757,1.037464,0.00018836,204
156,45,6,0,WEAK,0.547811,0.00019242,1.101233,0.00018624,219
156,45,7,0,WEAK,0.337483,0.00020281,0.67244,0.00019457,128
156,45,8,0,WEAK,0.730491,0.0002221,1.46298,0.00021417,253
156,45,9,0,WEAK,0.855919,0.00025226,1.697022,0.00024081,261
156,45,10,0,WEAK,1.25387,0.00037097,2.272914,0.00032378,260
156,45,1,4,WEAK,0.216444,6.428e-05,0.505387,7.227e-05,259
156,45,2,4,WEAK,0.117945,3.476e-05,0.283095,4.017e-05,261
156,45,3,4,STRONG,0.062263,4.094e-05,0.208228,6.592e-05,117
156,45,4,4,WEAK,0.126104,4.076e-05,0.330111,5.137e-05,238
156,45,5,4,STRONG,0.069895,2.636e-05,0.336566,6.11e-05,204
156,45,6,4,WEAK,0.097443,3.423e-05,0.266745,4.511e-05,219
156,45,7,4,WEAK,0.067028,4.028e-05,0.192686,5.575e-05,128
156,45,8,4,WEAK,0.104557,3.179e-05,0.343997,5.036e-05,253
156,45,9,4,WEAK,0.128214,3.779e-05,0.366374,5.199e-05,261
156,45,10,4,WEAK,0.240868,7.126e-05,0.534189,7.61e-05,260
156,45,1,8,WEAK,0.337795,0.00010033,0.436472,6.242e-05,259
156,45,2,8,WEAK,0.144567,4.261e-05,0.21855,3.101e-05,261
156,45,3,8,STRONG,0.091937,6.045e-05,0.157049,4.971e-05,117
156,45,4,8,WEAK,0.230818,7.46e-05,0.335291,5.218e-05,238
156,45,5,8,STRONG,0.125932,4.749e-05,0.299731,5.442e-05,204
156,45,6,8,WEAK,0.123879,4.351e-05,0.20085,3.397e-05,219
156,45,7,8,WEAK,0.139168,8.363e-05,0.21877,6.33e-05,128
156,45,8,8,WEAK,0.141006,4.287e-05,0.297968,4.362e-05,253
156,45,9,8,WEAK,0.263711,7.772e-05,0.351984,4.995e-05,261
156,45,10,8,WEAK,0.325059,9.617e-05,0.538093,7.665e-05,260
156,45,1,16,WEAK,0.962521,0.00028587,0.691279,9.885e-05,259
156,45,2,16,WEAK,0.432988,0.00012761,0.219545,3.115e-05,261
156,45,3,16,STRONG,0.588109,0.00038666,1.056363,0.0003344,117
156,45,4,16,WEAK,0.819845,0.00026498,0.690128,0.0001074,238
156,45,5,16,STRONG,0.647829,0.00024428,3.052014,0.00055411,204
156,45,6,16,WEAK,0.535775,0.00018819,0.580981,9.825e-05,219
156,45,7,16,WEAK,0.251002,0.00015084,0.488886,0.00014146,128
156,45,8,16,WEAK,0.260482,7.92e-05,0.581207,8.508e-05,253
156,45,9,16,WEAK,0.784412,0.00023119,1.003661,0.00014242,261
156,45,10,16,WEAK,0.277016,8.196e-05,0.496453,7.072e-05,260
156,45,1,24,WEAK,0.81214,0.00024121,0.822928,0.00011768,259
156,45,2,24,WEAK,0.314457,9.268e-05,0.390644,5.543e-05,261
156,45,3,24,STRONG,0.536338,0.00035262,1.190877,0.00037698,117
156,45,4,24,WEAK,0.699242,0.000226,0.615846,9.584e-05,238
156,45,5,24,STRONG,0.315749,0.00011906,1.201645,0.00021816,204
156,45,6,24,WEAK,0.458413,0.00016102,0.488176,8.256e-05,219
156,45,7,24,WEAK,0.210638,0.00012659,0.300441,8.693e-05,128
156,45,8,24,WEAK,0.172498,5.245e-05,0.475775,6.965e-05,253
156,45,9,24,WEAK,0.381987,0.00011258,0.404341,5.738e-05,261
156,45,10,24,WEAK,0.159535,4.72e-05,0.345621,4.923e-05,260
156,45,1,31,WEAK,1.123582,0.0003337,1.681568,0.00024046,259
156,45,2,31,WEAK,0.599452,0.00017667,0.945746,0.00013421,261
156,45,3,31,STRONG,0.601081,0.00039519,1.303015,0.00041248,117
156,45,4,31,WEAK,0.760642,0.00024584,1.121246,0.00017449,238
156,45,5,31,STRONG,0.502246,0.00018938,2.041505,0.00037064,204
156,45,6,31,WEAK,0.892698,0.00031356,1.068895,0.00018077,219
156,45,7,31,WEAK,0.379369,0.00022799,0.68785,0.00019903,128
156,45,8,31,WEAK,0.453615,0.00013792,1.085398,0.00015889,253
156,45,9,31,WEAK,0.756953,0.00022309,0.955026,0.00013552,261
156,45,10,31,WEAK,0.519191,0.00015361,1.056719,0.00015053,260
1663,535,1,0,WEAK,0.124932,0.00015386,0.137856,0.00014855,116
1663,535,2,0,WEAK,0.298607,0.0001939,0.347618,0.00019751,220
1663,535,3,0,WEAK,0.078969,0.00016116,0.087318,0.00015593,70
1663,535,4,0,WEAK,0.273685,0.00019072,0.309485,0.00018871,205
1663,535,5,0,NONE,0.263798,0.00015968,0.303881,0.00016095,236
1663,535,6,0,STRONG,0.373457,0.00020132,0.419383,0.00019782,265
1663,535,7,0,STRONG,0.380695,0.00021162,0.434012,0.0002111,257
1663,535,8,0,WEAK,0.380876,0.00022029,0.436992,0.00022115,247
1663,535,9,0,NONE,0.206684,0.00021552,0.235458,0.00021483,137
1663,535,10,0,NONE,0.670174,0.00038449,0.706905,0.00035487,249
1663,535,1,4,WEAK,0.10726,0.00013209,0.101962,0.00010987,116
1663,535,2,4,WEAK,0.117143,7.607e-05,0.156996,8.92e-05,220
1663,535,3,4,WEAK,0.04044,8.253e-05,0.040338,7.203e-05,70
1663,535,4,4,WEAK,0.054378,3.789e-05,0.075918,4.629e-05,205
1663,535,5,4,NONE,0.069335,4.197e-05,0.096676,5.121e-05,236
1663,535,6,4,STRONG,0.067166,3.621e-05,0.18315,8.639e-05,265
1663,535,7,4,STRONG,0.084212,4.681e-05,0.161482,7.854e-05,257
1663,535,8,4,WEAK,0.071634,4.143e-05,0.16233,8.215e-05,247
1663,535,9,4,NONE,0.037097,3.868e-05,0.069297,6.323e-05,137
1663,535,10,4,NONE,0.147307,8.451e-05,0.173327,8.701e-05,249
1663,535,1,8,WEAK,0.113489,0.00013976,0.09721,0.00010475,116
1663,535,2,8,WEAK,0.153798,9.987e-05,0.135546,7.701e-05,220
1663,535,3,8,WEAK,0.045859,9.359e-05,0.042983,7.675e-05,70
1663,535,4,8,WEAK,0.066641,4.644e-05,0.082928,5.057e-05,205
1663,535,5,8,NONE,0.074557,4.513e-05,0.084978,4.501e-05,236
1663,535,6,8,STRONG,0.096778,5.217e-05,0.194697,9.184e-05,265
1663,535,7,8,STRONG,0.112799,6.27e-05,0.162327,7.895e-05,257
1663,535,8,8,WEAK,0.080358,4.648e-05,0.169316,8.569e-05,247
1663,535,9,8,NONE,0.044068,4.595e-05,0.052718,4.81e-05,137
1663,535,10,8,NONE,0.245898,0.00014108,0.27216,0.00013663,249
1663,535,1,16,WEAK,0.425266,0.00052373,0.112136,0.00012084,116
1663,535,2,16,WEAK,0.52353,0.00033995,0.514872,0.00029254,220
1663,535,3,16,WEAK,0.36045,0.00073561,0.157255,0.00028081,70
1663,535,4,16,WEAK,0.062155,4.331e-05,0.029444,1.795e-05,205
1663,535,5,16,NONE,0.091144,5.517e-05,0.065785,3.484e-05,236
1663,535,6,16,STRONG,0.361168,0.0001947,0.729895,0.00034429,265
1663,535,7,16,STRONG,0.217257,0.00012077,0.714531,0.00034753,257
1663,535,8,16,WEAK,0.079336,4.589e-05,0.177836,9e-05,247
1663,535,9,16,NONE,0.037569,3.918e-05,0.024419,2.228e-05,137
1663,535,10,16,NONE,0.138186,7.928e-05,0.130943,6.573e-05,249
1663,535,1,24,WEAK,0.360221,0.00044362,0.169425,0.00018257,116
1663,535,2,24,WEAK,0.444022,0.00028833,0.46159,0.00026227,220
1663,535,3,24,WEAK,0.277708,0.00056675,0.164854,0.00029438,70
1663,535,4,24,WEAK,0.119025,8.294e-05,0.068211,4.159e-05,205
1663,535,5,24,NONE,0.151131,9.148e-05,0.106256,5.628e-05,236
1663,535,6,24,STRONG,0.282096,0.00015207,0.403708,0.00019043,265
1663,535,7,24,STRONG,0.14297,7.947e-05,0.300843,0.00014632,257
1663,535,8,24,WEAK,0.05214,3.016e-05,0.103402,5.233e-05,247
1663,535,9,24,NONE,0.036359,3.791e-05,0.042311,3.86e-05,137
1663,535,10,24,NONE,0.079014,4.533e-05,0.071204,3.575e-05,249
1663,535,1,31,WEAK,0.46056,0.00056719,0.257534,0.00027752,116
1663,535,2,31,WEAK,0.602567,0.00039128,0.756127,0.00042962,220
1663,535,3,31,WEAK,0.353264,0.00072095,0.236789,0.00042284,70
1663,535,4,31,WEAK,0.216266,0.00015071,0.139555,8.509e-05,205
1663,535,5,31,NONE,0.263995,0.0001598,0.174064,9.219e-05,236
1663,535,6,31,STRONG,0.563409,0.00030372,0.78766,0.00037154,265
1663,535,7,31,STRONG,0.377678,0.00020994,0.676265,0.00032892,257
1663,535,8,31,WEAK,0.173153,0.00010015,0.282636,0.00014303,247
1663,535,9,31,NONE,0.081533,8.502e-05,0.120085,0.00010957,137
1663,535,10,31,NONE,0.207273,0.00011892,0.202735,0.00010177,249
1670,538,1,0,WEAK,0.634299,0.00015981,0.217198,0.00016417,189
1670,538,2,0,WEAK,0.83973,0.00015931,0.282213,0.00016062,251
1670,538,3,0,WEAK,0.932494,0.00017905,0.316178,0.00018213,248
1670,538,4,0,WEAK,0.95294,0.00016996,0.318877,0.00017061,267
1670,538,5,0,WEAK,0.785128,0.00015075,0.272492,0.00015697,248
1670,538,6,0,STRONG,1.044721,0.0002126,0.352622,0.00021528,234
1670,538,7,0,WEAK,0.987682,0.0001859,0.336661,0.0001901,253
1670,538,8,0,STRONG,0.95664,0.00023726,0.321564,0.00023926,192
1670,538,9,0,WEAK,0.9926,0.00025009,0.334744,0.00025302,189
1670,538,10,0,WEAK,1.765651,0.00033903,0.553418,0.00031879,248
1670,538,1,4,WEAK,0.449375,0.00011322,0.106904,8.08e-05,189
1670,538,2,4,WEAK,0.264335,5.015e-05,0.09261,5.271e-05,251
1670,538,3,4,WEAK,0.252049,4.84e-05,0.067121,3.866e-05,248
1670,538,4,4,WEAK,0.202125,3.605e-05,0.07052,3.773e-05,267
1670,538,5,4,WEAK,0.142851,2.743e-05,0.072773,4.192e-05,248
1670,538,6,4,STRONG,0.141456,2.879e-05,0.05966,3.642e-05,234
1670,538,7,4,WEAK,0.107502,2.023e-05,0.042164,2.381e-05,253
1670,538,8,4,STRONG,0.148355,3.679e-05,0.054857,4.082e-05,192
1670,538,9,4,WEAK,0.167287,4.215e-05,0.070393,5.321e-05,189
1670,538,10,4,WEAK,0.31338,6.017e-05,0.161126,9.281e-05,248
1670,538,1,8,WEAK,0.471649,0.00011883,0.0888,6.712e-05,189
1670,538,2,8,WEAK,0.382443,7.256e-05,0.091521,5.209e-05,251
1670,538,3,8,WEAK,0.368918,7.084e-05,0.081401,4.689e-05,248
1670,538,4,8,WEAK,0.384712,6.861e-05,0.07102,3.8e-05,267
1670,538,5,8,WEAK,0.202932,3.897e-05,0.090206,5.196e-05,248
1670,538,6,8,STRONG,0.293936,5.982e-05,0.112156,6.847e-05,234
1670,538,7,8,WEAK,0.155295,2.923e-05,0.058925,3.327e-05,253
1670,538,8,8,STRONG,0.320145,7.94e-05,0.084033,6.252e-05,192
1670,538,9,8,WEAK,0.295427,7.443e-05,0.075911,5.738e-05,189
1670,538,10,8,WEAK,0.565217,0.00010853,0.162896,9.383e-05,248
1670,538,1,16,WEAK,1.844845,0.00046481,0.234881,0.00017754,189
1670,538,2,16,WEAK,1.439488,0.0002731,0.470208,0.00026762,251
1670,538,3,16,WEAK,1.437656,0.00027605,0.345594,0.00019908,248
1670,538,4,16,WEAK,0.680767,0.00012141,0.110223,5.897e-05,267
1670,538,5,16,WEAK,0.408037,7.835e-05,0.216281,0.00012459,248
1670,538,6,16,STRONG,0.7184,0.00014619,0.602551,0.00036786,234
1670,538,7,16,WEAK,0.374578,7.05e-05,0.08421,4.755e-05,253
1670,538,8,16,STRONG,0.870955,0.00021601,0.249647,0.00018575,192
1670,538,9,16,WEAK,0.655052,0.00016504,0.134136,0.00010139,189
1670,538,10,16,WEAK,0.686076,0.00013174,0.380716,0.00021931,248
1670,538,1,24,WEAK,1.231184,0.0003102,0.225417,0.00017038,189
1670,538,2,24,WEAK,1.02862,0.00019515,0.422728,0.0002406,251
1670,538,3,24,WEAK,0.870514,0.00016715,0.282692,0.00016284,248
1670,538,4,24,WEAK,0.448403,7.997e-05,0.072807,3.895e-05,267
1670,538,5,24,WEAK,0.27286,5.239e-05,0.133132,7.669e-05,248
1670,538,6,24,STRONG,0.505542,0.00010288,0.249783,0.00015249,234
1670,538,7,24,WEAK,0.221664,4.172e-05,0.062842,3.548e-05,253
1670,538,8,24,STRONG,0.312141,7.742e-05,0.06953,5.173e-05,192
1670,538,9,24,WEAK,0.342952,8.641e-05,0.079769,6.029e-05,189
1670,538,10,24,WEAK,0.411916,7.909e-05,0.137476,7.919e-05,248
1670,538,1,31,WEAK,1.885933,0.00047517,0.405951,0.00030684,189
1670,538,2,31,WEAK,1.638791,0.00031091,0.506464,0.00028825,251
1670,538,3,31,WEAK,1.213634,0.00023303,0.342338,0.0001972,248
1670,538,4,31,WEAK,0.981038,0.00017497,0.2161,0.00011562,267
1670,538,5,31,WEAK,0.665005,0.00012769,0.28065,0.00016166,248
1670,538,6,31,STRONG,0.847594,0.00017249,0.467511,0.00028542,234
1670,538,7,31,WEAK,0.542255,0.00010206,0.18905,0.00010675,253
1670,538,8,31,STRONG,0.901926,0.00022369,0.213778,0.00015906,192
1670,538,9,31,WEAK,0.826183,0.00020816,0.204002,0.0001542,189
1670,538,10,31,WEAK,1.106623,0.00021249,0.430899,0.00024821,248
1682,542,1,0,NONE,0.226627,0.00015673,0.457012,0.00015803,241
1682,542,2,0,NONE,0.107022,0.00020042,0.214917,0.00020123,89
1682,542,3,0,WEAK,0.254996,0.00016732,0.519466,0.00017043,254
1682,542,4,0,WEAK,0.262701,0.00018631,0.531709,0.00018855,235
1682,542,5,0,NONE,0.22937,0.00020334,0.467499,0.00020722,188
1682,542,6,0,STRONG,0.326859,0.00020793,0.660456,0.00021007,262
1682,542,7,0,NONE,0.301555,0.00020348,0.620677,0.00020941,247
1682,542,8,0,WEAK,0.271497,0.00024726,0.553256,0.00025194,183
1682,542,9,0,NONE,0.101603,0.00032565,0.200142,0.00032074,52
1682,542,10,0,WEAK,0.647579,0.0003939,1.23711,0.00037625,274
1682,542,1,4,NONE,0.075663,5.233e-05,0.13138,4.543e-05,241
1682,542,2,4,NONE,0.02499,4.68e-05,0.042921,4.019e-05,89
1682,542,3,4,WEAK,0.064549,4.236e-05,0.171772,5.636e-05,254
1682,542,4,4,WEAK,0.055086,3.907e-05,0.132126,4.685e-05,235
1682,542,5,4,NONE,0.047625,4.222e-05,0.120438,5.339e-05,188
1682,542,6,4,STRONG,0.046137,2.935e-05,0.183536,5.838e-05,262
1682,542,7,4,NONE,0.03937,2.657e-05,0.134446,4.536e-05,247
1682,542,8,4,WEAK,0.065627,5.977e-05,0.17975,8.185e-05,183
1682,542,9,4,NONE,0.017135,5.492e-05,0.037922,6.077e-05,52
1682,542,10,4,WEAK,0.103996,6.326e-05,0.269139,8.185e-05,274
1682,542,1,8,NONE,0.133955,9.264e-05,0.16525,5.714e-05,241
1682,542,2,8,NONE,0.059473,0.00011137,0.059547,5.576e-05,89
1682,542,3,8,WEAK,0.06945,4.557e-05,0.162268,5.324e-05,254
1682,542,4,8,WEAK,0.068939,4.889e-05,0.116774,4.141e-05,235
1682,542,5,8,NONE,0.055965,4.961e-05,0.123984,5.496e-05,188
1682,542,6,8,STRONG,0.066617,4.238e-05,0.248665,7.909e-05,262
1682,542,7,8,NONE,0.048612,3.28e-05,0.123046,4.151e-05,247
1682,542,8,8,WEAK,0.076684,6.984e-05,0.172599,7.86e-05,183
1682,542,9,8,NONE,0.020877,6.691e-05,0.030511,4.89e-05,52
1682,542,10,8,WEAK,0.113955,6.932e-05,0.312095,9.492e-05,274
1682,542,1,16,NONE,0.260082,0.00017986,0.127738,4.417e-05,241
1682,542,2,16,NONE,0.251971,0.00047186,0.095137,8.908e-05,89
1682,542,3,16,WEAK,0.180633,0.00011853,0.239543,7.859e-05,254
1682,542,4,16,WEAK,0.340346,0.00024138,0.231361,8.204e-05,235
1682,542,5,16,NONE,0.288456,0.00025572,0.317539,0.00014075,188
1682,542,6,16,STRONG,0.403258,0.00025653,2.19894,0.00069941,262
1682,542,7,16,NONE,0.136546,9.214e-05,0.421027,0.00014205,247
1682,542,8,16,WEAK,0.126256,0.00011499,0.328196,0.00014945,183
1682,542,9,16,NONE,0.044557,0.00014281,0.036004,5.77e-05,52
1682,542,10,16,WEAK,0.166574,0.00010132,0.669355,0.00020357,274
1682,542,1,24,NONE,0.150431,0.00010403,0.112624,3.894e-05,241
1682,542,2,24,NONE,0.118145,0.00022124,0.119014,0.00011144,89
1682,542,3,24,WEAK,0.31068,0.00020386,0.4916,0.00016129,254
1682,542,4,24,WEAK,0.213814,0.00015164,0.250918,8.898e-05,235
1682,542,5,24,NONE,0.215101,0.00019069,0.232096,0.00010288,188
1682,542,6,24,STRONG,0.311652,0.00019825,0.924325,0.000294,262
1682,542,7,24,NONE,0.103672,6.995e-05,0.409014,0.00013799,247
1682,542,8,24,WEAK,0.111261,0.00010133,0.264361,0.00012038,183
1682,542,9,24,NONE,0.03022,9.686e-05,0.047902,7.677e-05,52
1682,542,10,24,WEAK,0.136949,8.33e-05,0.42322,0.00012872,274
1682,542,1,31,NONE,0.302659,0.00020931,0.251518,8.697e-05,241
1682,542,2,31,NONE,0.18173,0.00034032,0.17736,0.00016607,89
1682,542,3,31,WEAK,0.386789,0.0002538,0.567115,0.00018606,254
1682,542,4,31,WEAK,0.399112,0.00028306,0.4008,0.00014213,235
1682,542,5,31,NONE,0.398549,0.00035332,0.345257,0.00015304,188
1682,542,6,31,STRONG,0.430905,0.00027411,1.482189,0.00047143,262
1682,542,7,31,NONE,0.241235,0.00016278,0.438484,0.00014794,247
1682,542,8,31,WEAK,0.257154,0.0002342,0.460061,0.0002095,183
1682,542,9,31,NONE,0.064821,0.00020776,0.07532,0.00012071,52
1682,542,10,31,WEAK,0.266558,0.00016214,0.643437,0.00019569,274
171,49,1,0,WEAK,0.899664,0.00015867,2.344941,0.00016113,189
171,49,2,0,STRONG,1.294883,0.0001635,3.390629,0.0001668,264
171,49,3,0,PARTIAL,1.025459,0.00017711,2.780374,0.00018709,193
171,49,4,0,WEAK,1.569959,0.00020442,4.014748,0.00020367,256
171,49,5,0,STRONG,1.738751,0.00025874,4.640637,0.00026905,224
171,49,6,0,STRONG,0.540718,0.00021205,1.311385,0.00020036,85
171,49,7,0,STRONG,1.785777,0.00021725,4.621909,0.00021907,274
171,49,8,0,WEAK,1.01267,0.00024285,2.577132,0.00024079,139
171,49,9,0,PARTIAL,1.701021,0.00036115,4.213718,0.00034856,157
171,49,10,0,WEAK,1.676433,0.00046568,3.346599,0.00036219,120
171,49,1,4,WEAK,0.646909,0.00011409,1.017558,6.992e-05,189
171,49,2,4,STRONG,0.493284,6.228e-05,1.133629,5.577e-05,264
171,49,3,4,PARTIAL,0.285111,4.924e-05,0.728133,4.9e-05,193
171,49,4,4,WEAK,0.369674,4.813e-05,1.125066,5.708e-05,256
171,49,5,4,STRONG,0.263078,3.915e-05,0.885142,5.132e-05,224
171,49,6,4,STRONG,0.222694,8.733e-05,1.040745,0.00015901,85
171,49,7,4,STRONG,0.26479,3.221e-05,0.977998,4.636e-05,274
171,49,8,4,WEAK,0.202527,4.857e-05,0.784586,7.331e-05,139
171,49,9,4,PARTIAL,0.288009,6.115e-05,0.980427,8.11e-05,157
171,49,10,4,WEAK,0.388489,0.00010791,0.944907,0.00010226,120
171,49,1,8,WEAK,0.970125,0.0001711,1.081433,7.431e-05,189
171,49,2,8,STRONG,0.737319,9.31e-05,1.013134,4.984e-05,264
171,49,3,8,PARTIAL,0.576544,9.958e-05,0.940105,6.326e-05,193
171,49,4,8,WEAK,0.480968,6.263e-05,0.993442,5.04e-05,256
171,49,5,8,STRONG,0.518888,7.722e-05,1.242901,7.206e-05,224
171,49,6,8,STRONG,0.323667,0.00012693,0.977982,0.00014942,85
171,49,7,8,STRONG,0.397033,4.83e-05,1.471579,6.975e-05,274
171,49,8,8,WEAK,0.472422,0.00011329,1.353654,0.00012647,139
171,49,9,8,PARTIAL,0.439227,9.325e-05,1.300241,0.00010756,157
171,49,10,8,WEAK,1.050732,0.00029187,1.782133,0.00019287,120
171,49,1,16,WEAK,3.383904,0.00059681,0.764366,5.252e-05,189
171,49,2,16,STRONG,1.788606,0.00022583,0.799474,3.933e-05,264
171,49,3,16,PARTIAL,2.138992,0.00036943,1.405136,9.455e-05,193
171,49,4,16,WEAK,0.722257,9.404e-05,1.26355,6.41e-05,256
171,49,5,16,STRONG,0.983109,0.0001463,2.19558,0.00012729,224
171,49,6,16,STRONG,0.622374,0.00024407,8.53564,0.00130415,85
171,49,7,16,STRONG,0.455497,5.541e-05,3.152648,0.00014943,274
171,49,8,16,WEAK,0.45578,0.0001093,1.429803,0.00013359,139
171,49,9,16,PARTIAL,0.57337,0.00012173,2.32424,0.00019226,157
171,49,10,16,WEAK,1.134929,0.00031526,1.866204,0.00020197,120
171,49,1,24,WEAK,2.918922,0.0005148,1.297228,8.914e-05,189
171,49,2,24,STRONG,1.419471,0.00017923,1.535202,7.552e-05,264
171,49,3,24,PARTIAL,1.208313,0.00020869,1.693595,0.00011396,193
171,49,4,24,WEAK,0.550524,7.168e-05,2.001369,0.00010153,256
171,49,5,24,STRONG,0.775567,0.00011541,2.798885,0.00016227,224
171,49,6,24,STRONG,0.264095,0.00010357,3.942517,0.00060237,85
171,49,7,24,STRONG,0.40243,4.896e-05,2.92842,0.0001388,274
171,49,8,24,WEAK,0.385335,9.241e-05,1.459473,0.00013636,139
171,49,9,24,PARTIAL,0.257141,5.459e-05,2.046492,0.00016929,157
171,49,10,24,WEAK,0.546704,0.00015186,0.919994,9.957e-05,120
171,49,1,31,WEAK,3.405169,0.00060056,2.535954,0.00017426,189
171,49,2,31,STRONG,2.374094,0.00029976,3.125814,0.00015377,264
171,49,3,31,PARTIAL,1.708839,0.00029514,2.566834,0.00017272,193
171,49,4,31,WEAK,1.103473,0.00014368,3.745259,0.00019,256
171,49,5,31,STRONG,1.239549,0.00018446,3.768618,0.0002185,224
171,49,6,31,STRONG,0.632024,0.00024785,4.474942,0.00068372,85
171,49,7,31,STRONG,0.769906,9.366e-05,4.535628,0.00021498,274
171,49,8,31,WEAK,0.750648,0.00018001,3.225299,0.00030135,139
171,49,9,31,PARTIAL,0.62842,0.00013342,3.625051,0.00029986,157
171,49,10,31,WEAK,1.098107,0.00030503,2.452035,0.00026537,120
1779,583,1,0,WEAK,0.426249,0.00017105,0.35294,0.00018026,178
1779,583,2,0,WEAK,0.544528,0.0001879,0.446925,0.00019628,207
1779,583,3,0,STRONG,0.614057,0.00017903,0.514304,0.00019084,245
1779,583,4,0,WEAK,0.408285,0.00016665,0.341093,0.00017719,175
1779,583,5,0,WEAK,0.439245,0.00020112,0.362408,0.00021119,156
1779,583,6,0,WEAK,0.603036,0.00018098,0.504193,0.00019259,238
1779,583,7,0,NONE,0.774977,0.00021966,0.633466,0.00022852,252
1779,583,8,0,NONE,0.792312,0.00024394,0.641415,0.00025134,232
1779,583,9,0,NONE,0.682552,0.00026353,0.539313,0.00026502,185
1779,583,10,0,NONE,1.243533,0.00039831,0.906866,0.0003697,223
1779,583,1,4,WEAK,0.279268,0.00011207,0.228083,0.00011649,178
1779,583,2,4,WEAK,0.185369,6.396e-05,0.22934,0.00010072,207
1779,583,3,4,STRONG,0.127724,3.724e-05,0.162914,6.045e-05,245
1779,583,4,4,WEAK,0.111869,4.566e-05,0.115566,6.003e-05,175
1779,583,5,4,WEAK,0.068172,3.121e-05,0.105665,6.158e-05,156
1779,583,6,4,WEAK,0.097206,2.917e-05,0.106388,4.064e-05,238
1779,583,7,4,NONE,0.157964,4.477e-05,0.149044,5.377e-05,252
1779,583,8,4,NONE,0.06881,2.119e-05,0.075519,2.959e-05,232
1779,583,9,4,NONE,0.074351,2.871e-05,0.079059,3.885e-05,185
1779,583,10,4,NONE,0.179519,5.75e-05,0.186312,7.595e-05,223
1779,583,1,8,WEAK,0.405414,0.00016269,0.220705,0.00011272,178
1779,583,2,8,WEAK,0.291301,0.00010052,0.226406,9.943e-05,207
1779,583,3,8,STRONG,0.232389,6.775e-05,0.196232,7.281e-05,245
1779,583,4,8,WEAK,0.169183,6.905e-05,0.154061,8.003e-05,175
1779,583,5,8,WEAK,0.111107,5.087e-05,0.101171,5.896e-05,156
1779,583,6,8,WEAK,0.150067,4.504e-05,0.119703,4.572e-05,238
1779,583,7,8,NONE,0.215874,6.119e-05,0.169799,6.125e-05,252
1779,583,8,8,NONE,0.154868,4.768e-05,0.101993,3.997e-05,232
1779,583,9,8,NONE,0.144544,5.581e-05,0.107591,5.287e-05,185
1779,583,10,8,NONE,0.410343,0.00013144,0.356527,0.00014534,223
1779,583,1,16,WEAK,2.242666,0.00089995,0.669312,0.00034183,178
1779,583,2,16,WEAK,1.231886,0.00042508,1.131211,0.0004968,207
1779,583,3,16,STRONG,0.35599,0.00010379,0.526107,0.00019522,245
1779,583,4,16,WEAK,0.52327,0.00021358,0.721219,0.00037466,175
1779,583,5,16,WEAK,0.543069,0.00024866,0.335849,0.00019572,156
1779,583,6,16,WEAK,0.455818,0.0001368,0.303949,0.0001161,238
1779,583,7,16,NONE,0.327881,9.294e-05,0.291496,0.00010516,252
1779,583,8,16,NONE,0.196971,6.064e-05,0.061694,2.417e-05,232
1779,583,9,16,NONE,0.181542,7.009e-05,0.113599,5.582e-05,185
1779,583,10,16,NONE,0.304129,9.741e-05,0.417616,0.00017025,223
1779,583,1,24,WEAK,1.500874,0.00060228,0.486934,0.00024869,178
1779,583,2,24,WEAK,0.56606,0.00019533,0.690777,0.00030337,207
1779,583,3,24,STRONG,0.391825,0.00011423,0.514409,0.00019088,245
1779,583,4,24,WEAK,0.308457,0.0001259,0.367165,0.00019074,175
1779,583,5,24,WEAK,0.22013,0.00010079,0.148913,8.678e-05,156
1779,583,6,24,WEAK,0.239925,7.201e-05,0.215944,8.248e-05,238
1779,583,7,24,NONE,0.236681,6.709e-05,0.209514,7.558e-05,252
1779,583,8,24,NONE,0.104541,3.219e-05,0.059946,2.349e-05,232
1779,583,9,24,NONE,0.110991,4.285e-05,0.073613,3.617e-05,185
1779,583,10,24,NONE,0.269824,8.643e-05,0.427849,0.00017442,223
1779,583,1,31,WEAK,1.654788,0.00066404,0.62733,0.00032039,178
1779,583,2,31,WEAK,1.023222,0.00035308,0.849238,0.00037296,207
1779,583,3,31,STRONG,0.712334,0.00020768,0.79902,0.00029648,245
1779,583,4,31,WEAK,0.735285,0.00030012,0.80828,0.00041989,175
1779,583,5,31,WEAK,0.583372,0.00026711,0.465851,0.00027147,156
1779,583,6,31,WEAK,0.557719,0.00016738,0.480142,0.0001834,238
1779,583,7,31,NONE,0.619476,0.00017559,0.510719,0.00018424,252
1779,583,8,31,NONE,0.339608,0.00010456,0.222779,8.73e-05,232
1779,583,9,31,NONE,0.297262,0.00011477,0.21399,0.00010515,185
1779,583,10,31,NONE,0.64364,0.00020616,0.777107,0.0003168,223
1830,604,1,0,WEAK,0.318262,0.00021432,0.49947,0.00021763,135
1830,604,2,0,STRONG,0.460442,0.00017588,0.72515,0.00017923,238
1830,604,3,0,WEAK,0.300512,0.00018092,0.475393,0.00018519,151
1830,604,4,0,NONE,0.336573,0.00020957,0.528925,0.0002131,146
1830,604,5,0,NONE,0.539425,0.00018575,0.855096,0.00019053,264
1830,604,6,0,WEAK,0.411733,0.00023541,0.646066,0.00023902,159
1830,604,7,0,NONE,0.454897,0.00026174,0.708238,0.00026368,158
1830,604,8,0,NONE,0.260328,0.00027519,0.41765,0.00028567,86
1830,604,9,0,NONE,0.435113,0.00027469,0.685713,0.00028011,144
1830,604,10,0,NONE,1.108645,0.00040154,1.616762,0.0003789,251
1830,604,1,4,WEAK,0.111263,7.492e-05,0.197886,8.622e-05,135
1830,604,2,4,STRONG,0.088423,3.378e-05,0.335114,8.283e-05,238
1830,604,3,4,WEAK,0.074172,4.466e-05,0.165467,6.446e-05,151
1830,604,4,4,NONE,0.071849,4.474e-05,0.201214,8.107e-05,146
1830,604,5,4,NONE,0.084067,2.895e-05,0.182734,4.072e-05,264
1830,604,6,4,WEAK,0.067969,3.886e-05,0.139352,5.155e-05,159
1830,604,7,4,NONE,0.063547,3.656e-05,0.127274,4.738e-05,158
1830,604,8,4,NONE,0.037712,3.986e-05,0.064583,4.417e-05,86
1830,604,9,4,NONE,0.05753,3.632e-05,0.086937,3.551e-05,144
1830,604,10,4,NONE,0.139063,5.037e-05,0.174091,4.08e-05,251
1830,604,1,8,WEAK,0.222509,0.00014984,0.299331,0.00013043,135
1830,604,2,8,STRONG,0.151963,5.805e-05,0.301409,7.45e-05,238
1830,604,3,8,WEAK,0.107617,6.479e-05,0.198415,7.729e-05,151
1830,604,4,8,NONE,0.097499,6.071e-05,0.252152,0.00010159,146
1830,604,5,8,NONE,0.097627,3.362e-05,0.196752,4.384e-05,264
1830,604,6,8,WEAK,0.100492,5.746e-05,0.174253,6.447e-05,159
1830,604,7,8,NONE,0.14306,8.231e-05,0.253373,9.433e-05,158
1830,604,8,8,NONE,0.060148,6.358e-05,0.098794,6.757e-05,86
1830,604,9,8,NONE,0.087163,5.503e-05,0.124927,5.103e-05,144
1830,604,10,8,NONE,0.235654,8.535e-05,0.385431,9.033e-05,251
1830,604,1,16,WEAK,0.416702,0.00028061,0.293179,0.00012775,135
1830,604,2,16,STRONG,0.621053,0.00023722,1.890925,0.00046736,238
1830,604,3,16,WEAK,0.161559,9.727e-05,0.270014,0.00010519,151
1830,604,4,16,NONE,0.22319,0.00013897,0.329652,0.00013282,146
1830,604,5,16,NONE,0.206018,7.094e-05,0.257584,5.739e-05,264
1830,604,6,16,WEAK,0.132742,7.59e-05,0.26714,9.883e-05,159
1830,604,7,16,NONE,0.49349,0.00028394,0.844645,0.00031446,158
1830,604,8,16,NONE,0.093157,9.847e-05,0.077975,5.333e-05,86
1830,604,9,16,NONE,0.110493,6.976e-05,0.120001,4.902e-05,144
1830,604,10,16,NONE,0.189692,6.87e-05,0.322228,7.552e-05,251
1830,604,1,24,WEAK,0.399727,0.00026918,0.490476,0.00021371,135
1830,604,2,24,STRONG,0.561799,0.00021459,1.446618,0.00035754,238
1830,604,3,24,WEAK,0.167699,0.00010096,0.254377,9.91e-05,151
1830,604,4,24,NONE,0.279657,0.00017413,0.401721,0.00016185,146
1830,604,5,24,NONE,0.227018,7.817e-05,0.309788,6.903e-05,264
1830,604,6,24,WEAK,0.135237,7.732e-05,0.141347,5.229e-05,159
1830,604,7,24,NONE,0.218386,0.00012565,0.237488,8.842e-05,158
1830,604,8,24,NONE,0.065538,6.928e-05,0.046076,3.152e-05,86
1830,604,9,24,NONE,0.09549,6.028e-05,0.070482,2.879e-05,144
1830,604,10,24,NONE,0.166888,6.044e-05,0.16081,3.769e-05,251
1830,604,1,31,WEAK,0.679958,0.00045788,0.861809,0.00037552,135
1830,604,2,31,STRONG,0.855938,0.00032694,2.67861,0.00066204,238
1830,604,3,31,WEAK,0.346956,0.00020888,0.522512,0.00020355,151
1830,604,4,31,NONE,0.539494,0.00033592,0.80757,0.00032537,146
1830,604,5,31,NONE,0.486692,0.00016759,0.601221,0.00013396,264
1830,604,6,31,WEAK,0.265604,0.00015186,0.320222,0.00011847,159
1830,604,7,31,NONE,0.524052,0.00030153,0.616913,0.00022968,158
1830,604,8,31,NONE,0.182338,0.00019275,0.174038,0.00011904,86
1830,604,9,31,NONE,0.234432,0.000148,0.193356,7.899e-05,144
1830,604,10,31,NONE,0.434786,0.00015747,0.459561,0.0001077,251
1909,637,1,0,WEAK,0.105553,0.00015873,1.078987,0.00015348,95
1909,637,2,0,WEAK,0.366881,0.00018853,3.555881,0.00017285,278
1909,637,3,0,WEAK,0.350819,0.00018358,3.531918,0.00017483,273
1909,637,4,0,WEAK,0.394265,0.00022351,3.89571,0.00020891,252
1909,637,5,0,WEAK,0.163943,0.00021686,1.651062,0.00020659,108
1909,637,6,0,WEAK,0.383313,0.00021816,3.73463,0.00020107,251
1909,637,7,0,NONE,0.059926,0.00020383,0.581682,0.00018716,42
1909,637,8,0,WEAK,0.303291,0.00025944,3.030794,0.00024525,167
1909,637,9,0,STRONG,0.360736,0.00023858,3.577888,0.00022384,216
1909,637,10,0,WEAK,0.566085,0.00047017,4.804603,0.00037748,172
1909,637,1,4,WEAK,0.065411,9.836e-05,0.532783,7.579e-05,95
1909,637,2,4,WEAK,0.078336,4.025e-05,0.790951,3.845e-05,278
1909,637,3,4,WEAK,0.064037,3.351e-05,0.620627,3.072e-05,273
1909,637,4,4,WEAK,0.047215,2.677e-05,0.582846,3.126e-05,252
1909,637,5,4,WEAK,0.033284,4.403e-05,0.356024,4.455e-05,108
1909,637,6,4,WEAK,0.058106,3.307e-05,0.773197,4.163e-05,251
1909,637,7,4,NONE,0.00777,2.643e-05,0.065809,2.117e-05,42
1909,637,8,4,WEAK,0.041875,3.582e-05,0.573985,4.645e-05,167
1909,637,9,4,STRONG,0.065446,4.328e-05,2.144062,0.00013414,216
1909,637,10,4,WEAK,0.137793,0.00011445,1.219532,9.581e-05,172
1909,637,1,8,WEAK,0.134333,0.000202,0.645689,9.185e-05,95
1909,637,2,8,WEAK,0.104125,5.351e-05,0.847416,4.119e-05,278
1909,637,3,8,WEAK,0.131552,6.884e-05,0.908253,4.496e-05,273
1909,637,4,8,WEAK,0.070779,4.012e-05,0.510955,2.74e-05,252
1909,637,5,8,WEAK,0.0583,7.712e-05,0.299025,3.742e-05,108
1909,637,6,8,WEAK,0.082522,4.697e-05,0.774668,4.171e-05,251
1909,637,7,8,NONE,0.01818,6.184e-05,0.110387,3.552e-05,42
1909,637,8,8,WEAK,0.062648,5.359e-05,0.593844,4.805e-05,167
1909,637,9,8,STRONG,0.109905,7.269e-05,1.773834,0.00011098,216
1909,637,10,8,WEAK,0.249175,0.00020696,2.11359,0.00016606,172
1909,637,1,16,WEAK,0.201026,0.00030229,1.12953,0.00016067,95
1909,637,2,16,WEAK,0.191323,9.832e-05,1.309095,6.363e-05,278
1909,637,3,16,WEAK,0.25156,0.00013164,0.821103,4.064e-05,273
1909,637,4,16,WEAK,0.140224,7.949e-05,0.775498,4.159e-05,252
1909,637,5,16,WEAK,0.187354,0.00024782,0.594453,7.438e-05,108
1909,637,6,16,WEAK,0.147209,8.378e-05,0.808333,4.352e-05,251
1909,637,7,16,NONE,0.030701,0.00010442,0.140768,4.529e-05,42
1909,637,8,16,WEAK,0.188442,0.0001612,1.039387,8.411e-05,167
1909,637,9,16,STRONG,0.733189,0.00048491,11.557177,0.00072305,216
1909,637,10,16,WEAK,0.529779,0.00044002,2.164799,0.00017008,172
1909,637,1,24,WEAK,0.149775,0.00022523,0.869766,0.00012372,95
1909,637,2,24,WEAK,0.273002,0.00014029,1.534536,7.459e-05,278
1909,637,3,24,WEAK,0.249689,0.00013066,0.815878,4.039e-05,273
1909,637,4,24,WEAK,0.25183,0.00014276,0.817765,4.385e-05,252
1909,637,5,24,WEAK,0.127052,0.00016806,0.495843,6.204e-05,108
1909,637,6,24,WEAK,0.165219,9.403e-05,0.95852,5.161e-05,251
1909,637,7,24,NONE,0.022585,7.682e-05,0.096362,3.1e-05,42
1909,637,8,24,WEAK,0.144049,0.00012322,0.621094,5.026e-05,167
1909,637,9,24,STRONG,0.342252,0.00022636,7.710917,0.00048241,216
1909,637,10,24,WEAK,0.22233,0.00018466,0.907297,7.128e-05,172
1909,637,1,31,WEAK,0.251599,0.00037834,1.9267,0.00027407,95
1909,637,2,31,WEAK,0.453385,0.00023298,3.671192,0.00017846,278
1909,637,3,31,WEAK,0.391711,0.00020498,1.541894,7.632e-05,273
1909,637,4,31,WEAK,0.434789,0.00024648,2.14317,0.00011493,252
1909,637,5,31,WEAK,0.244549,0.00032348,1.215731,0.00015212,108
1909,637,6,31,WEAK,0.308005,0.0001753,1.917669,0.00010324,251
1909,637,7,31,NONE,0.047684,0.00016219,0.194166,6.247e-05,42
1909,637,8,31,WEAK,0.269719,0.00023073,1.800446,0.00014569,167
1909,637,9,31,STRONG,0.626096,0.00041408,12.647497,0.00079126,216
1909,637,10,31,WEAK,0.413833,0.00034372,2.353334,0.00018489,172
1926,643,1,0,STRONG,0.390952,0.0002172,0.531334,0.00019679,225
1926,643,2,0,WEAK,0.304447,0.00023205,0.4124,0.00020955,164
1926,643,3,0,PARTIAL,0.409547,0.00018349,0.553882,0.00016544,279
1926,643,4,0,NONE,0.457634,0.00021751,0.624432,0.00019786,263
1926,643,5,0,NONE,0.046201,0.00024063,0.064603,0.00022432,24
1926,643,6,0,WEAK,0.551211,0.00024261,0.745435,0.00021873,284
1926,643,7,0,WEAK,0.351424,0.00022999,0.473756,0.0002067,191
1926,643,8,0,NONE,0.585733,0.00029404,0.808474,0.00027057,249
1926,643,9,0,WEAK,0.215545,0.0003641,0.287042,0.00032325,74
1926,643,10,0,NONE,0.440697,0.00051007,0.539839,0.00041654,108
1926,643,1,4,STRONG,0.145913,8.106e-05,0.35047,0.0001298,225
1926,643,2,4,WEAK,0.052175,3.977e-05,0.086579,4.399e-05,164
1926,643,3,4,PARTIAL,0.093561,4.192e-05,0.158132,4.723e-05,279
1926,643,4,4,NONE,0.087445,4.156e-05,0.152196,4.822e-05,263
1926,643,5,4,NONE,0.012296,6.404e-05,0.023579,8.187e-05,24
1926,643,6,4,WEAK,0.074135,3.263e-05,0.12588,3.694e-05,284
1926,643,7,4,WEAK,0.043484,2.846e-05,0.067516,2.946e-05,191
1926,643,8,4,NONE,0.093481,4.693e-05,0.14516,4.858e-05,249
1926,643,9,4,WEAK,0.056782,9.592e-05,0.071439,8.045e-05,74
1926,643,10,4,NONE,0.12258,0.00014187,0.126144,9.733e-05,108
1926,643,1,8,STRONG,0.237318,0.00013184,0.418002,0.00015482,225
1926,643,2,8,WEAK,0.08856,6.75e-05,0.1143,5.808e-05,164
1926,643,3,8,PARTIAL,0.177957,7.973e-05,0.249845,7.463e-05,279
1926,643,4,8,NONE,0.11247,5.346e-05,0.164682,5.218e-05,263
1926,643,5,8,NONE,0.028069,0.00014619,0.022405,7.78e-05,24
1926,643,6,8,WEAK,0.121257,5.337e-05,0.152999,4.489e-05,284
1926,643,7,8,WEAK,0.084711,5.544e-05,0.111324,4.857e-05,191
1926,643,8,8,NONE,0.126786,6.365e-05,0.174658,5.845e-05,249
1926,643,9,8,WEAK,0.09435,0.00015937,0.108093,0.00012173,74
1926,643,10,8,NONE,0.156891,0.00018159,0.181409,0.00013998,108
1926,643,1,16,STRONG,0.731465,0.00040637,2.085128,0.00077227,225
1926,643,2,16,WEAK,0.239151,0.00018228,0.235679,0.00011976,164
1926,643,3,16,PARTIAL,0.461219,0.00020664,0.598806,0.00017885,279
1926,643,4,16,NONE,0.24636,0.00011709,0.184659,5.851e-05,263
1926,643,5,16,NONE,0.118777,0.00061863,0.071073,0.00024678,24
1926,643,6,16,WEAK,0.53849,0.00023701,0.370764,0.00010879,284
1926,643,7,16,WEAK,0.514337,0.00033661,0.343195,0.00014974,191
1926,643,8,16,NONE,0.207496,0.00010416,0.21603,7.23e-05,249
1926,643,9,16,WEAK,0.08378,0.00014152,0.080122,9.023e-05,74
1926,643,10,16,NONE,0.148321,0.00017167,0.112317,8.666e-05,108
1926,643,1,24,STRONG,0.376387,0.0002091,1.177247,0.00043602,225
1926,643,2,24,WEAK,0.190826,0.00014545,0.216512,0.00011002,164
1926,643,3,24,PARTIAL,0.341239,0.00015288,0.389088,0.00011622,279
1926,643,4,24,NONE,0.289776,0.00013773,0.269821,8.549e-05,263
1926,643,5,24,NONE,0.048238,0.00025124,0.048059,0.00016687,24
1926,643,6,24,WEAK,0.267159,0.00011759,0.225977,6.631e-05,284
1926,643,7,24,WEAK,0.270967,0.00017733,0.218501,9.533e-05,191
1926,643,8,24,NONE,0.183511,9.212e-05,0.220263,7.372e-05,249
1926,643,9,24,WEAK,0.081579,0.0001378,0.062278,7.013e-05,74
1926,643,10,24,NONE,0.088329,0.00010223,0.094146,7.264e-05,108
1926,643,1,31,STRONG,0.698316,0.00038795,1.500044,0.00055557,225
1926,643,2,31,WEAK,0.306599,0.00023369,0.354892,0.00018033,164
1926,643,3,31,PARTIAL,0.49883,0.00022349,0.641549,0.00019162,279
1926,643,4,31,NONE,0.461003,0.00021911,0.480196,0.00015215,263
1926,643,5,31,NONE,0.107722,0.00056105,0.080777,0.00028047,24
1926,643,6,31,WEAK,0.508249,0.0002237,0.480982,0.00014113,284
1926,643,7,31,WEAK,0.539596,0.00035314,0.471345,0.00020565,191
1926,643,8,31,NONE,0.371045,0.00018627,0.520364,0.00017415,249
1926,643,9,31,WEAK,0.143305,0.00024207,0.164062,0.00018476,74
1926,643,10,31,NONE,0.203129,0.0002351,0.249048,0.00019217,108
1958,660,1,0,WEAK,0.412183,0.00016776,0.04146,0.00015187,273
1958,660,2,0,WEAK,0.359272,0.00017281,0.035915,0.00015547,231
1958,660,3,0,NONE,0.41438,0.00017777,0.041707,0.00016103,259
1958,660,4,0,WEAK,0.335109,0.00015136,0.033398,0.00013576,246
1958,660,5,0,PARTIAL,0.449099,0.00019492,0.044029,0.00017199,256
1958,660,6,0,WEAK,0.306376,0.00014996,0.030431,0.00013406,227
1958,660,7,0,STRONG,0.418861,0.00017969,0.041425,0.00015994,259
1958,660,8,0,STRONG,0.459922,0.00019284,0.045634,0.00017221,265
1958,660,9,0,WEAK,0.530043,0.00024137,0.052543,0.00021534,244
1958,660,10,0,NONE,0.838683,0.00037728,0.077932,0.00031551,247
1958,660,1,4,WEAK,0.139675,5.685e-05,0.006281,2.301e-05,273
1958,660,2,4,WEAK,0.078116,3.757e-05,0.003282,1.421e-05,231
1958,660,3,4,NONE,0.080215,3.441e-05,0.003876,1.496e-05,259
1958,660,4,4,WEAK,0.123721,5.588e-05,0.005115,2.079e-05,246
1958,660,5,4,PARTIAL,0.093205,4.045e-05,0.004389,1.714e-05,256
1958,660,6,4,WEAK,0.058082,2.843e-05,0.003406,1.5e-05,227
1958,660,7,4,STRONG,0.07366,3.16e-05,0.004459,1.722e-05,259
1958,660,8,4,STRONG,0.101005,4.235e-05,0.004457,1.682e-05,265
1958,660,9,4,WEAK,0.119666,5.449e-05,0.006299,2.582e-05,244
1958,660,10,4,NONE,0.276201,0.00012425,0.013908,5.631e-05,247
1958,660,1,8,WEAK,0.117106,4.766e-05,0.002638,9.66e-06,273
1958,660,2,8,WEAK,0.092586,4.453e-05,0.002666,1.154e-05,231
1958,660,3,8,NONE,0.101366,4.349e-05,0.003314,1.28e-05,259
1958,660,4,8,WEAK,0.152489,6.887e-05,0.002968,1.207e-05,246
1958,660,5,8,PARTIAL,0.124934,5.422e-05,0.00508,1.984e-05,256
1958,660,6,8,WEAK,0.061648,3.018e-05,0.002802,1.234e-05,227
1958,660,7,8,STRONG,0.107606,4.616e-05,0.004653,1.797e-05,259
1958,660,8,8,STRONG,0.18187,7.626e-05,0.006199,2.339e-05,265
1958,660,9,8,WEAK,0.217396,9.9e-05,0.007149,2.93e-05,244
1958,660,10,8,NONE,0.377175,0.00016967,0.014601,5.911e-05,247
1958,660,1,16,WEAK,0.427529,0.000174,0.00475,1.74e-05,273
1958,660,2,16,WEAK,0.22646,0.00010893,0.002918,1.263e-05,231
1958,660,3,16,NONE,0.297169,0.00012749,0.006904,2.666e-05,259
1958,660,4,16,WEAK,0.42281,0.00019097,0.007746,3.149e-05,246
1958,660,5,16,PARTIAL,0.214581,9.313e-05,0.005878,2.296e-05,256
1958,660,6,16,WEAK,0.20264,9.919e-05,0.003314,1.46e-05,227
1958,660,7,16,STRONG,0.224758,9.642e-05,0.006187,2.389e-05,259
1958,660,8,16,STRONG,0.456731,0.0001915,0.021758,8.211e-05,265
1958,660,9,16,WEAK,0.267019,0.00012159,0.011986,4.912e-05,244
1958,660,10,16,NONE,0.412468,0.00018555,0.012377,5.011e-05,247
1958,660,1,24,WEAK,0.330159,0.00013437,0.014131,5.176e-05,273
1958,660,2,24,WEAK,0.242968,0.00011687,0.008316,3.6e-05,231
1958,660,3,24,NONE,0.219514,9.417e-05,0.014458,5.582e-05,259
1958,660,4,24,WEAK,0.404181,0.00018256,0.018436,7.494e-05,246
1958,660,5,24,PARTIAL,0.242087,0.00010507,0.01368,5.344e-05,256
1958,660,6,24,WEAK,0.130783,6.402e-05,0.009147,4.03e-05,227
1958,660,7,24,STRONG,0.186197,7.988e-05,0.011338,4.378e-05,259
1958,660,8,24,STRONG,0.460125,0.00019292,0.026928,0.00010161,265
1958,660,9,24,WEAK,0.215834,9.829e-05,0.016469,6.749e-05,244
1958,660,10,24,NONE,0.237012,0.00010662,0.021733,8.799e-05,247
1958,660,1,31,WEAK,0.538639,0.00021923,0.032034,0.00011734,273
1958,660,2,31,WEAK,0.457963,0.00022028,0.021876,9.47e-05,231
1958,660,3,31,NONE,0.411851,0.00017668,0.031611,0.00012205,259
1958,660,4,31,WEAK,0.601987,0.0002719,0.032562,0.00013237,246
1958,660,5,31,PARTIAL,0.422931,0.00018356,0.030238,0.00011812,256
1958,660,6,31,WEAK,0.221286,0.00010831,0.021541,9.489e-05,227
1958,660,7,31,STRONG,0.320805,0.00013763,0.023688,9.146e-05,259
1958,660,8,31,STRONG,0.717915,0.00030101,0.057507,0.00021701,265
1958,660,9,31,WEAK,0.556096,0.00025323,0.054362,0.00022279,244
1958,660,10,31,NONE,0.467724,0.0002104,0.061261,0.00024802,247
1984,676,1,0,PARTIAL,0.349818,0.00016754,1.243282,0.00015366,261
1984,676,2,0,WEAK,0.376371,0.0001845,1.366283,0.00017284,255
1984,676,3,0,WEAK,0.18058,0.00020154,0.645227,0.00018584,112
1984,676,4,0,WEAK,0.151617,0.00022037,0.550873,0.00020663,86
1984,676,5,0,STRONG,0.385253,0.00018451,1.395034,0.00017242,261
1984,676,6,0,WEAK,0.40076,0.0002096,1.475514,0.00019915,239
1984,676,7,0,WEAK,0.480542,0.00023742,1.736727,0.00022144,253
1984,676,8,0,NONE,0.499621,0.00026241,1.819363,0.00024659,238
1984,676,9,0,PARTIAL,0.301954,0.00024351,1.093501,0.00022758,155
1984,676,10,0,WEAK,0.912397,0.0004353,3.04346,0.00037472,262
1984,676,1,4,PARTIAL,0.120646,5.778e-05,0.827666,0.00010229,261
1984,676,2,4,WEAK,0.094885,4.651e-05,0.441287,5.582e-05,255
1984,676,3,4,WEAK,0.054232,6.053e-05,0.24955,7.187e-05,112
1984,676,4,4,WEAK,0.025619,3.724e-05,0.101358,3.802e-05,86
1984,676,5,4,STRONG,0.065059,3.116e-05,0.610631,7.547e-05,261
1984,676,6,4,WEAK,0.075316,3.939e-05,0.415607,5.609e-05,239
1984,676,7,4,WEAK,0.083948,4.148e-05,0.54109,6.899e-05,253
1984,676,8,4,NONE,0.058734,3.085e-05,0.407643,5.525e-05,238
1984,676,9,4,PARTIAL,0.070998,5.726e-05,0.32747,6.815e-05,155
1984,676,10,4,WEAK,0.156082,7.447e-05,0.681049,8.385e-05,262
1984,676,1,8,PARTIAL,0.166595,7.979e-05,0.817891,0.00010109,261
1984,676,2,8,WEAK,0.089947,4.409e-05,0.376153,4.758e-05,255
1984,676,3,8,WEAK,0.060335,6.734e-05,0.206658,5.952e-05,112
1984,676,4,8,WEAK,0.050662,7.364e-05,0.137403,5.154e-05,86
1984,676,5,8,STRONG,0.09665,4.629e-05,0.615338,7.605e-05,261
1984,676,6,8,WEAK,0.092062,4.815e-05,0.467018,6.303e-05,239
1984,676,7,8,WEAK,0.119374,5.898e-05,0.747687,9.533e-05,253
1984,676,8,8,NONE,0.079833,4.193e-05,0.592534,8.031e-05,238
1984,676,9,8,PARTIAL,0.080573,6.498e-05,0.383791,7.987e-05,155
1984,676,10,8,WEAK,0.189538,9.043e-05,1.327785,0.00016348,262
1984,676,1,16,PARTIAL,0.875568,0.00041933,1.52927,0.00018901,261
1984,676,2,16,WEAK,0.372075,0.00018239,0.383781,4.855e-05,255
1984,676,3,16,WEAK,0.331589,0.00037008,0.436282,0.00012566,112
1984,676,4,16,WEAK,0.135119,0.00019639,0.154334,5.789e-05,86
1984,676,5,16,STRONG,0.398002,0.00019061,2.498529,0.0003088,261
1984,676,6,16,WEAK,0.225574,0.00011798,0.754999,0.0001019,239
1984,676,7,16,WEAK,0.350415,0.00017313,3.767082,0.00048031,253
1984,676,8,16,NONE,0.075749,3.978e-05,0.518159,7.023e-05,238
1984,676,9,16,PARTIAL,0.221972,0.00017901,0.605838,0.00012608,155
1984,676,10,16,WEAK,0.164967,7.871e-05,1.102102,0.00013569,262
1984,676,1,24,PARTIAL,0.595249,0.00028508,1.634938,0.00020207,261
1984,676,2,24,WEAK,0.338823,0.00016609,0.531142,6.719e-05,255
1984,676,3,24,WEAK,0.290368,0.00032407,0.312738,9.007e-05,112
1984,676,4,24,WEAK,0.12374,0.00017986,0.155059,5.816e-05,86
1984,676,5,24,STRONG,0.261543,0.00012526,2.016362,0.00024921,261
1984,676,6,24,WEAK,0.196835,0.00010295,0.679569,9.172e-05,239
1984,676,7,24,WEAK,0.197869,9.776e-05,1.535518,0.00019578,253
1984,676,8,24,NONE,0.089221,4.686e-05,0.327315,4.436e-05,238
1984,676,9,24,PARTIAL,0.126646,0.00010213,0.301286,6.27e-05,155
1984,676,10,24,WEAK,0.152232,7.263e-05,0.561607,6.915e-05,262
1984,676,1,31,PARTIAL,0.861226,0.00041246,2.600113,0.00032136,261
1984,676,2,31,WEAK,0.487713,0.00023907,1.009403,0.00012769,255
1984,676,3,31,WEAK,0.456916,0.00050995,0.688837,0.0001984,112
1984,676,4,31,WEAK,0.193536,0.0002813,0.318712,0.00011955,86
1984,676,5,31,STRONG,0.422235,0.00020222,3.107842,0.00038411,261
1984,676,6,31,WEAK,0.314612,0.00016455,1.157629,0.00015625,239
1984,676,7,31,WEAK,0.388167,0.00019178,2.238551,0.00028542,253
1984,676,8,31,NONE,0.190943,0.00010028,0.790311,0.00010712,238
1984,676,9,31,PARTIAL,0.222705,0.0001796,0.755375,0.00015721,155
1984,676,10,31,WEAK,0.340893,0.00016264,1.140277,0.00014039,262
2029,695,1,0,WEAK,0.30017,0.00014889,0.7414,0.00015045,224
2029,695,2,0,WEAK,0.407265,0.00018855,1.019529,0.00019309,240
2029,695,3,0,STRONG,0.398343,0.00018597,1.009961,0.00019289,238
2029,695,4,0,WEAK,0.354693,0.00017061,0.876893,0.00017255,231
2029,695,5,0,NONE,0.440866,0.00019285,1.108497,0.00019837,254
2029,695,6,0,NONE,0.43157,0.00021503,1.062186,0.00021651,223
2029,695,7,0,WEAK,0.609266,0.00025838,1.514981,0.00026284,262
2029,695,8,0,WEAK,0.188862,0.00030413,0.468231,0.00030845,69
2029,695,9,0,WEAK,0.456921,0.00031147,1.116396,0.00031132,163
2029,695,10,0,NONE,0.365589,0.00060628,0.740773,0.00050256,67
2029,695,1,4,WEAK,0.207749,0.00010305,0.435041,8.828e-05,224
2029,695,2,4,WEAK,0.111465,5.16e-05,0.289281,5.479e-05,240
2029,695,3,4,STRONG,0.102445,4.783e-05,0.456683,8.722e-05,238
2029,695,4,4,WEAK,0.1107,5.325e-05,0.210968,4.151e-05,231
2029,695,5,4,NONE,0.08845,3.869e-05,0.25701,4.599e-05,254
2029,695,6,4,NONE,0.08253,4.112e-05,0.263566,5.372e-05,223
2029,695,7,4,WEAK,0.093919,3.983e-05,0.282565,4.902e-05,262
2029,695,8,4,WEAK,0.042927,6.913e-05,0.073273,4.827e-05,69
2029,695,9,4,WEAK,0.074217,5.059e-05,0.217949,6.078e-05,163
2029,695,10,4,NONE,0.100652,0.00016692,0.144148,9.779e-05,67
2029,695,1,8,WEAK,0.204453,0.00010142,0.366999,7.447e-05,224
2029,695,2,8,WEAK,0.125767,5.823e-05,0.258956,4.904e-05,240
2029,695,3,8,STRONG,0.152751,7.131e-05,0.490452,9.367e-05,238
2029,695,4,8,WEAK,0.130306,6.268e-05,0.18762,3.692e-05,231
2029,695,5,8,NONE,0.108036,4.726e-05,0.217383,3.89e-05,254
2029,695,6,8,NONE,0.129949,6.475e-05,0.310152,6.322e-05,223
2029,695,7,8,WEAK,0.128426,5.446e-05,0.278739,4.836e-05,262
2029,695,8,8,WEAK,0.072444,0.00011666,0.063265,4.168e-05,69
2029,695,9,8,WEAK,0.095514,6.511e-05,0.233,6.497e-05,163
2029,695,10,8,NONE,0.190893,0.00031657,0.158614,0.00010761,67
2029,695,1,16,WEAK,0.715975,0.00035515,0.508982,0.00010328,224
2029,695,2,16,WEAK,0.863246,0.00039965,0.693905,0.00013142,240
2029,695,3,16,STRONG,0.945234,0.00044129,4.605048,0.0008795,238
2029,695,4,16,WEAK,0.343159,0.00016506,0.288328,5.674e-05,231
2029,695,5,16,NONE,0.175096,7.66e-05,0.35504,6.354e-05,254
2029,695,6,16,NONE,0.144943,7.222e-05,0.530078,0.00010805,223
2029,695,7,16,WEAK,0.278928,0.00011829,0.534034,9.265e-05,262
2029,695,8,16,WEAK,0.059457,9.574e-05,0.022254,1.466e-05,69
2029,695,9,16,WEAK,0.12999,8.861e-05,0.126928,3.54e-05,163
2029,695,10,16,NONE,0.133069,0.00022068,0.09923,6.732e-05,67
2029,695,1,24,WEAK,0.637194,0.00031607,0.505244,0.00010253,224
2029,695,2,24,WEAK,0.515485,0.00023865,0.608625,0.00011527,240
2029,695,3,24,STRONG,0.590693,0.00027577,2.669481,0.00050983,238
2029,695,4,24,WEAK,0.260368,0.00012524,0.41799,8.225e-05,231
2029,695,5,24,NONE,0.175922,7.696e-05,0.359378,6.431e-05,254
2029,695,6,24,NONE,0.101727,5.069e-05,0.473738,9.656e-05,223
2029,695,7,24,WEAK,0.168942,7.165e-05,0.369053,6.403e-05,262
2029,695,8,24,WEAK,0.040614,6.54e-05,0.034558,2.277e-05,69
2029,695,9,24,WEAK,0.086921,5.925e-05,0.115168,3.212e-05,163
2029,695,10,24,NONE,0.065242,0.0001082,0.088163,5.981e-05,67
2029,695,1,31,WEAK,0.881736,0.00043737,0.97454,0.00019776,224
2029,695,2,31,WEAK,0.72297,0.00033471,1.20117,0.00022749,240
2029,695,3,31,STRONG,0.755233,0.00035258,3.149442,0.0006015,238
2029,695,4,31,WEAK,0.528624,0.00025427,0.743242,0.00014625,231
2029,695,5,31,NONE,0.381581,0.00016692,0.811522,0.00014523,254
2029,695,6,31,NONE,0.262169,0.00013063,0.832071,0.0001696,223
2029,695,7,31,WEAK,0.443434,0.00018806,0.898742,0.00015592,262
2029,695,8,31,WEAK,0.091207,0.00014687,0.091359,6.018e-05,69
2029,695,9,31,WEAK,0.223409,0.00015229,0.336877,9.394e-05,163
2029,695,10,31,NONE,0.223959,0.00037141,0.286509,0.00019438,67
2031,696,1,0,WEAK,0.394326,0.00013344,2.59052,0.0001315,197
2031,696,2,0,WEAK,0.595507,0.00015095,3.765574,0.00014318,263
2031,696,3,0,NONE,0.62519,0.00019476,3.956996,0.00018491,214
2031,696,4,0,NONE,0.340802,0.00018933,2.18162,0.0001818,120
2031,696,5,0,WEAK,0.307251,0.00014225,2.057666,0.00014289,144
2031,696,6,0,WEAK,0.677666,0.00017048,4.318179,0.00016295,265
2031,696,7,0,WEAK,0.716481,0.00018732,4.725496,0.00018531,255
2031,696,8,0,NONE,0.717134,0.00018822,4.558661,0.00017947,254
2031,696,9,0,WEAK,0.897098,0.00023733,5.639015,0.00022377,252
2031,696,10,0,NONE,1.589766,0.00039546,8.579603,0.00032013,268
2031,696,1,4,WEAK,0.207745,7.03e-05,0.930704,4.724e-05,197
2031,696,2,4,WEAK,0.198759,5.038e-05,0.699312,2.659e-05,263
2031,696,3,4,NONE,0.154577,4.815e-05,0.703453,3.287e-05,214
2031,696,4,4,NONE,0.036057,2.003e-05,0.121515,1.013e-05,120
2031,696,5,4,WEAK,0.098075,4.541e-05,0.356076,2.473e-05,144
2031,696,6,4,WEAK,0.159804,4.02e-05,0.727876,2.747e-05,265
2031,696,7,4,WEAK,0.126258,3.301e-05,0.662807,2.599e-05,255
2031,696,8,4,NONE,0.137829,3.618e-05,0.635593,2.502e-05,254
2031,696,9,4,WEAK,0.163214,4.318e-05,0.696689,2.765e-05,252
2031,696,10,4,NONE,0.308942,7.685e-05,1.417774,5.29e-05,268
2031,696,1,8,WEAK,0.429512,0.00014535,1.306844,6.634e-05,197
2031,696,2,8,WEAK,0.306925,7.78e-05,1.020083,3.879e-05,263
2031,696,3,8,NONE,0.156268,4.868e-05,0.636828,2.976e-05,214
2031,696,4,8,NONE,0.113,6.278e-05,0.193972,1.616e-05,120
2031,696,5,8,WEAK,0.181601,8.407e-05,0.673694,4.678e-05,144
2031,696,6,8,WEAK,0.160672,4.042e-05,0.828147,3.125e-05,265
2031,696,7,8,WEAK,0.197738,5.17e-05,0.623584,2.445e-05,255
2031,696,8,8,NONE,0.204246,5.361e-05,0.772491,3.041e-05,254
2031,696,9,8,WEAK,0.37533,9.929e-05,0.858087,3.405e-05,252
2031,696,10,8,NONE,0.589117,0.00014655,1.565307,5.841e-05,268
2031,696,1,16,WEAK,1.741646,0.00058939,6.333898,0.00032152,197
2031,696,2,16,WEAK,1.141503,0.00028935,3.008667,0.0001144,263
2031,696,3,16,NONE,0.188897,5.885e-05,0.935399,4.371e-05,214
2031,696,4,16,NONE,0.383424,0.00021301,0.604202,5.035e-05,120
2031,696,5,16,WEAK,0.418752,0.00019387,1.340606,9.31e-05,144
2031,696,6,16,WEAK,0.823772,0.00020724,4.904502,0.00018508,265
2031,696,7,16,WEAK,0.455627,0.00011912,1.591656,6.242e-05,255
2031,696,8,16,NONE,0.156798,4.115e-05,1.008555,3.971e-05,254
2031,696,9,16,WEAK,0.738496,0.00019537,1.337318,5.307e-05,252
2031,696,10,16,NONE,0.343501,8.545e-05,1.404585,5.241e-05,268
2031,696,1,24,WEAK,0.914377,0.00030943,3.76467,0.0001911,197
2031,696,2,24,WEAK,0.689169,0.00017469,1.610616,6.124e-05,263
2031,696,3,24,NONE,0.297912,9.281e-05,1.130315,5.282e-05,214
2031,696,4,24,NONE,0.236466,0.00013137,0.426539,3.554e-05,120
2031,696,5,24,WEAK,0.340943,0.00015784,0.886809,6.158e-05,144
2031,696,6,24,WEAK,0.492321,0.00012385,2.802506,0.00010575,265
2031,696,7,24,WEAK,0.334995,8.758e-05,1.150191,4.511e-05,255
2031,696,8,24,NONE,0.160122,4.203e-05,0.913383,3.596e-05,254
2031,696,9,24,WEAK,0.328748,8.697e-05,0.779258,3.092e-05,252
2031,696,10,24,NONE,0.307236,7.643e-05,1.567785,5.85e-05,268
2031,696,1,31,WEAK,1.261976,0.00042706,5.591098,0.00028381,197
2031,696,2,31,WEAK,0.987577,0.00025034,3.213989,0.0001222,263
2031,696,3,31,NONE,0.546021,0.0001701,3.120036,0.0001458,214
2031,696,4,31,NONE,0.354028,0.00019668,0.813782,6.782e-05,120
2031,696,5,31,WEAK,0.516935,0.00023932,1.673756,0.00011623,144
2031,696,6,31,WEAK,0.912016,0.00022944,5.768318,0.00021767,265
2031,696,7,31,WEAK,0.660025,0.00017256,2.567041,0.00010067,255
2031,696,8,31,NONE,0.421184,0.00011055,2.045029,8.051e-05,254
2031,696,9,31,WEAK,0.701189,0.0001855,2.627526,0.00010427,252
2031,696,10,31,NONE,0.754986,0.00018781,5.108714,0.00019062,268
2069,720,1,0,WEAK,0.320859,0.00015433,0.14179,0.00015345,231
2069,720,2,0,WEAK,0.395565,0.00017511,0.171961,0.00017128,251
2069,720,3,0,STRONG,0.311165,0.00016543,0.136148,0.00016286,209
2069,720,4,0,WEAK,0.387571,0.0001625,0.168957,0.00015939,265
2069,720,5,0,WEAK,0.221179,0.00016494,0.097439,0.00016349,149
2069,720,6,0,WEAK,0.394912,0.00017007,0.1745,0.00016909,258
2069,720,7,0,STRONG,0.430778,0.0001786,0.189481,0.00017675,268
2069,720,8,0,WEAK,0.493131,0.00020144,0.215026,0.00019763,272
2069,720,9,0,WEAK,0.405298,0.00022859,0.17619,0.00022359,197
2069,720,10,0,WEAK,0.874674,0.00039347,0.358058,0.00036241,247
2069,720,1,4,WEAK,0.127456,6.131e-05,0.051259,5.548e-05,231
2069,720,2,4,WEAK,0.114097,5.051e-05,0.052818,5.261e-05,251
2069,720,3,4,STRONG,0.100132,5.323e-05,0.048466,5.797e-05,209
2069,720,4,4,WEAK,0.062625,2.626e-05,0.030307,2.859e-05,265
2069,720,5,4,WEAK,0.055759,4.158e-05,0.028176,4.727e-05,149
2069,720,6,4,WEAK,0.08838,3.806e-05,0.041309,4.003e-05,258
2069,720,7,4,STRONG,0.092385,3.83e-05,0.050719,4.731e-05,268
2069,720,8,4,WEAK,0.065805,2.688e-05,0.040726,3.743e-05,272
2069,720,9,4,WEAK,0.057176,3.225e-05,0.038527,4.889e-05,197
2069,720,10,4,WEAK,0.175272,7.884e-05,0.065479,6.627e-05,247
2069,720,1,8,WEAK,0.159241,7.66e-05,0.056957,6.164e-05,231
2069,720,2,8,WEAK,0.184596,8.172e-05,0.069172,6.89e-05,251
2069,720,3,8,STRONG,0.134141,7.131e-05,0.04237,5.068e-05,209
2069,720,4,8,WEAK,0.114706,4.809e-05,0.036483,3.442e-05,265
2069,720,5,8,WEAK,0.068996,5.145e-05,0.019544,3.279e-05,149
2069,720,6,8,WEAK,0.124011,5.341e-05,0.037165,3.601e-05,258
2069,720,7,8,STRONG,0.146946,6.092e-05,0.064426,6.01e-05,268
2069,720,8,8,WEAK,0.095133,3.886e-05,0.037116,3.411e-05,272
2069,720,9,8,WEAK,0.097603,5.505e-05,0.033583,4.262e-05,197
2069,720,10,8,WEAK,0.272914,0.00012277,0.10412,0.00010538,247
2069,720,1,16,WEAK,0.691344,0.00033254,0.157779,0.00017076,231
2069,720,2,16,WEAK,0.482922,0.00021378,0.217033,0.00021617,251
2069,720,3,16,STRONG,0.342915,0.0001823,0.103759,0.00012411,209
2069,720,4,16,WEAK,0.83386,0.00034963,0.226834,0.00021399,265
2069,720,5,16,WEAK,0.254182,0.00018955,0.042311,7.099e-05,149
2069,720,6,16,WEAK,0.259821,0.0001119,0.094142,9.122e-05,258
2069,720,7,16,STRONG,0.390749,0.000162,0.481656,0.00044931,268
2069,720,8,16,WEAK,0.377064,0.00015403,0.097553,8.966e-05,272
2069,720,9,16,WEAK,0.345714,0.00019499,0.054756,6.949e-05,197
2069,720,10,16,WEAK,0.232561,0.00010462,0.1153,0.0001167,247
2069,720,1,24,WEAK,0.510887,0.00024574,0.148133,0.00016032,231
2069,720,2,24,WEAK,0.487756,0.00021592,0.19265,0.00019188,251
2069,720,3,24,STRONG,0.305363,0.00016234,0.072059,8.62e-05,209
2069,720,4,24,WEAK,0.394958,0.0001656,0.105962,9.996e-05,265
2069,720,5,24,WEAK,0.161577,0.00012049,0.052082,8.739e-05,149
2069,720,6,24,WEAK,0.156834,6.754e-05,0.055265,5.355e-05,258
2069,720,7,24,STRONG,0.282098,0.00011696,0.300774,0.00028057,268
2069,720,8,24,WEAK,0.129964,5.309e-05,0.045255,4.159e-05,272
2069,720,9,24,WEAK,0.122729,6.922e-05,0.039226,4.978e-05,197
2069,720,10,24,WEAK,0.146979,6.612e-05,0.074696,7.56e-05,247
2069,720,1,31,WEAK,0.652547,0.00031388,0.209628,0.00022687,231
2069,720,2,31,WEAK,0.80895,0.0003581,0.367638,0.00036617,251
2069,720,3,31,STRONG,0.575694,0.00030606,0.175844,0.00021034,209
2069,720,4,31,WEAK,0.538811,0.00022592,0.2253,0.00021255,265
2069,720,5,31,WEAK,0.303445,0.00022628,0.069663,0.00011688,149
2069,720,6,31,WEAK,0.421674,0.0001816,0.125915,0.00012201,258
2069,720,7,31,STRONG,0.487117,0.00020196,0.321468,0.00029988,268
2069,720,8,31,WEAK,0.338176,0.00013814,0.127501,0.00011719,272
2069,720,9,31,WEAK,0.280042,0.00015795,0.088997,0.00011294,197
2069,720,10,31,WEAK,0.398613,0.00017931,0.237589,0.00024047,247
2102,735,1,0,WEAK,0.420336,0.00016861,0.89734,0.00014725,277
2102,735,2,0,PARTIAL,0.335144,0.00017483,0.711774,0.00015189,213
2102,735,3,0,WEAK,0.349351,0.00018573,0.745177,0.00016207,209
2102,735,4,0,PARTIAL,0.287481,0.00019013,0.625085,0.00016912,168
2102,735,5,0,PARTIAL,0.50969,0.00021533,1.08794,0.00018803,263
2102,735,6,0,PARTIAL,0.284455,0.00020391,0.615074,0.00018037,155
2102,735,7,0,WEAK,0.330216,0.00020271,0.69994,0.00017578,181
2102,735,8,0,WEAK,0.431175,0.00019962,0.907018,0.00017178,240
2102,735,9,0,PARTIAL,0.45962,0.00022399,0.98229,0.00019583,228
2102,735,10,0,WEAK,0.865594,0.00037278,1.732158,0.00030517,258
2102,735,1,4,WEAK,0.134485,5.394e-05,0.395996,6.498e-05,277
2102,735,2,4,PARTIAL,0.105071,5.481e-05,0.267608,5.711e-05,213
2102,735,3,4,WEAK,0.048519,2.579e-05,0.145009,3.154e-05,209
2102,735,4,4,PARTIAL,0.045488,3.008e-05,0.15395,4.165e-05,168
2102,735,5,4,PARTIAL,0.078899,3.333e-05,0.235747,4.074e-05,263
2102,735,6,4,PARTIAL,0.037064,2.657e-05,0.130962,3.841e-05,155
2102,735,7,4,WEAK,0.031264,1.919e-05,0.119796,3.008e-05,181
2102,735,8,4,WEAK,0.037804,1.75e-05,0.153961,2.916e-05,240
2102,735,9,4,PARTIAL,0.063166,3.078e-05,0.262015,5.224e-05,228
2102,735,10,4,WEAK,0.115895,4.991e-05,0.394892,6.957e-05,258
2102,735,1,8,WEAK,0.258858,0.00010383,0.435151,7.141e-05,277
2102,735,2,8,PARTIAL,0.191162,9.972e-05,0.316243,6.749e-05,213
2102,735,3,8,WEAK,0.084188,4.476e-05,0.157423,3.424e-05,209
2102,735,4,8,PARTIAL,0.126367,8.358e-05,0.259351,7.017e-05,168
2102,735,5,8,PARTIAL,0.110649,4.675e-05,0.196672,3.399e-05,263
2102,735,6,8,PARTIAL,0.071446,5.122e-05,0.10272,3.012e-05,155
2102,735,7,8,WEAK,0.074164,4.553e-05,0.147375,3.701e-05,181
2102,735,8,8,WEAK,0.113024,5.233e-05,0.207846,3.936e-05,240
2102,735,9,8,PARTIAL,0.121123,5.903e-05,0.259046,5.164e-05,228
2102,735,10,8,WEAK,0.216538,9.325e-05,0.473056,8.334e-05,258
2102,735,1,16,WEAK,0.679829,0.0002727,0.577581,9.478e-05,277
2102,735,2,16,PARTIAL,0.520047,0.00027128,0.911101,0.00019443,213
2102,735,3,16,WEAK,0.319922,0.00017008,0.583299,0.00012686,209
2102,735,4,16,PARTIAL,0.367984,0.00024338,1.148092,0.00031063,168
2102,735,5,16,PARTIAL,0.346599,0.00014643,0.797138,0.00013777,263
2102,735,6,16,PARTIAL,0.180763,0.00012958,0.316391,9.278e-05,155
2102,735,7,16,WEAK,0.199631,0.00012255,0.707374,0.00017764,181
2102,735,8,16,WEAK,0.248699,0.00011514,0.554838,0.00010508,240
2102,735,9,16,PARTIAL,0.244579,0.00011919,1.1152,0.00022233,228
2102,735,10,16,WEAK,0.347014,0.00014945,1.310223,0.00023084,258
2102,735,1,24,WEAK,0.719825,0.00028874,0.662663,0.00010874,277
2102,735,2,24,PARTIAL,0.370858,0.00019346,0.526286,0.00011231,213
2102,735,3,24,WEAK,0.200701,0.0001067,0.313824,6.825e-05,209
2102,735,4,24,PARTIAL,0.223064,0.00014753,0.565431,0.00015298,168
2102,735,5,24,PARTIAL,0.237395,0.00010029,0.426691,7.375e-05,263
2102,735,6,24,PARTIAL,0.153499,0.00011004,0.225716,6.619e-05,155
2102,735,7,24,WEAK,0.098793,6.065e-05,0.232951,5.85e-05,181
2102,735,8,24,WEAK,0.172904,8.005e-05,0.252265,4.778e-05,240
2102,735,9,24,PARTIAL,0.206017,0.0001004,0.563355,0.00011231,228
2102,735,10,24,WEAK,0.18445,7.944e-05,0.492726,8.681e-05,258
2102,735,1,31,WEAK,1.01674,0.00040784,1.009485,0.00016565,277
2102,735,2,31,PARTIAL,0.66781,0.00034836,1.261995,0.00026931,213
2102,735,3,31,WEAK,0.344102,0.00018294,0.667014,0.00014507,209
2102,735,4,31,PARTIAL,0.423435,0.00028005,1.021817,0.00027647,168
2102,735,5,31,PARTIAL,0.452077,0.00019099,0.82626,0.0001428,263
2102,735,6,31,PARTIAL,0.206158,0.00014778,0.408914,0.00011992,155
2102,735,7,31,WEAK,0.227255,0.00013951,0.795758,0.00019984,181
2102,735,8,31,WEAK,0.377615,0.00017482,0.762472,0.00014441,240
2102,735,9,31,PARTIAL,0.368285,0.00017948,0.897952,0.00017902,228
2102,735,10,31,WEAK,0.437538,0.00018843,1.174887,0.00020699,258
2159,772,1,0,WEAK,0.224311,0.00021404,0.025808,0.000197,131
2159,772,2,0,NONE,0.137613,0.00020978,0.016171,0.0001972,82
2159,772,3,0,WEAK,0.40367,0.0002369,0.046076,0.00021632,213
2159,772,4,0,WEAK,0.148224,0.00017316,0.016815,0.00015715,107
2159,772,5,0,NONE,0.232286,0.00021831,0.026527,0.00019945,133
2159,772,6,0,WEAK,0.286259,0.00019447,0.032886,0.00017873,184
2159,772,7,0,PARTIAL,0.435745,0.00022982,0.049487,0.0002088,237
2159,772,8,0,WEAK,0.438197,0.00026334,0.050668,0.00024359,208
2159,772,9,0,WEAK,0.313281,0.00025595,0.035368,0.00023116,153
2159,772,10,0,WEAK,0.788058,0.00038782,0.084804,0.00033388,254
2159,772,1,4,WEAK,0.09853,9.402e-05,0.005966,4.554e-05,131
2159,772,2,4,NONE,0.029147,4.443e-05,0.001669,2.036e-05,82
2159,772,3,4,WEAK,0.076267,4.476e-05,0.004703,2.208e-05,213
2159,772,4,4,WEAK,0.039152,4.574e-05,0.002404,2.246e-05,107
2159,772,5,4,NONE,0.043675,4.105e-05,0.003142,2.363e-05,133
2159,772,6,4,WEAK,0.068841,4.677e-05,0.00453,2.462e-05,184
2159,772,7,4,PARTIAL,0.066315,3.498e-05,0.004472,1.887e-05,237
2159,772,8,4,WEAK,0.07883,4.737e-05,0.005547,2.667e-05,208
2159,772,9,4,WEAK,0.046887,3.831e-05,0.003691,2.413e-05,153
2159,772,10,4,WEAK,0.157118,7.732e-05,0.012548,4.94e-05,254
2159,772,1,8,WEAK,0.126717,0.00012091,0.003121,2.382e-05,131
2159,772,2,8,NONE,0.057559,8.774e-05,0.001756,2.142e-05,82
2159,772,3,8,WEAK,0.127406,7.477e-05,0.004739,2.225e-05,213
2159,772,4,8,WEAK,0.050398,5.888e-05,0.002179,2.036e-05,107
2159,772,5,8,NONE,0.062524,5.876e-05,0.002883,2.167e-05,133
2159,772,6,8,WEAK,0.104345,7.089e-05,0.003289,1.787e-05,184
2159,772,7,8,PARTIAL,0.139315,7.348e-05,0.005468,2.307e-05,237
2159,772,8,8,WEAK,0.126265,7.588e-05,0.005637,2.71e-05,208
2159,772,9,8,WEAK,0.103591,8.463e-05,0.004175,2.729e-05,153
2159,772,10,8,WEAK,0.292547,0.00014397,0.015924,6.269e-05,254
2159,772,1,16,WEAK,0.365041,0.00034832,0.012294,9.385e-05,131
2159,772,2,16,NONE,0.241609,0.00036831,0.007256,8.849e-05,82
2159,772,3,16,WEAK,0.088743,5.208e-05,0.003143,1.476e-05,213
2159,772,4,16,WEAK,0.119374,0.00013946,0.004282,4.002e-05,107
2159,772,5,16,NONE,0.062234,5.849e-05,0.002812,2.114e-05,133
2159,772,6,16,WEAK,0.200614,0.00013629,0.005303,2.882e-05,184
2159,772,7,16,PARTIAL,0.383175,0.0002021,0.014265,6.019e-05,237
2159,772,8,16,WEAK,0.227072,0.00013646,0.006358,3.057e-05,208
2159,772,9,16,WEAK,0.06305,5.151e-05,0.001739,1.137e-05,153
2159,772,10,16,WEAK,0.220111,0.00010832,0.012684,4.994e-05,254
2159,772,1,24,WEAK,0.300057,0.00028631,0.019362,0.0001478,131
2159,772,2,24,NONE,0.291929,0.00044501,0.018366,0.00022398,82
2159,772,3,24,WEAK,0.192691,0.00011308,0.014251,6.691e-05,213
2159,772,4,24,WEAK,0.10966,0.00012811,0.008196,7.66e-05,107
2159,772,5,24,NONE,0.149669,0.00014067,0.009988,7.51e-05,133
2159,772,6,24,WEAK,0.317005,0.00021536,0.022759,0.00012369,184
2159,772,7,24,PARTIAL,0.329429,0.00017375,0.026714,0.00011272,237
2159,772,8,24,WEAK,0.19537,0.00011741,0.012345,5.935e-05,208
2159,772,9,24,WEAK,0.08385,6.851e-05,0.008464,5.532e-05,153
2159,772,10,24,WEAK,0.20539,0.00010108,0.023803,9.371e-05,254
2159,772,1,31,WEAK,0.585512,0.00055869,0.053947,0.00041181,131
2159,772,2,31,NONE,0.449342,0.00068497,0.020104,0.00024517,82
2159,772,3,31,WEAK,0.314663,0.00018466,0.029676,0.00013932,213
2159,772,4,31,WEAK,0.252583,0.00029507,0.024791,0.00023169,107
2159,772,5,31,NONE,0.221157,0.00020785,0.021379,0.00016074,133
2159,772,6,31,WEAK,0.401265,0.0002726,0.028988,0.00015754,184
2159,772,7,31,PARTIAL,0.499245,0.00026332,0.04929,0.00020797,237
2159,772,8,31,WEAK,0.389663,0.00023417,0.037748,0.00018148,208
2159,772,9,31,WEAK,0.255055,0.00020838,0.034669,0.0002266,153
2159,772,10,31,WEAK,0.44065,0.00021686,0.068134,0.00026825,254
2191,791,1,0,STRONG,0.108772,0.00021886,0.215083,0.00021638,71
2191,791,2,0,STRONG,0.278913,0.00022014,0.544708,0.00021496,181
2191,791,3,0,WEAK,0.128596,0.00021116,0.251693,0.00020664,87
2191,791,4,0,WEAK,0.306832,0.00023316,0.59733,0.00022695,188
2191,791,5,0,NONE,0.277118,0.00021284,0.543948,0.00020889,186
2191,791,6,0,WEAK,0.412416,0.0002338,0.798099,0.00022622,252
2191,791,7,0,WEAK,0.563629,0.00030044,1.109415,0.00029569,268
2191,791,8,0,WEAK,0.214784,0.00023422,0.424575,0.0002315,131
2191,791,9,0,NONE,0.101623,0.00027918,0.204311,0.00028065,52
2191,791,10,0,WEAK,0.769365,0.00042601,1.432539,0.00039661,258
2191,791,1,4,STRONG,0.061729,0.0001242,0.199141,0.00020034,71
2191,791,2,4,STRONG,0.061393,4.846e-05,0.206178,8.136e-05,181
2191,791,3,4,WEAK,0.040885,6.713e-05,0.105528,8.664e-05,87
2191,791,4,4,WEAK,0.065869,5.005e-05,0.225101,8.552e-05,188
2191,791,5,4,NONE,0.041269,3.17e-05,0.110057,4.226e-05,186
2191,791,6,4,WEAK,0.079808,4.524e-05,0.210504,5.967e-05,252
2191,791,7,4,WEAK,0.08545,4.555e-05,0.262057,6.984e-05,268
2191,791,8,4,WEAK,0.029286,3.194e-05,0.075594,4.122e-05,131
2191,791,9,4,NONE,0.015942,4.38e-05,0.034933,4.799e-05,52
2191,791,10,4,WEAK,0.117415,6.501e-05,0.343452,9.509e-05,258
2191,791,1,8,STRONG,0.124206,0.00024991,0.281052,0.00028275,71
2191,791,2,8,STRONG,0.125907,9.937e-05,0.333449,0.00013159,181
2191,791,3,8,WEAK,0.082668,0.00013574,0.18334,0.00015053,87
2191,791,4,8,WEAK,0.090725,6.894e-05,0.206743,7.855e-05,188
2191,791,5,8,NONE,0.054871,4.214e-05,0.12299,4.723e-05,186
2191,791,6,8,WEAK,0.141916,8.045e-05,0.280871,7.961e-05,252
2191,791,7,8,WEAK,0.114951,6.127e-05,0.298695,7.961e-05,268
2191,791,8,8,WEAK,0.090846,9.907e-05,0.136489,7.442e-05,131
2191,791,9,8,NONE,0.033223,9.127e-05,0.036359,4.994e-05,52
2191,791,10,8,WEAK,0.230353,0.00012755,0.615041,0.00017028,258
2191,791,1,16,STRONG,0.328105,0.00066017,0.612515,0.00061621,71
2191,791,2,16,STRONG,0.514679,0.00040622,1.267294,0.00050012,181
2191,791,3,16,WEAK,0.13647,0.00022409,0.198114,0.00016266,87
2191,791,4,16,WEAK,0.596234,0.00045307,1.253999,0.00047644,188
2191,791,5,16,NONE,0.156187,0.00011996,0.247863,9.519e-05,186
2191,791,6,16,WEAK,0.383781,0.00021756,0.657045,0.00018624,252
2191,791,7,16,WEAK,0.14576,7.77e-05,0.290649,7.747e-05,268
2191,791,8,16,WEAK,0.179397,0.00019563,0.155624,8.486e-05,131
2191,791,9,16,NONE,0.109106,0.00029974,0.049822,6.844e-05,52
2191,791,10,16,WEAK,0.216118,0.00011967,0.54468,0.0001508,258
2191,791,1,24,STRONG,0.292547,0.00058863,0.591797,0.00059537,71
2191,791,2,24,STRONG,0.400316,0.00031596,0.90087,0.00035551,181
2191,791,3,24,WEAK,0.145215,0.00023845,0.283176,0.00023249,87
2191,791,4,24,WEAK,0.497078,0.00037772,0.970384,0.00036869,188
2191,791,5,24,NONE,0.139361,0.00010704,0.244911,9.405e-05,186
2191,791,6,24,WEAK,0.278156,0.00015768,0.504109,0.00014289,252
2191,791,7,24,WEAK,0.127483,6.795e-05,0.223784,5.964e-05,268
2191,791,8,24,WEAK,0.085391,9.312e-05,0.072337,3.944e-05,131
2191,791,9,24,NONE,0.042874,0.00011779,0.029166,4.006e-05,52
2191,791,10,24,WEAK,0.139592,7.729e-05,0.335807,9.297e-05,258
2191,791,1,31,STRONG,0.348384,0.00070097,0.816563,0.00082149,71
2191,791,2,31,STRONG,0.509433,0.00040208,1.338379,0.00052817,181
2191,791,3,31,WEAK,0.278452,0.00045723,0.457566,0.00037567,87
2191,791,4,31,WEAK,0.607193,0.00046139,1.299868,0.00049387,188
2191,791,5,31,NONE,0.274676,0.00021096,0.561508,0.00021563,186
2191,791,6,31,WEAK,0.585979,0.00033219,0.779786,0.00022103,252
2191,791,7,31,WEAK,0.351477,0.00018735,0.621391,0.00016562,268
2191,791,8,31,WEAK,0.231195,0.00025212,0.195635,0.00010667,131
2191,791,9,31,NONE,0.065092,0.00017882,0.051227,7.037e-05,52
2191,791,10,31,WEAK,0.385806,0.00021362,0.738125,0.00020435,258
2239,821,1,0,PARTIAL,0.242564,0.00016637,0.036244,0.00014915,243
2239,821,2,0,NONE,0.283104,0.00018504,0.041715,0.00016359,255
2239,821,3,0,WEAK,0.259702,0.00017453,0.037766,0.00015228,248
2239,821,4,0,WEAK,0.28645,0.0001887,0.042214,0.00016685,253
2239,821,5,0,WEAK,0.255823,0.00017192,0.037579,0.00015153,248
2239,821,6,0,WEAK,0.268999,0.00018997,0.040285,0.0001707,236
2239,821,7,0,WEAK,0.312793,0.0002209,0.045674,0.00019354,236
2239,821,8,0,WEAK,0.35348,0.00022486,0.051784,0.00019765,262
2239,821,9,0,WEAK,0.091568,0.00021802,0.013232,0.00018903,70
2239,821,10,0,STRONG,0.592715,0.00035922,0.084229,0.00030629,275
2239,821,1,4,PARTIAL,0.144219,9.892e-05,0.008532,3.511e-05,243
2239,821,2,4,NONE,0.070016,4.576e-05,0.004394,1.723e-05,255
2239,821,3,4,WEAK,0.053859,3.62e-05,0.003934,1.586e-05,248
2239,821,4,4,WEAK,0.055772,3.674e-05,0.004061,1.605e-05,253
2239,821,5,4,WEAK,0.071976,4.837e-05,0.004102,1.654e-05,248
2239,821,6,4,WEAK,0.065815,4.648e-05,0.004087,1.732e-05,236
2239,821,7,4,WEAK,0.06708,4.737e-05,0.003327,1.41e-05,236
2239,821,8,4,WEAK,0.082672,5.259e-05,0.005566,2.124e-05,262
2239,821,9,4,WEAK,0.058843,0.0001401,0.002766,3.952e-05,70
2239,821,10,4,STRONG,0.163988,9.939e-05,0.008643,3.143e-05,275
2239,821,1,8,PARTIAL,0.126997,8.71e-05,0.006753,2.779e-05,243
2239,821,2,8,NONE,0.075764,4.952e-05,0.005122,2.009e-05,255
2239,821,3,8,WEAK,0.04375,2.94e-05,0.002963,1.195e-05,248
2239,821,4,8,WEAK,0.056527,3.724e-05,0.004462,1.764e-05,253
2239,821,5,8,WEAK,0.059036,3.967e-05,0.003385,1.365e-05,248
2239,821,6,8,WEAK,0.060689,4.286e-05,0.003368,1.427e-05,236
2239,821,7,8,WEAK,0.076339,5.391e-05,0.00485,2.055e-05,236
2239,821,8,8,WEAK,0.097495,6.202e-05,0.005469,2.088e-05,262
2239,821,9,8,WEAK,0.087479,0.00020828,0.003539,5.055e-05,70
2239,821,10,8,STRONG,0.334032,0.00020244,0.014757,5.366e-05,275
2239,821,1,16,PARTIAL,0.649567,0.00044552,0.029986,0.0001234,243
2239,821,2,16,NONE,0.240206,0.000157,0.026688,0.00010466,255
2239,821,3,16,WEAK,0.064674,4.346e-05,0.00353,1.423e-05,248
2239,821,4,16,WEAK,0.09161,6.035e-05,0.005241,2.071e-05,253
2239,821,5,16,WEAK,0.099156,6.664e-05,0.003698,1.491e-05,248
2239,821,6,16,WEAK,0.201353,0.0001422,0.008582,3.636e-05,236
2239,821,7,16,WEAK,0.251588,0.00017768,0.015626,6.621e-05,236
2239,821,8,16,WEAK,0.280489,0.00017843,0.013315,5.082e-05,262
2239,821,9,16,WEAK,0.194249,0.0004625,0.007793,0.00011133,70
2239,821,10,16,STRONG,0.692548,0.00041973,0.034178,0.00012428,275
2239,821,1,24,PARTIAL,0.328627,0.0002254,0.033461,0.0001377,243
2239,821,2,24,NONE,0.191296,0.00012503,0.02448,9.6e-05,255
2239,821,3,24,WEAK,0.068775,4.622e-05,0.010512,4.239e-05,248
2239,821,4,24,WEAK,0.101606,6.693e-05,0.01101,4.352e-05,253
2239,821,5,24,WEAK,0.107414,7.219e-05,0.008396,3.386e-05,248
2239,821,6,24,WEAK,0.132621,9.366e-05,0.015655,6.634e-05,236
2239,821,7,24,WEAK,0.198757,0.00014036,0.022077,9.355e-05,236
2239,821,8,24,WEAK,0.190132,0.00012095,0.012312,4.699e-05,262
2239,821,9,24,WEAK,0.07525,0.00017917,0.008356,0.00011937,70
2239,821,10,24,STRONG,0.324534,0.00019669,0.031286,0.00011377,275
2239,821,1,31,PARTIAL,0.475361,0.00032604,0.044339,0.00018247,243
2239,821,2,31,NONE,0.313189,0.0002047,0.047159,0.00018494,255
2239,821,3,31,WEAK,0.183707,0.00012346,0.024809,0.00010004,248
2239,821,4,31,WEAK,0.197637,0.0001302,0.025227,9.971e-05,253
2239,821,5,31,WEAK,0.218912,0.00014712,0.022115,8.917e-05,248
2239,821,6,31,WEAK,0.229571,0.00016213,0.024999,0.00010593,236
2239,821,7,31,WEAK,0.261618,0.00018476,0.03593,0.00015225,236
2239,821,8,31,WEAK,0.370347,0.00023559,0.038766,0.00014796,262
2239,821,9,31,WEAK,0.156758,0.00037323,0.021599,0.00030856,70
2239,821,10,31,STRONG,0.561689,0.00034042,0.095296,0.00034653,275
398,105,1,0,NONE,0.404631,0.00016651,0.834225,0.00016092,162
398,105,2,0,NONE,0.519168,0.00015247,1.093489,0.00015054,227
398,105,3,0,NONE,0.607653,0.00015229,1.230743,0.00014459,266
398,105,4,0,NONE,0.630044,0.00015557,1.314825,0.00015218,270
398,105,5,0,WEAK,0.610698,0.00014913,1.276457,0.00014611,273
398,105,6,0,NONE,0.42431,0.00016939,0.8864,0.00016587,167
398,105,7,0,WEAK,0.555188,0.00015617,1.156877,0.00015254,237
398,105,8,0,NONE,0.70471,0.00019021,1.477779,0.00018697,247
398,105,9,0,NONE,0.953706,0.00023375,1.974807,0.00022688,272
398,105,10,0,NONE,1.131144,0.00029806,2.044101,0.00025248,253
398,105,1,4,NONE,0.253935,0.0001045,0.332781,6.419e-05,162
398,105,2,4,NONE,0.089211,2.62e-05,0.155166,2.136e-05,227
398,105,3,4,NONE,0.157249,3.941e-05,0.337633,3.967e-05,266
398,105,4,4,NONE,0.154904,3.825e-05,0.310599,3.595e-05,270
398,105,5,4,WEAK,0.18747,4.578e-05,0.395945,4.532e-05,273
398,105,6,4,NONE,0.093513,3.733e-05,0.221439,4.144e-05,167
398,105,7,4,WEAK,0.112865,3.175e-05,0.279107,3.68e-05,237
398,105,8,4,NONE,0.123818,3.342e-05,0.308808,3.907e-05,247
398,105,9,4,NONE,0.216994,5.318e-05,0.452144,5.195e-05,272
398,105,10,4,NONE,0.249563,6.576e-05,0.487972,6.027e-05,253
398,105,1,8,NONE,0.343147,0.00014121,0.353365,6.816e-05,162
398,105,2,8,NONE,0.209442,6.151e-05,0.207554,2.857e-05,227
398,105,3,8,NONE,0.213975,5.363e-05,0.343033,4.03e-05,266
398,105,4,8,NONE,0.239188,5.906e-05,0.310703,3.596e-05,270
398,105,5,8,WEAK,0.310831,7.59e-05,0.482486,5.523e-05,273
398,105,6,8,NONE,0.175264,6.997e-05,0.28025,5.244e-05,167
398,105,7,8,WEAK,0.245503,6.906e-05,0.342917,4.522e-05,237
398,105,8,8,NONE,0.280891,7.581e-05,0.399818,5.058e-05,247
398,105,9,8,NONE,0.281091,6.889e-05,0.399186,4.586e-05,272
398,105,10,8,NONE,0.285584,7.525e-05,0.422617,5.22e-05,253
398,105,1,16,NONE,1.46177,0.00060155,0.613476,0.00011834,162
398,105,2,16,NONE,1.146955,0.00033684,0.76403,0.00010518,227
398,105,3,16,NONE,0.7162,0.0001795,1.520284,0.0001786,266
398,105,4,16,NONE,0.330649,8.164e-05,0.848032,9.815e-05,270
398,105,5,16,WEAK,0.334155,8.16e-05,1.719381,0.00019682,273
398,105,6,16,NONE,0.750462,0.00029959,1.244761,0.00023293,167
398,105,7,16,WEAK,0.416892,0.00011727,5.162202,0.00068067,237
398,105,8,16,NONE,0.461463,0.00012455,0.918511,0.00011621,247
398,105,9,16,NONE,0.294525,7.219e-05,0.943415,0.00010839,272
398,105,10,16,NONE,0.397516,0.00010475,0.566606,6.999e-05,253
398,105,1,24,NONE,1.052513,0.00043313,0.499677,9.639e-05,162
398,105,2,24,NONE,0.846823,0.0002487,0.696114,9.583e-05,227
398,105,3,24,NONE,0.56503,0.00014161,1.388871,0.00016317,266
398,105,4,24,NONE,0.332956,8.221e-05,0.962661,0.00011142,270
398,105,5,24,WEAK,0.325533,7.95e-05,1.437983,0.0001646,273
398,105,6,24,NONE,0.306175,0.00012223,0.962601,0.00018013,167
398,105,7,24,WEAK,0.21575,6.069e-05,2.058333,0.0002714,237
398,105,8,24,NONE,0.258493,6.977e-05,0.757461,9.583e-05,247
398,105,9,24,NONE,0.21166,5.188e-05,0.604797,6.948e-05,272
398,105,10,24,NONE,0.22602,5.956e-05,0.52106,6.436e-05,253
398,105,1,31,NONE,1.134235,0.00046676,0.728071,0.00014045,162
398,105,2,31,NONE,0.907419,0.0002665,0.885227,0.00012186,227
398,105,3,31,NONE,0.79821,0.00020005,1.748843,0.00020546,266
398,105,4,31,NONE,0.692162,0.0001709,1.640325,0.00018985,270
398,105,5,31,WEAK,0.675055,0.00016485,2.329543,0.00026666,273
398,105,6,31,NONE,0.438299,0.00017497,1.23076,0.00023031,167
398,105,7,31,WEAK,0.396023,0.0001114,2.127265,0.00028049,237
398,105,8,31,NONE,0.622097,0.00016791,1.310012,0.00016574,247
398,105,9,31,NONE,0.541281,0.00013267,1.505096,0.00017292,272
398,105,10,31,NONE,0.553927,0.00014596,1.135123,0.00014021,253
420,110,1,0,NONE,0.245398,0.00015581,2.372958,0.00015236,175
420,110,2,0,STRONG,0.071607,0.00014208,0.719532,0.00014437,56
420,110,3,0,NONE,0.314765,0.00015075,2.954319,0.00014308,232
420,110,4,0,WEAK,0.43252,0.00017476,4.143971,0.00016931,275
420,110,5,0,NONE,0.414442,0.00017918,4.075114,0.00017816,257
420,110,6,0,NONE,0.479766,0.00018837,4.600312,0.00018265,283
420,110,7,0,NONE,0.444047,0.00018904,4.221853,0.00018175,261
420,110,8,0,STRONG,0.534851,0.00023676,5.163495,0.00023114,251
420,110,9,0,WEAK,0.438516,0.00021184,4.15671,0.00020306,230
420,110,10,0,NONE,0.844252,0.00037077,6.728853,0.00029883,253
420,110,1,4,NONE,0.140662,8.931e-05,1.07293,6.889e-05,175
420,110,2,4,STRONG,0.05071,0.00010062,0.408827,8.203e-05,56
420,110,3,4,NONE,0.067537,3.235e-05,0.645281,3.125e-05,232
420,110,4,4,WEAK,0.11215,4.531e-05,1.211853,4.951e-05,275
420,110,5,4,NONE,0.068341,2.955e-05,0.797598,3.487e-05,257
420,110,6,4,NONE,0.118592,4.656e-05,0.921033,3.657e-05,283
420,110,7,4,NONE,0.079328,3.377e-05,0.944457,4.066e-05,261
420,110,8,4,STRONG,0.099173,4.39e-05,2.120779,9.494e-05,251
420,110,9,4,WEAK,0.081069,3.916e-05,1.366493,6.676e-05,230
420,110,10,4,NONE,0.203172,8.923e-05,1.869767,8.304e-05,253
420,110,1,8,NONE,0.203099,0.00012895,0.629127,4.039e-05,175
420,110,2,8,STRONG,0.083894,0.00016646,0.333628,6.694e-05,56
420,110,3,8,NONE,0.097524,4.671e-05,0.422707,2.047e-05,232
420,110,4,8,WEAK,0.160149,6.471e-05,0.881819,3.603e-05,275
420,110,5,8,NONE,0.146177,6.32e-05,0.733586,3.207e-05,257
420,110,6,8,NONE,0.124718,4.897e-05,0.810684,3.219e-05,283
420,110,7,8,NONE,0.14913,6.349e-05,0.77772,3.348e-05,261
420,110,8,8,STRONG,0.172118,7.619e-05,2.714107,0.0001215,251
420,110,9,8,WEAK,0.161356,7.795e-05,1.944536,9.499e-05,230
420,110,10,8,NONE,0.38549,0.0001693,2.977475,0.00013223,253
420,110,1,16,NONE,0.367817,0.00023353,0.343007,2.202e-05,175
420,110,2,16,STRONG,0.326347,0.00064751,0.924211,0.00018544,56
420,110,3,16,NONE,0.171462,8.212e-05,0.166708,8.07e-06,232
420,110,4,16,WEAK,0.618384,0.00024985,1.560999,6.378e-05,275
420,110,5,16,NONE,0.356933,0.00015432,0.340665,1.489e-05,257
420,110,6,16,NONE,0.453023,0.00017787,0.81442,3.233e-05,283
420,110,7,16,NONE,0.200843,8.55e-05,0.361821,1.558e-05,261
420,110,8,16,STRONG,0.644855,0.00028546,20.970194,0.00093873,251
420,110,9,16,WEAK,0.205655,9.935e-05,1.737217,8.487e-05,230
420,110,10,16,NONE,0.447858,0.00019669,1.197217,5.317e-05,253
420,110,1,24,NONE,0.369087,0.00023434,0.807773,5.186e-05,175
420,110,2,24,STRONG,0.26981,0.00053534,0.937429,0.00018809,56
420,110,3,24,NONE,0.146687,7.025e-05,0.455265,2.205e-05,232
420,110,4,24,WEAK,0.445914,0.00018017,2.462745,0.00010062,275
420,110,5,24,NONE,0.236019,0.00010204,0.734642,3.212e-05,257
420,110,6,24,NONE,0.301846,0.00011851,1.412107,5.606e-05,283
420,110,7,24,NONE,0.181406,7.723e-05,0.925136,3.983e-05,261
420,110,8,24,STRONG,0.423029,0.00018726,11.880981,0.00053185,251
420,110,9,24,WEAK,0.156941,7.582e-05,2.135774,0.00010434,230
420,110,10,24,NONE,0.2373,0.00010422,1.227428,5.451e-05,253
420,110,1,31,NONE,0.551426,0.00035011,2.083347,0.00013376,175
420,110,2,31,STRONG,0.388912,0.00077165,2.124927,0.00042635,56
420,110,3,31,NONE,0.312938,0.00014987,1.3627,6.6e-05,232
420,110,4,31,WEAK,0.815507,0.0003295,5.517261,0.00022542,275
420,110,5,31,NONE,0.412048,0.00017814,1.8029,7.882e-05,257
420,110,6,31,NONE,0.445487,0.00017491,2.981363,0.00011837,283
420,110,7,31,NONE,0.351431,0.00014961,1.918884,8.261e-05,261
420,110,8,31,STRONG,0.682449,0.0003021,16.517241,0.00073939,251
420,110,9,31,WEAK,0.331742,0.00016026,4.494964,0.00021959,230
420,110,10,31,NONE,0.506458,0.00022242,3.358494,0.00014915,253
548,150,1,0,NONE,0.324277,0.00020141,0.438212,0.0002117,230
548,150,2,0,STRONG,0.172029,0.0001966,0.239741,0.0002131,125
548,150,3,0,PARTIAL,0.102724,0.00021581,0.138839,0.00022686,68
548,150,4,0,WEAK,0.067563,0.00022981,0.093445,0.00024721,42
548,150,5,0,NONE,0.367598,0.00023236,0.494781,0.00024326,226
548,150,6,0,NONE,0.138279,0.00017482,0.187377,0.00018425,113
548,150,7,0,NONE,0.218397,0.00022941,0.299324,0.00024455,136
548,150,8,0,NONE,0.443545,0.0002555,0.586769,0.00026289,248
548,150,9,0,NONE,0.42491,0.00026278,0.576773,0.00027743,231
548,150,10,0,NONE,0.598266,0.00050873,0.746213,0.00049353,168
548,150,1,4,NONE,0.121485,7.546e-05,0.169876,8.207e-05,230
548,150,2,4,STRONG,0.052436,5.993e-05,0.168594,0.00014986,125
548,150,3,4,PARTIAL,0.021487,4.514e-05,0.038144,6.233e-05,68
548,150,4,4,WEAK,0.018781,6.388e-05,0.050281,0.00013302,42
548,150,5,4,NONE,0.070192,4.437e-05,0.100913,4.961e-05,226
548,150,6,4,NONE,0.041719,5.274e-05,0.060964,5.995e-05,113
548,150,7,4,NONE,0.034382,3.612e-05,0.045437,3.712e-05,136
548,150,8,4,NONE,0.064703,3.727e-05,0.101668,4.555e-05,248
548,150,9,4,NONE,0.092125,5.697e-05,0.139708,6.72e-05,231
548,150,10,4,NONE,0.113254,9.63e-05,0.151889,0.00010046,168
548,150,1,8,NONE,0.232161,0.0001442,0.170517,8.238e-05,230
548,150,2,8,STRONG,0.083676,9.563e-05,0.141239,0.00012555,125
548,150,3,8,PARTIAL,0.033441,7.025e-05,0.047286,7.726e-05,68
548,150,4,8,WEAK,0.019142,6.511e-05,0.02405,6.362e-05,42
548,150,5,8,NONE,0.119187,7.534e-05,0.097041,4.771e-05,226
548,150,6,8,NONE,0.057451,7.263e-05,0.05259,5.171e-05,113
548,150,7,8,NONE,0.069585,7.309e-05,0.049693,4.06e-05,136
548,150,8,8,NONE,0.093753,5.401e-05,0.113728,5.095e-05,248
548,150,9,8,NONE,0.147131,9.099e-05,0.127893,6.152e-05,231
548,150,10,8,NONE,0.246119,0.00020928,0.239426,0.00015835,168
548,150,1,16,NONE,0.36,0.0002236,0.094991,4.589e-05,230
548,150,2,16,STRONG,0.882399,0.00100846,1.248131,0.00110945,125
548,150,3,16,PARTIAL,0.181303,0.00038089,0.248098,0.00040539,68
548,150,4,16,WEAK,0.20466,0.00069612,0.317957,0.00084116,42
548,150,5,16,NONE,0.316201,0.00019987,0.124729,6.132e-05,226
548,150,6,16,NONE,0.133192,0.00016838,0.050783,4.993e-05,113
548,150,7,16,NONE,0.143823,0.00015107,0.047658,3.894e-05,136
548,150,8,16,NONE,0.059346,3.419e-05,0.043565,1.952e-05,248
548,150,9,16,NONE,0.11119,6.876e-05,0.061983,2.981e-05,231
548,150,10,16,NONE,0.150369,0.00012786,0.138294,9.146e-05,168
548,150,1,24,NONE,0.315902,0.00019621,0.150847,7.287e-05,230
548,150,2,24,STRONG,0.537145,0.00061388,0.97631,0.00086783,125
548,150,3,24,PARTIAL,0.143632,0.00030175,0.158239,0.00025856,68
548,150,4,24,WEAK,0.106092,0.00036086,0.14809,0.00039177,42
548,150,5,24,NONE,0.264506,0.0001672,0.116285,5.717e-05,226
548,150,6,24,NONE,0.076833,9.713e-05,0.042663,4.195e-05,113
548,150,7,24,NONE,0.096717,0.00010159,0.040605,3.317e-05,136
548,150,8,24,NONE,0.073382,4.227e-05,0.053931,2.416e-05,248
548,150,9,24,NONE,0.074982,4.637e-05,0.068328,3.287e-05,231
548,150,10,24,NONE,0.08442,7.179e-05,0.094561,6.254e-05,168
548,150,1,31,NONE,0.546847,0.00033966,0.328726,0.0001588,230
548,150,2,31,STRONG,0.614896,0.00070274,1.318872,0.00117233,125
548,150,3,31,PARTIAL,0.269968,0.00056716,0.320914,0.00052437,68
548,150,4,31,WEAK,0.205511,0.00069902,0.337973,0.00089411,42
548,150,5,31,NONE,0.458614,0.00028989,0.287463,0.00014133,226
548,150,6,31,NONE,0.193832,0.00024505,0.132936,0.00013071,113
548,150,7,31,NONE,0.225958,0.00023735,0.133223,0.00010884,136
548,150,8,31,NONE,0.256207,0.00014758,0.232182,0.00010402,248
548,150,9,31,NONE,0.232517,0.0001438,0.22371,0.0001076,231
548,150,10,31,NONE,0.239755,0.00020387,0.316964,0.00020963,168
556,152,1,0,WEAK,0.274525,0.0001762,0.67653,0.00018334,82
556,152,2,0,NONE,0.735203,0.00015174,1.759559,0.00015334,255
556,152,3,0,PARTIAL,0.654602,0.00017226,1.600755,0.00017786,200
556,152,4,0,PARTIAL,0.901478,0.00017904,2.225662,0.00018664,265
556,152,5,0,WEAK,0.590814,0.000184,1.429867,0.00018802,169
556,152,6,0,STRONG,0.953741,0.00020657,2.349458,0.00021486,243
556,152,7,0,PARTIAL,0.85709,0.00023618,2.046278,0.00023808,191
556,152,8,0,PARTIAL,1.173883,0.00026746,2.835084,0.00027274,231
556,152,9,0,PARTIAL,1.103136,0.00027258,2.676307,0.00027922,213
556,152,10,0,PARTIAL,1.37116,0.00033881,2.821448,0.00029436,213
556,152,1,4,WEAK,0.127806,8.203e-05,0.274769,7.446e-05,82
556,152,2,4,NONE,0.191438,3.951e-05,0.354543,3.09e-05,255
556,152,3,4,PARTIAL,0.162291,4.271e-05,0.351315,3.904e-05,200
556,152,4,4,PARTIAL,0.197392,3.92e-05,0.450054,3.774e-05,265
556,152,5,4,WEAK,0.094653,2.948e-05,0.235563,3.097e-05,169
556,152,6,4,STRONG,0.138151,2.992e-05,0.319008,2.917e-05,243
556,152,7,4,PARTIAL,0.166113,4.577e-05,0.418217,4.866e-05,191
556,152,8,4,PARTIAL,0.200587,4.57e-05,0.44972,4.326e-05,231
556,152,9,4,PARTIAL,0.17503,4.325e-05,0.506466,5.284e-05,213
556,152,10,4,PARTIAL,0.230426,5.694e-05,0.707755,7.384e-05,213
556,152,1,8,WEAK,0.21278,0.00013657,0.400836,0.00010863,82
556,152,2,8,NONE,0.241555,4.986e-05,0.38959,3.395e-05,255
556,152,3,8,PARTIAL,0.245779,6.468e-05,0.416722,4.63e-05,200
556,152,4,8,PARTIAL,0.326396,6.483e-05,0.578924,4.855e-05,265
556,152,5,8,WEAK,0.128908,4.015e-05,0.266185,3.5e-05,169
556,152,6,8,STRONG,0.233371,5.055e-05,0.479519,4.385e-05,243
556,152,7,8,PARTIAL,0.272989,7.522e-05,0.520001,6.05e-05,191
556,152,8,8,PARTIAL,0.256271,5.839e-05,0.558074,5.369e-05,231
556,152,9,8,PARTIAL,0.240888,5.952e-05,0.574498,5.994e-05,213
556,152,10,8,PARTIAL,0.312955,7.733e-05,0.795655,8.301e-05,213
556,152,1,16,WEAK,0.511999,0.00032863,0.331559,8.985e-05,82
556,152,2,16,NONE,0.484259,9.995e-05,0.387268,3.375e-05,255
556,152,3,16,PARTIAL,0.696791,0.00018337,0.940073,0.00010445,200
556,152,4,16,PARTIAL,0.910693,0.00018087,1.870025,0.00015682,265
556,152,5,16,WEAK,0.431855,0.00013449,1.370089,0.00018016,169
556,152,6,16,STRONG,2.048534,0.00044369,3.143425,0.00028746,243
556,152,7,16,PARTIAL,0.712282,0.00019628,2.224586,0.00025882,191
556,152,8,16,PARTIAL,0.955393,0.00021768,2.141888,0.00020605,231
556,152,9,16,PARTIAL,0.506455,0.00012514,1.69386,0.00017672,213
556,152,10,16,PARTIAL,0.419655,0.0001037,2.182366,0.00022769,213
556,152,1,24,WEAK,0.395504,0.00025385,0.38332,0.00010388,82
556,152,2,24,NONE,0.463756,9.572e-05,0.507941,4.427e-05,255
556,152,3,24,PARTIAL,0.591398,0.00015563,0.99124,0.00011014,200
556,152,4,24,PARTIAL,1.070754,0.00021266,2.259462,0.00018947,265
556,152,5,24,WEAK,0.373571,0.00011634,1.142985,0.00015029,169
556,152,6,24,STRONG,1.078188,0.00023353,1.949439,0.00017828,243
556,152,7,24,PARTIAL,0.599177,0.00016511,1.5353,0.00017863,191
556,152,8,24,PARTIAL,0.500562,0.00011405,1.177404,0.00011327,231
556,152,9,24,PARTIAL,0.331653,8.195e-05,1.122291,0.00011709,213
556,152,10,24,PARTIAL,0.282964,6.992e-05,1.081883,0.00011287,213
556,152,1,31,WEAK,0.665313,0.00042703,0.804705,0.00021808,82
556,152,2,31,NONE,0.808983,0.00016697,0.990033,8.628e-05,255
556,152,3,31,PARTIAL,1.060685,0.00027913,1.71306,0.00019034,200
556,152,4,31,PARTIAL,1.23655,0.00024559,2.378572,0.00019946,265
556,152,5,31,WEAK,0.802443,0.0002499,2.186223,0.00028747,169
556,152,6,31,STRONG,1.429345,0.00030958,2.585588,0.00023645,243
556,152,7,31,PARTIAL,0.906491,0.00024979,2.158957,0.00025119,191
556,152,8,31,PARTIAL,1.068863,0.00024353,2.13566,0.00020545,231
556,152,9,31,PARTIAL,0.724248,0.00017896,2.333003,0.0002434,213
556,152,10,31,PARTIAL,0.641744,0.00015857,2.489003,0.00025968,213
632,173,1,0,WEAK,0.255371,0.0001923,0.118317,0.00017819,166
632,173,2,0,WEAK,0.346583,0.00018514,0.154143,0.00016468,234
632,173,3,0,WEAK,0.154138,0.0001661,0.069663,0.00015014,116
632,173,4,0,WEAK,0.365188,0.00021946,0.169288,0.00020347,208
632,173,5,0,PARTIAL,0.502746,0.00023019,0.229195,0.00020989,273
632,173,6,0,WEAK,0.445082,0.00021481,0.209545,0.00020226,259
632,173,7,0,NONE,0.282916,0.0002526,0.129001,0.00023036,140
632,173,8,0,STRONG,0.129646,0.00023151,0.061006,0.00021788,70
632,173,9,0,WEAK,0.222898,0.00023414,0.104742,0.00022005,119
632,173,10,0,NONE,0.707304,0.0003349,0.30715,0.00029086,264
632,173,1,4,WEAK,0.119278,8.982e-05,0.059264,8.925e-05,166
632,173,2,4,WEAK,0.070252,3.753e-05,0.036877,3.94e-05,234
632,173,3,4,WEAK,0.048376,5.213e-05,0.023262,5.013e-05,116
632,173,4,4,WEAK,0.057527,3.457e-05,0.036866,4.431e-05,208
632,173,5,4,PARTIAL,0.076858,3.519e-05,0.061457,5.628e-05,273
632,173,6,4,WEAK,0.045453,2.194e-05,0.060464,5.836e-05,259
632,173,7,4,NONE,0.043591,3.892e-05,0.035524,6.344e-05,140
632,173,8,4,STRONG,0.034503,6.161e-05,0.148307,0.00052967,70
632,173,9,4,WEAK,0.08424,8.849e-05,0.046284,9.724e-05,119
632,173,10,4,NONE,0.090943,4.306e-05,0.063144,5.98e-05,264
632,173,1,8,WEAK,0.187389,0.00014111,0.078604,0.00011838,166
632,173,2,8,WEAK,0.140897,7.527e-05,0.061714,6.593e-05,234
632,173,3,8,WEAK,0.089339,9.627e-05,0.025451,5.485e-05,116
632,173,4,8,WEAK,0.072489,4.356e-05,0.027107,3.258e-05,208
632,173,5,8,PARTIAL,0.104987,4.807e-05,0.062706,5.742e-05,273
632,173,6,8,WEAK,0.092792,4.478e-05,0.084053,8.113e-05,259
632,173,7,8,NONE,0.089267,7.97e-05,0.063518,0.00011343,140
632,173,8,8,STRONG,0.101436,0.00018114,0.158778,0.00056706,70
632,173,9,8,WEAK,0.13091,0.00013751,0.0407,8.55e-05,119
632,173,10,8,NONE,0.229077,0.00010846,0.190798,0.00018068,264
632,173,1,16,WEAK,0.453625,0.00034158,0.056796,8.554e-05,166
632,173,2,16,WEAK,0.380167,0.00020308,0.061566,6.578e-05,234
632,173,3,16,WEAK,0.433139,0.00046675,0.036959,7.965e-05,116
632,173,4,16,WEAK,0.215378,0.00012943,0.010247,1.232e-05,208
632,173,5,16,PARTIAL,0.268283,0.00012284,0.064322,5.89e-05,273
632,173,6,16,WEAK,0.161258,7.783e-05,0.059354,5.729e-05,259
632,173,7,16,NONE,0.138538,0.0001237,0.058951,0.00010527,140
632,173,8,16,STRONG,0.659154,0.00117706,1.002182,0.00357922,70
632,173,9,16,WEAK,0.259982,0.00027309,0.0437,9.181e-05,119
632,173,10,16,NONE,0.358356,0.00016968,0.164056,0.00015536,264
632,173,1,24,WEAK,0.351643,0.00026479,0.0976,0.00014699,166
632,173,2,24,WEAK,0.338216,0.00018067,0.12633,0.00013497,234
632,173,3,24,WEAK,0.236568,0.00025492,0.040591,8.748e-05,116
632,173,4,24,WEAK,0.257304,0.00015463,0.030547,3.672e-05,208
632,173,5,24,PARTIAL,0.254254,0.00011642,0.135175,0.00012379,273
632,173,6,24,WEAK,0.208967,0.00010085,0.338326,0.00032657,259
632,173,7,24,NONE,0.116918,0.00010439,0.033292,5.945e-05,140
632,173,8,24,STRONG,0.176626,0.0003154,0.454209,0.00162217,70
632,173,9,24,WEAK,0.170489,0.00017909,0.029159,6.126e-05,119
632,173,10,24,NONE,0.165103,7.817e-05,0.076865,7.279e-05,264
632,173,1,31,WEAK,0.533549,0.00040177,0.148495,0.00022364,166
632,173,2,31,WEAK,0.478544,0.00025563,0.203645,0.00021757,234
632,173,3,31,WEAK,0.313322,0.00033763,0.060673,0.00013076,116
632,173,4,31,WEAK,0.413723,0.00024863,0.060895,7.319e-05,208
632,173,5,31,PARTIAL,0.473528,0.00021682,0.200339,0.00018346,273
632,173,6,31,WEAK,0.249,0.00012017,0.304815,0.00029422,259
632,173,7,31,NONE,0.234064,0.00020899,0.062415,0.00011146,140
632,173,8,31,STRONG,0.266472,0.00047584,0.486354,0.00173698,70
632,173,9,31,WEAK,0.293329,0.00030812,0.082774,0.00017389,119
632,173,10,31,NONE,0.351189,0.00016628,0.18369,0.00017395,264
638,175,1,0,WEAK,0.115794,0.00016637,0.176767,0.00015629,87
638,175,2,0,WEAK,0.392569,0.00017844,0.631306,0.00017659,275
638,175,3,0,NONE,0.124297,0.00015383,0.195042,0.00014855,101
638,175,4,0,WEAK,0.050163,0.00022394,0.080861,0.00022215,28
638,175,5,0,NONE,0.322253,0.00016441,0.520018,0.00016327,245
638,175,6,0,NONE,0.322644,0.00024443,0.510529,0.00023801,165
638,175,7,0,NONE,0.396935,0.00018583,0.638803,0.00018404,267
638,175,8,0,WEAK,0.504692,0.0002474,0.800701,0.00024154,255
638,175,9,0,NONE,0.493086,0.0002389,0.788446,0.00023508,258
638,175,10,0,WEAK,0.705299,0.00031153,1.07319,0.00029171,283
638,175,1,4,WEAK,0.073857,0.00010612,0.071179,6.293e-05,87
638,175,2,4,WEAK,0.112136,5.097e-05,0.159971,4.475e-05,275
638,175,3,4,NONE,0.023184,2.869e-05,0.054569,4.156e-05,101
638,175,4,4,WEAK,0.022828,0.00010191,0.017935,4.927e-05,28
638,175,5,4,NONE,0.077791,3.969e-05,0.107815,3.385e-05,245
638,175,6,4,NONE,0.033833,2.563e-05,0.063078,2.941e-05,165
638,175,7,4,NONE,0.075783,3.548e-05,0.157663,4.542e-05,267
638,175,8,4,WEAK,0.064527,3.163e-05,0.107596,3.246e-05,255
638,175,9,4,NONE,0.07281,3.528e-05,0.112226,3.346e-05,258
638,175,10,4,WEAK,0.149851,6.619e-05,0.404743,0.00011001,283
638,175,1,8,WEAK,0.096639,0.00013885,0.080001,7.073e-05,87
638,175,2,8,WEAK,0.15691,7.132e-05,0.184164,5.151e-05,275
638,175,3,8,NONE,0.048889,6.051e-05,0.056759,4.323e-05,101
638,175,4,8,WEAK,0.029108,0.00012995,0.016373,4.498e-05,28
638,175,5,8,NONE,0.104098,5.311e-05,0.149079,4.681e-05,245
638,175,6,8,NONE,0.048564,3.679e-05,0.077132,3.596e-05,165
638,175,7,8,NONE,0.104077,4.872e-05,0.102629,2.957e-05,267
638,175,8,8,WEAK,0.102469,5.023e-05,0.144631,4.363e-05,255
638,175,9,8,NONE,0.108119,5.238e-05,0.101192,3.017e-05,258
638,175,10,8,WEAK,0.23919,0.00010565,0.321816,8.747e-05,283
638,175,1,16,WEAK,0.326493,0.0004691,0.098248,8.687e-05,87
638,175,2,16,WEAK,0.581996,0.00026454,0.209894,5.871e-05,275
638,175,3,16,NONE,0.153597,0.0001901,0.195029,0.00014854,101
638,175,4,16,WEAK,0.216788,0.0009678,0.141539,0.00038884,28
638,175,5,16,NONE,0.227591,0.00011612,0.189095,5.937e-05,245
638,175,6,16,NONE,0.279681,0.00021188,0.030378,1.416e-05,165
638,175,7,16,NONE,0.292474,0.00013693,0.375354,0.00010814,267
638,175,8,16,WEAK,0.220297,0.00010799,0.230124,6.942e-05,255
638,175,9,16,NONE,0.406681,0.00019704,0.196045,5.845e-05,258
638,175,10,16,WEAK,0.539682,0.00023838,1.743934,0.00047402,283
638,175,1,24,WEAK,0.390114,0.00056051,0.087065,7.698e-05,87
638,175,2,24,WEAK,0.490386,0.0002229,0.190199,5.32e-05,275
638,175,3,24,NONE,0.138006,0.0001708,0.17194,0.00013095,101
638,175,4,24,WEAK,0.180647,0.00080646,0.076264,0.00020952,28
638,175,5,24,NONE,0.185786,9.479e-05,0.155869,4.894e-05,245
638,175,6,24,NONE,0.139673,0.00010581,0.084712,3.949e-05,165
638,175,7,24,NONE,0.235958,0.00011047,0.283961,8.181e-05,267
638,175,8,24,WEAK,0.20321,9.961e-05,0.183407,5.533e-05,255
638,175,9,24,NONE,0.211281,0.00010236,0.118141,3.522e-05,258
638,175,10,24,WEAK,0.27314,0.00012064,0.616584,0.0001676,283
638,175,1,31,WEAK,0.430002,0.00061782,0.168871,0.00014931,87
638,175,2,31,WEAK,0.694335,0.00031561,0.427783,0.00011966,275
638,175,3,31,NONE,0.258058,0.00031938,0.478718,0.0003646,101
638,175,4,31,WEAK,0.20407,0.00091102,0.118029,0.00032425,28
638,175,5,31,NONE,0.389004,0.00019847,0.369039,0.00011587,245
638,175,6,31,NONE,0.293056,0.00022201,0.215332,0.00010039,165
638,175,7,31,NONE,0.488182,0.00022855,0.817039,0.00023539,267
638,175,8,31,WEAK,0.384431,0.00018845,0.392286,0.00011834,255
638,175,9,31,NONE,0.460179,0.00022296,0.320506,9.556e-05,258
638,175,10,31,WEAK,0.609433,0.00026918,2.04587,0.00055609,283
738,203,1,0,STRONG,0.130567,0.00018546,0.016527,0.00018781,88
738,203,2,0,WEAK,0.283188,0.00017878,0.035242,0.00017799,198
738,203,3,0,WEAK,0.343649,0.00018125,0.043005,0.00018145,237
738,203,4,0,PARTIAL,0.330038,0.00018838,0.040878,0.00018666,219
738,203,5,0,NONE,0.380126,0.00016614,0.047046,0.0001645,286
738,203,6,0,PARTIAL,0.383071,0.00021473,0.047392,0.00021252,223
738,203,7,0,PARTIAL,0.500054,0.00025409,0.061516,0.00025007,246
738,203,8,0,WEAK,0.295943,0.00023562,0.035908,0.00022872,157
738,203,9,0,PARTIAL,0.240071,0.00025431,0.029071,0.00024636,118
738,203,10,0,PARTIAL,0.865023,0.00041748,0.096709,0.00037339,259
738,203,1,4,STRONG,0.075804,0.00010768,0.003236,3.678e-05,88
738,203,2,4,WEAK,0.101705,6.421e-05,0.004696,2.372e-05,198
738,203,3,4,WEAK,0.092972,4.904e-05,0.004661,1.967e-05,237
738,203,4,4,PARTIAL,0.073547,4.198e-05,0.004502,2.056e-05,219
738,203,5,4,NONE,0.07603,3.323e-05,0.004267,1.492e-05,286
738,203,6,4,PARTIAL,0.08343,4.677e-05,0.00442,1.982e-05,223
738,203,7,4,PARTIAL,0.085307,4.335e-05,0.003942,1.602e-05,246
738,203,8,4,WEAK,0.049482,3.94e-05,0.002641,1.682e-05,157
738,203,9,4,PARTIAL,0.043118,4.568e-05,0.002272,1.925e-05,118
738,203,10,4,PARTIAL,0.122806,5.927e-05,0.009401,3.63e-05,259
738,203,1,8,STRONG,0.110103,0.0001564,0.001612,1.832e-05,88
738,203,2,8,WEAK,0.150621,9.509e-05,0.003279,1.656e-05,198
738,203,3,8,WEAK,0.097618,5.149e-05,0.002581,1.089e-05,237
738,203,4,8,PARTIAL,0.118423,6.759e-05,0.005081,2.32e-05,219
738,203,5,8,NONE,0.094855,4.146e-05,0.004086,1.429e-05,286
738,203,6,8,PARTIAL,0.14854,8.326e-05,0.003814,1.71e-05,223
738,203,7,8,PARTIAL,0.125408,6.372e-05,0.004505,1.831e-05,246
738,203,8,8,WEAK,0.092064,7.33e-05,0.003467,2.208e-05,157
738,203,9,8,PARTIAL,0.10189,0.00010793,0.004573,3.876e-05,118
738,203,10,8,PARTIAL,0.246989,0.0001192,0.011673,4.507e-05,259
738,203,1,16,STRONG,0.261394,0.0003713,0.004316,4.905e-05,88
738,203,2,16,WEAK,0.627692,0.00039627,0.030816,0.00015564,198
738,203,3,16,WEAK,0.153489,8.095e-05,0.002123,8.96e-06,237
738,203,4,16,PARTIAL,0.513839,0.00029329,0.035331,0.00016133,219
738,203,5,16,NONE,0.284088,0.00012416,0.012399,4.335e-05,286
738,203,6,16,PARTIAL,0.311488,0.0001746,0.006991,3.135e-05,223
738,203,7,16,PARTIAL,0.334535,0.00016999,0.009976,4.055e-05,246
738,203,8,16,WEAK,0.221381,0.00017626,0.0095,6.051e-05,157
738,203,9,16,PARTIAL,0.224436,0.00023775,0.024363,0.00020647,118
738,203,10,16,PARTIAL,0.252015,0.00012163,0.007903,3.051e-05,259
738,203,1,24,STRONG,0.200158,0.00028431,0.008522,9.685e-05,88
738,203,2,24,WEAK,0.571131,0.00036056,0.043587,0.00022013,198
738,203,3,24,WEAK,0.181324,9.563e-05,0.007923,3.343e-05,237
738,203,4,24,PARTIAL,0.412333,0.00023535,0.029595,0.00013513,219
738,203,5,24,NONE,0.20953,9.158e-05,0.019121,6.686e-05,286
738,203,6,24,PARTIAL,0.25028,0.00014029,0.01182,5.3e-05,223
738,203,7,24,PARTIAL,0.236666,0.00012026,0.012355,5.022e-05,246
738,203,8,24,WEAK,0.123745,9.852e-05,0.010894,6.939e-05,157
738,203,9,24,PARTIAL,0.140478,0.00014881,0.011888,0.00010074,118
738,203,10,24,PARTIAL,0.293861,0.00014182,0.022328,8.621e-05,259
738,203,1,31,STRONG,0.271641,0.00038585,0.016711,0.0001899,88
738,203,2,31,WEAK,0.888244,0.00056076,0.064895,0.00032776,198
738,203,3,31,WEAK,0.279483,0.00014741,0.025126,0.00010602,237
738,203,4,31,PARTIAL,0.613072,0.00034993,0.051511,0.00023521,219
738,203,5,31,NONE,0.452242,0.00019766,0.04724,0.00016518,286
738,203,6,31,PARTIAL,0.376175,0.00021086,0.026103,0.00011706,223
738,203,7,31,PARTIAL,0.462908,0.00023522,0.031312,0.00012728,246
738,203,8,31,WEAK,0.287646,0.00022902,0.032406,0.00020641,157
738,203,9,31,PARTIAL,0.331326,0.00035098,0.043901,0.00037204,118
738,203,10,31,PARTIAL,0.512018,0.00024711,0.077176,0.00029798,259
819,234,1,0,WEAK,0.44398,0.00016722,0.441208,0.00017805,177
819,234,2,0,PARTIAL,0.596866,0.00015728,0.583899,0.00016485,253
819,234,3,0,PARTIAL,0.705116,0.00017739,0.691197,0.00018631,265
819,234,4,0,STRONG,0.675397,0.0001752,0.670323,0.0001863,257
819,234,5,0,WEAK,0.635438,0.00018339,0.61772,0.00019101,231
819,234,6,0,WEAK,0.623042,0.00020872,0.604129,0.00021684,199
819,234,7,0,WEAK,0.506484,0.00022361,0.489375,0.00023149,151
819,234,8,0,WEAK,0.59765,0.00020432,0.569111,0.00020847,195
819,234,9,0,WEAK,0.807509,0.00022063,0.772293,0.00022608,244
819,234,10,0,WEAK,1.421321,0.00036444,1.19275,0.00032768,260
819,234,1,4,WEAK,0.226489,8.531e-05,0.166176,6.706e-05,177
819,234,2,4,PARTIAL,0.183918,4.846e-05,0.130067,3.672e-05,253
819,234,3,4,PARTIAL,0.190701,4.798e-05,0.127499,3.437e-05,265
819,234,4,4,STRONG,0.164596,4.27e-05,0.143147,3.979e-05,257
819,234,5,4,WEAK,0.150262,4.337e-05,0.124394,3.846e-05,231
819,234,6,4,WEAK,0.169812,5.689e-05,0.115717,4.154e-05,199
819,234,7,4,WEAK,0.10753,4.747e-05,0.115319,5.455e-05,151
819,234,8,4,WEAK,0.106087,3.627e-05,0.099864,3.658e-05,195
819,234,9,4,WEAK,0.202148,5.523e-05,0.177065,5.183e-05,244
819,234,10,4,WEAK,0.389611,9.99e-05,0.336081,9.233e-05,260
819,234,1,8,WEAK,0.367111,0.00013827,0.266405,0.00010751,177
819,234,2,8,PARTIAL,0.265824,7.005e-05,0.186041,5.252e-05,253
819,234,3,8,PARTIAL,0.23893,6.011e-05,0.171318,4.618e-05,265
819,234,4,8,STRONG,0.220337,5.716e-05,0.270252,7.511e-05,257
819,234,5,8,WEAK,0.16361,4.722e-05,0.165866,5.129e-05,231
819,234,6,8,WEAK,0.179417,6.011e-05,0.205877,7.39e-05,199
819,234,7,8,WEAK,0.144282,6.37e-05,0.158008,7.474e-05,151
819,234,8,8,WEAK,0.184622,6.312e-05,0.167493,6.135e-05,195
819,234,9,8,WEAK,0.328699,8.981e-05,0.26975,7.897e-05,244
819,234,10,8,WEAK,0.528443,0.0001355,0.478162,0.00013136,260
819,234,1,16,WEAK,1.075625,0.00040513,0.312107,0.00012595,177
819,234,2,16,PARTIAL,0.992736,0.00026159,0.583788,0.00016482,253
819,234,3,16,PARTIAL,0.996015,0.00025057,0.351695,9.48e-05,265
819,234,4,16,STRONG,0.838758,0.00021758,1.886921,0.00052444,257
819,234,5,16,WEAK,0.432994,0.00012496,0.357433,0.00011052,231
819,234,6,16,WEAK,1.090849,0.00036544,1.17276,0.00042095,199
819,234,7,16,WEAK,0.273442,0.00012072,0.360299,0.00017043,151
819,234,8,16,WEAK,0.319388,0.00010919,0.308345,0.00011295,195
819,234,9,16,WEAK,0.503278,0.00013751,0.271856,7.958e-05,244
819,234,10,16,WEAK,0.459305,0.00011777,0.269471,7.403e-05,260
819,234,1,24,WEAK,1.025844,0.00038638,0.385704,0.00015565,177
819,234,2,24,PARTIAL,0.723903,0.00019075,0.518525,0.00014639,253
819,234,3,24,PARTIAL,0.514801,0.00012951,0.341782,9.212e-05,265
819,234,4,24,STRONG,0.548667,0.00014233,0.863979,0.00024013,257
819,234,5,24,WEAK,0.401065,0.00011575,0.375041,0.00011597,231
819,234,6,24,WEAK,0.547666,0.00018347,0.768561,0.00027587,199
819,234,7,24,WEAK,0.155837,6.88e-05,0.152824,7.229e-05,151
819,234,8,24,WEAK,0.188444,6.443e-05,0.147645,5.408e-05,195
819,234,9,24,WEAK,0.225462,6.16e-05,0.149549,4.378e-05,244
819,234,10,24,WEAK,0.281727,7.224e-05,0.206093,5.662e-05,260
819,234,1,31,WEAK,1.22934,0.00046303,0.701701,0.00028317,177
819,234,2,31,PARTIAL,1.060906,0.00027955,0.781706,0.0002207,253
819,234,3,31,PARTIAL,1.09886,0.00027644,0.810378,0.00021843,265
819,234,4,31,STRONG,0.834024,0.00021635,1.249303,0.00034722,257
819,234,5,31,WEAK,0.612367,0.00017673,0.746153,0.00023072,231
819,234,6,31,WEAK,0.781757,0.0002619,0.979606,0.00035162,199
819,234,7,31,WEAK,0.327368,0.00014453,0.468839,0.00022178,151
819,234,8,31,WEAK,0.39122,0.00013375,0.392967,0.00014394,195
819,234,9,31,WEAK,0.610757,0.00016687,0.505599,0.00014801,244
819,234,10,31,WEAK,0.69405,0.00017796,0.594152,0.00016323,260
879,252,1,0,WEAK,0.366881,0.00015692,1.459013,0.00014808,167
879,252,2,0,WEAK,0.085268,0.00017402,0.35831,0.00017352,35
879,252,3,0,STRONG,0.712561,0.00018644,2.912077,0.0001808,273
879,252,4,0,WEAK,0.526817,0.00015235,2.194616,0.00015059,247
879,252,5,0,WEAK,0.533136,0.00019233,2.131988,0.0001825,198
879,252,6,0,NONE,0.331731,0.00022354,1.400664,0.00022396,106
879,252,7,0,WEAK,0.752152,0.0002035,3.037772,0.00019503,264
879,252,8,0,WEAK,0.591767,0.00024719,2.45436,0.00024327,171
879,252,9,0,WEAK,0.972873,0.00024555,3.988953,0.0002389,283
879,252,10,0,WEAK,1.495985,0.00040171,5.418651,0.00034527,266
879,252,1,4,WEAK,0.289194,0.00012369,1.120505,0.00011372,167
879,252,2,4,WEAK,0.069246,0.00014132,0.24115,0.00011678,35
879,252,3,4,STRONG,0.209865,5.491e-05,1.315916,8.17e-05,273
879,252,4,4,WEAK,0.161284,4.664e-05,0.826317,5.67e-05,247
879,252,5,4,WEAK,0.099277,3.581e-05,0.522021,4.469e-05,198
879,252,6,4,NONE,0.060867,4.102e-05,0.312219,4.992e-05,106
879,252,7,4,WEAK,0.189218,5.12e-05,0.791334,5.08e-05,264
879,252,8,4,WEAK,0.136911,5.719e-05,0.579375,5.743e-05,171
879,252,9,4,WEAK,0.215541,5.44e-05,0.835666,5.005e-05,283
879,252,10,4,WEAK,0.304711,8.182e-05,1.032803,6.581e-05,266
879,252,1,8,WEAK,0.319082,0.00013648,0.685502,6.957e-05,167
879,252,2,8,WEAK,0.087569,0.00017871,0.188467,9.127e-05,35
879,252,3,8,STRONG,0.336329,8.8e-05,1.633532,0.00010142,273
879,252,4,8,WEAK,0.29032,8.396e-05,0.93287,6.401e-05,247
879,252,5,8,WEAK,0.164753,5.943e-05,0.540525,4.627e-05,198
879,252,6,8,NONE,0.075495,5.087e-05,0.33945,5.428e-05,106
879,252,7,8,WEAK,0.360477,9.753e-05,0.912697,5.86e-05,264
879,252,8,8,WEAK,0.266011,0.00011112,0.801819,7.947e-05,171
879,252,9,8,WEAK,0.308723,7.792e-05,0.985913,5.905e-05,283
879,252,10,8,WEAK,0.661225,0.00017756,1.566897,9.984e-05,266
879,252,1,16,WEAK,0.954927,0.00040844,1.538287,0.00015612,167
879,252,2,16,WEAK,0.309479,0.00063159,0.306251,0.00014831,35
879,252,3,16,STRONG,1.927303,0.00050427,13.259118,0.00082319,273
879,252,4,16,WEAK,0.587498,0.0001699,1.283909,8.81e-05,247
879,252,5,16,WEAK,0.304814,0.00010996,1.707593,0.00014617,198
879,252,6,16,NONE,0.21588,0.00014547,0.887257,0.00014187,106
879,252,7,16,WEAK,0.697476,0.00018871,1.058985,6.799e-05,264
879,252,8,16,WEAK,0.32001,0.00013367,0.627775,6.222e-05,171
879,252,9,16,WEAK,0.735885,0.00018574,1.553261,9.303e-05,283
879,252,10,16,WEAK,0.478802,0.00012857,1.903635,0.0001213,266
879,252,1,24,WEAK,0.975864,0.00041739,1.913403,0.00019419,167
879,252,2,24,WEAK,0.214247,0.00043724,0.343799,0.00016649,35
879,252,3,24,STRONG,1.125449,0.00029447,8.490463,0.00052713,273
879,252,4,24,WEAK,0.472905,0.00013676,1.314282,9.019e-05,247
879,252,5,24,WEAK,0.203461,7.34e-05,0.812797,6.958e-05,198
879,252,6,24,NONE,0.143231,9.652e-05,0.62586,0.00010007,106
879,252,7,24,WEAK,0.336733,9.111e-05,0.646712,4.152e-05,264
879,252,8,24,WEAK,0.18192,7.599e-05,0.408072,4.045e-05,171
879,252,9,24,WEAK,0.351135,8.863e-05,1.002765,6.006e-05,283
879,252,10,24,WEAK,0.21457,5.762e-05,0.879405,5.603e-05,266
879,252,1,31,WEAK,1.022202,0.00043721,2.670587,0.00027104,167
879,252,2,31,WEAK,0.235774,0.00048117,0.668597,0.00032378,35
879,252,3,31,STRONG,1.284061,0.00033597,8.906315,0.00055295,273
879,252,4,31,WEAK,0.895871,0.00025907,2.920236,0.00020039,247
879,252,5,31,WEAK,0.508096,0.0001833,1.961692,0.00016792,198
879,252,6,31,NONE,0.27431,0.00018484,1.430002,0.00022865,106
879,252,7,31,WEAK,0.880132,0.00023813,2.056065,0.000132,264
879,252,8,31,WEAK,0.528761,0.00022087,1.436387,0.00014237,171
879,252,9,31,WEAK,0.765884,0.00019331,2.678665,0.00016043,283
879,252,10,31,WEAK,0.611655,0.00016425,2.507645,0.00015978,266
90,24,1,0,WEAK,0.273361,0.00017523,0.676457,0.00017082,120
90,24,2,0,PARTIAL,0.574772,0.00016747,1.411572,0.00016203,264
90,24,3,0,WEAK,0.704823,0.00022039,1.763776,0.00021727,246
90,24,4,0,WEAK,0.33124,0.0002548,0.834351,0.00025283,100
90,24,5,0,WEAK,0.383001,0.00021195,0.940784,0.0002051,139
90,24,6,0,WEAK,0.720076,0.00021637,1.796429,0.00021265,256
90,24,7,0,WEAK,0.685179,0.00021601,1.693891,0.00021037,244
90,24,8,0,WEAK,0.851117,0.00025574,2.095869,0.00024809,256
90,24,9,0,STRONG,0.852138,0.00027199,2.085887,0.00026228,241
90,24,10,0,WEAK,1.166394,0.00044198,2.541177,0.00037934,203
90,24,1,4,WEAK,0.13362,8.565e-05,0.265883,6.714e-05,120
90,24,2,4,PARTIAL,0.142206,4.144e-05,0.336513,3.863e-05,264
90,24,3,4,WEAK,0.097033,3.034e-05,0.252125,3.106e-05,246
90,24,4,4,WEAK,0.049224,3.786e-05,0.122739,3.719e-05,100
90,24,5,4,WEAK,0.036585,2.025e-05,0.117173,2.554e-05,139
90,24,6,4,WEAK,0.101789,3.059e-05,0.269063,3.185e-05,256
90,24,7,4,WEAK,0.106415,3.355e-05,0.366596,4.553e-05,244
90,24,8,4,WEAK,0.125973,3.785e-05,0.33992,4.024e-05,256
90,24,9,4,STRONG,0.176404,5.63e-05,0.418258,5.259e-05,241
90,24,10,4,WEAK,0.172001,6.518e-05,0.357068,5.33e-05,203
90,24,1,8,WEAK,0.227641,0.00014592,0.32567,8.224e-05,120
90,24,2,8,PARTIAL,0.230272,6.71e-05,0.356903,4.097e-05,264
90,24,3,8,WEAK,0.134362,4.201e-05,0.232799,2.868e-05,246
90,24,4,8,WEAK,0.074986,5.768e-05,0.131376,3.981e-05,100
90,24,5,8,WEAK,0.0528,2.922e-05,0.116666,2.543e-05,139
90,24,6,8,WEAK,0.124346,3.736e-05,0.216461,2.562e-05,256
90,24,7,8,WEAK,0.169401,5.341e-05,0.353775,4.394e-05,244
90,24,8,8,WEAK,0.203644,6.119e-05,0.383228,4.536e-05,256
90,24,9,8,STRONG,0.349792,0.00011165,0.39454,4.961e-05,241
90,24,10,8,WEAK,0.393604,0.00014915,0.550933,8.224e-05,203
90,24,1,16,WEAK,0.482626,0.00030938,0.534889,0.00013507,120
90,24,2,16,PARTIAL,1.079005,0.0003144,1.644778,0.00018879,264
90,24,3,16,WEAK,0.200294,6.263e-05,0.49066,6.044e-05,246
90,24,4,16,WEAK,0.24662,0.00018971,0.610392,0.00018497,100
90,24,5,16,WEAK,0.193946,0.00010733,0.342251,7.461e-05,139
90,24,6,16,WEAK,0.445222,0.00013378,0.633341,7.497e-05,256
90,24,7,16,WEAK,0.86429,0.00027247,2.828579,0.00035129,244
90,24,8,16,WEAK,0.321819,9.67e-05,0.997497,0.00011807,256
90,24,9,16,STRONG,1.12564,0.00035928,1.182535,0.00014869,241
90,24,10,16,WEAK,0.200443,7.595e-05,0.472073,7.047e-05,203
90,24,1,24,WEAK,0.426472,0.00027338,0.488445,0.00012334,120
90,24,2,24,PARTIAL,0.764813,0.00022285,1.357433,0.00015581,264
90,24,3,24,WEAK,0.266775,8.342e-05,0.494502,6.091e-05,246
90,24,4,24,WEAK,0.255951,0.00019689,0.385852,0.00011692,100
90,24,5,24,WEAK,0.138644,7.673e-05,0.270469,5.896e-05,139
90,24,6,24,WEAK,0.365662,0.00010987,0.548724,6.495e-05,256
90,24,7,24,WEAK,0.34214,0.00010786,1.302928,0.00016181,244
90,24,8,24,WEAK,0.331752,9.969e-05,0.754383,8.93e-05,256
90,24,9,24,STRONG,0.500403,0.00015972,0.726501,9.135e-05,241
90,24,10,24,WEAK,0.138796,5.259e-05,0.386324,5.767e-05,203
90,24,1,31,WEAK,0.691199,0.00044308,1.059135,0.00026746,120
90,24,2,31,PARTIAL,0.931273,0.00027135,1.687301,0.00019368,264
90,24,3,31,WEAK,0.502097,0.000157,1.078184,0.00013281,246
90,24,4,31,WEAK,0.364649,0.0002805,0.826955,0.00025059,100
90,24,5,31,WEAK,0.21599,0.00011953,0.48893,0.00010659,139
90,24,6,31,WEAK,0.751789,0.0002259,1.339319,0.00015854,256
90,24,7,31,WEAK,0.540705,0.00017046,1.814689,0.00022537,244
90,24,8,31,WEAK,0.611921,0.00018387,1.339458,0.00015855,256
90,24,9,31,STRONG,0.971014,0.00030993,1.68937,0.00021242,241
90,24,10,31,WEAK,0.392842,0.00014886,1.038353,0.000155,203
919,266,1,0,WEAK,0.254771,0.00017053,0.778848,0.00016179,166
919,266,2,0,WEAK,0.464252,0.00019539,1.413398,0.00018461,264
919,266,3,0,STRONG,0.337511,0.00021677,1.05942,0.00021117,173
919,266,4,0,WEAK,0.468327,0.00018786,1.452333,0.0001808,277
919,266,5,0,NONE,0.222105,0.00022034,0.702929,0.00021642,112
919,266,6,0,WEAK,0.533554,0.00021402,1.665747,0.00020736,277
919,266,7,0,NONE,0.410332,0.000278,1.278931,0.00026891,164
919,266,8,0,NONE,0.451282,0.00023877,1.384011,0.00022726,210
919,266,9,0,NONE,0.579746,0.00029822,1.753895,0.00028,216
919,266,10,0,NONE,0.479126,0.00055454,1.270674,0.00045642,96
919,266,1,4,WEAK,0.199826,0.00013375,0.543026,0.0001128,166
919,266,2,4,WEAK,0.158932,6.689e-05,0.521316,6.809e-05,264
919,266,3,4,STRONG,0.112742,7.241e-05,0.398275,7.939e-05,173
919,266,4,4,WEAK,0.126965,5.093e-05,0.417821,5.201e-05,277
919,266,5,4,NONE,0.030106,2.987e-05,0.11625,3.579e-05,112
919,266,6,4,WEAK,0.096717,3.88e-05,0.337746,4.204e-05,277
919,266,7,4,NONE,0.056459,3.825e-05,0.209434,4.404e-05,164
919,266,8,4,NONE,0.077189,4.084e-05,0.276981,4.548e-05,210
919,266,9,4,NONE,0.101507,5.222e-05,0.312725,4.992e-05,216
919,266,10,4,NONE,0.105585,0.0001222,0.240627,8.643e-05,96
919,266,1,8,WEAK,0.226971,0.00015192,0.503679,0.00010463,166
919,266,2,8,WEAK,0.181968,7.659e-05,0.596753,7.795e-05,264
919,266,3,8,STRONG,0.151019,9.699e-05,0.51932,0.00010351,173
919,266,4,8,WEAK,0.116949,4.691e-05,0.464234,5.779e-05,277
919,266,5,8,NONE,0.036944,3.665e-05,0.161388,4.969e-05,112
919,266,6,8,WEAK,0.149132,5.982e-05,0.5951,7.408e-05,277
919,266,7,8,NONE,0.089068,6.034e-05,0.287844,6.052e-05,164
919,266,8,8,NONE,0.144956,7.67e-05,0.602724,9.897e-05,210
919,266,9,8,NONE,0.185245,9.529e-05,0.62263,9.94e-05,216
919,266,10,8,NONE,0.198349,0.00022957,0.505496,0.00018157,96
919,266,1,16,WEAK,0.43974,0.00029434,0.572147,0.00011885,166
919,266,2,16,WEAK,0.900345,0.00037893,1.381428,0.00018044,264
919,266,3,16,STRONG,0.974386,0.00062581,5.602048,0.00111661,173
919,266,4,16,WEAK,0.472217,0.00018942,0.892417,0.00011109,277
919,266,5,16,NONE,0.061184,6.07e-05,0.380712,0.00011721,112
919,266,6,16,WEAK,0.118799,4.765e-05,0.654521,8.148e-05,277
919,266,7,16,NONE,0.055598,3.767e-05,0.18781,3.949e-05,164
919,266,8,16,NONE,0.258018,0.00013652,1.886411,0.00030976,210
919,266,9,16,NONE,0.091135,4.688e-05,0.404656,6.46e-05,216
919,266,10,16,NONE,0.119209,0.00013797,0.564598,0.0002028,96
919,266,1,24,WEAK,0.471311,0.00031547,0.819537,0.00017024,166
919,266,2,24,WEAK,0.690795,0.00029074,1.214031,0.00015857,264
919,266,3,24,STRONG,0.581251,0.00037331,3.926791,0.0007827,173
919,266,4,24,WEAK,0.235984,9.466e-05,0.710527,8.845e-05,277
919,266,5,24,NONE,0.068164,6.762e-05,0.351629,0.00010826,112
919,266,6,24,WEAK,0.146733,5.886e-05,0.588175,7.322e-05,277
919,266,7,24,NONE,0.052431,3.552e-05,0.176292,3.707e-05,164
919,266,8,24,NONE,0.140295,7.423e-05,0.923129,0.00015158,210
919,266,9,24,NONE,0.094892,4.881e-05,0.405003,6.466e-05,216
919,266,10,24,NONE,0.050741,5.873e-05,0.201516,7.238e-05,96
919,266,1,31,WEAK,0.697475,0.00046685,1.360166,0.00028254,166
919,266,2,31,WEAK,1.039304,0.00043742,2.326842,0.00030392,264
919,266,3,31,STRONG,0.944112,0.00060637,4.377782,0.00087259,173
919,266,4,31,WEAK,0.558262,0.00022393,1.642081,0.00020442,277
919,266,5,31,NONE,0.182695,0.00018124,0.727193,0.00022389,112
919,266,6,31,WEAK,0.416666,0.00016713,1.521018,0.00018935,277
919,266,7,31,NONE,0.158298,0.00010725,0.437162,9.192e-05,164
919,266,8,31,NONE,0.338164,0.00017892,1.971827,0.00032378,210
919,266,9,31,NONE,0.186659,9.602e-05,0.74765,0.00011936,216
919,266,10,31,NONE,0.152741,0.00017678,0.539934,0.00019394,96
