question_id,paper_id,passage_rank,passage_id,layer,bm25_score,match_category,cosine_sim_with_query,query_drift,passage_drift,passage_tokens,query_tokens
1001,293,1,293_chunk_c447ec3e-cdf7-4cb0-9131-2f242ec381fd,0,3.1186,WEAK,0.59375,1.0,1.00781,132,13
1001,293,2,293_chunk_6097e73f-f027-4ea0-8e93-8f1691ced556,0,2.6776,STRONG,0.53906,1.0,1.0,240,13
1001,293,3,293_chunk_754090fb-31ff-4385-9948-c68c14a23a06,0,1.8465,WEAK,0.50391,1.0,1.0,266,13
1001,293,4,293_chunk_92b075a7-4be7-46b4-a3c4-56893abfb7e2,0,1.7771,WEAK,0.53906,1.0,1.00781,274,13
1001,293,5,293_chunk_7192a83a-a6f6-4173-a99d-34c339d2b887,0,1.5857,WEAK,0.49219,1.0,1.0,168,13
1001,293,6,293_chunk_11813f79-19af-44f4-9d2f-3ae82f54ba73,0,1.3377,STRONG,0.51953,1.0,1.00781,229,13
1001,293,7,293_chunk_16888280-6d35-4370-8cec-4921dab36d38,0,0.9547,WEAK,0.39453,1.0,1.00781,21,13
1001,293,8,293_chunk_33e28109-92fe-4d0f-a2f5-91a4cd799f34,0,0.9092,PARTIAL,0.49414,1.0,1.0,230,13
1001,293,9,293_chunk_7785834a-114c-4570-a2c2-5761cb12e393,0,0.7731,PARTIAL,0.42188,1.0,0.99609,53,13
1001,293,10,293_chunk_a09d114c-3126-438a-abc7-01af371bb87d,0,0.7725,PARTIAL,0.43555,1.0,1.0,268,13
1001,293,1,293_chunk_c447ec3e-cdf7-4cb0-9131-2f242ec381fd,4,3.1186,WEAK,0.63672,0.19824,0.16797,132,13
1001,293,2,293_chunk_6097e73f-f027-4ea0-8e93-8f1691ced556,4,2.6776,STRONG,0.65234,0.19824,0.16309,240,13
1001,293,3,293_chunk_754090fb-31ff-4385-9948-c68c14a23a06,4,1.8465,WEAK,0.64062,0.19824,0.13867,266,13
1001,293,4,293_chunk_92b075a7-4be7-46b4-a3c4-56893abfb7e2,4,1.7771,WEAK,0.67969,0.19824,0.14941,274,13
1001,293,5,293_chunk_7192a83a-a6f6-4173-a99d-34c339d2b887,4,1.5857,WEAK,0.65234,0.19824,0.12012,168,13
1001,293,6,293_chunk_11813f79-19af-44f4-9d2f-3ae82f54ba73,4,1.3377,STRONG,0.65625,0.19824,0.1582,229,13
1001,293,7,293_chunk_16888280-6d35-4370-8cec-4921dab36d38,4,0.9547,WEAK,0.59766,0.19824,0.16309,21,13
1001,293,8,293_chunk_33e28109-92fe-4d0f-a2f5-91a4cd799f34,4,0.9092,PARTIAL,0.66797,0.19824,0.12109,230,13
1001,293,9,293_chunk_7785834a-114c-4570-a2c2-5761cb12e393,4,0.7731,PARTIAL,0.61719,0.19824,0.1582,53,13
1001,293,10,293_chunk_a09d114c-3126-438a-abc7-01af371bb87d,4,0.7725,PARTIAL,0.61719,0.19824,0.12695,268,13
1001,293,1,293_chunk_c447ec3e-cdf7-4cb0-9131-2f242ec381fd,8,3.1186,WEAK,0.61328,0.10986,0.11719,132,13
1001,293,2,293_chunk_6097e73f-f027-4ea0-8e93-8f1691ced556,8,2.6776,STRONG,0.60938,0.10986,0.11865,240,13
1001,293,3,293_chunk_754090fb-31ff-4385-9948-c68c14a23a06,8,1.8465,WEAK,0.53906,0.10986,0.11182,266,13
1001,293,4,293_chunk_92b075a7-4be7-46b4-a3c4-56893abfb7e2,8,1.7771,WEAK,0.61719,0.10986,0.11768,274,13
1001,293,5,293_chunk_7192a83a-a6f6-4173-a99d-34c339d2b887,8,1.5857,WEAK,0.55469,0.10986,0.09375,168,13
1001,293,6,293_chunk_11813f79-19af-44f4-9d2f-3ae82f54ba73,8,1.3377,STRONG,0.625,0.10986,0.12207,229,13
1001,293,7,293_chunk_16888280-6d35-4370-8cec-4921dab36d38,8,0.9547,WEAK,0.55469,0.10986,0.11572,21,13
1001,293,8,293_chunk_33e28109-92fe-4d0f-a2f5-91a4cd799f34,8,0.9092,PARTIAL,0.59375,0.10986,0.09766,230,13
1001,293,9,293_chunk_7785834a-114c-4570-a2c2-5761cb12e393,8,0.7731,PARTIAL,0.58984,0.10986,0.10938,53,13
1001,293,10,293_chunk_a09d114c-3126-438a-abc7-01af371bb87d,8,0.7725,PARTIAL,0.55078,0.10986,0.09912,268,13
1001,293,1,293_chunk_c447ec3e-cdf7-4cb0-9131-2f242ec381fd,16,3.1186,WEAK,0.54688,0.07324,0.08545,132,13
1001,293,2,293_chunk_6097e73f-f027-4ea0-8e93-8f1691ced556,16,2.6776,STRONG,0.54688,0.07324,0.08447,240,13
1001,293,3,293_chunk_754090fb-31ff-4385-9948-c68c14a23a06,16,1.8465,WEAK,0.45508,0.07324,0.06592,266,13
1001,293,4,293_chunk_92b075a7-4be7-46b4-a3c4-56893abfb7e2,16,1.7771,WEAK,0.53906,0.07324,0.08447,274,13
1001,293,5,293_chunk_7192a83a-a6f6-4173-a99d-34c339d2b887,16,1.5857,WEAK,0.50781,0.07324,0.07178,168,13
1001,293,6,293_chunk_11813f79-19af-44f4-9d2f-3ae82f54ba73,16,1.3377,STRONG,0.62891,0.07324,0.08643,229,13
1001,293,7,293_chunk_16888280-6d35-4370-8cec-4921dab36d38,16,0.9547,WEAK,0.47461,0.07324,0.06934,21,13
1001,293,8,293_chunk_33e28109-92fe-4d0f-a2f5-91a4cd799f34,16,0.9092,PARTIAL,0.57812,0.07324,0.06836,230,13
1001,293,9,293_chunk_7785834a-114c-4570-a2c2-5761cb12e393,16,0.7731,PARTIAL,0.53516,0.07324,0.08838,53,13
1001,293,10,293_chunk_a09d114c-3126-438a-abc7-01af371bb87d,16,0.7725,PARTIAL,0.44336,0.07324,0.07959,268,13
1001,293,1,293_chunk_c447ec3e-cdf7-4cb0-9131-2f242ec381fd,24,3.1186,WEAK,0.74219,0.07617,0.05737,132,13
1001,293,2,293_chunk_6097e73f-f027-4ea0-8e93-8f1691ced556,24,2.6776,STRONG,0.72266,0.07617,0.0625,240,13
1001,293,3,293_chunk_754090fb-31ff-4385-9948-c68c14a23a06,24,1.8465,WEAK,0.64844,0.07617,0.0625,266,13
1001,293,4,293_chunk_92b075a7-4be7-46b4-a3c4-56893abfb7e2,24,1.7771,WEAK,0.69922,0.07617,0.06445,274,13
1001,293,5,293_chunk_7192a83a-a6f6-4173-a99d-34c339d2b887,24,1.5857,WEAK,0.65625,0.07617,0.05469,168,13
1001,293,6,293_chunk_11813f79-19af-44f4-9d2f-3ae82f54ba73,24,1.3377,STRONG,0.77344,0.07617,0.06055,229,13
1001,293,7,293_chunk_16888280-6d35-4370-8cec-4921dab36d38,24,0.9547,WEAK,0.62891,0.07617,0.06177,21,13
1001,293,8,293_chunk_33e28109-92fe-4d0f-a2f5-91a4cd799f34,24,0.9092,PARTIAL,0.74219,0.07617,0.05908,230,13
1001,293,9,293_chunk_7785834a-114c-4570-a2c2-5761cb12e393,24,0.7731,PARTIAL,0.73047,0.07617,0.07861,53,13
1001,293,10,293_chunk_a09d114c-3126-438a-abc7-01af371bb87d,24,0.7725,PARTIAL,0.66016,0.07617,0.06885,268,13
1001,293,1,293_chunk_c447ec3e-cdf7-4cb0-9131-2f242ec381fd,31,3.1186,WEAK,0.80469,0.04761,0.01855,132,13
1001,293,2,293_chunk_6097e73f-f027-4ea0-8e93-8f1691ced556,31,2.6776,STRONG,0.79688,0.04761,0.02124,240,13
1001,293,3,293_chunk_754090fb-31ff-4385-9948-c68c14a23a06,31,1.8465,WEAK,0.72656,0.04761,0.02734,266,13
1001,293,4,293_chunk_92b075a7-4be7-46b4-a3c4-56893abfb7e2,31,1.7771,WEAK,0.78125,0.04761,0.0166,274,13
1001,293,5,293_chunk_7192a83a-a6f6-4173-a99d-34c339d2b887,31,1.5857,WEAK,0.73047,0.04761,0.02173,168,13
1001,293,6,293_chunk_11813f79-19af-44f4-9d2f-3ae82f54ba73,31,1.3377,STRONG,0.82422,0.04761,0.01306,229,13
1001,293,7,293_chunk_16888280-6d35-4370-8cec-4921dab36d38,31,0.9547,WEAK,0.70703,0.04761,0.01172,21,13
1001,293,8,293_chunk_33e28109-92fe-4d0f-a2f5-91a4cd799f34,31,0.9092,PARTIAL,0.80469,0.04761,0.00903,230,13
1001,293,9,293_chunk_7785834a-114c-4570-a2c2-5761cb12e393,31,0.7731,PARTIAL,0.78125,0.04761,0.03394,53,13
1001,293,10,293_chunk_a09d114c-3126-438a-abc7-01af371bb87d,31,0.7725,PARTIAL,0.74609,0.04761,0.01398,268,13
105,28,1,28_chunk_be25c2d0-5242-4edd-b623-7a90d164e538,0,3.3282,WEAK,0.48438,1.0,1.0,28,9
105,28,2,28_chunk_6d6497bf-29a7-477e-b2d2-45bb9d7a778e,0,2.6243,NONE,0.48242,1.0,1.00781,180,9
105,28,3,28_chunk_42c18401-a1af-4f5f-9406-320ad123fa70,0,1.8511,STRONG,0.49805,1.0,1.0,264,9
105,28,4,28_chunk_fed14b07-6e55-4284-aeee-f3b90772001d,0,1.8234,WEAK,0.48633,1.0,1.0,235,9
105,28,5,28_chunk_3d8fed03-a804-4ac3-99fe-3b21f83d9d80,0,1.1065,NONE,0.47852,1.0,1.0,106,9
105,28,6,28_chunk_0c6307f4-0d21-4cf2-82c0-6ae16d163d04,0,0.9967,NONE,0.45508,1.0,1.00781,115,9
105,28,7,28_chunk_de789d2c-050c-4742-a3af-f7304bc3aa87,0,0.9364,NONE,0.41211,1.0,0.99609,232,9
105,28,8,28_chunk_53c2a8ef-fa65-49cf-8b5d-d64b7bde3a7e,0,0.8223,WEAK,0.47852,1.0,1.0,255,9
105,28,9,28_chunk_96f44d04-f885-4cad-bfc7-b94bf6041126,0,0.7575,WEAK,0.4668,1.0,0.99609,244,9
105,28,10,28_chunk_022c5cec-5bdd-4341-be18-1e6fcafcd48d,0,0.7508,NONE,0.47852,1.0,0.99609,256,9
105,28,1,28_chunk_be25c2d0-5242-4edd-b623-7a90d164e538,4,3.3282,WEAK,0.58594,0.21191,0.18555,28,9
105,28,2,28_chunk_6d6497bf-29a7-477e-b2d2-45bb9d7a778e,4,2.6243,NONE,0.57031,0.21191,0.14648,180,9
105,28,3,28_chunk_42c18401-a1af-4f5f-9406-320ad123fa70,4,1.8511,STRONG,0.60547,0.21191,0.13965,264,9
105,28,4,28_chunk_fed14b07-6e55-4284-aeee-f3b90772001d,4,1.8234,WEAK,0.59375,0.21191,0.12598,235,9
105,28,5,28_chunk_3d8fed03-a804-4ac3-99fe-3b21f83d9d80,4,1.1065,NONE,0.62891,0.21191,0.15137,106,9
105,28,6,28_chunk_0c6307f4-0d21-4cf2-82c0-6ae16d163d04,4,0.9967,NONE,0.59375,0.21191,0.15625,115,9
105,28,7,28_chunk_de789d2c-050c-4742-a3af-f7304bc3aa87,4,0.9364,NONE,0.54688,0.21191,0.14062,232,9
105,28,8,28_chunk_53c2a8ef-fa65-49cf-8b5d-d64b7bde3a7e,4,0.8223,WEAK,0.59766,0.21191,0.12451,255,9
105,28,9,28_chunk_96f44d04-f885-4cad-bfc7-b94bf6041126,4,0.7575,WEAK,0.60547,0.21191,0.1582,244,9
105,28,10,28_chunk_022c5cec-5bdd-4341-be18-1e6fcafcd48d,4,0.7508,NONE,0.60156,0.21191,0.12695,256,9
105,28,1,28_chunk_be25c2d0-5242-4edd-b623-7a90d164e538,8,3.3282,WEAK,0.50781,0.12451,0.12109,28,9
105,28,2,28_chunk_6d6497bf-29a7-477e-b2d2-45bb9d7a778e,8,2.6243,NONE,0.48633,0.12451,0.11328,180,9
105,28,3,28_chunk_42c18401-a1af-4f5f-9406-320ad123fa70,8,1.8511,STRONG,0.46289,0.12451,0.11572,264,9
105,28,4,28_chunk_fed14b07-6e55-4284-aeee-f3b90772001d,8,1.8234,WEAK,0.46094,0.12451,0.09375,235,9
105,28,5,28_chunk_3d8fed03-a804-4ac3-99fe-3b21f83d9d80,8,1.1065,NONE,0.5625,0.12451,0.11816,106,9
105,28,6,28_chunk_0c6307f4-0d21-4cf2-82c0-6ae16d163d04,8,0.9967,NONE,0.50781,0.12451,0.12256,115,9
105,28,7,28_chunk_de789d2c-050c-4742-a3af-f7304bc3aa87,8,0.9364,NONE,0.35742,0.12451,0.07227,232,9
105,28,8,28_chunk_53c2a8ef-fa65-49cf-8b5d-d64b7bde3a7e,8,0.8223,WEAK,0.40625,0.12451,0.10107,255,9
105,28,9,28_chunk_96f44d04-f885-4cad-bfc7-b94bf6041126,8,0.7575,WEAK,0.50781,0.12451,0.12598,244,9
105,28,10,28_chunk_022c5cec-5bdd-4341-be18-1e6fcafcd48d,8,0.7508,NONE,0.40234,0.12451,0.09961,256,9
105,28,1,28_chunk_be25c2d0-5242-4edd-b623-7a90d164e538,16,3.3282,WEAK,0.49414,0.07275,0.08789,28,9
105,28,2,28_chunk_6d6497bf-29a7-477e-b2d2-45bb9d7a778e,16,2.6243,NONE,0.42969,0.07275,0.07764,180,9
105,28,3,28_chunk_42c18401-a1af-4f5f-9406-320ad123fa70,16,1.8511,STRONG,0.44336,0.07275,0.06445,264,9
105,28,4,28_chunk_fed14b07-6e55-4284-aeee-f3b90772001d,16,1.8234,WEAK,0.40234,0.07275,0.05127,235,9
105,28,5,28_chunk_3d8fed03-a804-4ac3-99fe-3b21f83d9d80,16,1.1065,NONE,0.50781,0.07275,0.07959,106,9
105,28,6,28_chunk_0c6307f4-0d21-4cf2-82c0-6ae16d163d04,16,0.9967,NONE,0.39648,0.07275,0.08594,115,9
105,28,7,28_chunk_de789d2c-050c-4742-a3af-f7304bc3aa87,16,0.9364,NONE,0.29297,0.07275,0.0708,232,9
105,28,8,28_chunk_53c2a8ef-fa65-49cf-8b5d-d64b7bde3a7e,16,0.8223,WEAK,0.35352,0.07275,0.08496,255,9
105,28,9,28_chunk_96f44d04-f885-4cad-bfc7-b94bf6041126,16,0.7575,WEAK,0.41016,0.07275,0.0918,244,9
105,28,10,28_chunk_022c5cec-5bdd-4341-be18-1e6fcafcd48d,16,0.7508,NONE,0.34375,0.07275,0.06641,256,9
105,28,1,28_chunk_be25c2d0-5242-4edd-b623-7a90d164e538,24,3.3282,WEAK,0.68359,0.07227,0.06836,28,9
105,28,2,28_chunk_6d6497bf-29a7-477e-b2d2-45bb9d7a778e,24,2.6243,NONE,0.64062,0.07227,0.05615,180,9
105,28,3,28_chunk_42c18401-a1af-4f5f-9406-320ad123fa70,24,1.8511,STRONG,0.66797,0.07227,0.04956,264,9
105,28,4,28_chunk_fed14b07-6e55-4284-aeee-f3b90772001d,24,1.8234,WEAK,0.60938,0.07227,0.04199,235,9
105,28,5,28_chunk_3d8fed03-a804-4ac3-99fe-3b21f83d9d80,24,1.1065,NONE,0.67969,0.07227,0.04907,106,9
105,28,6,28_chunk_0c6307f4-0d21-4cf2-82c0-6ae16d163d04,24,0.9967,NONE,0.62891,0.07227,0.06543,115,9
105,28,7,28_chunk_de789d2c-050c-4742-a3af-f7304bc3aa87,24,0.9364,NONE,0.49023,0.07227,0.05225,232,9
105,28,8,28_chunk_53c2a8ef-fa65-49cf-8b5d-d64b7bde3a7e,24,0.8223,WEAK,0.51562,0.07227,0.04614,255,9
105,28,9,28_chunk_96f44d04-f885-4cad-bfc7-b94bf6041126,24,0.7575,WEAK,0.61328,0.07227,0.06982,244,9
105,28,10,28_chunk_022c5cec-5bdd-4341-be18-1e6fcafcd48d,24,0.7508,NONE,0.51172,0.07227,0.0481,256,9
105,28,1,28_chunk_be25c2d0-5242-4edd-b623-7a90d164e538,31,3.3282,WEAK,0.77344,0.05347,0.04175,28,9
105,28,2,28_chunk_6d6497bf-29a7-477e-b2d2-45bb9d7a778e,31,2.6243,NONE,0.75,0.05347,0.02869,180,9
105,28,3,28_chunk_42c18401-a1af-4f5f-9406-320ad123fa70,31,1.8511,STRONG,0.77734,0.05347,0.01794,264,9
105,28,4,28_chunk_fed14b07-6e55-4284-aeee-f3b90772001d,31,1.8234,WEAK,0.73438,0.05347,0.02026,235,9
105,28,5,28_chunk_3d8fed03-a804-4ac3-99fe-3b21f83d9d80,31,1.1065,NONE,0.77734,0.05347,0.01807,106,9
105,28,6,28_chunk_0c6307f4-0d21-4cf2-82c0-6ae16d163d04,31,0.9967,NONE,0.72266,0.05347,0.02393,115,9
105,28,7,28_chunk_de789d2c-050c-4742-a3af-f7304bc3aa87,31,0.9364,NONE,0.62109,0.05347,0.01648,232,9
105,28,8,28_chunk_53c2a8ef-fa65-49cf-8b5d-d64b7bde3a7e,31,0.8223,WEAK,0.67188,0.05347,0.0166,255,9
105,28,9,28_chunk_96f44d04-f885-4cad-bfc7-b94bf6041126,31,0.7575,WEAK,0.71875,0.05347,0.03149,244,9
105,28,10,28_chunk_022c5cec-5bdd-4341-be18-1e6fcafcd48d,31,0.7508,NONE,0.66797,0.05347,0.02185,256,9
1067,317,1,317_chunk_565896f1-c6d3-4e92-a6a4-36ff98ad1585,0,2.8357,STRONG,0.51953,1.0,1.00781,183,9
1067,317,2,317_chunk_46fe5e35-acf8-4093-ad09-501a243531b6,0,1.5005,WEAK,0.50391,1.0,0.99609,253,9
1067,317,3,317_chunk_1e64f157-6401-463d-ad97-6cac1079e416,0,1.3535,STRONG,0.51562,1.0,1.0,215,9
1067,317,4,317_chunk_0258d4f2-7ee1-46e2-b0c1-cc8b186fe2c2,0,1.0081,PARTIAL,0.48242,1.0,1.0,285,9
1067,317,5,317_chunk_144d99e3-982b-42e8-8445-a12897f015c6,0,0.9404,WEAK,0.48633,1.0,1.0,254,9
1067,317,6,317_chunk_82b5aeba-d5b2-47a9-a87d-983436c3910f,0,0.9146,PARTIAL,0.49805,1.0,1.0,133,9
1067,317,7,317_chunk_895fbf63-821c-4f33-8ccf-f851273ff691,0,0.5432,WEAK,0.47656,1.0,0.99609,178,9
1067,317,8,317_chunk_046a61c5-7f79-4b37-a4a4-d98340c383c5,0,0.5349,WEAK,0.49023,1.0,1.0,176,9
1067,317,9,317_chunk_104051ad-a048-4fc9-b58e-cb17bc7b3a4a,0,0.4812,WEAK,0.51953,1.0,1.0,250,9
1067,317,10,317_chunk_88bf16ff-aafb-4912-accf-063750457521,0,0.4287,PARTIAL,0.47852,1.0,1.0,156,9
1067,317,1,317_chunk_565896f1-c6d3-4e92-a6a4-36ff98ad1585,4,2.8357,STRONG,0.58203,0.22852,0.1875,183,9
1067,317,2,317_chunk_46fe5e35-acf8-4093-ad09-501a243531b6,4,1.5005,WEAK,0.60156,0.22852,0.15234,253,9
1067,317,3,317_chunk_1e64f157-6401-463d-ad97-6cac1079e416,4,1.3535,STRONG,0.625,0.22852,0.14062,215,9
1067,317,4,317_chunk_0258d4f2-7ee1-46e2-b0c1-cc8b186fe2c2,4,1.0081,PARTIAL,0.62109,0.22852,0.17285,285,9
1067,317,5,317_chunk_144d99e3-982b-42e8-8445-a12897f015c6,4,0.9404,WEAK,0.63281,0.22852,0.12256,254,9
1067,317,6,317_chunk_82b5aeba-d5b2-47a9-a87d-983436c3910f,4,0.9146,PARTIAL,0.64062,0.22852,0.15137,133,9
1067,317,7,317_chunk_895fbf63-821c-4f33-8ccf-f851273ff691,4,0.5432,WEAK,0.63281,0.22852,0.13086,178,9
1067,317,8,317_chunk_046a61c5-7f79-4b37-a4a4-d98340c383c5,4,0.5349,WEAK,0.62891,0.22852,0.16699,176,9
1067,317,9,317_chunk_104051ad-a048-4fc9-b58e-cb17bc7b3a4a,4,0.4812,WEAK,0.64844,0.22852,0.14941,250,9
1067,317,10,317_chunk_88bf16ff-aafb-4912-accf-063750457521,4,0.4287,PARTIAL,0.63281,0.22852,0.11621,156,9
1067,317,1,317_chunk_565896f1-c6d3-4e92-a6a4-36ff98ad1585,8,2.8357,STRONG,0.59766,0.15918,0.1416,183,9
1067,317,2,317_chunk_46fe5e35-acf8-4093-ad09-501a243531b6,8,1.5005,WEAK,0.56641,0.15918,0.12695,253,9
1067,317,3,317_chunk_1e64f157-6401-463d-ad97-6cac1079e416,8,1.3535,STRONG,0.5625,0.15918,0.11816,215,9
1067,317,4,317_chunk_0258d4f2-7ee1-46e2-b0c1-cc8b186fe2c2,8,1.0081,PARTIAL,0.53906,0.15918,0.1416,285,9
1067,317,5,317_chunk_144d99e3-982b-42e8-8445-a12897f015c6,8,0.9404,WEAK,0.53516,0.15918,0.10303,254,9
1067,317,6,317_chunk_82b5aeba-d5b2-47a9-a87d-983436c3910f,8,0.9146,PARTIAL,0.57422,0.15918,0.13574,133,9
1067,317,7,317_chunk_895fbf63-821c-4f33-8ccf-f851273ff691,8,0.5432,WEAK,0.52344,0.15918,0.10596,178,9
1067,317,8,317_chunk_046a61c5-7f79-4b37-a4a4-d98340c383c5,8,0.5349,WEAK,0.55078,0.15918,0.13574,176,9
1067,317,9,317_chunk_104051ad-a048-4fc9-b58e-cb17bc7b3a4a,8,0.4812,WEAK,0.55078,0.15918,0.12891,250,9
1067,317,10,317_chunk_88bf16ff-aafb-4912-accf-063750457521,8,0.4287,PARTIAL,0.5625,0.15918,0.08936,156,9
1067,317,1,317_chunk_565896f1-c6d3-4e92-a6a4-36ff98ad1585,16,2.8357,STRONG,0.49023,0.09131,0.10107,183,9
1067,317,2,317_chunk_46fe5e35-acf8-4093-ad09-501a243531b6,16,1.5005,WEAK,0.48633,0.09131,0.08398,253,9
1067,317,3,317_chunk_1e64f157-6401-463d-ad97-6cac1079e416,16,1.3535,STRONG,0.4668,0.09131,0.08936,215,9
1067,317,4,317_chunk_0258d4f2-7ee1-46e2-b0c1-cc8b186fe2c2,16,1.0081,PARTIAL,0.42773,0.09131,0.09131,285,9
1067,317,5,317_chunk_144d99e3-982b-42e8-8445-a12897f015c6,16,0.9404,WEAK,0.43945,0.09131,0.06299,254,9
1067,317,6,317_chunk_82b5aeba-d5b2-47a9-a87d-983436c3910f,16,0.9146,PARTIAL,0.40234,0.09131,0.07178,133,9
1067,317,7,317_chunk_895fbf63-821c-4f33-8ccf-f851273ff691,16,0.5432,WEAK,0.38477,0.09131,0.08447,178,9
1067,317,8,317_chunk_046a61c5-7f79-4b37-a4a4-d98340c383c5,16,0.5349,WEAK,0.46875,0.09131,0.10596,176,9
1067,317,9,317_chunk_104051ad-a048-4fc9-b58e-cb17bc7b3a4a,16,0.4812,WEAK,0.42578,0.09131,0.0752,250,9
1067,317,10,317_chunk_88bf16ff-aafb-4912-accf-063750457521,16,0.4287,PARTIAL,0.4668,0.09131,0.06738,156,9
1067,317,1,317_chunk_565896f1-c6d3-4e92-a6a4-36ff98ad1585,24,2.8357,STRONG,0.68359,0.10107,0.07812,183,9
1067,317,2,317_chunk_46fe5e35-acf8-4093-ad09-501a243531b6,24,1.5005,WEAK,0.6875,0.10107,0.06104,253,9
1067,317,3,317_chunk_1e64f157-6401-463d-ad97-6cac1079e416,24,1.3535,STRONG,0.67188,0.10107,0.06689,215,9
1067,317,4,317_chunk_0258d4f2-7ee1-46e2-b0c1-cc8b186fe2c2,24,1.0081,PARTIAL,0.63281,0.10107,0.07666,285,9
1067,317,5,317_chunk_144d99e3-982b-42e8-8445-a12897f015c6,24,0.9404,WEAK,0.64453,0.10107,0.04272,254,9
1067,317,6,317_chunk_82b5aeba-d5b2-47a9-a87d-983436c3910f,24,0.9146,PARTIAL,0.59375,0.10107,0.05298,133,9
1067,317,7,317_chunk_895fbf63-821c-4f33-8ccf-f851273ff691,24,0.5432,WEAK,0.57422,0.10107,0.06348,178,9
1067,317,8,317_chunk_046a61c5-7f79-4b37-a4a4-d98340c383c5,24,0.5349,WEAK,0.66797,0.10107,0.0708,176,9
1067,317,9,317_chunk_104051ad-a048-4fc9-b58e-cb17bc7b3a4a,24,0.4812,WEAK,0.60938,0.10107,0.06982,250,9
1067,317,10,317_chunk_88bf16ff-aafb-4912-accf-063750457521,24,0.4287,PARTIAL,0.63281,0.10107,0.04785,156,9
1067,317,1,317_chunk_565896f1-c6d3-4e92-a6a4-36ff98ad1585,31,2.8357,STRONG,0.76953,0.03857,0.02563,183,9
1067,317,2,317_chunk_46fe5e35-acf8-4093-ad09-501a243531b6,31,1.5005,WEAK,0.79297,0.03857,0.026,253,9
1067,317,3,317_chunk_1e64f157-6401-463d-ad97-6cac1079e416,31,1.3535,STRONG,0.78516,0.03857,0.02832,215,9
1067,317,4,317_chunk_0258d4f2-7ee1-46e2-b0c1-cc8b186fe2c2,31,1.0081,PARTIAL,0.75,0.03857,0.03149,285,9
1067,317,5,317_chunk_144d99e3-982b-42e8-8445-a12897f015c6,31,0.9404,WEAK,0.76172,0.03857,0.00319,254,9
1067,317,6,317_chunk_82b5aeba-d5b2-47a9-a87d-983436c3910f,31,0.9146,PARTIAL,0.71484,0.03857,0.01868,133,9
1067,317,7,317_chunk_895fbf63-821c-4f33-8ccf-f851273ff691,31,0.5432,WEAK,0.70312,0.03857,0.01404,178,9
1067,317,8,317_chunk_046a61c5-7f79-4b37-a4a4-d98340c383c5,31,0.5349,WEAK,0.76172,0.03857,0.01904,176,9
1067,317,9,317_chunk_104051ad-a048-4fc9-b58e-cb17bc7b3a4a,31,0.4812,WEAK,0.74219,0.03857,0.02527,250,9
1067,317,10,317_chunk_88bf16ff-aafb-4912-accf-063750457521,31,0.4287,PARTIAL,0.74609,0.03857,0.02905,156,9
1108,332,1,332_chunk_6315f649-8a93-4435-8681-6cf704eb34f1,0,2.664,WEAK,0.67578,0.99609,1.00781,197,13
1108,332,2,332_chunk_2476ba5b-c4ea-40db-95c6-fb80501781cf,0,1.4769,STRONG,0.64844,0.99609,1.0,187,13
1108,332,3,332_chunk_85065e10-9490-4d27-80fe-921fdc3209c9,0,1.3875,STRONG,0.72266,0.99609,1.00781,240,13
1108,332,4,332_chunk_41e82eeb-e171-485c-a418-a3c93a362133,0,1.3388,PARTIAL,0.71094,0.99609,1.00781,247,13
1108,332,5,332_chunk_ccb47632-b39c-4c3f-bdbc-66adc3603108,0,1.0049,PARTIAL,0.64844,0.99609,1.0,133,13
1108,332,6,332_chunk_da21b2be-fa93-42aa-98fc-c21514bd978a,0,0.9366,PARTIAL,0.66797,0.99609,1.0,191,13
1108,332,7,332_chunk_473bf422-ccfc-484a-9770-1cf7c0558067,0,0.8694,STRONG,0.69922,0.99609,0.99609,187,13
1108,332,8,332_chunk_ccb83189-bd30-43ac-b00b-c2bddfb3cc56,0,0.834,STRONG,0.62109,0.99609,0.99609,232,13
1108,332,9,332_chunk_8b949fdc-8486-4d4d-b520-84b36ba38293,0,0.829,PARTIAL,0.6875,0.99609,1.0,209,13
1108,332,10,332_chunk_db0b0e0d-f7e3-4025-a70c-7905f89e90fa,0,0.7893,PARTIAL,0.59766,0.99609,1.0,262,13
1108,332,1,332_chunk_6315f649-8a93-4435-8681-6cf704eb34f1,4,2.664,WEAK,0.66406,0.18457,0.15723,197,13
1108,332,2,332_chunk_2476ba5b-c4ea-40db-95c6-fb80501781cf,4,1.4769,STRONG,0.69531,0.18457,0.16016,187,13
1108,332,3,332_chunk_85065e10-9490-4d27-80fe-921fdc3209c9,4,1.3875,STRONG,0.74609,0.18457,0.14941,240,13
1108,332,4,332_chunk_41e82eeb-e171-485c-a418-a3c93a362133,4,1.3388,PARTIAL,0.73438,0.18457,0.14844,247,13
1108,332,5,332_chunk_ccb47632-b39c-4c3f-bdbc-66adc3603108,4,1.0049,PARTIAL,0.73047,0.18457,0.15234,133,13
1108,332,6,332_chunk_da21b2be-fa93-42aa-98fc-c21514bd978a,4,0.9366,PARTIAL,0.73438,0.18457,0.13672,191,13
1108,332,7,332_chunk_473bf422-ccfc-484a-9770-1cf7c0558067,4,0.8694,STRONG,0.75781,0.18457,0.15137,187,13
1108,332,8,332_chunk_ccb83189-bd30-43ac-b00b-c2bddfb3cc56,4,0.834,STRONG,0.70703,0.18457,0.15234,232,13
1108,332,9,332_chunk_8b949fdc-8486-4d4d-b520-84b36ba38293,4,0.829,PARTIAL,0.73828,0.18457,0.1377,209,13
1108,332,10,332_chunk_db0b0e0d-f7e3-4025-a70c-7905f89e90fa,4,0.7893,PARTIAL,0.69922,0.18457,0.13965,262,13
1108,332,1,332_chunk_6315f649-8a93-4435-8681-6cf704eb34f1,8,2.664,WEAK,0.54297,0.10693,0.12012,197,13
1108,332,2,332_chunk_2476ba5b-c4ea-40db-95c6-fb80501781cf,8,1.4769,STRONG,0.5625,0.10693,0.11963,187,13
1108,332,3,332_chunk_85065e10-9490-4d27-80fe-921fdc3209c9,8,1.3875,STRONG,0.64453,0.10693,0.11621,240,13
1108,332,4,332_chunk_41e82eeb-e171-485c-a418-a3c93a362133,8,1.3388,PARTIAL,0.62891,0.10693,0.11328,247,13
1108,332,5,332_chunk_ccb47632-b39c-4c3f-bdbc-66adc3603108,8,1.0049,PARTIAL,0.61719,0.10693,0.12598,133,13
1108,332,6,332_chunk_da21b2be-fa93-42aa-98fc-c21514bd978a,8,0.9366,PARTIAL,0.61719,0.10693,0.10986,191,13
1108,332,7,332_chunk_473bf422-ccfc-484a-9770-1cf7c0558067,8,0.8694,STRONG,0.66797,0.10693,0.12256,187,13
1108,332,8,332_chunk_ccb83189-bd30-43ac-b00b-c2bddfb3cc56,8,0.834,STRONG,0.55859,0.10693,0.12354,232,13
1108,332,9,332_chunk_8b949fdc-8486-4d4d-b520-84b36ba38293,8,0.829,PARTIAL,0.625,0.10693,0.11279,209,13
1108,332,10,332_chunk_db0b0e0d-f7e3-4025-a70c-7905f89e90fa,8,0.7893,PARTIAL,0.57422,0.10693,0.1001,262,13
1108,332,1,332_chunk_6315f649-8a93-4435-8681-6cf704eb34f1,16,2.664,WEAK,0.44141,0.0459,0.07031,197,13
1108,332,2,332_chunk_2476ba5b-c4ea-40db-95c6-fb80501781cf,16,1.4769,STRONG,0.45117,0.0459,0.08105,187,13
1108,332,3,332_chunk_85065e10-9490-4d27-80fe-921fdc3209c9,16,1.3875,STRONG,0.56641,0.0459,0.06494,240,13
1108,332,4,332_chunk_41e82eeb-e171-485c-a418-a3c93a362133,16,1.3388,PARTIAL,0.53125,0.0459,0.0835,247,13
1108,332,5,332_chunk_ccb47632-b39c-4c3f-bdbc-66adc3603108,16,1.0049,PARTIAL,0.51562,0.0459,0.08252,133,13
1108,332,6,332_chunk_da21b2be-fa93-42aa-98fc-c21514bd978a,16,0.9366,PARTIAL,0.52344,0.0459,0.0752,191,13
1108,332,7,332_chunk_473bf422-ccfc-484a-9770-1cf7c0558067,16,0.8694,STRONG,0.60938,0.0459,0.07324,187,13
1108,332,8,332_chunk_ccb83189-bd30-43ac-b00b-c2bddfb3cc56,16,0.834,STRONG,0.44141,0.0459,0.10547,232,13
1108,332,9,332_chunk_8b949fdc-8486-4d4d-b520-84b36ba38293,16,0.829,PARTIAL,0.53906,0.0459,0.0752,209,13
1108,332,10,332_chunk_db0b0e0d-f7e3-4025-a70c-7905f89e90fa,16,0.7893,PARTIAL,0.42188,0.0459,0.06836,262,13
1108,332,1,332_chunk_6315f649-8a93-4435-8681-6cf704eb34f1,24,2.664,WEAK,0.62109,0.02856,0.05469,197,13
1108,332,2,332_chunk_2476ba5b-c4ea-40db-95c6-fb80501781cf,24,1.4769,STRONG,0.64844,0.02856,0.06494,187,13
1108,332,3,332_chunk_85065e10-9490-4d27-80fe-921fdc3209c9,24,1.3875,STRONG,0.69922,0.02856,0.05347,240,13
1108,332,4,332_chunk_41e82eeb-e171-485c-a418-a3c93a362133,24,1.3388,PARTIAL,0.6875,0.02856,0.05371,247,13
1108,332,5,332_chunk_ccb47632-b39c-4c3f-bdbc-66adc3603108,24,1.0049,PARTIAL,0.68359,0.02856,0.05249,133,13
1108,332,6,332_chunk_da21b2be-fa93-42aa-98fc-c21514bd978a,24,0.9366,PARTIAL,0.68359,0.02856,0.04541,191,13
1108,332,7,332_chunk_473bf422-ccfc-484a-9770-1cf7c0558067,24,0.8694,STRONG,0.72656,0.02856,0.05518,187,13
1108,332,8,332_chunk_ccb83189-bd30-43ac-b00b-c2bddfb3cc56,24,0.834,STRONG,0.64062,0.02856,0.07715,232,13
1108,332,9,332_chunk_8b949fdc-8486-4d4d-b520-84b36ba38293,24,0.829,PARTIAL,0.67969,0.02856,0.05273,209,13
1108,332,10,332_chunk_db0b0e0d-f7e3-4025-a70c-7905f89e90fa,24,0.7893,PARTIAL,0.625,0.02856,0.04321,262,13
1108,332,1,332_chunk_6315f649-8a93-4435-8681-6cf704eb34f1,31,2.664,WEAK,0.76953,0.01129,0.02026,197,13
1108,332,2,332_chunk_2476ba5b-c4ea-40db-95c6-fb80501781cf,31,1.4769,STRONG,0.80078,0.01129,0.03101,187,13
1108,332,3,332_chunk_85065e10-9490-4d27-80fe-921fdc3209c9,31,1.3875,STRONG,0.83594,0.01129,0.02173,240,13
1108,332,4,332_chunk_41e82eeb-e171-485c-a418-a3c93a362133,31,1.3388,PARTIAL,0.83203,0.01129,0.01855,247,13
1108,332,5,332_chunk_ccb47632-b39c-4c3f-bdbc-66adc3603108,31,1.0049,PARTIAL,0.82812,0.01129,0.01611,133,13
1108,332,6,332_chunk_da21b2be-fa93-42aa-98fc-c21514bd978a,31,0.9366,PARTIAL,0.82422,0.01129,-0.00101,191,13
1108,332,7,332_chunk_473bf422-ccfc-484a-9770-1cf7c0558067,31,0.8694,STRONG,0.84766,0.01129,0.02075,187,13
1108,332,8,332_chunk_ccb83189-bd30-43ac-b00b-c2bddfb3cc56,31,0.834,STRONG,0.80078,0.01129,0.02319,232,13
1108,332,9,332_chunk_8b949fdc-8486-4d4d-b520-84b36ba38293,31,0.829,PARTIAL,0.83203,0.01129,0.01337,209,13
1108,332,10,332_chunk_db0b0e0d-f7e3-4025-a70c-7905f89e90fa,31,0.7893,PARTIAL,0.77344,0.01129,0.01312,262,13
1134,340,1,340_chunk_e6f1351a-97a2-4000-ace3-fddc012b5282,0,2.0818,WEAK,0.40234,0.99609,1.0,159,7
1134,340,2,340_chunk_b9c021b3-db14-48f3-8b8d-beb2bb80b6b9,0,1.9291,STRONG,0.47461,0.99609,1.00781,197,7
1134,340,3,340_chunk_e3ee7a9c-8c85-4b04-979c-fa625b7af032,0,1.7952,NONE,0.43164,0.99609,1.00781,118,7
1134,340,4,340_chunk_8204e026-127f-4eb4-83e5-80e8a36a4745,0,1.6206,PARTIAL,0.46484,0.99609,1.0,232,7
1134,340,5,340_chunk_e2cc996c-b11c-4fcb-bf7a-a10cfa593f89,0,1.4304,WEAK,0.42383,0.99609,1.0,268,7
1134,340,6,340_chunk_6c946bbb-86c6-4b4c-bbcb-fdf1de79707e,0,1.2119,NONE,0.50781,0.99609,0.99609,263,7
1134,340,7,340_chunk_3ec9d791-3a9b-462e-a8be-44c66e8e7c6d,0,1.187,WEAK,0.51953,0.99609,0.99609,151,7
1134,340,8,340_chunk_d65fe459-bcac-4079-b21c-4253d8dbd05f,0,1.1031,NONE,0.40039,0.99609,1.0,93,7
1134,340,9,340_chunk_b0aec424-c854-4503-af86-52bb9bed1128,0,0.9391,WEAK,0.28516,0.99609,1.00781,251,7
1134,340,10,340_chunk_5fd23cc4-a00b-4769-99b6-51aa155fc0d1,0,0.9315,WEAK,0.42188,0.99609,0.99609,205,7
1134,340,1,340_chunk_e6f1351a-97a2-4000-ace3-fddc012b5282,4,2.0818,WEAK,0.50781,0.19531,0.18457,159,7
1134,340,2,340_chunk_b9c021b3-db14-48f3-8b8d-beb2bb80b6b9,4,1.9291,STRONG,0.57422,0.19531,0.15234,197,7
1134,340,3,340_chunk_e3ee7a9c-8c85-4b04-979c-fa625b7af032,4,1.7952,NONE,0.57031,0.19531,0.17578,118,7
1134,340,4,340_chunk_8204e026-127f-4eb4-83e5-80e8a36a4745,4,1.6206,PARTIAL,0.59375,0.19531,0.14746,232,7
1134,340,5,340_chunk_e2cc996c-b11c-4fcb-bf7a-a10cfa593f89,4,1.4304,WEAK,0.58203,0.19531,0.12891,268,7
1134,340,6,340_chunk_6c946bbb-86c6-4b4c-bbcb-fdf1de79707e,4,1.2119,NONE,0.64062,0.19531,0.13281,263,7
1134,340,7,340_chunk_3ec9d791-3a9b-462e-a8be-44c66e8e7c6d,4,1.187,WEAK,0.65625,0.19531,0.13477,151,7
1134,340,8,340_chunk_d65fe459-bcac-4079-b21c-4253d8dbd05f,4,1.1031,NONE,0.62891,0.19531,0.14551,93,7
1134,340,9,340_chunk_b0aec424-c854-4503-af86-52bb9bed1128,4,0.9391,WEAK,0.48633,0.19531,0.16113,251,7
1134,340,10,340_chunk_5fd23cc4-a00b-4769-99b6-51aa155fc0d1,4,0.9315,WEAK,0.62109,0.19531,0.16113,205,7
1134,340,1,340_chunk_e6f1351a-97a2-4000-ace3-fddc012b5282,8,2.0818,WEAK,0.44922,0.10449,0.12793,159,7
1134,340,2,340_chunk_b9c021b3-db14-48f3-8b8d-beb2bb80b6b9,8,1.9291,STRONG,0.50391,0.10449,0.11865,197,7
1134,340,3,340_chunk_e3ee7a9c-8c85-4b04-979c-fa625b7af032,8,1.7952,NONE,0.48633,0.10449,0.13477,118,7
1134,340,4,340_chunk_8204e026-127f-4eb4-83e5-80e8a36a4745,8,1.6206,PARTIAL,0.5,0.10449,0.10938,232,7
1134,340,5,340_chunk_e2cc996c-b11c-4fcb-bf7a-a10cfa593f89,8,1.4304,WEAK,0.4668,0.10449,0.09961,268,7
1134,340,6,340_chunk_6c946bbb-86c6-4b4c-bbcb-fdf1de79707e,8,1.2119,NONE,0.55078,0.10449,0.10254,263,7
1134,340,7,340_chunk_3ec9d791-3a9b-462e-a8be-44c66e8e7c6d,8,1.187,WEAK,0.58984,0.10449,0.10547,151,7
1134,340,8,340_chunk_d65fe459-bcac-4079-b21c-4253d8dbd05f,8,1.1031,NONE,0.49414,0.10449,0.11084,93,7
1134,340,9,340_chunk_b0aec424-c854-4503-af86-52bb9bed1128,8,0.9391,WEAK,0.42773,0.10449,0.12012,251,7
1134,340,10,340_chunk_5fd23cc4-a00b-4769-99b6-51aa155fc0d1,8,0.9315,WEAK,0.50781,0.10449,0.12793,205,7
1134,340,1,340_chunk_e6f1351a-97a2-4000-ace3-fddc012b5282,16,2.0818,WEAK,0.44531,0.07422,0.09619,159,7
1134,340,2,340_chunk_b9c021b3-db14-48f3-8b8d-beb2bb80b6b9,16,1.9291,STRONG,0.47852,0.07422,0.07812,197,7
1134,340,3,340_chunk_e3ee7a9c-8c85-4b04-979c-fa625b7af032,16,1.7952,NONE,0.44727,0.07422,0.10547,118,7
1134,340,4,340_chunk_8204e026-127f-4eb4-83e5-80e8a36a4745,16,1.6206,PARTIAL,0.47656,0.07422,0.0564,232,7
1134,340,5,340_chunk_e2cc996c-b11c-4fcb-bf7a-a10cfa593f89,16,1.4304,WEAK,0.41602,0.07422,0.05713,268,7
1134,340,6,340_chunk_6c946bbb-86c6-4b4c-bbcb-fdf1de79707e,16,1.2119,NONE,0.48828,0.07422,0.06348,263,7
1134,340,7,340_chunk_3ec9d791-3a9b-462e-a8be-44c66e8e7c6d,16,1.187,WEAK,0.54297,0.07422,0.06592,151,7
1134,340,8,340_chunk_d65fe459-bcac-4079-b21c-4253d8dbd05f,16,1.1031,NONE,0.41602,0.07422,0.0625,93,7
1134,340,9,340_chunk_b0aec424-c854-4503-af86-52bb9bed1128,16,0.9391,WEAK,0.38672,0.07422,0.10352,251,7
1134,340,10,340_chunk_5fd23cc4-a00b-4769-99b6-51aa155fc0d1,16,0.9315,WEAK,0.41602,0.07422,0.07861,205,7
1134,340,1,340_chunk_e6f1351a-97a2-4000-ace3-fddc012b5282,24,2.0818,WEAK,0.64844,0.0791,0.06885,159,7
1134,340,2,340_chunk_b9c021b3-db14-48f3-8b8d-beb2bb80b6b9,24,1.9291,STRONG,0.6875,0.0791,0.05444,197,7
1134,340,3,340_chunk_e3ee7a9c-8c85-4b04-979c-fa625b7af032,24,1.7952,NONE,0.64062,0.0791,0.06348,118,7
1134,340,4,340_chunk_8204e026-127f-4eb4-83e5-80e8a36a4745,24,1.6206,PARTIAL,0.66406,0.0791,0.04272,232,7
1134,340,5,340_chunk_e2cc996c-b11c-4fcb-bf7a-a10cfa593f89,24,1.4304,WEAK,0.61719,0.0791,0.03125,268,7
1134,340,6,340_chunk_6c946bbb-86c6-4b4c-bbcb-fdf1de79707e,24,1.2119,NONE,0.72656,0.0791,0.03149,263,7
1134,340,7,340_chunk_3ec9d791-3a9b-462e-a8be-44c66e8e7c6d,24,1.187,WEAK,0.71875,0.0791,0.04614,151,7
1134,340,8,340_chunk_d65fe459-bcac-4079-b21c-4253d8dbd05f,24,1.1031,NONE,0.67578,0.0791,0.0437,93,7
1134,340,9,340_chunk_b0aec424-c854-4503-af86-52bb9bed1128,24,0.9391,WEAK,0.58203,0.0791,0.08936,251,7
1134,340,10,340_chunk_5fd23cc4-a00b-4769-99b6-51aa155fc0d1,24,0.9315,WEAK,0.67578,0.0791,0.0603,205,7
1134,340,1,340_chunk_e6f1351a-97a2-4000-ace3-fddc012b5282,31,2.0818,WEAK,0.75391,0.04346,0.02661,159,7
1134,340,2,340_chunk_b9c021b3-db14-48f3-8b8d-beb2bb80b6b9,31,1.9291,STRONG,0.80469,0.04346,0.02795,197,7
1134,340,3,340_chunk_e3ee7a9c-8c85-4b04-979c-fa625b7af032,31,1.7952,NONE,0.75781,0.04346,0.01794,118,7
1134,340,4,340_chunk_8204e026-127f-4eb4-83e5-80e8a36a4745,31,1.6206,PARTIAL,0.78516,0.04346,0.03052,232,7
1134,340,5,340_chunk_e2cc996c-b11c-4fcb-bf7a-a10cfa593f89,31,1.4304,WEAK,0.74219,0.04346,0.01794,268,7
1134,340,6,340_chunk_6c946bbb-86c6-4b4c-bbcb-fdf1de79707e,31,1.2119,NONE,0.82812,0.04346,0.00601,263,7
1134,340,7,340_chunk_3ec9d791-3a9b-462e-a8be-44c66e8e7c6d,31,1.187,WEAK,0.82031,0.04346,0.02026,151,7
1134,340,8,340_chunk_d65fe459-bcac-4079-b21c-4253d8dbd05f,31,1.1031,NONE,0.80469,0.04346,0.02258,93,7
1134,340,9,340_chunk_b0aec424-c854-4503-af86-52bb9bed1128,31,0.9391,WEAK,0.69922,0.04346,0.04565,251,7
1134,340,10,340_chunk_5fd23cc4-a00b-4769-99b6-51aa155fc0d1,31,0.9315,WEAK,0.80078,0.04346,0.01941,205,7
116,33,1,33_chunk_2ad57f33-69dd-4fa1-aa64-07daeb85e449,0,2.1783,WEAK,0.60156,0.99609,0.99609,62,11
116,33,2,33_chunk_978e39c6-b0b3-4820-adfb-b7723a27a7b6,0,1.3021,WEAK,0.57812,0.99609,1.0,140,11
116,33,3,33_chunk_efd7acdd-8547-489a-8262-b53594f31fbe,0,1.2582,PARTIAL,0.54297,0.99609,1.0,262,11
116,33,4,33_chunk_9d3deab3-8213-499e-9ebb-8d06762f3208,0,0.7865,WEAK,0.60156,0.99609,1.0,92,11
116,33,5,33_chunk_28d2c60f-2945-4846-9241-72d22aece537,0,0.7525,STRONG,0.55078,0.99609,1.0,232,11
116,33,6,33_chunk_9bf831a4-627b-413b-ab2d-4e0f021beb38,0,0.7002,NONE,0.54297,0.99609,1.0,130,11
116,33,7,33_chunk_27d110c4-0cba-4e54-895b-5a48049db710,0,0.4592,NONE,0.58594,0.99609,1.0,42,11
116,33,8,33_chunk_d24a75bd-dc38-43b6-b09f-e053013a9eb5,0,0.3935,NONE,0.53516,0.99609,1.0,203,11
116,33,9,33_chunk_cabd0646-a1bb-4bbc-af44-ff4c6f60baa7,0,0.3446,NONE,0.5,0.99609,0.99609,129,11
116,33,10,33_chunk_b18c36e5-ce14-4c90-a8c7-90f206bd429d,0,0.3242,WEAK,0.55859,0.99609,0.99609,182,11
116,33,1,33_chunk_2ad57f33-69dd-4fa1-aa64-07daeb85e449,4,2.1783,WEAK,0.62109,0.17188,0.13574,62,11
116,33,2,33_chunk_978e39c6-b0b3-4820-adfb-b7723a27a7b6,4,1.3021,WEAK,0.66016,0.17188,0.15527,140,11
116,33,3,33_chunk_efd7acdd-8547-489a-8262-b53594f31fbe,4,1.2582,PARTIAL,0.67578,0.17188,0.13086,262,11
116,33,4,33_chunk_9d3deab3-8213-499e-9ebb-8d06762f3208,4,0.7865,WEAK,0.69531,0.17188,0.15332,92,11
116,33,5,33_chunk_28d2c60f-2945-4846-9241-72d22aece537,4,0.7525,STRONG,0.70312,0.17188,0.14355,232,11
116,33,6,33_chunk_9bf831a4-627b-413b-ab2d-4e0f021beb38,4,0.7002,NONE,0.70703,0.17188,0.13184,130,11
116,33,7,33_chunk_27d110c4-0cba-4e54-895b-5a48049db710,4,0.4592,NONE,0.73438,0.17188,0.15625,42,11
116,33,8,33_chunk_d24a75bd-dc38-43b6-b09f-e053013a9eb5,4,0.3935,NONE,0.71094,0.17188,0.12451,203,11
116,33,9,33_chunk_cabd0646-a1bb-4bbc-af44-ff4c6f60baa7,4,0.3446,NONE,0.66797,0.17188,0.14355,129,11
116,33,10,33_chunk_b18c36e5-ce14-4c90-a8c7-90f206bd429d,4,0.3242,WEAK,0.71875,0.17188,0.13574,182,11
116,33,1,33_chunk_2ad57f33-69dd-4fa1-aa64-07daeb85e449,8,2.1783,WEAK,0.54297,0.10303,0.1001,62,11
116,33,2,33_chunk_978e39c6-b0b3-4820-adfb-b7723a27a7b6,8,1.3021,WEAK,0.55859,0.10303,0.1084,140,11
116,33,3,33_chunk_efd7acdd-8547-489a-8262-b53594f31fbe,8,1.2582,PARTIAL,0.54297,0.10303,0.09326,262,11
116,33,4,33_chunk_9d3deab3-8213-499e-9ebb-8d06762f3208,8,0.7865,WEAK,0.58203,0.10303,0.10791,92,11
116,33,5,33_chunk_28d2c60f-2945-4846-9241-72d22aece537,8,0.7525,STRONG,0.58203,0.10303,0.10938,232,11
116,33,6,33_chunk_9bf831a4-627b-413b-ab2d-4e0f021beb38,8,0.7002,NONE,0.58984,0.10303,0.09668,130,11
116,33,7,33_chunk_27d110c4-0cba-4e54-895b-5a48049db710,8,0.4592,NONE,0.59375,0.10303,0.11865,42,11
116,33,8,33_chunk_d24a75bd-dc38-43b6-b09f-e053013a9eb5,8,0.3935,NONE,0.58984,0.10303,0.10156,203,11
116,33,9,33_chunk_cabd0646-a1bb-4bbc-af44-ff4c6f60baa7,8,0.3446,NONE,0.49414,0.10303,0.11963,129,11
116,33,10,33_chunk_b18c36e5-ce14-4c90-a8c7-90f206bd429d,8,0.3242,WEAK,0.58594,0.10303,0.09619,182,11
116,33,1,33_chunk_2ad57f33-69dd-4fa1-aa64-07daeb85e449,16,2.1783,WEAK,0.49609,0.0708,0.07764,62,11
116,33,2,33_chunk_978e39c6-b0b3-4820-adfb-b7723a27a7b6,16,1.3021,WEAK,0.49609,0.0708,0.07666,140,11
116,33,3,33_chunk_efd7acdd-8547-489a-8262-b53594f31fbe,16,1.2582,PARTIAL,0.48047,0.0708,0.05444,262,11
116,33,4,33_chunk_9d3deab3-8213-499e-9ebb-8d06762f3208,16,0.7865,WEAK,0.53516,0.0708,0.0752,92,11
116,33,5,33_chunk_28d2c60f-2945-4846-9241-72d22aece537,16,0.7525,STRONG,0.49805,0.0708,0.06885,232,11
116,33,6,33_chunk_9bf831a4-627b-413b-ab2d-4e0f021beb38,16,0.7002,NONE,0.48242,0.0708,0.08105,130,11
116,33,7,33_chunk_27d110c4-0cba-4e54-895b-5a48049db710,16,0.4592,NONE,0.48438,0.0708,0.08105,42,11
116,33,8,33_chunk_d24a75bd-dc38-43b6-b09f-e053013a9eb5,16,0.3935,NONE,0.49414,0.0708,0.0708,203,11
116,33,9,33_chunk_cabd0646-a1bb-4bbc-af44-ff4c6f60baa7,16,0.3446,NONE,0.39453,0.0708,0.08545,129,11
116,33,10,33_chunk_b18c36e5-ce14-4c90-a8c7-90f206bd429d,16,0.3242,WEAK,0.45117,0.0708,0.06396,182,11
116,33,1,33_chunk_2ad57f33-69dd-4fa1-aa64-07daeb85e449,24,2.1783,WEAK,0.73047,0.04224,0.06787,62,11
116,33,2,33_chunk_978e39c6-b0b3-4820-adfb-b7723a27a7b6,24,1.3021,WEAK,0.74609,0.04224,0.04346,140,11
116,33,3,33_chunk_efd7acdd-8547-489a-8262-b53594f31fbe,24,1.2582,PARTIAL,0.72656,0.04224,0.04321,262,11
116,33,4,33_chunk_9d3deab3-8213-499e-9ebb-8d06762f3208,24,0.7865,WEAK,0.74219,0.04224,0.05078,92,11
116,33,5,33_chunk_28d2c60f-2945-4846-9241-72d22aece537,24,0.7525,STRONG,0.74219,0.04224,0.05396,232,11
116,33,6,33_chunk_9bf831a4-627b-413b-ab2d-4e0f021beb38,24,0.7002,NONE,0.70703,0.04224,0.0603,130,11
116,33,7,33_chunk_27d110c4-0cba-4e54-895b-5a48049db710,24,0.4592,NONE,0.71875,0.04224,0.0708,42,11
116,33,8,33_chunk_d24a75bd-dc38-43b6-b09f-e053013a9eb5,24,0.3935,NONE,0.71094,0.04224,0.05273,203,11
116,33,9,33_chunk_cabd0646-a1bb-4bbc-af44-ff4c6f60baa7,24,0.3446,NONE,0.61719,0.04224,0.06543,129,11
116,33,10,33_chunk_b18c36e5-ce14-4c90-a8c7-90f206bd429d,24,0.3242,WEAK,0.70312,0.04224,0.05225,182,11
116,33,1,33_chunk_2ad57f33-69dd-4fa1-aa64-07daeb85e449,31,2.1783,WEAK,0.78906,0.01892,0.04077,62,11
116,33,2,33_chunk_978e39c6-b0b3-4820-adfb-b7723a27a7b6,31,1.3021,WEAK,0.83203,0.01892,0.01624,140,11
116,33,3,33_chunk_efd7acdd-8547-489a-8262-b53594f31fbe,31,1.2582,PARTIAL,0.82422,0.01892,0.02576,262,11
116,33,4,33_chunk_9d3deab3-8213-499e-9ebb-8d06762f3208,31,0.7865,WEAK,0.82422,0.01892,0.0238,92,11
116,33,5,33_chunk_28d2c60f-2945-4846-9241-72d22aece537,31,0.7525,STRONG,0.82422,0.01892,0.02332,232,11
116,33,6,33_chunk_9bf831a4-627b-413b-ab2d-4e0f021beb38,31,0.7002,NONE,0.80078,0.01892,0.03198,130,11
116,33,7,33_chunk_27d110c4-0cba-4e54-895b-5a48049db710,31,0.4592,NONE,0.8125,0.01892,0.03003,42,11
116,33,8,33_chunk_d24a75bd-dc38-43b6-b09f-e053013a9eb5,31,0.3935,NONE,0.8125,0.01892,0.02563,203,11
116,33,9,33_chunk_cabd0646-a1bb-4bbc-af44-ff4c6f60baa7,31,0.3446,NONE,0.74219,0.01892,0.02747,129,11
116,33,10,33_chunk_b18c36e5-ce14-4c90-a8c7-90f206bd429d,31,0.3242,WEAK,0.81641,0.01892,0.02832,182,11
1188,361,1,361_chunk_712ffda6-f6e2-459a-9dc6-860e8d43e73c,0,0.6755,NONE,0.48828,1.0,0.99609,138,8
1188,361,2,361_chunk_56be5778-2476-4062-a607-f7885271ae58,0,0.6604,NONE,0.50781,1.0,1.0,152,8
1188,361,3,361_chunk_3073fe0e-9501-4c95-a68d-47880ae50540,0,0.4468,NONE,0.55078,1.0,0.99609,168,8
1188,361,4,361_chunk_6670eb72-4a64-42b5-af15-8621d453901b,0,0.4042,NONE,0.52344,1.0,1.0,230,8
1188,361,5,361_chunk_10b090f1-71f6-44a6-81d9-12347ef9784b,0,0.3867,STRONG,0.55078,1.0,1.00781,227,8
1188,361,6,361_chunk_7a5b1c23-229e-4fdd-94fa-208f06f5ea26,0,0.3801,WEAK,0.53906,1.0,1.00781,270,8
1188,361,7,361_chunk_0e63bfbe-1289-40b3-91d8-8badd4c85a78,0,0.3737,NONE,0.51562,1.0,1.0,283,8
1188,361,8,361_chunk_38138143-1f3c-4b9d-9a0a-cb5538cd0ce7,0,0.3721,WEAK,0.51953,1.0,1.00781,267,8
1188,361,9,361_chunk_1ea5b198-0fa4-4b69-99d4-e07ca664795f,0,0.3675,NONE,0.52734,1.0,0.99609,265,8
1188,361,10,361_chunk_6adf71d7-3add-4d97-9bf0-a5c034449c49,0,0.0,NONE,0.27344,1.0,1.0,157,8
1188,361,1,361_chunk_712ffda6-f6e2-459a-9dc6-860e8d43e73c,4,0.6755,NONE,0.53125,0.21387,0.1748,138,8
1188,361,2,361_chunk_56be5778-2476-4062-a607-f7885271ae58,4,0.6604,NONE,0.54297,0.21387,0.11475,152,8
1188,361,3,361_chunk_3073fe0e-9501-4c95-a68d-47880ae50540,4,0.4468,NONE,0.59375,0.21387,0.1416,168,8
1188,361,4,361_chunk_6670eb72-4a64-42b5-af15-8621d453901b,4,0.4042,NONE,0.57812,0.21387,0.12891,230,8
1188,361,5,361_chunk_10b090f1-71f6-44a6-81d9-12347ef9784b,4,0.3867,STRONG,0.60547,0.21387,0.12012,227,8
1188,361,6,361_chunk_7a5b1c23-229e-4fdd-94fa-208f06f5ea26,4,0.3801,WEAK,0.60547,0.21387,0.12012,270,8
1188,361,7,361_chunk_0e63bfbe-1289-40b3-91d8-8badd4c85a78,4,0.3737,NONE,0.59766,0.21387,0.13379,283,8
1188,361,8,361_chunk_38138143-1f3c-4b9d-9a0a-cb5538cd0ce7,4,0.3721,WEAK,0.59375,0.21387,0.12451,267,8
1188,361,9,361_chunk_1ea5b198-0fa4-4b69-99d4-e07ca664795f,4,0.3675,NONE,0.60938,0.21387,0.13965,265,8
1188,361,10,361_chunk_6adf71d7-3add-4d97-9bf0-a5c034449c49,4,0.0,NONE,0.43359,0.21387,0.21289,157,8
1188,361,1,361_chunk_712ffda6-f6e2-459a-9dc6-860e8d43e73c,8,0.6755,NONE,0.45898,0.14551,0.14062,138,8
1188,361,2,361_chunk_56be5778-2476-4062-a607-f7885271ae58,8,0.6604,NONE,0.4082,0.14551,0.11133,152,8
1188,361,3,361_chunk_3073fe0e-9501-4c95-a68d-47880ae50540,8,0.4468,NONE,0.43945,0.14551,0.11279,168,8
1188,361,4,361_chunk_6670eb72-4a64-42b5-af15-8621d453901b,8,0.4042,NONE,0.36523,0.14551,0.1123,230,8
1188,361,5,361_chunk_10b090f1-71f6-44a6-81d9-12347ef9784b,8,0.3867,STRONG,0.47461,0.14551,0.10303,227,8
1188,361,6,361_chunk_7a5b1c23-229e-4fdd-94fa-208f06f5ea26,8,0.3801,WEAK,0.43359,0.14551,0.10938,270,8
1188,361,7,361_chunk_0e63bfbe-1289-40b3-91d8-8badd4c85a78,8,0.3737,NONE,0.38086,0.14551,0.10547,283,8
1188,361,8,361_chunk_38138143-1f3c-4b9d-9a0a-cb5538cd0ce7,8,0.3721,WEAK,0.42188,0.14551,0.10693,267,8
1188,361,9,361_chunk_1ea5b198-0fa4-4b69-99d4-e07ca664795f,8,0.3675,NONE,0.44922,0.14551,0.10938,265,8
1188,361,10,361_chunk_6adf71d7-3add-4d97-9bf0-a5c034449c49,8,0.0,NONE,0.30273,0.14551,0.14258,157,8
1188,361,1,361_chunk_712ffda6-f6e2-459a-9dc6-860e8d43e73c,16,0.6755,NONE,0.44922,0.11328,0.12354,138,8
1188,361,2,361_chunk_56be5778-2476-4062-a607-f7885271ae58,16,0.6604,NONE,0.39258,0.11328,0.08057,152,8
1188,361,3,361_chunk_3073fe0e-9501-4c95-a68d-47880ae50540,16,0.4468,NONE,0.39062,0.11328,0.08301,168,8
1188,361,4,361_chunk_6670eb72-4a64-42b5-af15-8621d453901b,16,0.4042,NONE,0.33398,0.11328,0.07471,230,8
1188,361,5,361_chunk_10b090f1-71f6-44a6-81d9-12347ef9784b,16,0.3867,STRONG,0.41992,0.11328,0.0708,227,8
1188,361,6,361_chunk_7a5b1c23-229e-4fdd-94fa-208f06f5ea26,16,0.3801,WEAK,0.36523,0.11328,0.06738,270,8
1188,361,7,361_chunk_0e63bfbe-1289-40b3-91d8-8badd4c85a78,16,0.3737,NONE,0.30469,0.11328,0.06543,283,8
1188,361,8,361_chunk_38138143-1f3c-4b9d-9a0a-cb5538cd0ce7,16,0.3721,WEAK,0.30273,0.11328,0.07227,267,8
1188,361,9,361_chunk_1ea5b198-0fa4-4b69-99d4-e07ca664795f,16,0.3675,NONE,0.39844,0.11328,0.07617,265,8
1188,361,10,361_chunk_6adf71d7-3add-4d97-9bf0-a5c034449c49,16,0.0,NONE,0.33008,0.11328,0.11621,157,8
1188,361,1,361_chunk_712ffda6-f6e2-459a-9dc6-860e8d43e73c,24,0.6755,NONE,0.61328,0.08984,0.08447,138,8
1188,361,2,361_chunk_56be5778-2476-4062-a607-f7885271ae58,24,0.6604,NONE,0.57422,0.08984,0.04688,152,8
1188,361,3,361_chunk_3073fe0e-9501-4c95-a68d-47880ae50540,24,0.4468,NONE,0.5625,0.08984,0.06641,168,8
1188,361,4,361_chunk_6670eb72-4a64-42b5-af15-8621d453901b,24,0.4042,NONE,0.53516,0.08984,0.05029,230,8
1188,361,5,361_chunk_10b090f1-71f6-44a6-81d9-12347ef9784b,24,0.3867,STRONG,0.58594,0.08984,0.06201,227,8
1188,361,6,361_chunk_7a5b1c23-229e-4fdd-94fa-208f06f5ea26,24,0.3801,WEAK,0.58203,0.08984,0.05859,270,8
1188,361,7,361_chunk_0e63bfbe-1289-40b3-91d8-8badd4c85a78,24,0.3737,NONE,0.52734,0.08984,0.05664,283,8
1188,361,8,361_chunk_38138143-1f3c-4b9d-9a0a-cb5538cd0ce7,24,0.3721,WEAK,0.55078,0.08984,0.06689,267,8
1188,361,9,361_chunk_1ea5b198-0fa4-4b69-99d4-e07ca664795f,24,0.3675,NONE,0.57812,0.08984,0.0603,265,8
1188,361,10,361_chunk_6adf71d7-3add-4d97-9bf0-a5c034449c49,24,0.0,NONE,0.34766,0.08984,0.07568,157,8
1188,361,1,361_chunk_712ffda6-f6e2-459a-9dc6-860e8d43e73c,31,0.6755,NONE,0.71484,0.05469,0.02905,138,8
1188,361,2,361_chunk_56be5778-2476-4062-a607-f7885271ae58,31,0.6604,NONE,0.69922,0.05469,0.01819,152,8
1188,361,3,361_chunk_3073fe0e-9501-4c95-a68d-47880ae50540,31,0.4468,NONE,0.70703,0.05469,0.02734,168,8
1188,361,4,361_chunk_6670eb72-4a64-42b5-af15-8621d453901b,31,0.4042,NONE,0.66016,0.05469,0.01782,230,8
1188,361,5,361_chunk_10b090f1-71f6-44a6-81d9-12347ef9784b,31,0.3867,STRONG,0.73438,0.05469,0.01965,227,8
1188,361,6,361_chunk_7a5b1c23-229e-4fdd-94fa-208f06f5ea26,31,0.3801,WEAK,0.72656,0.05469,0.02161,270,8
1188,361,7,361_chunk_0e63bfbe-1289-40b3-91d8-8badd4c85a78,31,0.3737,NONE,0.6875,0.05469,0.02954,283,8
1188,361,8,361_chunk_38138143-1f3c-4b9d-9a0a-cb5538cd0ce7,31,0.3721,WEAK,0.69922,0.05469,0.03027,267,8
1188,361,9,361_chunk_1ea5b198-0fa4-4b69-99d4-e07ca664795f,31,0.3675,NONE,0.70703,0.05469,0.02429,265,8
1188,361,10,361_chunk_6adf71d7-3add-4d97-9bf0-a5c034449c49,31,0.0,NONE,0.49219,0.05469,0.03979,157,8
1378,423,1,423_chunk_e2a99b17-c228-49ca-bf26-c6578f01adb1,0,3.1099,NONE,0.43359,1.0,1.0,226,8
1378,423,2,423_chunk_f64a7afe-d94a-432d-9667-02e15a5d5e2a,0,1.3794,WEAK,0.36133,1.0,1.00781,241,8
1378,423,3,423_chunk_ad49d378-a746-4777-8c34-acaf3bcbe744,0,1.3261,NONE,0.41797,1.0,1.0,244,8
1378,423,4,423_chunk_05b817db-37e0-4f8e-a29f-0c8f7b031090,0,1.2244,NONE,0.36523,1.0,0.99609,241,8
1378,423,5,423_chunk_7cd857a2-4ade-4e38-ba48-0ff6d1b537fc,0,1.1644,WEAK,0.43164,1.0,1.0,253,8
1378,423,6,423_chunk_bfea7c71-1ef9-4557-9163-1c6f5f89d73b,0,1.0929,WEAK,0.39844,1.0,1.0,261,8
1378,423,7,423_chunk_c16749d0-9081-401a-9263-baff85ffb5cc,0,0.8951,NONE,0.31445,1.0,1.0,234,8
1378,423,8,423_chunk_bf3aaa27-6be7-444d-8a86-13213db54cd3,0,0.8878,NONE,0.3125,1.0,0.99609,193,8
1378,423,9,423_chunk_6ec89520-b1da-4abb-8bc6-f8b85b7501cb,0,0.6129,WEAK,0.38867,1.0,1.00781,276,8
1378,423,10,423_chunk_d1072745-744d-44b1-bfa3-e027628ac12c,0,0.5982,WEAK,0.40039,1.0,1.0,274,8
1378,423,1,423_chunk_e2a99b17-c228-49ca-bf26-c6578f01adb1,4,3.1099,NONE,0.59375,0.19922,0.14941,226,8
1378,423,2,423_chunk_f64a7afe-d94a-432d-9667-02e15a5d5e2a,4,1.3794,WEAK,0.57031,0.19922,0.13574,241,8
1378,423,3,423_chunk_ad49d378-a746-4777-8c34-acaf3bcbe744,4,1.3261,NONE,0.625,0.19922,0.15332,244,8
1378,423,4,423_chunk_05b817db-37e0-4f8e-a29f-0c8f7b031090,4,1.2244,NONE,0.62109,0.19922,0.1875,241,8
1378,423,5,423_chunk_7cd857a2-4ade-4e38-ba48-0ff6d1b537fc,4,1.1644,WEAK,0.64844,0.19922,0.15137,253,8
1378,423,6,423_chunk_bfea7c71-1ef9-4557-9163-1c6f5f89d73b,4,1.0929,WEAK,0.62109,0.19922,0.10889,261,8
1378,423,7,423_chunk_c16749d0-9081-401a-9263-baff85ffb5cc,4,0.8951,NONE,0.58984,0.19922,0.21484,234,8
1378,423,8,423_chunk_bf3aaa27-6be7-444d-8a86-13213db54cd3,4,0.8878,NONE,0.57812,0.19922,0.12451,193,8
1378,423,9,423_chunk_6ec89520-b1da-4abb-8bc6-f8b85b7501cb,4,0.6129,WEAK,0.625,0.19922,0.11914,276,8
1378,423,10,423_chunk_d1072745-744d-44b1-bfa3-e027628ac12c,4,0.5982,WEAK,0.65234,0.19922,0.125,274,8
1378,423,1,423_chunk_e2a99b17-c228-49ca-bf26-c6578f01adb1,8,3.1099,NONE,0.51562,0.10059,0.10938,226,8
1378,423,2,423_chunk_f64a7afe-d94a-432d-9667-02e15a5d5e2a,8,1.3794,WEAK,0.50391,0.10059,0.08301,241,8
1378,423,3,423_chunk_ad49d378-a746-4777-8c34-acaf3bcbe744,8,1.3261,NONE,0.5625,0.10059,0.10498,244,8
1378,423,4,423_chunk_05b817db-37e0-4f8e-a29f-0c8f7b031090,8,1.2244,NONE,0.54297,0.10059,0.13379,241,8
1378,423,5,423_chunk_7cd857a2-4ade-4e38-ba48-0ff6d1b537fc,8,1.1644,WEAK,0.57812,0.10059,0.11572,253,8
1378,423,6,423_chunk_bfea7c71-1ef9-4557-9163-1c6f5f89d73b,8,1.0929,WEAK,0.54688,0.10059,0.08398,261,8
1378,423,7,423_chunk_c16749d0-9081-401a-9263-baff85ffb5cc,8,0.8951,NONE,0.52344,0.10059,0.16211,234,8
1378,423,8,423_chunk_bf3aaa27-6be7-444d-8a86-13213db54cd3,8,0.8878,NONE,0.43359,0.10059,0.07617,193,8
1378,423,9,423_chunk_6ec89520-b1da-4abb-8bc6-f8b85b7501cb,8,0.6129,WEAK,0.54688,0.10059,0.08691,276,8
1378,423,10,423_chunk_d1072745-744d-44b1-bfa3-e027628ac12c,8,0.5982,WEAK,0.5625,0.10059,0.09863,274,8
1378,423,1,423_chunk_e2a99b17-c228-49ca-bf26-c6578f01adb1,16,3.1099,NONE,0.49805,0.07422,0.08398,226,8
1378,423,2,423_chunk_f64a7afe-d94a-432d-9667-02e15a5d5e2a,16,1.3794,WEAK,0.48633,0.07422,0.05786,241,8
1378,423,3,423_chunk_ad49d378-a746-4777-8c34-acaf3bcbe744,16,1.3261,NONE,0.49219,0.07422,0.07031,244,8
1378,423,4,423_chunk_05b817db-37e0-4f8e-a29f-0c8f7b031090,16,1.2244,NONE,0.4375,0.07422,0.10303,241,8
1378,423,5,423_chunk_7cd857a2-4ade-4e38-ba48-0ff6d1b537fc,16,1.1644,WEAK,0.51562,0.07422,0.09326,253,8
1378,423,6,423_chunk_bfea7c71-1ef9-4557-9163-1c6f5f89d73b,16,1.0929,WEAK,0.44531,0.07422,0.06494,261,8
1378,423,7,423_chunk_c16749d0-9081-401a-9263-baff85ffb5cc,16,0.8951,NONE,0.42188,0.07422,0.11621,234,8
1378,423,8,423_chunk_bf3aaa27-6be7-444d-8a86-13213db54cd3,16,0.8878,NONE,0.37109,0.07422,0.05371,193,8
1378,423,9,423_chunk_6ec89520-b1da-4abb-8bc6-f8b85b7501cb,16,0.6129,WEAK,0.46875,0.07422,0.0437,276,8
1378,423,10,423_chunk_d1072745-744d-44b1-bfa3-e027628ac12c,16,0.5982,WEAK,0.48047,0.07422,0.05322,274,8
1378,423,1,423_chunk_e2a99b17-c228-49ca-bf26-c6578f01adb1,24,3.1099,NONE,0.65625,0.06592,0.05786,226,8
1378,423,2,423_chunk_f64a7afe-d94a-432d-9667-02e15a5d5e2a,24,1.3794,WEAK,0.66406,0.06592,0.04541,241,8
1378,423,3,423_chunk_ad49d378-a746-4777-8c34-acaf3bcbe744,24,1.3261,NONE,0.72266,0.06592,0.05762,244,8
1378,423,4,423_chunk_05b817db-37e0-4f8e-a29f-0c8f7b031090,24,1.2244,NONE,0.70312,0.06592,0.07861,241,8
1378,423,5,423_chunk_7cd857a2-4ade-4e38-ba48-0ff6d1b537fc,24,1.1644,WEAK,0.71875,0.06592,0.07031,253,8
1378,423,6,423_chunk_bfea7c71-1ef9-4557-9163-1c6f5f89d73b,24,1.0929,WEAK,0.68359,0.06592,0.04785,261,8
1378,423,7,423_chunk_c16749d0-9081-401a-9263-baff85ffb5cc,24,0.8951,NONE,0.66406,0.06592,0.104,234,8
1378,423,8,423_chunk_bf3aaa27-6be7-444d-8a86-13213db54cd3,24,0.8878,NONE,0.59766,0.06592,0.04272,193,8
1378,423,9,423_chunk_6ec89520-b1da-4abb-8bc6-f8b85b7501cb,24,0.6129,WEAK,0.67188,0.06592,0.03882,276,8
1378,423,10,423_chunk_d1072745-744d-44b1-bfa3-e027628ac12c,24,0.5982,WEAK,0.66406,0.06592,0.05225,274,8
1378,423,1,423_chunk_e2a99b17-c228-49ca-bf26-c6578f01adb1,31,3.1099,NONE,0.72266,0.02368,0.01013,226,8
1378,423,2,423_chunk_f64a7afe-d94a-432d-9667-02e15a5d5e2a,31,1.3794,WEAK,0.71094,0.02368,0.02576,241,8
1378,423,3,423_chunk_ad49d378-a746-4777-8c34-acaf3bcbe744,31,1.3261,NONE,0.78906,0.02368,0.02124,244,8
1378,423,4,423_chunk_05b817db-37e0-4f8e-a29f-0c8f7b031090,31,1.2244,NONE,0.77344,0.02368,0.03784,241,8
1378,423,5,423_chunk_7cd857a2-4ade-4e38-ba48-0ff6d1b537fc,31,1.1644,WEAK,0.79688,0.02368,0.03174,253,8
1378,423,6,423_chunk_bfea7c71-1ef9-4557-9163-1c6f5f89d73b,31,1.0929,WEAK,0.76562,0.02368,0.02246,261,8
1378,423,7,423_chunk_c16749d0-9081-401a-9263-baff85ffb5cc,31,0.8951,NONE,0.73828,0.02368,0.05884,234,8
1378,423,8,423_chunk_bf3aaa27-6be7-444d-8a86-13213db54cd3,31,0.8878,NONE,0.64844,0.02368,0.02917,193,8
1378,423,9,423_chunk_6ec89520-b1da-4abb-8bc6-f8b85b7501cb,31,0.6129,WEAK,0.74609,0.02368,0.02344,276,8
1378,423,10,423_chunk_d1072745-744d-44b1-bfa3-e027628ac12c,31,0.5982,WEAK,0.75391,0.02368,0.03271,274,8
1403,431,1,431_chunk_9f181ced-26d6-448f-8f32-220594d7ff56,0,3.4058,NONE,0.45312,1.0,0.99609,40,11
1403,431,2,431_chunk_d512c6a7-ce6a-4e4d-bbeb-5f3dc16c746c,0,1.5045,PARTIAL,0.61719,1.0,0.99609,227,11
1403,431,3,431_chunk_c1c51f72-ca59-45ff-a2aa-ed03479173e2,0,1.2969,PARTIAL,0.625,1.0,0.99609,138,11
1403,431,4,431_chunk_f9838a0a-262b-4e94-8327-1fbd8562dd10,0,1.1068,PARTIAL,0.57422,1.0,1.0,265,11
1403,431,5,431_chunk_5fe09df1-bd71-4182-b2e3-50ae4edc5b6e,0,1.1003,WEAK,0.55078,1.0,1.0,246,11
1403,431,6,431_chunk_8a429184-7c0f-4cc0-b9db-8665329a0848,0,1.0753,WEAK,0.56641,1.0,1.0,276,11
1403,431,7,431_chunk_d123048b-bc6d-4256-a91e-796d0c65e65c,0,0.9262,WEAK,0.4668,1.0,1.0,219,11
1403,431,8,431_chunk_7f496e64-8f4e-4a9c-97d2-984800c5a3b3,0,0.9261,WEAK,0.59375,1.0,1.00781,87,11
1403,431,9,431_chunk_e0d8204d-f4dc-43c9-b965-195b66761e81,0,0.8575,STRONG,0.57812,1.0,0.99609,270,11
1403,431,10,431_chunk_4e67f703-b409-4f0d-b81c-6e507b8a320d,0,0.7586,WEAK,0.47852,1.0,1.0,188,11
1403,431,1,431_chunk_9f181ced-26d6-448f-8f32-220594d7ff56,4,3.4058,NONE,0.46484,0.16113,0.17969,40,11
1403,431,2,431_chunk_d512c6a7-ce6a-4e4d-bbeb-5f3dc16c746c,4,1.5045,PARTIAL,0.60547,0.16113,0.13867,227,11
1403,431,3,431_chunk_c1c51f72-ca59-45ff-a2aa-ed03479173e2,4,1.2969,PARTIAL,0.63672,0.16113,0.12793,138,11
1403,431,4,431_chunk_f9838a0a-262b-4e94-8327-1fbd8562dd10,4,1.1068,PARTIAL,0.60938,0.16113,0.13574,265,11
1403,431,5,431_chunk_5fe09df1-bd71-4182-b2e3-50ae4edc5b6e,4,1.1003,WEAK,0.59375,0.16113,0.13867,246,11
1403,431,6,431_chunk_8a429184-7c0f-4cc0-b9db-8665329a0848,4,1.0753,WEAK,0.63281,0.16113,0.12988,276,11
1403,431,7,431_chunk_d123048b-bc6d-4256-a91e-796d0c65e65c,4,0.9262,WEAK,0.60938,0.16113,0.15137,219,11
1403,431,8,431_chunk_7f496e64-8f4e-4a9c-97d2-984800c5a3b3,4,0.9261,WEAK,0.67969,0.16113,0.13965,87,11
1403,431,9,431_chunk_e0d8204d-f4dc-43c9-b965-195b66761e81,4,0.8575,STRONG,0.64062,0.16113,0.13086,270,11
1403,431,10,431_chunk_4e67f703-b409-4f0d-b81c-6e507b8a320d,4,0.7586,WEAK,0.62891,0.16113,0.1377,188,11
1403,431,1,431_chunk_9f181ced-26d6-448f-8f32-220594d7ff56,8,3.4058,NONE,0.39258,0.08008,0.10205,40,11
1403,431,2,431_chunk_d512c6a7-ce6a-4e4d-bbeb-5f3dc16c746c,8,1.5045,PARTIAL,0.48828,0.08008,0.10254,227,11
1403,431,3,431_chunk_c1c51f72-ca59-45ff-a2aa-ed03479173e2,8,1.2969,PARTIAL,0.51172,0.08008,0.104,138,11
1403,431,4,431_chunk_f9838a0a-262b-4e94-8327-1fbd8562dd10,8,1.1068,PARTIAL,0.46484,0.08008,0.1001,265,11
1403,431,5,431_chunk_5fe09df1-bd71-4182-b2e3-50ae4edc5b6e,8,1.1003,WEAK,0.4668,0.08008,0.11279,246,11
1403,431,6,431_chunk_8a429184-7c0f-4cc0-b9db-8665329a0848,8,1.0753,WEAK,0.49805,0.08008,0.11133,276,11
1403,431,7,431_chunk_d123048b-bc6d-4256-a91e-796d0c65e65c,8,0.9262,WEAK,0.47266,0.08008,0.10059,219,11
1403,431,8,431_chunk_7f496e64-8f4e-4a9c-97d2-984800c5a3b3,8,0.9261,WEAK,0.53906,0.08008,0.11475,87,11
1403,431,9,431_chunk_e0d8204d-f4dc-43c9-b965-195b66761e81,8,0.8575,STRONG,0.51562,0.08008,0.09473,270,11
1403,431,10,431_chunk_4e67f703-b409-4f0d-b81c-6e507b8a320d,8,0.7586,WEAK,0.51172,0.08008,0.09717,188,11
1403,431,1,431_chunk_9f181ced-26d6-448f-8f32-220594d7ff56,16,3.4058,NONE,0.3457,0.05957,0.10254,40,11
1403,431,2,431_chunk_d512c6a7-ce6a-4e4d-bbeb-5f3dc16c746c,16,1.5045,PARTIAL,0.46289,0.05957,0.06177,227,11
1403,431,3,431_chunk_c1c51f72-ca59-45ff-a2aa-ed03479173e2,16,1.2969,PARTIAL,0.45312,0.05957,0.08252,138,11
1403,431,4,431_chunk_f9838a0a-262b-4e94-8327-1fbd8562dd10,16,1.1068,PARTIAL,0.38477,0.05957,0.07471,265,11
1403,431,5,431_chunk_5fe09df1-bd71-4182-b2e3-50ae4edc5b6e,16,1.1003,WEAK,0.37109,0.05957,0.07666,246,11
1403,431,6,431_chunk_8a429184-7c0f-4cc0-b9db-8665329a0848,16,1.0753,WEAK,0.42188,0.05957,0.07324,276,11
1403,431,7,431_chunk_d123048b-bc6d-4256-a91e-796d0c65e65c,16,0.9262,WEAK,0.41016,0.05957,0.06055,219,11
1403,431,8,431_chunk_7f496e64-8f4e-4a9c-97d2-984800c5a3b3,16,0.9261,WEAK,0.50781,0.05957,0.07861,87,11
1403,431,9,431_chunk_e0d8204d-f4dc-43c9-b965-195b66761e81,16,0.8575,STRONG,0.45508,0.05957,0.06689,270,11
1403,431,10,431_chunk_4e67f703-b409-4f0d-b81c-6e507b8a320d,16,0.7586,WEAK,0.45898,0.05957,0.04956,188,11
1403,431,1,431_chunk_9f181ced-26d6-448f-8f32-220594d7ff56,24,3.4058,NONE,0.57031,0.06201,0.08691,40,11
1403,431,2,431_chunk_d512c6a7-ce6a-4e4d-bbeb-5f3dc16c746c,24,1.5045,PARTIAL,0.67578,0.06201,0.04761,227,11
1403,431,3,431_chunk_c1c51f72-ca59-45ff-a2aa-ed03479173e2,24,1.2969,PARTIAL,0.65234,0.06201,0.06104,138,11
1403,431,4,431_chunk_f9838a0a-262b-4e94-8327-1fbd8562dd10,24,1.1068,PARTIAL,0.65625,0.06201,0.06738,265,11
1403,431,5,431_chunk_5fe09df1-bd71-4182-b2e3-50ae4edc5b6e,24,1.1003,WEAK,0.63281,0.06201,0.06934,246,11
1403,431,6,431_chunk_8a429184-7c0f-4cc0-b9db-8665329a0848,24,1.0753,WEAK,0.65625,0.06201,0.06348,276,11
1403,431,7,431_chunk_d123048b-bc6d-4256-a91e-796d0c65e65c,24,0.9262,WEAK,0.58984,0.06201,0.05127,219,11
1403,431,8,431_chunk_7f496e64-8f4e-4a9c-97d2-984800c5a3b3,24,0.9261,WEAK,0.67188,0.06201,0.07129,87,11
1403,431,9,431_chunk_e0d8204d-f4dc-43c9-b965-195b66761e81,24,0.8575,STRONG,0.65625,0.06201,0.06543,270,11
1403,431,10,431_chunk_4e67f703-b409-4f0d-b81c-6e507b8a320d,24,0.7586,WEAK,0.64062,0.06201,0.04712,188,11
1403,431,1,431_chunk_9f181ced-26d6-448f-8f32-220594d7ff56,31,3.4058,NONE,0.67578,0.00903,0.01978,40,11
1403,431,2,431_chunk_d512c6a7-ce6a-4e4d-bbeb-5f3dc16c746c,31,1.5045,PARTIAL,0.78125,0.00903,-0.00589,227,11
1403,431,3,431_chunk_c1c51f72-ca59-45ff-a2aa-ed03479173e2,31,1.2969,PARTIAL,0.75781,0.00903,0.01129,138,11
1403,431,4,431_chunk_f9838a0a-262b-4e94-8327-1fbd8562dd10,31,1.1068,PARTIAL,0.77344,0.00903,0.0051,265,11
1403,431,5,431_chunk_5fe09df1-bd71-4182-b2e3-50ae4edc5b6e,31,1.1003,WEAK,0.75391,0.00903,0.01721,246,11
1403,431,6,431_chunk_8a429184-7c0f-4cc0-b9db-8665329a0848,31,1.0753,WEAK,0.76562,0.00903,0.01263,276,11
1403,431,7,431_chunk_d123048b-bc6d-4256-a91e-796d0c65e65c,31,0.9262,WEAK,0.73047,0.00903,0.01001,219,11
1403,431,8,431_chunk_7f496e64-8f4e-4a9c-97d2-984800c5a3b3,31,0.9261,WEAK,0.76953,0.00903,0.00732,87,11
1403,431,9,431_chunk_e0d8204d-f4dc-43c9-b965-195b66761e81,31,0.8575,STRONG,0.77734,0.00903,0.00861,270,11
1403,431,10,431_chunk_4e67f703-b409-4f0d-b81c-6e507b8a320d,31,0.7586,WEAK,0.75781,0.00903,0.00739,188,11
1420,438,1,438_chunk_16c777dc-99ee-4607-8e8c-e583653697d5,0,2.539,STRONG,0.52344,0.99609,1.0,264,7
1420,438,2,438_chunk_ff77770b-dd94-45d8-abcd-5001ac322c92,0,1.652,WEAK,0.47461,0.99609,1.0,166,7
1420,438,3,438_chunk_6a9d3ba1-aa7b-4bc5-814d-07f333ea3ced,0,1.1378,NONE,0.46875,0.99609,0.99609,274,7
1420,438,4,438_chunk_c064b703-a784-4769-beb6-43b17076f195,0,1.0242,WEAK,0.48047,0.99609,1.0,282,7
1420,438,5,438_chunk_c73c2119-f5e1-4b97-a93d-bd1daa47a811,0,0.9896,NONE,0.43164,0.99609,0.99609,166,7
1420,438,6,438_chunk_6e90ef6c-eee4-4812-bc55-9c69ab0c5fe5,0,0.8263,STRONG,0.43945,0.99609,0.99609,259,7
1420,438,7,438_chunk_127c9bb2-c21f-44d1-a955-d6a5c203e76f,0,0.7115,WEAK,0.47266,0.99609,1.0,132,7
1420,438,8,438_chunk_e95fda97-d531-4bb2-bdfe-37e3956b6bd2,0,0.7059,NONE,0.44531,0.99609,0.99609,116,7
1420,438,9,438_chunk_e4cc575e-b691-4b67-bfbb-48e7b2801a24,0,0.6192,NONE,0.44531,0.99609,1.00781,239,7
1420,438,10,438_chunk_2f5fb7c4-aab4-4f3a-bb17-56f4b420ac53,0,0.5805,NONE,0.46875,0.99609,0.99219,242,7
1420,438,1,438_chunk_16c777dc-99ee-4607-8e8c-e583653697d5,4,2.539,STRONG,0.58594,0.23438,0.14551,264,7
1420,438,2,438_chunk_ff77770b-dd94-45d8-abcd-5001ac322c92,4,1.652,WEAK,0.55078,0.23438,0.14941,166,7
1420,438,3,438_chunk_6a9d3ba1-aa7b-4bc5-814d-07f333ea3ced,4,1.1378,NONE,0.58203,0.23438,0.12061,274,7
1420,438,4,438_chunk_c064b703-a784-4769-beb6-43b17076f195,4,1.0242,WEAK,0.58203,0.23438,0.1377,282,7
1420,438,5,438_chunk_c73c2119-f5e1-4b97-a93d-bd1daa47a811,4,0.9896,NONE,0.55859,0.23438,0.12598,166,7
1420,438,6,438_chunk_6e90ef6c-eee4-4812-bc55-9c69ab0c5fe5,4,0.8263,STRONG,0.61328,0.23438,0.17383,259,7
1420,438,7,438_chunk_127c9bb2-c21f-44d1-a955-d6a5c203e76f,4,0.7115,WEAK,0.62109,0.23438,0.1001,132,7
1420,438,8,438_chunk_e95fda97-d531-4bb2-bdfe-37e3956b6bd2,4,0.7059,NONE,0.58984,0.23438,0.11523,116,7
1420,438,9,438_chunk_e4cc575e-b691-4b67-bfbb-48e7b2801a24,4,0.6192,NONE,0.55469,0.23438,0.12402,239,7
1420,438,10,438_chunk_2f5fb7c4-aab4-4f3a-bb17-56f4b420ac53,4,0.5805,NONE,0.59766,0.23438,0.12695,242,7
1420,438,1,438_chunk_16c777dc-99ee-4607-8e8c-e583653697d5,8,2.539,STRONG,0.55078,0.17188,0.11914,264,7
1420,438,2,438_chunk_ff77770b-dd94-45d8-abcd-5001ac322c92,8,1.652,WEAK,0.44922,0.17188,0.10303,166,7
1420,438,3,438_chunk_6a9d3ba1-aa7b-4bc5-814d-07f333ea3ced,8,1.1378,NONE,0.41406,0.17188,0.09473,274,7
1420,438,4,438_chunk_c064b703-a784-4769-beb6-43b17076f195,8,1.0242,WEAK,0.46484,0.17188,0.10693,282,7
1420,438,5,438_chunk_c73c2119-f5e1-4b97-a93d-bd1daa47a811,8,0.9896,NONE,0.37695,0.17188,0.08105,166,7
1420,438,6,438_chunk_6e90ef6c-eee4-4812-bc55-9c69ab0c5fe5,8,0.8263,STRONG,0.52734,0.17188,0.13086,259,7
1420,438,7,438_chunk_127c9bb2-c21f-44d1-a955-d6a5c203e76f,8,0.7115,WEAK,0.51562,0.17188,0.08252,132,7
1420,438,8,438_chunk_e95fda97-d531-4bb2-bdfe-37e3956b6bd2,8,0.7059,NONE,0.46289,0.17188,0.09326,116,7
1420,438,9,438_chunk_e4cc575e-b691-4b67-bfbb-48e7b2801a24,8,0.6192,NONE,0.32617,0.17188,0.08936,239,7
1420,438,10,438_chunk_2f5fb7c4-aab4-4f3a-bb17-56f4b420ac53,8,0.5805,NONE,0.41797,0.17188,0.09375,242,7
1420,438,1,438_chunk_16c777dc-99ee-4607-8e8c-e583653697d5,16,2.539,STRONG,0.50391,0.104,0.0874,264,7
1420,438,2,438_chunk_ff77770b-dd94-45d8-abcd-5001ac322c92,16,1.652,WEAK,0.38281,0.104,0.05859,166,7
1420,438,3,438_chunk_6a9d3ba1-aa7b-4bc5-814d-07f333ea3ced,16,1.1378,NONE,0.38086,0.104,0.07275,274,7
1420,438,4,438_chunk_c064b703-a784-4769-beb6-43b17076f195,16,1.0242,WEAK,0.39648,0.104,0.05811,282,7
1420,438,5,438_chunk_c73c2119-f5e1-4b97-a93d-bd1daa47a811,16,0.9896,NONE,0.35352,0.104,0.05176,166,7
1420,438,6,438_chunk_6e90ef6c-eee4-4812-bc55-9c69ab0c5fe5,16,0.8263,STRONG,0.48828,0.104,0.08838,259,7
1420,438,7,438_chunk_127c9bb2-c21f-44d1-a955-d6a5c203e76f,16,0.7115,WEAK,0.4707,0.104,0.06738,132,7
1420,438,8,438_chunk_e95fda97-d531-4bb2-bdfe-37e3956b6bd2,16,0.7059,NONE,0.42578,0.104,0.06079,116,7
1420,438,9,438_chunk_e4cc575e-b691-4b67-bfbb-48e7b2801a24,16,0.6192,NONE,0.22656,0.104,0.08838,239,7
1420,438,10,438_chunk_2f5fb7c4-aab4-4f3a-bb17-56f4b420ac53,16,0.5805,NONE,0.37109,0.104,0.02881,242,7
1420,438,1,438_chunk_16c777dc-99ee-4607-8e8c-e583653697d5,24,2.539,STRONG,0.69141,0.07812,0.06543,264,7
1420,438,2,438_chunk_ff77770b-dd94-45d8-abcd-5001ac322c92,24,1.652,WEAK,0.59375,0.07812,0.03589,166,7
1420,438,3,438_chunk_6a9d3ba1-aa7b-4bc5-814d-07f333ea3ced,24,1.1378,NONE,0.54297,0.07812,0.03662,274,7
1420,438,4,438_chunk_c064b703-a784-4769-beb6-43b17076f195,24,1.0242,WEAK,0.625,0.07812,0.03638,282,7
1420,438,5,438_chunk_c73c2119-f5e1-4b97-a93d-bd1daa47a811,24,0.9896,NONE,0.53906,0.07812,0.03613,166,7
1420,438,6,438_chunk_6e90ef6c-eee4-4812-bc55-9c69ab0c5fe5,24,0.8263,STRONG,0.66797,0.07812,0.04907,259,7
1420,438,7,438_chunk_127c9bb2-c21f-44d1-a955-d6a5c203e76f,24,0.7115,WEAK,0.64844,0.07812,0.05103,132,7
1420,438,8,438_chunk_e95fda97-d531-4bb2-bdfe-37e3956b6bd2,24,0.7059,NONE,0.61719,0.07812,0.03882,116,7
1420,438,9,438_chunk_e4cc575e-b691-4b67-bfbb-48e7b2801a24,24,0.6192,NONE,0.42969,0.07812,0.06348,239,7
1420,438,10,438_chunk_2f5fb7c4-aab4-4f3a-bb17-56f4b420ac53,24,0.5805,NONE,0.57031,0.07812,0.0199,242,7
1420,438,1,438_chunk_16c777dc-99ee-4607-8e8c-e583653697d5,31,2.539,STRONG,0.78516,0.02759,0.03271,264,7
1420,438,2,438_chunk_ff77770b-dd94-45d8-abcd-5001ac322c92,31,1.652,WEAK,0.73047,0.02759,0.02686,166,7
1420,438,3,438_chunk_6a9d3ba1-aa7b-4bc5-814d-07f333ea3ced,31,1.1378,NONE,0.69531,0.02759,0.01184,274,7
1420,438,4,438_chunk_c064b703-a784-4769-beb6-43b17076f195,31,1.0242,WEAK,0.74609,0.02759,0.02527,282,7
1420,438,5,438_chunk_c73c2119-f5e1-4b97-a93d-bd1daa47a811,31,0.9896,NONE,0.67188,0.02759,0.01147,166,7
1420,438,6,438_chunk_6e90ef6c-eee4-4812-bc55-9c69ab0c5fe5,31,0.8263,STRONG,0.77734,0.02759,0.01904,259,7
1420,438,7,438_chunk_127c9bb2-c21f-44d1-a955-d6a5c203e76f,31,0.7115,WEAK,0.75781,0.02759,0.02393,132,7
1420,438,8,438_chunk_e95fda97-d531-4bb2-bdfe-37e3956b6bd2,31,0.7059,NONE,0.73047,0.02759,0.02783,116,7
1420,438,9,438_chunk_e4cc575e-b691-4b67-bfbb-48e7b2801a24,31,0.6192,NONE,0.57812,0.02759,0.03809,239,7
1420,438,10,438_chunk_2f5fb7c4-aab4-4f3a-bb17-56f4b420ac53,31,0.5805,NONE,0.71875,0.02759,0.0127,242,7
1460,454,1,454_chunk_9f5ee6e9-2985-48ba-9fef-e7e63d24f126,0,0.8582,STRONG,0.48633,0.99609,1.0,59,8
1460,454,2,454_chunk_122038ff-eaaf-4dd1-a895-07503a5b779e,0,0.7248,NONE,0.50781,0.99609,0.99609,108,8
1460,454,3,454_chunk_8545f33e-c5a7-47b3-ba92-3f004b13677c,0,0.6883,NONE,0.49805,0.99609,0.99609,265,8
1460,454,4,454_chunk_ab8fd23b-e201-48ea-933f-fadd7bf594e4,0,0.6316,PARTIAL,0.53516,0.99609,1.0,206,8
1460,454,5,454_chunk_705d5c15-4caa-4f74-b14f-65796a5e3870,0,0.5194,PARTIAL,0.51172,0.99609,1.0,259,8
1460,454,6,454_chunk_98631679-d3ac-4415-98f5-ed6380daeb3f,0,0.4322,WEAK,0.52344,0.99609,0.99609,132,8
1460,454,7,454_chunk_8a3fb61d-db5c-4ead-904e-347611432bc7,0,0.4065,NONE,0.43945,0.99609,0.99219,253,8
1460,454,8,454_chunk_d428b153-ba5c-4922-a32e-ee02c1ac0913,0,0.3587,WEAK,0.43359,0.99609,0.99609,44,8
1460,454,9,454_chunk_ed4d987e-5769-483f-8e35-a75808a55290,0,0.2788,NONE,0.45898,0.99609,1.00781,280,8
1460,454,10,454_chunk_517d0d34-863e-4a6a-b21f-ce63b4b7246a,0,0.2452,STRONG,0.51562,0.99609,0.99609,150,8
1460,454,1,454_chunk_9f5ee6e9-2985-48ba-9fef-e7e63d24f126,4,0.8582,STRONG,0.55859,0.1709,0.17871,59,8
1460,454,2,454_chunk_122038ff-eaaf-4dd1-a895-07503a5b779e,4,0.7248,NONE,0.57031,0.1709,0.18457,108,8
1460,454,3,454_chunk_8545f33e-c5a7-47b3-ba92-3f004b13677c,4,0.6883,NONE,0.58203,0.1709,0.18457,265,8
1460,454,4,454_chunk_ab8fd23b-e201-48ea-933f-fadd7bf594e4,4,0.6316,PARTIAL,0.63672,0.1709,0.13379,206,8
1460,454,5,454_chunk_705d5c15-4caa-4f74-b14f-65796a5e3870,4,0.5194,PARTIAL,0.625,0.1709,0.12695,259,8
1460,454,6,454_chunk_98631679-d3ac-4415-98f5-ed6380daeb3f,4,0.4322,WEAK,0.64062,0.1709,0.14941,132,8
1460,454,7,454_chunk_8a3fb61d-db5c-4ead-904e-347611432bc7,4,0.4065,NONE,0.58594,0.1709,0.12207,253,8
1460,454,8,454_chunk_d428b153-ba5c-4922-a32e-ee02c1ac0913,4,0.3587,WEAK,0.64062,0.1709,0.13965,44,8
1460,454,9,454_chunk_ed4d987e-5769-483f-8e35-a75808a55290,4,0.2788,NONE,0.58984,0.1709,0.15039,280,8
1460,454,10,454_chunk_517d0d34-863e-4a6a-b21f-ce63b4b7246a,4,0.2452,STRONG,0.65234,0.1709,0.13379,150,8
1460,454,1,454_chunk_9f5ee6e9-2985-48ba-9fef-e7e63d24f126,8,0.8582,STRONG,0.50391,0.10889,0.13086,59,8
1460,454,2,454_chunk_122038ff-eaaf-4dd1-a895-07503a5b779e,8,0.7248,NONE,0.48242,0.10889,0.14355,108,8
1460,454,3,454_chunk_8545f33e-c5a7-47b3-ba92-3f004b13677c,8,0.6883,NONE,0.41992,0.10889,0.13379,265,8
1460,454,4,454_chunk_ab8fd23b-e201-48ea-933f-fadd7bf594e4,8,0.6316,PARTIAL,0.52734,0.10889,0.11914,206,8
1460,454,5,454_chunk_705d5c15-4caa-4f74-b14f-65796a5e3870,8,0.5194,PARTIAL,0.46094,0.10889,0.10156,259,8
1460,454,6,454_chunk_98631679-d3ac-4415-98f5-ed6380daeb3f,8,0.4322,WEAK,0.53906,0.10889,0.11621,132,8
1460,454,7,454_chunk_8a3fb61d-db5c-4ead-904e-347611432bc7,8,0.4065,NONE,0.43555,0.10889,0.07275,253,8
1460,454,8,454_chunk_d428b153-ba5c-4922-a32e-ee02c1ac0913,8,0.3587,WEAK,0.57812,0.10889,0.09863,44,8
1460,454,9,454_chunk_ed4d987e-5769-483f-8e35-a75808a55290,8,0.2788,NONE,0.43164,0.10889,0.11279,280,8
1460,454,10,454_chunk_517d0d34-863e-4a6a-b21f-ce63b4b7246a,8,0.2452,STRONG,0.52344,0.10889,0.11865,150,8
1460,454,1,454_chunk_9f5ee6e9-2985-48ba-9fef-e7e63d24f126,16,0.8582,STRONG,0.44922,0.06396,0.09131,59,8
1460,454,2,454_chunk_122038ff-eaaf-4dd1-a895-07503a5b779e,16,0.7248,NONE,0.40234,0.06396,0.11377,108,8
1460,454,3,454_chunk_8545f33e-c5a7-47b3-ba92-3f004b13677c,16,0.6883,NONE,0.37109,0.06396,0.0752,265,8
1460,454,4,454_chunk_ab8fd23b-e201-48ea-933f-fadd7bf594e4,16,0.6316,PARTIAL,0.47852,0.06396,0.06445,206,8
1460,454,5,454_chunk_705d5c15-4caa-4f74-b14f-65796a5e3870,16,0.5194,PARTIAL,0.38086,0.06396,0.04858,259,8
1460,454,6,454_chunk_98631679-d3ac-4415-98f5-ed6380daeb3f,16,0.4322,WEAK,0.48633,0.06396,0.08545,132,8
1460,454,7,454_chunk_8a3fb61d-db5c-4ead-904e-347611432bc7,16,0.4065,NONE,0.42578,0.06396,0.07178,253,8
1460,454,8,454_chunk_d428b153-ba5c-4922-a32e-ee02c1ac0913,16,0.3587,WEAK,0.58203,0.06396,0.05225,44,8
1460,454,9,454_chunk_ed4d987e-5769-483f-8e35-a75808a55290,16,0.2788,NONE,0.39648,0.06396,0.0791,280,8
1460,454,10,454_chunk_517d0d34-863e-4a6a-b21f-ce63b4b7246a,16,0.2452,STRONG,0.48242,0.06396,0.0564,150,8
1460,454,1,454_chunk_9f5ee6e9-2985-48ba-9fef-e7e63d24f126,24,0.8582,STRONG,0.64844,0.06177,0.06348,59,8
1460,454,2,454_chunk_122038ff-eaaf-4dd1-a895-07503a5b779e,24,0.7248,NONE,0.63672,0.06177,0.06494,108,8
1460,454,3,454_chunk_8545f33e-c5a7-47b3-ba92-3f004b13677c,24,0.6883,NONE,0.625,0.06177,0.07031,265,8
1460,454,4,454_chunk_ab8fd23b-e201-48ea-933f-fadd7bf594e4,24,0.6316,PARTIAL,0.69531,0.06177,0.04175,206,8
1460,454,5,454_chunk_705d5c15-4caa-4f74-b14f-65796a5e3870,24,0.5194,PARTIAL,0.61328,0.06177,0.0376,259,8
1460,454,6,454_chunk_98631679-d3ac-4415-98f5-ed6380daeb3f,24,0.4322,WEAK,0.67969,0.06177,0.05103,132,8
1460,454,7,454_chunk_8a3fb61d-db5c-4ead-904e-347611432bc7,24,0.4065,NONE,0.61719,0.06177,0.05811,253,8
1460,454,8,454_chunk_d428b153-ba5c-4922-a32e-ee02c1ac0913,24,0.3587,WEAK,0.76172,0.06177,0.01624,44,8
1460,454,9,454_chunk_ed4d987e-5769-483f-8e35-a75808a55290,24,0.2788,NONE,0.625,0.06177,0.06494,280,8
1460,454,10,454_chunk_517d0d34-863e-4a6a-b21f-ce63b4b7246a,24,0.2452,STRONG,0.6875,0.06177,0.03516,150,8
1460,454,1,454_chunk_9f5ee6e9-2985-48ba-9fef-e7e63d24f126,31,0.8582,STRONG,0.73438,0.01904,0.01453,59,8
1460,454,2,454_chunk_122038ff-eaaf-4dd1-a895-07503a5b779e,31,0.7248,NONE,0.73438,0.01904,-0.00885,108,8
1460,454,3,454_chunk_8545f33e-c5a7-47b3-ba92-3f004b13677c,31,0.6883,NONE,0.71484,0.01904,0.02258,265,8
1460,454,4,454_chunk_ab8fd23b-e201-48ea-933f-fadd7bf594e4,31,0.6316,PARTIAL,0.79297,0.01904,0.00259,206,8
1460,454,5,454_chunk_705d5c15-4caa-4f74-b14f-65796a5e3870,31,0.5194,PARTIAL,0.71094,0.01904,0.01215,259,8
1460,454,6,454_chunk_98631679-d3ac-4415-98f5-ed6380daeb3f,31,0.4322,WEAK,0.78516,0.01904,0.00891,132,8
1460,454,7,454_chunk_8a3fb61d-db5c-4ead-904e-347611432bc7,31,0.4065,NONE,0.67188,0.01904,0.02954,253,8
1460,454,8,454_chunk_d428b153-ba5c-4922-a32e-ee02c1ac0913,31,0.3587,WEAK,0.83594,0.01904,-0.00137,44,8
1460,454,9,454_chunk_ed4d987e-5769-483f-8e35-a75808a55290,31,0.2788,NONE,0.72266,0.01904,0.03296,280,8
1460,454,10,454_chunk_517d0d34-863e-4a6a-b21f-ce63b4b7246a,31,0.2452,STRONG,0.78125,0.01904,0.00677,150,8
156,45,1,45_chunk_fceee1f1-3845-4551-9d13-f7a5b35fbb3d,0,3.9394,WEAK,0.67578,0.99609,1.0,259,13
156,45,2,45_chunk_c19fbe42-45c4-40b8-9ca5-65ad62060994,0,2.5468,WEAK,0.625,0.99609,0.99609,261,13
156,45,3,45_chunk_54161f2d-ae4c-48fc-b576-5dee750de85e,0,2.3065,STRONG,0.66016,0.99609,1.00781,117,13
156,45,4,45_chunk_5bd3746a-26f1-4842-8372-e03ce2f4fc2a,0,2.1468,WEAK,0.64844,0.99609,0.99609,238,13
156,45,5,45_chunk_908f176b-ef32-4904-a579-bce1a330df06,0,2.0039,STRONG,0.61328,0.99609,1.0,204,13
156,45,6,45_chunk_914c295e-7b0d-4d75-9c32-ff6c8428d972,0,2.0038,WEAK,0.57422,0.99609,1.0,219,13
156,45,7,45_chunk_cc3c72cc-200f-4fdb-982b-009118148bf5,0,1.8292,WEAK,0.63281,0.99609,1.0,128,13
156,45,8,45_chunk_40f89e1c-6b98-448d-aee8-5edd351986cc,0,1.3311,WEAK,0.60938,0.99609,0.99609,253,13
156,45,9,45_chunk_d43d0665-fef7-48e6-aa3f-d9252c57a3dc,0,1.2314,WEAK,0.625,0.99609,0.99609,261,13
156,45,10,45_chunk_0292418b-7f11-401a-9339-69489e34a696,0,0.9452,WEAK,0.59375,0.99609,1.0,260,13
156,45,1,45_chunk_fceee1f1-3845-4551-9d13-f7a5b35fbb3d,4,3.9394,WEAK,0.69141,0.1875,0.15723,259,13
156,45,2,45_chunk_c19fbe42-45c4-40b8-9ca5-65ad62060994,4,2.5468,WEAK,0.69531,0.1875,0.16992,261,13
156,45,3,45_chunk_54161f2d-ae4c-48fc-b576-5dee750de85e,4,2.3065,STRONG,0.74219,0.1875,0.12598,117,13
156,45,4,45_chunk_5bd3746a-26f1-4842-8372-e03ce2f4fc2a,4,2.1468,WEAK,0.74219,0.1875,0.14844,238,13
156,45,5,45_chunk_908f176b-ef32-4904-a579-bce1a330df06,4,2.0039,STRONG,0.72266,0.1875,0.13574,204,13
156,45,6,45_chunk_914c295e-7b0d-4d75-9c32-ff6c8428d972,4,2.0038,WEAK,0.71094,0.1875,0.15039,219,13
156,45,7,45_chunk_cc3c72cc-200f-4fdb-982b-009118148bf5,4,1.8292,WEAK,0.75391,0.1875,0.12793,128,13
156,45,8,45_chunk_40f89e1c-6b98-448d-aee8-5edd351986cc,4,1.3311,WEAK,0.74219,0.1875,0.13184,253,13
156,45,9,45_chunk_d43d0665-fef7-48e6-aa3f-d9252c57a3dc,4,1.2314,WEAK,0.76172,0.1875,0.10889,261,13
156,45,10,45_chunk_0292418b-7f11-401a-9339-69489e34a696,4,0.9452,WEAK,0.73828,0.1875,0.14062,260,13
156,45,1,45_chunk_fceee1f1-3845-4551-9d13-f7a5b35fbb3d,8,3.9394,WEAK,0.60547,0.12793,0.10938,259,13
156,45,2,45_chunk_c19fbe42-45c4-40b8-9ca5-65ad62060994,8,2.5468,WEAK,0.58594,0.12793,0.125,261,13
156,45,3,45_chunk_54161f2d-ae4c-48fc-b576-5dee750de85e,8,2.3065,STRONG,0.64844,0.12793,0.09229,117,13
156,45,4,45_chunk_5bd3746a-26f1-4842-8372-e03ce2f4fc2a,8,2.1468,WEAK,0.65234,0.12793,0.11377,238,13
156,45,5,45_chunk_908f176b-ef32-4904-a579-bce1a330df06,8,2.0039,STRONG,0.625,0.12793,0.10645,204,13
156,45,6,45_chunk_914c295e-7b0d-4d75-9c32-ff6c8428d972,8,2.0038,WEAK,0.57812,0.12793,0.11426,219,13
156,45,7,45_chunk_cc3c72cc-200f-4fdb-982b-009118148bf5,8,1.8292,WEAK,0.66797,0.12793,0.10449,128,13
156,45,8,45_chunk_40f89e1c-6b98-448d-aee8-5edd351986cc,8,1.3311,WEAK,0.59766,0.12793,0.1084,253,13
156,45,9,45_chunk_d43d0665-fef7-48e6-aa3f-d9252c57a3dc,8,1.2314,WEAK,0.6875,0.12793,0.08594,261,13
156,45,10,45_chunk_0292418b-7f11-401a-9339-69489e34a696,8,0.9452,WEAK,0.58984,0.12793,0.1167,260,13
156,45,1,45_chunk_fceee1f1-3845-4551-9d13-f7a5b35fbb3d,16,3.9394,WEAK,0.51953,0.06348,0.08691,259,13
156,45,2,45_chunk_c19fbe42-45c4-40b8-9ca5-65ad62060994,16,2.5468,WEAK,0.46094,0.06348,0.08008,261,13
156,45,3,45_chunk_54161f2d-ae4c-48fc-b576-5dee750de85e,16,2.3065,STRONG,0.53516,0.06348,0.07422,117,13
156,45,4,45_chunk_5bd3746a-26f1-4842-8372-e03ce2f4fc2a,16,2.1468,WEAK,0.54688,0.06348,0.07471,238,13
156,45,5,45_chunk_908f176b-ef32-4904-a579-bce1a330df06,16,2.0039,STRONG,0.44727,0.06348,0.08838,204,13
156,45,6,45_chunk_914c295e-7b0d-4d75-9c32-ff6c8428d972,16,2.0038,WEAK,0.47266,0.06348,0.10205,219,13
156,45,7,45_chunk_cc3c72cc-200f-4fdb-982b-009118148bf5,16,1.8292,WEAK,0.53125,0.06348,0.08887,128,13
156,45,8,45_chunk_40f89e1c-6b98-448d-aee8-5edd351986cc,16,1.3311,WEAK,0.48047,0.06348,0.09326,253,13
156,45,9,45_chunk_d43d0665-fef7-48e6-aa3f-d9252c57a3dc,16,1.2314,WEAK,0.58594,0.06348,0.05811,261,13
156,45,10,45_chunk_0292418b-7f11-401a-9339-69489e34a696,16,0.9452,WEAK,0.44141,0.06348,0.08301,260,13
156,45,1,45_chunk_fceee1f1-3845-4551-9d13-f7a5b35fbb3d,24,3.9394,WEAK,0.71875,0.05054,0.04858,259,13
156,45,2,45_chunk_c19fbe42-45c4-40b8-9ca5-65ad62060994,24,2.5468,WEAK,0.6875,0.05054,0.05859,261,13
156,45,3,45_chunk_54161f2d-ae4c-48fc-b576-5dee750de85e,24,2.3065,STRONG,0.72656,0.05054,0.03516,117,13
156,45,4,45_chunk_5bd3746a-26f1-4842-8372-e03ce2f4fc2a,24,2.1468,WEAK,0.72656,0.05054,0.05005,238,13
156,45,5,45_chunk_908f176b-ef32-4904-a579-bce1a330df06,24,2.0039,STRONG,0.6875,0.05054,0.05859,204,13
156,45,6,45_chunk_914c295e-7b0d-4d75-9c32-ff6c8428d972,24,2.0038,WEAK,0.68359,0.05054,0.07275,219,13
156,45,7,45_chunk_cc3c72cc-200f-4fdb-982b-009118148bf5,24,1.8292,WEAK,0.71875,0.05054,0.05469,128,13
156,45,8,45_chunk_40f89e1c-6b98-448d-aee8-5edd351986cc,24,1.3311,WEAK,0.67969,0.05054,0.05493,253,13
156,45,9,45_chunk_d43d0665-fef7-48e6-aa3f-d9252c57a3dc,24,1.2314,WEAK,0.74609,0.05054,0.03418,261,13
156,45,10,45_chunk_0292418b-7f11-401a-9339-69489e34a696,24,0.9452,WEAK,0.66406,0.05054,0.05225,260,13
156,45,1,45_chunk_fceee1f1-3845-4551-9d13-f7a5b35fbb3d,31,3.9394,WEAK,0.79688,0.00372,0.01868,259,13
156,45,2,45_chunk_c19fbe42-45c4-40b8-9ca5-65ad62060994,31,2.5468,WEAK,0.77734,0.00372,0.01556,261,13
156,45,3,45_chunk_54161f2d-ae4c-48fc-b576-5dee750de85e,31,2.3065,STRONG,0.80859,0.00372,0.01587,117,13
156,45,4,45_chunk_5bd3746a-26f1-4842-8372-e03ce2f4fc2a,31,2.1468,WEAK,0.82422,0.00372,0.0116,238,13
156,45,5,45_chunk_908f176b-ef32-4904-a579-bce1a330df06,31,2.0039,STRONG,0.78125,0.00372,0.02966,204,13
156,45,6,45_chunk_914c295e-7b0d-4d75-9c32-ff6c8428d972,31,2.0038,WEAK,0.76562,0.00372,0.03442,219,13
156,45,7,45_chunk_cc3c72cc-200f-4fdb-982b-009118148bf5,31,1.8292,WEAK,0.80859,0.00372,0.00818,128,13
156,45,8,45_chunk_40f89e1c-6b98-448d-aee8-5edd351986cc,31,1.3311,WEAK,0.77734,0.00372,0.00449,253,13
156,45,9,45_chunk_d43d0665-fef7-48e6-aa3f-d9252c57a3dc,31,1.2314,WEAK,0.83203,0.00372,0.01483,261,13
156,45,10,45_chunk_0292418b-7f11-401a-9339-69489e34a696,31,0.9452,WEAK,0.76172,0.00372,0.01709,260,13
1663,535,1,535_chunk_51ae1d54-3d3c-461f-84cc-918f8121e121,0,2.589,WEAK,0.44727,1.0,1.00781,116,7
1663,535,2,535_chunk_6712426d-9e55-42da-8f17-3f61e26fc48a,0,2.0664,WEAK,0.42969,1.0,1.0,220,7
1663,535,3,535_chunk_195d8b6b-dc54-46de-8aaa-3b028695ef86,0,1.3126,WEAK,0.43164,1.0,1.00781,70,7
1663,535,4,535_chunk_de8435e9-090f-4469-8741-ead0b084c0a9,0,1.2713,WEAK,0.41211,1.0,0.99609,205,7
1663,535,5,535_chunk_58ec79c7-af55-4b5b-aaa1-4950347a0863,0,1.2536,NONE,0.44531,1.0,1.0,236,7
1663,535,6,535_chunk_c2dac4cf-4b82-432a-b538-473dd70a9d3c,0,1.1503,STRONG,0.41992,1.0,1.0,265,7
1663,535,7,535_chunk_d06206f8-e6b9-4225-b65b-e8b3c1737891,0,1.0123,STRONG,0.41016,1.0,1.0,257,7
1663,535,8,535_chunk_59d3ab07-16c9-472b-8da0-1f3564c0ec1a,0,0.4448,WEAK,0.4043,1.0,1.0,247,7
1663,535,9,535_chunk_d44e3ea9-26de-4b02-b5ff-9a131d93e5fd,0,0.374,NONE,0.27734,1.0,1.0,137,7
1663,535,10,535_chunk_7db82936-480f-4488-9097-7a2da5aadfbc,0,0.3658,NONE,0.41797,1.0,1.0,249,7
1663,535,1,535_chunk_51ae1d54-3d3c-461f-84cc-918f8121e121,4,2.589,WEAK,0.54297,0.20801,0.15234,116,7
1663,535,2,535_chunk_6712426d-9e55-42da-8f17-3f61e26fc48a,4,2.0664,WEAK,0.59766,0.20801,0.1416,220,7
1663,535,3,535_chunk_195d8b6b-dc54-46de-8aaa-3b028695ef86,4,1.3126,WEAK,0.63672,0.20801,0.16895,70,7
1663,535,4,535_chunk_de8435e9-090f-4469-8741-ead0b084c0a9,4,1.2713,WEAK,0.60156,0.20801,0.15918,205,7
1663,535,5,535_chunk_58ec79c7-af55-4b5b-aaa1-4950347a0863,4,1.2536,NONE,0.60547,0.20801,0.14453,236,7
1663,535,6,535_chunk_c2dac4cf-4b82-432a-b538-473dd70a9d3c,4,1.1503,STRONG,0.60547,0.20801,0.13965,265,7
1663,535,7,535_chunk_d06206f8-e6b9-4225-b65b-e8b3c1737891,4,1.0123,STRONG,0.63281,0.20801,0.14062,257,7
1663,535,8,535_chunk_59d3ab07-16c9-472b-8da0-1f3564c0ec1a,4,0.4448,WEAK,0.59766,0.20801,0.12891,247,7
1663,535,9,535_chunk_d44e3ea9-26de-4b02-b5ff-9a131d93e5fd,4,0.374,NONE,0.49414,0.20801,0.14258,137,7
1663,535,10,535_chunk_7db82936-480f-4488-9097-7a2da5aadfbc,4,0.3658,NONE,0.61328,0.20801,0.13184,249,7
1663,535,1,535_chunk_51ae1d54-3d3c-461f-84cc-918f8121e121,8,2.589,WEAK,0.4707,0.10889,0.09961,116,7
1663,535,2,535_chunk_6712426d-9e55-42da-8f17-3f61e26fc48a,8,2.0664,WEAK,0.55078,0.10889,0.10889,220,7
1663,535,3,535_chunk_195d8b6b-dc54-46de-8aaa-3b028695ef86,8,1.3126,WEAK,0.60547,0.10889,0.12158,70,7
1663,535,4,535_chunk_de8435e9-090f-4469-8741-ead0b084c0a9,8,1.2713,WEAK,0.43164,0.10889,0.11621,205,7
1663,535,5,535_chunk_58ec79c7-af55-4b5b-aaa1-4950347a0863,8,1.2536,NONE,0.47461,0.10889,0.11182,236,7
1663,535,6,535_chunk_c2dac4cf-4b82-432a-b538-473dd70a9d3c,8,1.1503,STRONG,0.51953,0.10889,0.11572,265,7
1663,535,7,535_chunk_d06206f8-e6b9-4225-b65b-e8b3c1737891,8,1.0123,STRONG,0.55859,0.10889,0.1123,257,7
1663,535,8,535_chunk_59d3ab07-16c9-472b-8da0-1f3564c0ec1a,8,0.4448,WEAK,0.45117,0.10889,0.0957,247,7
1663,535,9,535_chunk_d44e3ea9-26de-4b02-b5ff-9a131d93e5fd,8,0.374,NONE,0.34375,0.10889,0.08789,137,7
1663,535,10,535_chunk_7db82936-480f-4488-9097-7a2da5aadfbc,8,0.3658,NONE,0.47266,0.10889,0.09473,249,7
1663,535,1,535_chunk_51ae1d54-3d3c-461f-84cc-918f8121e121,16,2.589,WEAK,0.43555,0.06396,0.06787,116,7
1663,535,2,535_chunk_6712426d-9e55-42da-8f17-3f61e26fc48a,16,2.0664,WEAK,0.4668,0.06396,0.07861,220,7
1663,535,3,535_chunk_195d8b6b-dc54-46de-8aaa-3b028695ef86,16,1.3126,WEAK,0.55859,0.06396,0.0791,70,7
1663,535,4,535_chunk_de8435e9-090f-4469-8741-ead0b084c0a9,16,1.2713,WEAK,0.32227,0.06396,0.06885,205,7
1663,535,5,535_chunk_58ec79c7-af55-4b5b-aaa1-4950347a0863,16,1.2536,NONE,0.35742,0.06396,0.06787,236,7
1663,535,6,535_chunk_c2dac4cf-4b82-432a-b538-473dd70a9d3c,16,1.1503,STRONG,0.45312,0.06396,0.08301,265,7
1663,535,7,535_chunk_d06206f8-e6b9-4225-b65b-e8b3c1737891,16,1.0123,STRONG,0.43555,0.06396,0.07715,257,7
1663,535,8,535_chunk_59d3ab07-16c9-472b-8da0-1f3564c0ec1a,16,0.4448,WEAK,0.36523,0.06396,0.06689,247,7
1663,535,9,535_chunk_d44e3ea9-26de-4b02-b5ff-9a131d93e5fd,16,0.374,NONE,0.26953,0.06396,0.07812,137,7
1663,535,10,535_chunk_7db82936-480f-4488-9097-7a2da5aadfbc,16,0.3658,NONE,0.34766,0.06396,0.06738,249,7
1663,535,1,535_chunk_51ae1d54-3d3c-461f-84cc-918f8121e121,24,2.589,WEAK,0.57031,0.0708,0.05151,116,7
1663,535,2,535_chunk_6712426d-9e55-42da-8f17-3f61e26fc48a,24,2.0664,WEAK,0.61719,0.0708,0.04932,220,7
1663,535,3,535_chunk_195d8b6b-dc54-46de-8aaa-3b028695ef86,24,1.3126,WEAK,0.66406,0.0708,0.06543,70,7
1663,535,4,535_chunk_de8435e9-090f-4469-8741-ead0b084c0a9,24,1.2713,WEAK,0.50391,0.0708,0.05322,205,7
1663,535,5,535_chunk_58ec79c7-af55-4b5b-aaa1-4950347a0863,24,1.2536,NONE,0.50781,0.0708,0.0459,236,7
1663,535,6,535_chunk_c2dac4cf-4b82-432a-b538-473dd70a9d3c,24,1.1503,STRONG,0.60938,0.0708,0.07031,265,7
1663,535,7,535_chunk_d06206f8-e6b9-4225-b65b-e8b3c1737891,24,1.0123,STRONG,0.58203,0.0708,0.05542,257,7
1663,535,8,535_chunk_59d3ab07-16c9-472b-8da0-1f3564c0ec1a,24,0.4448,WEAK,0.50391,0.0708,0.04761,247,7
1663,535,9,535_chunk_d44e3ea9-26de-4b02-b5ff-9a131d93e5fd,24,0.374,NONE,0.41406,0.0708,0.04541,137,7
1663,535,10,535_chunk_7db82936-480f-4488-9097-7a2da5aadfbc,24,0.3658,NONE,0.49805,0.0708,0.05298,249,7
1663,535,1,535_chunk_51ae1d54-3d3c-461f-84cc-918f8121e121,31,2.589,WEAK,0.68359,0.04199,0.02429,116,7
1663,535,2,535_chunk_6712426d-9e55-42da-8f17-3f61e26fc48a,31,2.0664,WEAK,0.74609,0.04199,0.01953,220,7
1663,535,3,535_chunk_195d8b6b-dc54-46de-8aaa-3b028695ef86,31,1.3126,WEAK,0.78125,0.04199,0.03088,70,7
1663,535,4,535_chunk_de8435e9-090f-4469-8741-ead0b084c0a9,31,1.2713,WEAK,0.66016,0.04199,0.0108,205,7
1663,535,5,535_chunk_58ec79c7-af55-4b5b-aaa1-4950347a0863,31,1.2536,NONE,0.65234,0.04199,0.01099,236,7
1663,535,6,535_chunk_c2dac4cf-4b82-432a-b538-473dd70a9d3c,31,1.1503,STRONG,0.73828,0.04199,0.02991,265,7
1663,535,7,535_chunk_d06206f8-e6b9-4225-b65b-e8b3c1737891,31,1.0123,STRONG,0.72266,0.04199,0.01965,257,7
1663,535,8,535_chunk_59d3ab07-16c9-472b-8da0-1f3564c0ec1a,31,0.4448,WEAK,0.65234,0.04199,0.01141,247,7
1663,535,9,535_chunk_d44e3ea9-26de-4b02-b5ff-9a131d93e5fd,31,0.374,NONE,0.50391,0.04199,0.0271,137,7
1663,535,10,535_chunk_7db82936-480f-4488-9097-7a2da5aadfbc,31,0.3658,NONE,0.65234,0.04199,0.02051,249,7
1670,538,1,538_chunk_389ec807-ac4d-43fe-a78e-b8a0d58e22ec,0,4.145,WEAK,0.66016,1.0,0.99609,189,21
1670,538,2,538_chunk_022074ae-c519-4273-8766-b5d296425af8,0,2.7379,WEAK,0.70312,1.0,1.0,251,21
1670,538,3,538_chunk_0e868543-4415-44aa-a7d1-7cb00e37af60,0,2.6109,WEAK,0.71094,1.0,1.0,248,21
1670,538,4,538_chunk_e97c0a60-ccb1-4061-b939-7ee18608dc37,0,2.4603,WEAK,0.69531,1.0,0.99609,267,21
1670,538,5,538_chunk_d5f080f9-65f6-488c-977c-5ed95d859149,0,1.989,WEAK,0.43945,1.0,1.0,248,21
1670,538,6,538_chunk_cde3bc68-3974-4538-99b8-86e006e219d1,0,1.7859,STRONG,0.60547,1.0,1.0,234,21
1670,538,7,538_chunk_1b6a16b1-0639-4394-991c-da6536d1710f,0,1.568,WEAK,0.45898,1.0,1.0,253,21
1670,538,8,538_chunk_ec5f9de8-1564-41da-b324-91e4f2b82918,0,1.503,STRONG,0.69922,1.0,1.0,192,21
1670,538,9,538_chunk_4abee977-8771-4ef0-8630-62d439ea46e4,0,1.3962,WEAK,0.67969,1.0,1.00781,189,21
1670,538,10,538_chunk_d080db03-03b3-4034-ae4f-9c82c3ca6b93,0,1.392,WEAK,0.66406,1.0,1.0,248,21
1670,538,1,538_chunk_389ec807-ac4d-43fe-a78e-b8a0d58e22ec,4,4.145,WEAK,0.71094,0.18262,0.12891,189,21
1670,538,2,538_chunk_022074ae-c519-4273-8766-b5d296425af8,4,2.7379,WEAK,0.73047,0.18262,0.14941,251,21
1670,538,3,538_chunk_0e868543-4415-44aa-a7d1-7cb00e37af60,4,2.6109,WEAK,0.75,0.18262,0.16016,248,21
1670,538,4,538_chunk_e97c0a60-ccb1-4061-b939-7ee18608dc37,4,2.4603,WEAK,0.75391,0.18262,0.13086,267,21
1670,538,5,538_chunk_d5f080f9-65f6-488c-977c-5ed95d859149,4,1.989,WEAK,0.64453,0.18262,0.13184,248,21
1670,538,6,538_chunk_cde3bc68-3974-4538-99b8-86e006e219d1,4,1.7859,STRONG,0.70703,0.18262,0.12695,234,21
1670,538,7,538_chunk_1b6a16b1-0639-4394-991c-da6536d1710f,4,1.568,WEAK,0.65625,0.18262,0.11914,253,21
1670,538,8,538_chunk_ec5f9de8-1564-41da-b324-91e4f2b82918,4,1.503,STRONG,0.74609,0.18262,0.13574,192,21
1670,538,9,538_chunk_4abee977-8771-4ef0-8630-62d439ea46e4,4,1.3962,WEAK,0.72656,0.18262,0.12256,189,21
1670,538,10,538_chunk_d080db03-03b3-4034-ae4f-9c82c3ca6b93,4,1.392,WEAK,0.75,0.18262,0.14941,248,21
1670,538,1,538_chunk_389ec807-ac4d-43fe-a78e-b8a0d58e22ec,8,4.145,WEAK,0.62109,0.09961,0.09619,189,21
1670,538,2,538_chunk_022074ae-c519-4273-8766-b5d296425af8,8,2.7379,WEAK,0.64062,0.09961,0.11914,251,21
1670,538,3,538_chunk_0e868543-4415-44aa-a7d1-7cb00e37af60,8,2.6109,WEAK,0.63672,0.09961,0.11914,248,21
1670,538,4,538_chunk_e97c0a60-ccb1-4061-b939-7ee18608dc37,8,2.4603,WEAK,0.66406,0.09961,0.10693,267,21
1670,538,5,538_chunk_d5f080f9-65f6-488c-977c-5ed95d859149,8,1.989,WEAK,0.52344,0.09961,0.07178,248,21
1670,538,6,538_chunk_cde3bc68-3974-4538-99b8-86e006e219d1,8,1.7859,STRONG,0.56641,0.09961,0.08203,234,21
1670,538,7,538_chunk_1b6a16b1-0639-4394-991c-da6536d1710f,8,1.568,WEAK,0.49023,0.09961,0.07617,253,21
1670,538,8,538_chunk_ec5f9de8-1564-41da-b324-91e4f2b82918,8,1.503,STRONG,0.65234,0.09961,0.1001,192,21
1670,538,9,538_chunk_4abee977-8771-4ef0-8630-62d439ea46e4,8,1.3962,WEAK,0.62891,0.09961,0.10107,189,21
1670,538,10,538_chunk_d080db03-03b3-4034-ae4f-9c82c3ca6b93,8,1.392,WEAK,0.625,0.09961,0.11865,248,21
1670,538,1,538_chunk_389ec807-ac4d-43fe-a78e-b8a0d58e22ec,16,4.145,WEAK,0.58203,0.05713,0.06982,189,21
1670,538,2,538_chunk_022074ae-c519-4273-8766-b5d296425af8,16,2.7379,WEAK,0.59375,0.05713,0.10254,251,21
1670,538,3,538_chunk_0e868543-4415-44aa-a7d1-7cb00e37af60,16,2.6109,WEAK,0.57031,0.05713,0.08691,248,21
1670,538,4,538_chunk_e97c0a60-ccb1-4061-b939-7ee18608dc37,16,2.4603,WEAK,0.55469,0.05713,0.06787,267,21
1670,538,5,538_chunk_d5f080f9-65f6-488c-977c-5ed95d859149,16,1.989,WEAK,0.46289,0.05713,0.0708,248,21
1670,538,6,538_chunk_cde3bc68-3974-4538-99b8-86e006e219d1,16,1.7859,STRONG,0.54688,0.05713,0.0752,234,21
1670,538,7,538_chunk_1b6a16b1-0639-4394-991c-da6536d1710f,16,1.568,WEAK,0.4082,0.05713,0.05786,253,21
1670,538,8,538_chunk_ec5f9de8-1564-41da-b324-91e4f2b82918,16,1.503,STRONG,0.62109,0.05713,0.07812,192,21
1670,538,9,538_chunk_4abee977-8771-4ef0-8630-62d439ea46e4,16,1.3962,WEAK,0.53906,0.05713,0.08398,189,21
1670,538,10,538_chunk_d080db03-03b3-4034-ae4f-9c82c3ca6b93,16,1.392,WEAK,0.50781,0.05713,0.0752,248,21
1670,538,1,538_chunk_389ec807-ac4d-43fe-a78e-b8a0d58e22ec,24,4.145,WEAK,0.74609,0.03369,0.03687,189,21
1670,538,2,538_chunk_022074ae-c519-4273-8766-b5d296425af8,24,2.7379,WEAK,0.78516,0.03369,0.05542,251,21
1670,538,3,538_chunk_0e868543-4415-44aa-a7d1-7cb00e37af60,24,2.6109,WEAK,0.77734,0.03369,0.06226,248,21
1670,538,4,538_chunk_e97c0a60-ccb1-4061-b939-7ee18608dc37,24,2.4603,WEAK,0.73828,0.03369,0.04688,267,21
1670,538,5,538_chunk_d5f080f9-65f6-488c-977c-5ed95d859149,24,1.989,WEAK,0.64844,0.03369,0.04932,248,21
1670,538,6,538_chunk_cde3bc68-3974-4538-99b8-86e006e219d1,24,1.7859,STRONG,0.73828,0.03369,0.05713,234,21
1670,538,7,538_chunk_1b6a16b1-0639-4394-991c-da6536d1710f,24,1.568,WEAK,0.65625,0.03369,0.04321,253,21
1670,538,8,538_chunk_ec5f9de8-1564-41da-b324-91e4f2b82918,24,1.503,STRONG,0.77734,0.03369,0.03296,192,21
1670,538,9,538_chunk_4abee977-8771-4ef0-8630-62d439ea46e4,24,1.3962,WEAK,0.72656,0.03369,0.05322,189,21
1670,538,10,538_chunk_d080db03-03b3-4034-ae4f-9c82c3ca6b93,24,1.392,WEAK,0.73438,0.03369,0.04614,248,21
1670,538,1,538_chunk_389ec807-ac4d-43fe-a78e-b8a0d58e22ec,31,4.145,WEAK,0.78906,-0.00198,0.01892,189,21
1670,538,2,538_chunk_022074ae-c519-4273-8766-b5d296425af8,31,2.7379,WEAK,0.85547,-0.00198,0.00861,251,21
1670,538,3,538_chunk_0e868543-4415-44aa-a7d1-7cb00e37af60,31,2.6109,WEAK,0.84766,-0.00198,0.01892,248,21
1670,538,4,538_chunk_e97c0a60-ccb1-4061-b939-7ee18608dc37,31,2.4603,WEAK,0.80859,-0.00198,0.01929,267,21
1670,538,5,538_chunk_d5f080f9-65f6-488c-977c-5ed95d859149,31,1.989,WEAK,0.65234,-0.00198,0.01855,248,21
1670,538,6,538_chunk_cde3bc68-3974-4538-99b8-86e006e219d1,31,1.7859,STRONG,0.78125,-0.00198,0.02588,234,21
1670,538,7,538_chunk_1b6a16b1-0639-4394-991c-da6536d1710f,31,1.568,WEAK,0.68359,-0.00198,0.0293,253,21
1670,538,8,538_chunk_ec5f9de8-1564-41da-b324-91e4f2b82918,31,1.503,STRONG,0.84766,-0.00198,-0.00258,192,21
1670,538,9,538_chunk_4abee977-8771-4ef0-8630-62d439ea46e4,31,1.3962,WEAK,0.8125,-0.00198,0.01044,189,21
1670,538,10,538_chunk_d080db03-03b3-4034-ae4f-9c82c3ca6b93,31,1.392,WEAK,0.81641,-0.00198,0.00665,248,21
1682,542,1,542_chunk_a784fa8c-2452-4052-be26-5bcd61757ede,0,2.6348,NONE,0.50391,1.0,1.00781,241,6
1682,542,2,542_chunk_9facb7e6-641e-4737-bf22-086acce463d6,0,2.4459,NONE,0.47656,1.0,1.00781,89,6
1682,542,3,542_chunk_396cc800-e4c7-42e5-a92f-aaeeba749b7f,0,2.0945,WEAK,0.47656,1.0,1.00781,254,6
1682,542,4,542_chunk_cab66ecb-3dfc-4548-815e-aced5024106f,0,2.0078,WEAK,0.53125,1.0,0.99219,235,6
1682,542,5,542_chunk_899969bf-98d3-403f-be63-06332e5bb968,0,1.839,NONE,0.50391,1.0,1.0,188,6
1682,542,6,542_chunk_010d813e-b0b3-4d48-a52c-cfe3fa3c3d4a,0,1.8369,STRONG,0.51172,1.0,0.99609,262,6
1682,542,7,542_chunk_6dea9424-0420-47a1-a1db-43dfef06af2a,0,1.8036,NONE,0.33203,1.0,1.0,247,6
1682,542,8,542_chunk_0eb9fa0b-0dce-4d01-9383-263a2c1e73b8,0,1.7987,WEAK,0.51172,1.0,1.0,183,6
1682,542,9,542_chunk_1b58d8f5-f59a-4757-915e-0962497ec5d0,0,1.774,NONE,0.42969,1.0,1.00781,52,6
1682,542,10,542_chunk_8754ce8c-89a2-4de9-bce3-0e43e61689e8,0,1.6359,WEAK,0.46094,1.0,0.99609,274,6
1682,542,1,542_chunk_a784fa8c-2452-4052-be26-5bcd61757ede,4,2.6348,NONE,0.55859,0.22461,0.17383,241,6
1682,542,2,542_chunk_9facb7e6-641e-4737-bf22-086acce463d6,4,2.4459,NONE,0.625,0.22461,0.14062,89,6
1682,542,3,542_chunk_396cc800-e4c7-42e5-a92f-aaeeba749b7f,4,2.0945,WEAK,0.59766,0.22461,0.15039,254,6
1682,542,4,542_chunk_cab66ecb-3dfc-4548-815e-aced5024106f,4,2.0078,WEAK,0.63672,0.22461,0.16309,235,6
1682,542,5,542_chunk_899969bf-98d3-403f-be63-06332e5bb968,4,1.839,NONE,0.66016,0.22461,0.14844,188,6
1682,542,6,542_chunk_010d813e-b0b3-4d48-a52c-cfe3fa3c3d4a,4,1.8369,STRONG,0.59375,0.22461,0.14941,262,6
1682,542,7,542_chunk_6dea9424-0420-47a1-a1db-43dfef06af2a,4,1.8036,NONE,0.52734,0.22461,0.16211,247,6
1682,542,8,542_chunk_0eb9fa0b-0dce-4d01-9383-263a2c1e73b8,4,1.7987,WEAK,0.65234,0.22461,0.16602,183,6
1682,542,9,542_chunk_1b58d8f5-f59a-4757-915e-0962497ec5d0,4,1.774,NONE,0.59375,0.22461,0.14648,52,6
1682,542,10,542_chunk_8754ce8c-89a2-4de9-bce3-0e43e61689e8,4,1.6359,WEAK,0.61719,0.22461,0.1377,274,6
1682,542,1,542_chunk_a784fa8c-2452-4052-be26-5bcd61757ede,8,2.6348,NONE,0.47656,0.14941,0.14062,241,6
1682,542,2,542_chunk_9facb7e6-641e-4737-bf22-086acce463d6,8,2.4459,NONE,0.57812,0.14941,0.1084,89,6
1682,542,3,542_chunk_396cc800-e4c7-42e5-a92f-aaeeba749b7f,8,2.0945,WEAK,0.4707,0.14941,0.12793,254,6
1682,542,4,542_chunk_cab66ecb-3dfc-4548-815e-aced5024106f,8,2.0078,WEAK,0.51953,0.14941,0.1416,235,6
1682,542,5,542_chunk_899969bf-98d3-403f-be63-06332e5bb968,8,1.839,NONE,0.53125,0.14941,0.12256,188,6
1682,542,6,542_chunk_010d813e-b0b3-4d48-a52c-cfe3fa3c3d4a,8,1.8369,STRONG,0.45898,0.14941,0.10889,262,6
1682,542,7,542_chunk_6dea9424-0420-47a1-a1db-43dfef06af2a,8,1.8036,NONE,0.38867,0.14941,0.10254,247,6
1682,542,8,542_chunk_0eb9fa0b-0dce-4d01-9383-263a2c1e73b8,8,1.7987,WEAK,0.49805,0.14941,0.12451,183,6
1682,542,9,542_chunk_1b58d8f5-f59a-4757-915e-0962497ec5d0,8,1.774,NONE,0.40625,0.14941,0.09863,52,6
1682,542,10,542_chunk_8754ce8c-89a2-4de9-bce3-0e43e61689e8,8,1.6359,WEAK,0.46875,0.14941,0.11182,274,6
1682,542,1,542_chunk_a784fa8c-2452-4052-be26-5bcd61757ede,16,2.6348,NONE,0.41602,0.09473,0.09473,241,6
1682,542,2,542_chunk_9facb7e6-641e-4737-bf22-086acce463d6,16,2.4459,NONE,0.53125,0.09473,0.07471,89,6
1682,542,3,542_chunk_396cc800-e4c7-42e5-a92f-aaeeba749b7f,16,2.0945,WEAK,0.4043,0.09473,0.10498,254,6
1682,542,4,542_chunk_cab66ecb-3dfc-4548-815e-aced5024106f,16,2.0078,WEAK,0.49609,0.09473,0.10596,235,6
1682,542,5,542_chunk_899969bf-98d3-403f-be63-06332e5bb968,16,1.839,NONE,0.48242,0.09473,0.05884,188,6
1682,542,6,542_chunk_010d813e-b0b3-4d48-a52c-cfe3fa3c3d4a,16,1.8369,STRONG,0.39844,0.09473,0.07275,262,6
1682,542,7,542_chunk_6dea9424-0420-47a1-a1db-43dfef06af2a,16,1.8036,NONE,0.30469,0.09473,0.05029,247,6
1682,542,8,542_chunk_0eb9fa0b-0dce-4d01-9383-263a2c1e73b8,16,1.7987,WEAK,0.41992,0.09473,0.0918,183,6
1682,542,9,542_chunk_1b58d8f5-f59a-4757-915e-0962497ec5d0,16,1.774,NONE,0.36914,0.09473,0.08984,52,6
1682,542,10,542_chunk_8754ce8c-89a2-4de9-bce3-0e43e61689e8,16,1.6359,WEAK,0.38672,0.09473,0.06738,274,6
1682,542,1,542_chunk_a784fa8c-2452-4052-be26-5bcd61757ede,24,2.6348,NONE,0.60156,0.08496,0.07275,241,6
1682,542,2,542_chunk_9facb7e6-641e-4737-bf22-086acce463d6,24,2.4459,NONE,0.66406,0.08496,0.05054,89,6
1682,542,3,542_chunk_396cc800-e4c7-42e5-a92f-aaeeba749b7f,24,2.0945,WEAK,0.625,0.08496,0.07812,254,6
1682,542,4,542_chunk_cab66ecb-3dfc-4548-815e-aced5024106f,24,2.0078,WEAK,0.64844,0.08496,0.07666,235,6
1682,542,5,542_chunk_899969bf-98d3-403f-be63-06332e5bb968,24,1.839,NONE,0.64453,0.08496,0.05811,188,6
1682,542,6,542_chunk_010d813e-b0b3-4d48-a52c-cfe3fa3c3d4a,24,1.8369,STRONG,0.61328,0.08496,0.05225,262,6
1682,542,7,542_chunk_6dea9424-0420-47a1-a1db-43dfef06af2a,24,1.8036,NONE,0.54297,0.08496,0.04321,247,6
1682,542,8,542_chunk_0eb9fa0b-0dce-4d01-9383-263a2c1e73b8,24,1.7987,WEAK,0.61328,0.08496,0.05737,183,6
1682,542,9,542_chunk_1b58d8f5-f59a-4757-915e-0962497ec5d0,24,1.774,NONE,0.50391,0.08496,0.06348,52,6
1682,542,10,542_chunk_8754ce8c-89a2-4de9-bce3-0e43e61689e8,24,1.6359,WEAK,0.60156,0.08496,0.05591,274,6
1682,542,1,542_chunk_a784fa8c-2452-4052-be26-5bcd61757ede,31,2.6348,NONE,0.72266,0.02112,0.02429,241,6
1682,542,2,542_chunk_9facb7e6-641e-4737-bf22-086acce463d6,31,2.4459,NONE,0.75781,0.02112,0.02405,89,6
1682,542,3,542_chunk_396cc800-e4c7-42e5-a92f-aaeeba749b7f,31,2.0945,WEAK,0.75,0.02112,0.03784,254,6
1682,542,4,542_chunk_cab66ecb-3dfc-4548-815e-aced5024106f,31,2.0078,WEAK,0.77734,0.02112,0.03735,235,6
1682,542,5,542_chunk_899969bf-98d3-403f-be63-06332e5bb968,31,1.839,NONE,0.78125,0.02112,0.03174,188,6
1682,542,6,542_chunk_010d813e-b0b3-4d48-a52c-cfe3fa3c3d4a,31,1.8369,STRONG,0.75781,0.02112,0.02637,262,6
1682,542,7,542_chunk_6dea9424-0420-47a1-a1db-43dfef06af2a,31,1.8036,NONE,0.68359,0.02112,0.01385,247,6
1682,542,8,542_chunk_0eb9fa0b-0dce-4d01-9383-263a2c1e73b8,31,1.7987,WEAK,0.74219,0.02112,0.01892,183,6
1682,542,9,542_chunk_1b58d8f5-f59a-4757-915e-0962497ec5d0,31,1.774,NONE,0.66406,0.02112,0.00424,52,6
1682,542,10,542_chunk_8754ce8c-89a2-4de9-bce3-0e43e61689e8,31,1.6359,WEAK,0.75,0.02112,0.02393,274,6
171,49,1,49_chunk_7ccebe43-bc65-4369-a832-b671a265bee4,0,8.8433,WEAK,0.82031,1.0,1.0,189,30
171,49,2,49_chunk_85a7b6d8-0868-4698-904d-662e3eaa1c61,0,2.8816,STRONG,0.74219,1.0,1.00781,264,30
171,49,3,49_chunk_67321cf0-a4b1-4796-80c2-467e26fab00b,0,2.3633,PARTIAL,0.71875,1.0,0.99609,193,30
171,49,4,49_chunk_7327608b-7801-4b70-9d07-34655264a771,0,2.2818,WEAK,0.72656,1.0,1.0,256,30
171,49,5,49_chunk_f53b6048-0cbd-49c4-8f7a-d996feb0f6dd,0,2.2285,STRONG,0.71484,1.0,1.0,224,30
171,49,6,49_chunk_f207f5d4-11a0-4da0-a308-b643557bf5af,0,2.22,STRONG,0.69531,1.0,1.00781,85,30
171,49,7,49_chunk_266ba80a-a72d-4a34-a3c4-e579369ae390,0,1.7428,STRONG,0.62891,1.0,1.00781,274,30
171,49,8,49_chunk_734d631d-ed88-45e9-a2b8-34c123a5de65,0,1.7105,WEAK,0.6875,1.0,1.0,139,30
171,49,9,49_chunk_3aa249a9-e34a-4a33-90d2-32dea9878616,0,1.7056,PARTIAL,0.66016,1.0,1.0,157,30
171,49,10,49_chunk_89eae547-7c41-4fc6-b6dd-fc0efbe6b6c1,0,1.5271,WEAK,0.75,1.0,1.0,120,30
171,49,1,49_chunk_7ccebe43-bc65-4369-a832-b671a265bee4,4,8.8433,WEAK,0.78125,0.16895,0.17383,189,30
171,49,2,49_chunk_85a7b6d8-0868-4698-904d-662e3eaa1c61,4,2.8816,STRONG,0.79297,0.16895,0.13379,264,30
171,49,3,49_chunk_67321cf0-a4b1-4796-80c2-467e26fab00b,4,2.3633,PARTIAL,0.79297,0.16895,0.13867,193,30
171,49,4,49_chunk_7327608b-7801-4b70-9d07-34655264a771,4,2.2818,WEAK,0.80859,0.16895,0.1167,256,30
171,49,5,49_chunk_f53b6048-0cbd-49c4-8f7a-d996feb0f6dd,4,2.2285,STRONG,0.77734,0.16895,0.11523,224,30
171,49,6,49_chunk_f207f5d4-11a0-4da0-a308-b643557bf5af,4,2.22,STRONG,0.82812,0.16895,0.11475,85,30
171,49,7,49_chunk_266ba80a-a72d-4a34-a3c4-e579369ae390,4,1.7428,STRONG,0.71484,0.16895,0.17676,274,30
171,49,8,49_chunk_734d631d-ed88-45e9-a2b8-34c123a5de65,4,1.7105,WEAK,0.80859,0.16895,0.13379,139,30
171,49,9,49_chunk_3aa249a9-e34a-4a33-90d2-32dea9878616,4,1.7056,PARTIAL,0.76953,0.16895,0.09326,157,30
171,49,10,49_chunk_89eae547-7c41-4fc6-b6dd-fc0efbe6b6c1,4,1.5271,WEAK,0.83594,0.16895,0.15723,120,30
171,49,1,49_chunk_7ccebe43-bc65-4369-a832-b671a265bee4,8,8.8433,WEAK,0.67969,0.10498,0.13184,189,30
171,49,2,49_chunk_85a7b6d8-0868-4698-904d-662e3eaa1c61,8,2.8816,STRONG,0.69922,0.10498,0.10059,264,30
171,49,3,49_chunk_67321cf0-a4b1-4796-80c2-467e26fab00b,8,2.3633,PARTIAL,0.71094,0.10498,0.11084,193,30
171,49,4,49_chunk_7327608b-7801-4b70-9d07-34655264a771,8,2.2818,WEAK,0.69922,0.10498,0.10107,256,30
171,49,5,49_chunk_f53b6048-0cbd-49c4-8f7a-d996feb0f6dd,8,2.2285,STRONG,0.66016,0.10498,0.09424,224,30
171,49,6,49_chunk_f207f5d4-11a0-4da0-a308-b643557bf5af,8,2.22,STRONG,0.71875,0.10498,0.0874,85,30
171,49,7,49_chunk_266ba80a-a72d-4a34-a3c4-e579369ae390,8,1.7428,STRONG,0.52734,0.10498,0.13086,274,30
171,49,8,49_chunk_734d631d-ed88-45e9-a2b8-34c123a5de65,8,1.7105,WEAK,0.71094,0.10498,0.10889,139,30
171,49,9,49_chunk_3aa249a9-e34a-4a33-90d2-32dea9878616,8,1.7056,PARTIAL,0.625,0.10498,0.06982,157,30
171,49,10,49_chunk_89eae547-7c41-4fc6-b6dd-fc0efbe6b6c1,8,1.5271,WEAK,0.75,0.10498,0.11865,120,30
171,49,1,49_chunk_7ccebe43-bc65-4369-a832-b671a265bee4,16,8.8433,WEAK,0.61328,0.0481,0.07422,189,30
171,49,2,49_chunk_85a7b6d8-0868-4698-904d-662e3eaa1c61,16,2.8816,STRONG,0.61328,0.0481,0.0564,264,30
171,49,3,49_chunk_67321cf0-a4b1-4796-80c2-467e26fab00b,16,2.3633,PARTIAL,0.64844,0.0481,0.06982,193,30
171,49,4,49_chunk_7327608b-7801-4b70-9d07-34655264a771,16,2.2818,WEAK,0.55859,0.0481,0.05811,256,30
171,49,5,49_chunk_f53b6048-0cbd-49c4-8f7a-d996feb0f6dd,16,2.2285,STRONG,0.55078,0.0481,0.06104,224,30
171,49,6,49_chunk_f207f5d4-11a0-4da0-a308-b643557bf5af,16,2.22,STRONG,0.60156,0.0481,0.05786,85,30
171,49,7,49_chunk_266ba80a-a72d-4a34-a3c4-e579369ae390,16,1.7428,STRONG,0.4082,0.0481,0.09814,274,30
171,49,8,49_chunk_734d631d-ed88-45e9-a2b8-34c123a5de65,16,1.7105,WEAK,0.56641,0.0481,0.06299,139,30
171,49,9,49_chunk_3aa249a9-e34a-4a33-90d2-32dea9878616,16,1.7056,PARTIAL,0.45703,0.0481,0.05518,157,30
171,49,10,49_chunk_89eae547-7c41-4fc6-b6dd-fc0efbe6b6c1,16,1.5271,WEAK,0.64844,0.0481,0.0603,120,30
171,49,1,49_chunk_7ccebe43-bc65-4369-a832-b671a265bee4,24,8.8433,WEAK,0.73828,0.04395,0.05591,189,30
171,49,2,49_chunk_85a7b6d8-0868-4698-904d-662e3eaa1c61,24,2.8816,STRONG,0.74609,0.04395,0.05151,264,30
171,49,3,49_chunk_67321cf0-a4b1-4796-80c2-467e26fab00b,24,2.3633,PARTIAL,0.76953,0.04395,0.06348,193,30
171,49,4,49_chunk_7327608b-7801-4b70-9d07-34655264a771,24,2.2818,WEAK,0.72656,0.04395,0.05615,256,30
171,49,5,49_chunk_f53b6048-0cbd-49c4-8f7a-d996feb0f6dd,24,2.2285,STRONG,0.70703,0.04395,0.05103,224,30
171,49,6,49_chunk_f207f5d4-11a0-4da0-a308-b643557bf5af,24,2.22,STRONG,0.73438,0.04395,0.05225,85,30
171,49,7,49_chunk_266ba80a-a72d-4a34-a3c4-e579369ae390,24,1.7428,STRONG,0.58203,0.04395,0.07373,274,30
171,49,8,49_chunk_734d631d-ed88-45e9-a2b8-34c123a5de65,24,1.7105,WEAK,0.72266,0.04395,0.04614,139,30
171,49,9,49_chunk_3aa249a9-e34a-4a33-90d2-32dea9878616,24,1.7056,PARTIAL,0.65625,0.04395,0.0603,157,30
171,49,10,49_chunk_89eae547-7c41-4fc6-b6dd-fc0efbe6b6c1,24,1.5271,WEAK,0.77734,0.04395,0.05566,120,30
171,49,1,49_chunk_7ccebe43-bc65-4369-a832-b671a265bee4,31,8.8433,WEAK,0.83203,0.03369,0.03784,189,30
171,49,2,49_chunk_85a7b6d8-0868-4698-904d-662e3eaa1c61,31,2.8816,STRONG,0.84375,0.03369,0.02612,264,30
171,49,3,49_chunk_67321cf0-a4b1-4796-80c2-467e26fab00b,31,2.3633,PARTIAL,0.85547,0.03369,0.03687,193,30
171,49,4,49_chunk_7327608b-7801-4b70-9d07-34655264a771,31,2.2818,WEAK,0.83203,0.03369,0.03394,256,30
171,49,5,49_chunk_f53b6048-0cbd-49c4-8f7a-d996feb0f6dd,31,2.2285,STRONG,0.81641,0.03369,0.03247,224,30
171,49,6,49_chunk_f207f5d4-11a0-4da0-a308-b643557bf5af,31,2.22,STRONG,0.82422,0.03369,0.02441,85,30
171,49,7,49_chunk_266ba80a-a72d-4a34-a3c4-e579369ae390,31,1.7428,STRONG,0.72266,0.03369,0.0354,274,30
171,49,8,49_chunk_734d631d-ed88-45e9-a2b8-34c123a5de65,31,1.7105,WEAK,0.81641,0.03369,0.02588,139,30
171,49,9,49_chunk_3aa249a9-e34a-4a33-90d2-32dea9878616,31,1.7056,PARTIAL,0.77344,0.03369,0.04077,157,30
171,49,10,49_chunk_89eae547-7c41-4fc6-b6dd-fc0efbe6b6c1,31,1.5271,WEAK,0.85547,0.03369,0.0376,120,30
1779,583,1,583_chunk_60d86fcc-5d72-4a72-a585-4192907f94bd,0,5.1079,WEAK,0.72266,1.0,1.0,178,14
1779,583,2,583_chunk_82148b7b-b970-4f7e-bc7a-afedd5b902b0,0,2.7669,WEAK,0.67969,1.0,0.99609,207,14
1779,583,3,583_chunk_296e4f24-d20f-4f79-aff2-065ee40b04df,0,1.3284,STRONG,0.62109,1.0,1.0,245,14
1779,583,4,583_chunk_41717075-6e30-4a42-afb0-0cdcbb415b35,0,1.0983,WEAK,0.63281,1.0,1.0,175,14
1779,583,5,583_chunk_41c50020-b3fb-45cc-a22a-d5a27b5ca51c,0,0.7781,WEAK,0.61719,1.0,1.0,156,14
1779,583,6,583_chunk_432bec4f-3f72-4b2b-bdf9-ffcda3b9fff8,0,0.7218,WEAK,0.51953,1.0,0.99609,238,14
1779,583,7,583_chunk_b018b699-8dd4-4ada-bac3-d57d4ee34bbe,0,0.7188,NONE,0.61719,1.0,0.99609,252,14
1779,583,8,583_chunk_d638045f-b7ca-4674-984a-c9ecf53fcf24,0,0.5629,NONE,0.51562,1.0,0.99609,232,14
1779,583,9,583_chunk_f38c2646-f722-44fc-ae89-746b454fd239,0,0.4744,NONE,0.59766,1.0,0.99609,185,14
1779,583,10,583_chunk_06b06c7f-a987-40b3-8bf5-f65fb69a4c19,0,0.3983,NONE,0.60156,1.0,0.99219,223,14
1779,583,1,583_chunk_60d86fcc-5d72-4a72-a585-4192907f94bd,4,5.1079,WEAK,0.71094,0.17383,0.14355,178,14
1779,583,2,583_chunk_82148b7b-b970-4f7e-bc7a-afedd5b902b0,4,2.7669,WEAK,0.72656,0.17383,0.13867,207,14
1779,583,3,583_chunk_296e4f24-d20f-4f79-aff2-065ee40b04df,4,1.3284,STRONG,0.71484,0.17383,0.125,245,14
1779,583,4,583_chunk_41717075-6e30-4a42-afb0-0cdcbb415b35,4,1.0983,WEAK,0.73438,0.17383,0.13672,175,14
1779,583,5,583_chunk_41c50020-b3fb-45cc-a22a-d5a27b5ca51c,4,0.7781,WEAK,0.74609,0.17383,0.11475,156,14
1779,583,6,583_chunk_432bec4f-3f72-4b2b-bdf9-ffcda3b9fff8,4,0.7218,WEAK,0.6875,0.17383,0.11865,238,14
1779,583,7,583_chunk_b018b699-8dd4-4ada-bac3-d57d4ee34bbe,4,0.7188,NONE,0.73828,0.17383,0.1543,252,14
1779,583,8,583_chunk_d638045f-b7ca-4674-984a-c9ecf53fcf24,4,0.5629,NONE,0.67578,0.17383,0.12158,232,14
1779,583,9,583_chunk_f38c2646-f722-44fc-ae89-746b454fd239,4,0.4744,NONE,0.69141,0.17383,0.12305,185,14
1779,583,10,583_chunk_06b06c7f-a987-40b3-8bf5-f65fb69a4c19,4,0.3983,NONE,0.71875,0.17383,0.1543,223,14
1779,583,1,583_chunk_60d86fcc-5d72-4a72-a585-4192907f94bd,8,5.1079,WEAK,0.60156,0.09326,0.09424,178,14
1779,583,2,583_chunk_82148b7b-b970-4f7e-bc7a-afedd5b902b0,8,2.7669,WEAK,0.60938,0.09326,0.10352,207,14
1779,583,3,583_chunk_296e4f24-d20f-4f79-aff2-065ee40b04df,8,1.3284,STRONG,0.55469,0.09326,0.09912,245,14
1779,583,4,583_chunk_41717075-6e30-4a42-afb0-0cdcbb415b35,8,1.0983,WEAK,0.58594,0.09326,0.10303,175,14
1779,583,5,583_chunk_41c50020-b3fb-45cc-a22a-d5a27b5ca51c,8,0.7781,WEAK,0.63281,0.09326,0.07764,156,14
1779,583,6,583_chunk_432bec4f-3f72-4b2b-bdf9-ffcda3b9fff8,8,0.7218,WEAK,0.53516,0.09326,0.06445,238,14
1779,583,7,583_chunk_b018b699-8dd4-4ada-bac3-d57d4ee34bbe,8,0.7188,NONE,0.55469,0.09326,0.13477,252,14
1779,583,8,583_chunk_d638045f-b7ca-4674-984a-c9ecf53fcf24,8,0.5629,NONE,0.43164,0.09326,0.06689,232,14
1779,583,9,583_chunk_f38c2646-f722-44fc-ae89-746b454fd239,8,0.4744,NONE,0.4707,0.09326,0.08496,185,14
1779,583,10,583_chunk_06b06c7f-a987-40b3-8bf5-f65fb69a4c19,8,0.3983,NONE,0.54688,0.09326,0.13086,223,14
1779,583,1,583_chunk_60d86fcc-5d72-4a72-a585-4192907f94bd,16,5.1079,WEAK,0.55469,0.05664,0.07275,178,14
1779,583,2,583_chunk_82148b7b-b970-4f7e-bc7a-afedd5b902b0,16,2.7669,WEAK,0.57031,0.05664,0.08545,207,14
1779,583,3,583_chunk_296e4f24-d20f-4f79-aff2-065ee40b04df,16,1.3284,STRONG,0.46875,0.05664,0.05615,245,14
1779,583,4,583_chunk_41717075-6e30-4a42-afb0-0cdcbb415b35,16,1.0983,WEAK,0.53516,0.05664,0.06445,175,14
1779,583,5,583_chunk_41c50020-b3fb-45cc-a22a-d5a27b5ca51c,16,0.7781,WEAK,0.51953,0.05664,0.06738,156,14
1779,583,6,583_chunk_432bec4f-3f72-4b2b-bdf9-ffcda3b9fff8,16,0.7218,WEAK,0.46289,0.05664,0.05151,238,14
1779,583,7,583_chunk_b018b699-8dd4-4ada-bac3-d57d4ee34bbe,16,0.7188,NONE,0.42969,0.05664,0.0874,252,14
1779,583,8,583_chunk_d638045f-b7ca-4674-984a-c9ecf53fcf24,16,0.5629,NONE,0.35156,0.05664,0.02979,232,14
1779,583,9,583_chunk_f38c2646-f722-44fc-ae89-746b454fd239,16,0.4744,NONE,0.37305,0.05664,0.07617,185,14
1779,583,10,583_chunk_06b06c7f-a987-40b3-8bf5-f65fb69a4c19,16,0.3983,NONE,0.38672,0.05664,0.0918,223,14
1779,583,1,583_chunk_60d86fcc-5d72-4a72-a585-4192907f94bd,24,5.1079,WEAK,0.74219,0.01697,0.05029,178,14
1779,583,2,583_chunk_82148b7b-b970-4f7e-bc7a-afedd5b902b0,24,2.7669,WEAK,0.77734,0.01697,0.052,207,14
1779,583,3,583_chunk_296e4f24-d20f-4f79-aff2-065ee40b04df,24,1.3284,STRONG,0.67969,0.01697,0.04102,245,14
1779,583,4,583_chunk_41717075-6e30-4a42-afb0-0cdcbb415b35,24,1.0983,WEAK,0.73828,0.01697,0.04492,175,14
1779,583,5,583_chunk_41c50020-b3fb-45cc-a22a-d5a27b5ca51c,24,0.7781,WEAK,0.74609,0.01697,0.04077,156,14
1779,583,6,583_chunk_432bec4f-3f72-4b2b-bdf9-ffcda3b9fff8,24,0.7218,WEAK,0.66797,0.01697,0.03833,238,14
1779,583,7,583_chunk_b018b699-8dd4-4ada-bac3-d57d4ee34bbe,24,0.7188,NONE,0.67969,0.01697,0.05981,252,14
1779,583,8,583_chunk_d638045f-b7ca-4674-984a-c9ecf53fcf24,24,0.5629,NONE,0.53906,0.01697,0.02808,232,14
1779,583,9,583_chunk_f38c2646-f722-44fc-ae89-746b454fd239,24,0.4744,NONE,0.59375,0.01697,0.05127,185,14
1779,583,10,583_chunk_06b06c7f-a987-40b3-8bf5-f65fb69a4c19,24,0.3983,NONE,0.62891,0.01697,0.06494,223,14
1779,583,1,583_chunk_60d86fcc-5d72-4a72-a585-4192907f94bd,31,5.1079,WEAK,0.83203,0.00174,0.02771,178,14
1779,583,2,583_chunk_82148b7b-b970-4f7e-bc7a-afedd5b902b0,31,2.7669,WEAK,0.85938,0.00174,0.02112,207,14
1779,583,3,583_chunk_296e4f24-d20f-4f79-aff2-065ee40b04df,31,1.3284,STRONG,0.78906,0.00174,0.02112,245,14
1779,583,4,583_chunk_41717075-6e30-4a42-afb0-0cdcbb415b35,31,1.0983,WEAK,0.83203,0.00174,0.01611,175,14
1779,583,5,583_chunk_41c50020-b3fb-45cc-a22a-d5a27b5ca51c,31,0.7781,WEAK,0.84375,0.00174,0.02271,156,14
1779,583,6,583_chunk_432bec4f-3f72-4b2b-bdf9-ffcda3b9fff8,31,0.7218,WEAK,0.73828,0.00174,0.01697,238,14
1779,583,7,583_chunk_b018b699-8dd4-4ada-bac3-d57d4ee34bbe,31,0.7188,NONE,0.80078,0.00174,0.01483,252,14
1779,583,8,583_chunk_d638045f-b7ca-4674-984a-c9ecf53fcf24,31,0.5629,NONE,0.65625,0.00174,0.01086,232,14
1779,583,9,583_chunk_f38c2646-f722-44fc-ae89-746b454fd239,31,0.4744,NONE,0.70312,0.00174,0.01868,185,14
1779,583,10,583_chunk_06b06c7f-a987-40b3-8bf5-f65fb69a4c19,31,0.3983,NONE,0.75,0.00174,0.01782,223,14
1830,604,1,604_chunk_7168e3dc-cc11-42fb-88fb-03064695f156,0,1.6116,WEAK,0.51953,1.0,1.00781,135,11
1830,604,2,604_chunk_39655a7a-4f32-4ad0-b7da-ea9e6e4143af,0,1.1943,STRONG,0.48633,1.0,1.0,238,11
1830,604,3,604_chunk_afc77ee4-5c4e-41ab-bc46-adbe360a7df8,0,0.9104,WEAK,0.51172,1.0,1.00781,151,11
1830,604,4,604_chunk_2a38cd56-3500-4a2c-ad80-1572ffd1febd,0,0.8085,NONE,0.43555,1.0,0.99609,146,11
1830,604,5,604_chunk_e448e908-ccd5-471f-875d-087c22d32af4,0,0.6145,NONE,0.47852,1.0,1.00781,264,11
1830,604,6,604_chunk_3cd4f03b-7921-4789-a1ba-0947c019feba,0,0.5223,WEAK,0.47461,1.0,1.00781,159,11
1830,604,7,604_chunk_7db6af00-350e-4486-b8d5-0eacaa4c58f7,0,0.5053,NONE,0.49805,1.0,1.00781,158,11
1830,604,8,604_chunk_6bc31426-5d4a-444f-9466-c8eec50d31fe,0,0.487,NONE,0.49219,1.0,1.0,86,11
1830,604,9,604_chunk_e44042fc-0035-4ee5-97b4-76a00fa37ab2,0,0.38,NONE,0.47266,1.0,0.99609,144,11
1830,604,10,604_chunk_dde2aa9c-ae85-4550-81c2-042b523c6820,0,0.2827,NONE,0.5,1.0,0.99609,251,11
1830,604,1,604_chunk_7168e3dc-cc11-42fb-88fb-03064695f156,4,1.6116,WEAK,0.57422,0.21973,0.14258,135,11
1830,604,2,604_chunk_39655a7a-4f32-4ad0-b7da-ea9e6e4143af,4,1.1943,STRONG,0.60156,0.21973,0.16406,238,11
1830,604,3,604_chunk_afc77ee4-5c4e-41ab-bc46-adbe360a7df8,4,0.9104,WEAK,0.61328,0.21973,0.13477,151,11
1830,604,4,604_chunk_2a38cd56-3500-4a2c-ad80-1572ffd1febd,4,0.8085,NONE,0.62109,0.21973,0.11182,146,11
1830,604,5,604_chunk_e448e908-ccd5-471f-875d-087c22d32af4,4,0.6145,NONE,0.61719,0.21973,0.13672,264,11
1830,604,6,604_chunk_3cd4f03b-7921-4789-a1ba-0947c019feba,4,0.5223,WEAK,0.63672,0.21973,0.11963,159,11
1830,604,7,604_chunk_7db6af00-350e-4486-b8d5-0eacaa4c58f7,4,0.5053,NONE,0.65625,0.21973,0.12988,158,11
1830,604,8,604_chunk_6bc31426-5d4a-444f-9466-c8eec50d31fe,4,0.487,NONE,0.63672,0.21973,0.14551,86,11
1830,604,9,604_chunk_e44042fc-0035-4ee5-97b4-76a00fa37ab2,4,0.38,NONE,0.62109,0.21973,0.12158,144,11
1830,604,10,604_chunk_dde2aa9c-ae85-4550-81c2-042b523c6820,4,0.2827,NONE,0.63281,0.21973,0.10889,251,11
1830,604,1,604_chunk_7168e3dc-cc11-42fb-88fb-03064695f156,8,1.6116,WEAK,0.45508,0.14355,0.10156,135,11
1830,604,2,604_chunk_39655a7a-4f32-4ad0-b7da-ea9e6e4143af,8,1.1943,STRONG,0.44531,0.14355,0.11816,238,11
1830,604,3,604_chunk_afc77ee4-5c4e-41ab-bc46-adbe360a7df8,8,0.9104,WEAK,0.45312,0.14355,0.08545,151,11
1830,604,4,604_chunk_2a38cd56-3500-4a2c-ad80-1572ffd1febd,8,0.8085,NONE,0.51172,0.14355,0.07227,146,11
1830,604,5,604_chunk_e448e908-ccd5-471f-875d-087c22d32af4,8,0.6145,NONE,0.45117,0.14355,0.1001,264,11
1830,604,6,604_chunk_3cd4f03b-7921-4789-a1ba-0947c019feba,8,0.5223,WEAK,0.47852,0.14355,0.08691,159,11
1830,604,7,604_chunk_7db6af00-350e-4486-b8d5-0eacaa4c58f7,8,0.5053,NONE,0.51172,0.14355,0.0957,158,11
1830,604,8,604_chunk_6bc31426-5d4a-444f-9466-c8eec50d31fe,8,0.487,NONE,0.48828,0.14355,0.10986,86,11
1830,604,9,604_chunk_e44042fc-0035-4ee5-97b4-76a00fa37ab2,8,0.38,NONE,0.46875,0.14355,0.09375,144,11
1830,604,10,604_chunk_dde2aa9c-ae85-4550-81c2-042b523c6820,8,0.2827,NONE,0.4707,0.14355,0.08496,251,11
1830,604,1,604_chunk_7168e3dc-cc11-42fb-88fb-03064695f156,16,1.6116,WEAK,0.45117,0.08496,0.06079,135,11
1830,604,2,604_chunk_39655a7a-4f32-4ad0-b7da-ea9e6e4143af,16,1.1943,STRONG,0.47266,0.08496,0.09863,238,11
1830,604,3,604_chunk_afc77ee4-5c4e-41ab-bc46-adbe360a7df8,16,0.9104,WEAK,0.41016,0.08496,0.06445,151,11
1830,604,4,604_chunk_2a38cd56-3500-4a2c-ad80-1572ffd1febd,16,0.8085,NONE,0.47656,0.08496,0.04199,146,11
1830,604,5,604_chunk_e448e908-ccd5-471f-875d-087c22d32af4,16,0.6145,NONE,0.44727,0.08496,0.05713,264,11
1830,604,6,604_chunk_3cd4f03b-7921-4789-a1ba-0947c019feba,16,0.5223,WEAK,0.4375,0.08496,0.07129,159,11
1830,604,7,604_chunk_7db6af00-350e-4486-b8d5-0eacaa4c58f7,16,0.5053,NONE,0.48242,0.08496,0.05176,158,11
1830,604,8,604_chunk_6bc31426-5d4a-444f-9466-c8eec50d31fe,16,0.487,NONE,0.47656,0.08496,0.05615,86,11
1830,604,9,604_chunk_e44042fc-0035-4ee5-97b4-76a00fa37ab2,16,0.38,NONE,0.43945,0.08496,0.04883,144,11
1830,604,10,604_chunk_dde2aa9c-ae85-4550-81c2-042b523c6820,16,0.2827,NONE,0.44141,0.08496,0.04297,251,11
1830,604,1,604_chunk_7168e3dc-cc11-42fb-88fb-03064695f156,24,1.6116,WEAK,0.625,0.06079,0.04907,135,11
1830,604,2,604_chunk_39655a7a-4f32-4ad0-b7da-ea9e6e4143af,24,1.1943,STRONG,0.5625,0.06079,0.05542,238,11
1830,604,3,604_chunk_afc77ee4-5c4e-41ab-bc46-adbe360a7df8,24,0.9104,WEAK,0.58594,0.06079,0.05591,151,11
1830,604,4,604_chunk_2a38cd56-3500-4a2c-ad80-1572ffd1febd,24,0.8085,NONE,0.61719,0.06079,0.01843,146,11
1830,604,5,604_chunk_e448e908-ccd5-471f-875d-087c22d32af4,24,0.6145,NONE,0.59766,0.06079,0.04639,264,11
1830,604,6,604_chunk_3cd4f03b-7921-4789-a1ba-0947c019feba,24,0.5223,WEAK,0.58594,0.06079,0.05469,159,11
1830,604,7,604_chunk_7db6af00-350e-4486-b8d5-0eacaa4c58f7,24,0.5053,NONE,0.63672,0.06079,0.04126,158,11
1830,604,8,604_chunk_6bc31426-5d4a-444f-9466-c8eec50d31fe,24,0.487,NONE,0.625,0.06079,0.04028,86,11
1830,604,9,604_chunk_e44042fc-0035-4ee5-97b4-76a00fa37ab2,24,0.38,NONE,0.60547,0.06079,0.03857,144,11
1830,604,10,604_chunk_dde2aa9c-ae85-4550-81c2-042b523c6820,24,0.2827,NONE,0.60547,0.06079,0.03662,251,11
1830,604,1,604_chunk_7168e3dc-cc11-42fb-88fb-03064695f156,31,1.6116,WEAK,0.71484,0.02295,0.02075,135,11
1830,604,2,604_chunk_39655a7a-4f32-4ad0-b7da-ea9e6e4143af,31,1.1943,STRONG,0.66406,0.02295,0.0166,238,11
1830,604,3,604_chunk_afc77ee4-5c4e-41ab-bc46-adbe360a7df8,31,0.9104,WEAK,0.6875,0.02295,0.00787,151,11
1830,604,4,604_chunk_2a38cd56-3500-4a2c-ad80-1572ffd1febd,31,0.8085,NONE,0.70312,0.02295,-0.00166,146,11
1830,604,5,604_chunk_e448e908-ccd5-471f-875d-087c22d32af4,31,0.6145,NONE,0.70312,0.02295,0.01459,264,11
1830,604,6,604_chunk_3cd4f03b-7921-4789-a1ba-0947c019feba,31,0.5223,WEAK,0.6875,0.02295,0.00793,159,11
1830,604,7,604_chunk_7db6af00-350e-4486-b8d5-0eacaa4c58f7,31,0.5053,NONE,0.73438,0.02295,0.02124,158,11
1830,604,8,604_chunk_6bc31426-5d4a-444f-9466-c8eec50d31fe,31,0.487,NONE,0.72656,0.02295,0.01288,86,11
1830,604,9,604_chunk_e44042fc-0035-4ee5-97b4-76a00fa37ab2,31,0.38,NONE,0.70703,0.02295,0.00946,144,11
1830,604,10,604_chunk_dde2aa9c-ae85-4550-81c2-042b523c6820,31,0.2827,NONE,0.71094,0.02295,0.01819,251,11
1909,637,1,637_chunk_1be6ee5a-9bb7-4c8d-a8f0-a26ca533c1fc,0,1.4806,WEAK,0.44141,1.0,1.0,95,7
1909,637,2,637_chunk_66e61aef-e8bb-4386-8317-648f7e692cc7,0,1.0084,WEAK,0.48047,1.0,0.99609,278,7
1909,637,3,637_chunk_f47d0437-b070-45eb-be50-8cd57cec47c0,0,0.9027,WEAK,0.4668,1.0,1.0,273,7
1909,637,4,637_chunk_22b36135-d91e-4a84-99ff-9b9e0ecd451c,0,0.7641,WEAK,0.46484,1.0,1.0,252,7
1909,637,5,637_chunk_970704fd-5ead-4eba-aac5-d03bc65bcdff,0,0.7616,WEAK,0.37891,1.0,1.00781,108,7
1909,637,6,637_chunk_744345df-f1aa-4d6b-8833-36618ac01d07,0,0.7404,WEAK,0.49219,1.0,0.99609,251,7
1909,637,7,637_chunk_32fb20a9-94bf-4398-a414-f8b6319caf13,0,0.6421,NONE,0.42578,1.0,1.0,42,7
1909,637,8,637_chunk_f5b08cc6-5d30-4b6c-a10e-429fab09fdd7,0,0.5091,WEAK,0.37891,1.0,1.0,167,7
1909,637,9,637_chunk_75d50d9c-4171-449a-a030-abbc798d176d,0,0.4787,STRONG,0.4043,1.0,0.99609,216,7
1909,637,10,637_chunk_f0a978c3-2f50-4ad6-bd27-50264e5bb309,0,0.4551,WEAK,0.47461,1.0,0.99609,172,7
1909,637,1,637_chunk_1be6ee5a-9bb7-4c8d-a8f0-a26ca533c1fc,4,1.4806,WEAK,0.51953,0.22168,0.18359,95,7
1909,637,2,637_chunk_66e61aef-e8bb-4386-8317-648f7e692cc7,4,1.0084,WEAK,0.55859,0.22168,0.14453,278,7
1909,637,3,637_chunk_f47d0437-b070-45eb-be50-8cd57cec47c0,4,0.9027,WEAK,0.58594,0.22168,0.16309,273,7
1909,637,4,637_chunk_22b36135-d91e-4a84-99ff-9b9e0ecd451c,4,0.7641,WEAK,0.61719,0.22168,0.15039,252,7
1909,637,5,637_chunk_970704fd-5ead-4eba-aac5-d03bc65bcdff,4,0.7616,WEAK,0.625,0.22168,0.14453,108,7
1909,637,6,637_chunk_744345df-f1aa-4d6b-8833-36618ac01d07,4,0.7404,WEAK,0.61719,0.22168,0.14062,251,7
1909,637,7,637_chunk_32fb20a9-94bf-4398-a414-f8b6319caf13,4,0.6421,NONE,0.60547,0.22168,0.16797,42,7
1909,637,8,637_chunk_f5b08cc6-5d30-4b6c-a10e-429fab09fdd7,4,0.5091,WEAK,0.625,0.22168,0.11768,167,7
1909,637,9,637_chunk_75d50d9c-4171-449a-a030-abbc798d176d,4,0.4787,STRONG,0.63672,0.22168,0.17969,216,7
1909,637,10,637_chunk_f0a978c3-2f50-4ad6-bd27-50264e5bb309,4,0.4551,WEAK,0.66406,0.22168,0.13379,172,7
1909,637,1,637_chunk_1be6ee5a-9bb7-4c8d-a8f0-a26ca533c1fc,8,1.4806,WEAK,0.47852,0.1377,0.13867,95,7
1909,637,2,637_chunk_66e61aef-e8bb-4386-8317-648f7e692cc7,8,1.0084,WEAK,0.42578,0.1377,0.10498,278,7
1909,637,3,637_chunk_f47d0437-b070-45eb-be50-8cd57cec47c0,8,0.9027,WEAK,0.4668,0.1377,0.11816,273,7
1909,637,4,637_chunk_22b36135-d91e-4a84-99ff-9b9e0ecd451c,8,0.7641,WEAK,0.45703,0.1377,0.10889,252,7
1909,637,5,637_chunk_970704fd-5ead-4eba-aac5-d03bc65bcdff,8,0.7616,WEAK,0.50781,0.1377,0.10205,108,7
1909,637,6,637_chunk_744345df-f1aa-4d6b-8833-36618ac01d07,8,0.7404,WEAK,0.48633,0.1377,0.10986,251,7
1909,637,7,637_chunk_32fb20a9-94bf-4398-a414-f8b6319caf13,8,0.6421,NONE,0.46875,0.1377,0.10449,42,7
1909,637,8,637_chunk_f5b08cc6-5d30-4b6c-a10e-429fab09fdd7,8,0.5091,WEAK,0.48242,0.1377,0.07666,167,7
1909,637,9,637_chunk_75d50d9c-4171-449a-a030-abbc798d176d,8,0.4787,STRONG,0.50391,0.1377,0.13184,216,7
1909,637,10,637_chunk_f0a978c3-2f50-4ad6-bd27-50264e5bb309,8,0.4551,WEAK,0.56641,0.1377,0.10303,172,7
1909,637,1,637_chunk_1be6ee5a-9bb7-4c8d-a8f0-a26ca533c1fc,16,1.4806,WEAK,0.38086,0.07129,0.10205,95,7
1909,637,2,637_chunk_66e61aef-e8bb-4386-8317-648f7e692cc7,16,1.0084,WEAK,0.35352,0.07129,0.05273,278,7
1909,637,3,637_chunk_f47d0437-b070-45eb-be50-8cd57cec47c0,16,0.9027,WEAK,0.38086,0.07129,0.0625,273,7
1909,637,4,637_chunk_22b36135-d91e-4a84-99ff-9b9e0ecd451c,16,0.7641,WEAK,0.35547,0.07129,0.06689,252,7
1909,637,5,637_chunk_970704fd-5ead-4eba-aac5-d03bc65bcdff,16,0.7616,WEAK,0.39844,0.07129,0.06641,108,7
1909,637,6,637_chunk_744345df-f1aa-4d6b-8833-36618ac01d07,16,0.7404,WEAK,0.40039,0.07129,0.05591,251,7
1909,637,7,637_chunk_32fb20a9-94bf-4398-a414-f8b6319caf13,16,0.6421,NONE,0.34961,0.07129,0.05762,42,7
1909,637,8,637_chunk_f5b08cc6-5d30-4b6c-a10e-429fab09fdd7,16,0.5091,WEAK,0.39062,0.07129,0.04932,167,7
1909,637,9,637_chunk_75d50d9c-4171-449a-a030-abbc798d176d,16,0.4787,STRONG,0.4707,0.07129,0.09717,216,7
1909,637,10,637_chunk_f0a978c3-2f50-4ad6-bd27-50264e5bb309,16,0.4551,WEAK,0.49414,0.07129,0.06494,172,7
1909,637,1,637_chunk_1be6ee5a-9bb7-4c8d-a8f0-a26ca533c1fc,24,1.4806,WEAK,0.64844,0.05054,0.0708,95,7
1909,637,2,637_chunk_66e61aef-e8bb-4386-8317-648f7e692cc7,24,1.0084,WEAK,0.59375,0.05054,0.04297,278,7
1909,637,3,637_chunk_f47d0437-b070-45eb-be50-8cd57cec47c0,24,0.9027,WEAK,0.62891,0.05054,0.05835,273,7
1909,637,4,637_chunk_22b36135-d91e-4a84-99ff-9b9e0ecd451c,24,0.7641,WEAK,0.59766,0.05054,0.05688,252,7
1909,637,5,637_chunk_970704fd-5ead-4eba-aac5-d03bc65bcdff,24,0.7616,WEAK,0.65625,0.05054,0.03687,108,7
1909,637,6,637_chunk_744345df-f1aa-4d6b-8833-36618ac01d07,24,0.7404,WEAK,0.62891,0.05054,0.03711,251,7
1909,637,7,637_chunk_32fb20a9-94bf-4398-a414-f8b6319caf13,24,0.6421,NONE,0.61328,0.05054,0.0459,42,7
1909,637,8,637_chunk_f5b08cc6-5d30-4b6c-a10e-429fab09fdd7,24,0.5091,WEAK,0.64062,0.05054,0.04126,167,7
1909,637,9,637_chunk_75d50d9c-4171-449a-a030-abbc798d176d,24,0.4787,STRONG,0.64453,0.05054,0.06079,216,7
1909,637,10,637_chunk_f0a978c3-2f50-4ad6-bd27-50264e5bb309,24,0.4551,WEAK,0.69922,0.05054,0.05225,172,7
1909,637,1,637_chunk_1be6ee5a-9bb7-4c8d-a8f0-a26ca533c1fc,31,1.4806,WEAK,0.73828,0.00375,0.02856,95,7
1909,637,2,637_chunk_66e61aef-e8bb-4386-8317-648f7e692cc7,31,1.0084,WEAK,0.74609,0.00375,0.02612,278,7
1909,637,3,637_chunk_f47d0437-b070-45eb-be50-8cd57cec47c0,31,0.9027,WEAK,0.76562,0.00375,0.02332,273,7
1909,637,4,637_chunk_22b36135-d91e-4a84-99ff-9b9e0ecd451c,31,0.7641,WEAK,0.76172,0.00375,0.0152,252,7
1909,637,5,637_chunk_970704fd-5ead-4eba-aac5-d03bc65bcdff,31,0.7616,WEAK,0.76953,0.00375,-0.0012,108,7
1909,637,6,637_chunk_744345df-f1aa-4d6b-8833-36618ac01d07,31,0.7404,WEAK,0.76172,0.00375,0.01416,251,7
1909,637,7,637_chunk_32fb20a9-94bf-4398-a414-f8b6319caf13,31,0.6421,NONE,0.74609,0.00375,0.02429,42,7
1909,637,8,637_chunk_f5b08cc6-5d30-4b6c-a10e-429fab09fdd7,31,0.5091,WEAK,0.77344,0.00375,0.01508,167,7
1909,637,9,637_chunk_75d50d9c-4171-449a-a030-abbc798d176d,31,0.4787,STRONG,0.76562,0.00375,0.01599,216,7
1909,637,10,637_chunk_f0a978c3-2f50-4ad6-bd27-50264e5bb309,31,0.4551,WEAK,0.82422,0.00375,0.01508,172,7
1926,643,1,643_chunk_f48edb8c-0d43-4074-b1b8-4f8e7dc0b721,0,1.125,STRONG,0.49414,0.99609,1.0,225,8
1926,643,2,643_chunk_bece27a5-d61a-44ea-bdff-520905eb96fe,0,0.9429,WEAK,0.49805,0.99609,1.0,164,8
1926,643,3,643_chunk_71c842c3-74fa-40eb-b09d-d1b98c84ef3e,0,0.7567,PARTIAL,0.50391,0.99609,1.0,279,8
1926,643,4,643_chunk_a9a7a446-db60-4bd4-85bc-154130ce51bf,0,0.5802,NONE,0.47656,0.99609,1.0,263,8
1926,643,5,643_chunk_161bc451-62c8-40ac-bd33-75d2eb043eb0,0,0.3245,NONE,0.41016,0.99609,0.99609,24,8
1926,643,6,643_chunk_8b1a37f0-96b1-46c1-9ebf-c2673978bfd5,0,0.3162,WEAK,0.51172,0.99609,1.0,284,8
1926,643,7,643_chunk_d0961965-c680-4e2f-a2eb-572db0fc72ad,0,0.2681,WEAK,0.47461,0.99609,1.0,191,8
1926,643,8,643_chunk_32aa5acd-a1af-419f-91c6-3362d58353b7,0,0.2665,NONE,0.49023,0.99609,0.99609,249,8
1926,643,9,643_chunk_561bf296-f4ea-4ee1-80ef-8666fcc9c0c5,0,0.2612,WEAK,0.45508,0.99609,0.99219,74,8
1926,643,10,643_chunk_d4a76cc0-29c5-4f32-b2fa-b82c095ea57e,0,0.2372,NONE,0.46484,0.99609,0.99219,108,8
1926,643,1,643_chunk_f48edb8c-0d43-4074-b1b8-4f8e7dc0b721,4,1.125,STRONG,0.58594,0.16895,0.13574,225,8
1926,643,2,643_chunk_bece27a5-d61a-44ea-bdff-520905eb96fe,4,0.9429,WEAK,0.61328,0.16895,0.16309,164,8
1926,643,3,643_chunk_71c842c3-74fa-40eb-b09d-d1b98c84ef3e,4,0.7567,PARTIAL,0.625,0.16895,0.14062,279,8
1926,643,4,643_chunk_a9a7a446-db60-4bd4-85bc-154130ce51bf,4,0.5802,NONE,0.61328,0.16895,0.1416,263,8
1926,643,5,643_chunk_161bc451-62c8-40ac-bd33-75d2eb043eb0,4,0.3245,NONE,0.625,0.16895,0.18359,24,8
1926,643,6,643_chunk_8b1a37f0-96b1-46c1-9ebf-c2673978bfd5,4,0.3162,WEAK,0.64062,0.16895,0.12695,284,8
1926,643,7,643_chunk_d0961965-c680-4e2f-a2eb-572db0fc72ad,4,0.2681,WEAK,0.625,0.16895,0.12793,191,8
1926,643,8,643_chunk_32aa5acd-a1af-419f-91c6-3362d58353b7,4,0.2665,NONE,0.625,0.16895,0.13574,249,8
1926,643,9,643_chunk_561bf296-f4ea-4ee1-80ef-8666fcc9c0c5,4,0.2612,WEAK,0.62891,0.16895,0.14258,74,8
1926,643,10,643_chunk_d4a76cc0-29c5-4f32-b2fa-b82c095ea57e,4,0.2372,NONE,0.62109,0.16895,0.14453,108,8
1926,643,1,643_chunk_f48edb8c-0d43-4074-b1b8-4f8e7dc0b721,8,1.125,STRONG,0.58594,0.09375,0.10645,225,8
1926,643,2,643_chunk_bece27a5-d61a-44ea-bdff-520905eb96fe,8,0.9429,WEAK,0.55078,0.09375,0.11328,164,8
1926,643,3,643_chunk_71c842c3-74fa-40eb-b09d-d1b98c84ef3e,8,0.7567,PARTIAL,0.57422,0.09375,0.104,279,8
1926,643,4,643_chunk_a9a7a446-db60-4bd4-85bc-154130ce51bf,8,0.5802,NONE,0.51953,0.09375,0.09961,263,8
1926,643,5,643_chunk_161bc451-62c8-40ac-bd33-75d2eb043eb0,8,0.3245,NONE,0.62109,0.09375,0.12695,24,8
1926,643,6,643_chunk_8b1a37f0-96b1-46c1-9ebf-c2673978bfd5,8,0.3162,WEAK,0.59375,0.09375,0.10303,284,8
1926,643,7,643_chunk_d0961965-c680-4e2f-a2eb-572db0fc72ad,8,0.2681,WEAK,0.58984,0.09375,0.08838,191,8
1926,643,8,643_chunk_32aa5acd-a1af-419f-91c6-3362d58353b7,8,0.2665,NONE,0.51562,0.09375,0.10156,249,8
1926,643,9,643_chunk_561bf296-f4ea-4ee1-80ef-8666fcc9c0c5,8,0.2612,WEAK,0.57031,0.09375,0.0957,74,8
1926,643,10,643_chunk_d4a76cc0-29c5-4f32-b2fa-b82c095ea57e,8,0.2372,NONE,0.55469,0.09375,0.10791,108,8
1926,643,1,643_chunk_f48edb8c-0d43-4074-b1b8-4f8e7dc0b721,16,1.125,STRONG,0.55859,0.06445,0.07666,225,8
1926,643,2,643_chunk_bece27a5-d61a-44ea-bdff-520905eb96fe,16,0.9429,WEAK,0.4668,0.06445,0.08008,164,8
1926,643,3,643_chunk_71c842c3-74fa-40eb-b09d-d1b98c84ef3e,16,0.7567,PARTIAL,0.53906,0.06445,0.052,279,8
1926,643,4,643_chunk_a9a7a446-db60-4bd4-85bc-154130ce51bf,16,0.5802,NONE,0.43945,0.06445,0.04468,263,8
1926,643,5,643_chunk_161bc451-62c8-40ac-bd33-75d2eb043eb0,16,0.3245,NONE,0.63281,0.06445,0.07227,24,8
1926,643,6,643_chunk_8b1a37f0-96b1-46c1-9ebf-c2673978bfd5,16,0.3162,WEAK,0.58984,0.06445,0.06494,284,8
1926,643,7,643_chunk_d0961965-c680-4e2f-a2eb-572db0fc72ad,16,0.2681,WEAK,0.60156,0.06445,0.05981,191,8
1926,643,8,643_chunk_32aa5acd-a1af-419f-91c6-3362d58353b7,16,0.2665,NONE,0.41797,0.06445,0.07861,249,8
1926,643,9,643_chunk_561bf296-f4ea-4ee1-80ef-8666fcc9c0c5,16,0.2612,WEAK,0.48828,0.06445,0.06152,74,8
1926,643,10,643_chunk_d4a76cc0-29c5-4f32-b2fa-b82c095ea57e,16,0.2372,NONE,0.48438,0.06445,0.06201,108,8
1926,643,1,643_chunk_f48edb8c-0d43-4074-b1b8-4f8e7dc0b721,24,1.125,STRONG,0.73828,0.05762,0.04956,225,8
1926,643,2,643_chunk_bece27a5-d61a-44ea-bdff-520905eb96fe,24,0.9429,WEAK,0.66406,0.05762,0.05713,164,8
1926,643,3,643_chunk_71c842c3-74fa-40eb-b09d-d1b98c84ef3e,24,0.7567,PARTIAL,0.69141,0.05762,0.0437,279,8
1926,643,4,643_chunk_a9a7a446-db60-4bd4-85bc-154130ce51bf,24,0.5802,NONE,0.64453,0.05762,0.02661,263,8
1926,643,5,643_chunk_161bc451-62c8-40ac-bd33-75d2eb043eb0,24,0.3245,NONE,0.71094,0.05762,0.05103,24,8
1926,643,6,643_chunk_8b1a37f0-96b1-46c1-9ebf-c2673978bfd5,24,0.3162,WEAK,0.72656,0.05762,0.03809,284,8
1926,643,7,643_chunk_d0961965-c680-4e2f-a2eb-572db0fc72ad,24,0.2681,WEAK,0.74609,0.05762,0.03345,191,8
1926,643,8,643_chunk_32aa5acd-a1af-419f-91c6-3362d58353b7,24,0.2665,NONE,0.64062,0.05762,0.06055,249,8
1926,643,9,643_chunk_561bf296-f4ea-4ee1-80ef-8666fcc9c0c5,24,0.2612,WEAK,0.69531,0.05762,0.04468,74,8
1926,643,10,643_chunk_d4a76cc0-29c5-4f32-b2fa-b82c095ea57e,24,0.2372,NONE,0.68359,0.05762,0.04321,108,8
1926,643,1,643_chunk_f48edb8c-0d43-4074-b1b8-4f8e7dc0b721,31,1.125,STRONG,0.81641,0.02661,0.01135,225,8
1926,643,2,643_chunk_bece27a5-d61a-44ea-bdff-520905eb96fe,31,0.9429,WEAK,0.78516,0.02661,0.02283,164,8
1926,643,3,643_chunk_71c842c3-74fa-40eb-b09d-d1b98c84ef3e,31,0.7567,PARTIAL,0.80469,0.02661,0.02222,279,8
1926,643,4,643_chunk_a9a7a446-db60-4bd4-85bc-154130ce51bf,31,0.5802,NONE,0.77734,0.02661,0.01398,263,8
1926,643,5,643_chunk_161bc451-62c8-40ac-bd33-75d2eb043eb0,31,0.3245,NONE,0.78906,0.02661,0.01337,24,8
1926,643,6,643_chunk_8b1a37f0-96b1-46c1-9ebf-c2673978bfd5,31,0.3162,WEAK,0.82812,0.02661,0.02087,284,8
1926,643,7,643_chunk_d0961965-c680-4e2f-a2eb-572db0fc72ad,31,0.2681,WEAK,0.83203,0.02661,0.00861,191,8
1926,643,8,643_chunk_32aa5acd-a1af-419f-91c6-3362d58353b7,31,0.2665,NONE,0.76953,0.02661,0.02466,249,8
1926,643,9,643_chunk_561bf296-f4ea-4ee1-80ef-8666fcc9c0c5,31,0.2612,WEAK,0.8125,0.02661,0.01001,74,8
1926,643,10,643_chunk_d4a76cc0-29c5-4f32-b2fa-b82c095ea57e,31,0.2372,NONE,0.79688,0.02661,0.02637,108,8
1958,660,1,660_chunk_4e53e99e-0870-40fd-abb6-e7bd826f59d0,0,2.882,WEAK,0.48242,1.0,1.0,273,9
1958,660,2,660_chunk_2f7316e9-254f-42c3-9e79-8ec5f02858d7,0,2.8783,WEAK,0.49805,1.0,0.99609,231,9
1958,660,3,660_chunk_9752e6fc-78d3-4e3b-83df-cd7102d09032,0,2.2964,NONE,0.50391,1.0,0.99609,259,9
1958,660,4,660_chunk_4fedaa8a-324c-4006-8cdd-9e9c298027cd,0,2.0935,WEAK,0.50391,1.0,1.0,246,9
1958,660,5,660_chunk_16cee75b-4bf2-4c14-b7c7-646c104af690,0,1.9765,PARTIAL,0.49219,1.0,0.99609,256,9
1958,660,6,660_chunk_62c86dca-9f85-419a-9ea7-c769f1604229,0,1.9483,WEAK,0.36719,1.0,1.00781,227,9
1958,660,7,660_chunk_3d0d14bc-7922-46a5-a860-206b12fd9c7e,0,1.7983,STRONG,0.46875,1.0,1.0,259,9
1958,660,8,660_chunk_b6204845-3f5f-40c9-a2f5-f0a7108ff980,0,1.7873,STRONG,0.50781,1.0,0.99609,265,9
1958,660,9,660_chunk_7c8eaa2d-a671-42d9-858d-4d91050bd27e,0,1.6991,WEAK,0.51172,1.0,1.0,244,9
1958,660,10,660_chunk_e0bf7d99-abfa-4b1f-a629-6f4cc22b4533,0,1.6744,NONE,0.52734,1.0,0.99609,247,9
1958,660,1,660_chunk_4e53e99e-0870-40fd-abb6-e7bd826f59d0,4,2.882,WEAK,0.5625,0.2002,0.17773,273,9
1958,660,2,660_chunk_2f7316e9-254f-42c3-9e79-8ec5f02858d7,4,2.8783,WEAK,0.59375,0.2002,0.14551,231,9
1958,660,3,660_chunk_9752e6fc-78d3-4e3b-83df-cd7102d09032,4,2.2964,NONE,0.64062,0.2002,0.1377,259,9
1958,660,4,660_chunk_4fedaa8a-324c-4006-8cdd-9e9c298027cd,4,2.0935,WEAK,0.67578,0.2002,0.16992,246,9
1958,660,5,660_chunk_16cee75b-4bf2-4c14-b7c7-646c104af690,4,1.9765,PARTIAL,0.64453,0.2002,0.12988,256,9
1958,660,6,660_chunk_62c86dca-9f85-419a-9ea7-c769f1604229,4,1.9483,WEAK,0.58203,0.2002,0.14062,227,9
1958,660,7,660_chunk_3d0d14bc-7922-46a5-a860-206b12fd9c7e,4,1.7983,STRONG,0.63281,0.2002,0.14258,259,9
1958,660,8,660_chunk_b6204845-3f5f-40c9-a2f5-f0a7108ff980,4,1.7873,STRONG,0.67969,0.2002,0.13379,265,9
1958,660,9,660_chunk_7c8eaa2d-a671-42d9-858d-4d91050bd27e,4,1.6991,WEAK,0.67969,0.2002,0.14551,244,9
1958,660,10,660_chunk_e0bf7d99-abfa-4b1f-a629-6f4cc22b4533,4,1.6744,NONE,0.70703,0.2002,0.13965,247,9
1958,660,1,660_chunk_4e53e99e-0870-40fd-abb6-e7bd826f59d0,8,2.882,WEAK,0.48828,0.12988,0.13965,273,9
1958,660,2,660_chunk_2f7316e9-254f-42c3-9e79-8ec5f02858d7,8,2.8783,WEAK,0.47852,0.12988,0.09961,231,9
1958,660,3,660_chunk_9752e6fc-78d3-4e3b-83df-cd7102d09032,8,2.2964,NONE,0.46875,0.12988,0.08643,259,9
1958,660,4,660_chunk_4fedaa8a-324c-4006-8cdd-9e9c298027cd,8,2.0935,WEAK,0.60938,0.12988,0.13477,246,9
1958,660,5,660_chunk_16cee75b-4bf2-4c14-b7c7-646c104af690,8,1.9765,PARTIAL,0.53516,0.12988,0.09912,256,9
1958,660,6,660_chunk_62c86dca-9f85-419a-9ea7-c769f1604229,8,1.9483,WEAK,0.43555,0.12988,0.09033,227,9
1958,660,7,660_chunk_3d0d14bc-7922-46a5-a860-206b12fd9c7e,8,1.7983,STRONG,0.49414,0.12988,0.10938,259,9
1958,660,8,660_chunk_b6204845-3f5f-40c9-a2f5-f0a7108ff980,8,1.7873,STRONG,0.58984,0.12988,0.10205,265,9
1958,660,9,660_chunk_7c8eaa2d-a671-42d9-858d-4d91050bd27e,8,1.6991,WEAK,0.57812,0.12988,0.11475,244,9
1958,660,10,660_chunk_e0bf7d99-abfa-4b1f-a629-6f4cc22b4533,8,1.6744,NONE,0.58203,0.12988,0.10059,247,9
1958,660,1,660_chunk_4e53e99e-0870-40fd-abb6-e7bd826f59d0,16,2.882,WEAK,0.38867,0.08301,0.10059,273,9
1958,660,2,660_chunk_2f7316e9-254f-42c3-9e79-8ec5f02858d7,16,2.8783,WEAK,0.35742,0.08301,0.05127,231,9
1958,660,3,660_chunk_9752e6fc-78d3-4e3b-83df-cd7102d09032,16,2.2964,NONE,0.36523,0.08301,0.05542,259,9
1958,660,4,660_chunk_4fedaa8a-324c-4006-8cdd-9e9c298027cd,16,2.0935,WEAK,0.50781,0.08301,0.09082,246,9
1958,660,5,660_chunk_16cee75b-4bf2-4c14-b7c7-646c104af690,16,1.9765,PARTIAL,0.41602,0.08301,0.06982,256,9
1958,660,6,660_chunk_62c86dca-9f85-419a-9ea7-c769f1604229,16,1.9483,WEAK,0.3125,0.08301,0.06079,227,9
1958,660,7,660_chunk_3d0d14bc-7922-46a5-a860-206b12fd9c7e,16,1.7983,STRONG,0.38281,0.08301,0.06787,259,9
1958,660,8,660_chunk_b6204845-3f5f-40c9-a2f5-f0a7108ff980,16,1.7873,STRONG,0.49023,0.08301,0.08447,265,9
1958,660,9,660_chunk_7c8eaa2d-a671-42d9-858d-4d91050bd27e,16,1.6991,WEAK,0.4707,0.08301,0.0835,244,9
1958,660,10,660_chunk_e0bf7d99-abfa-4b1f-a629-6f4cc22b4533,16,1.6744,NONE,0.45117,0.08301,0.07471,247,9
1958,660,1,660_chunk_4e53e99e-0870-40fd-abb6-e7bd826f59d0,24,2.882,WEAK,0.65625,0.06738,0.06201,273,9
1958,660,2,660_chunk_2f7316e9-254f-42c3-9e79-8ec5f02858d7,24,2.8783,WEAK,0.625,0.06738,0.03809,231,9
1958,660,3,660_chunk_9752e6fc-78d3-4e3b-83df-cd7102d09032,24,2.2964,NONE,0.60156,0.06738,0.04468,259,9
1958,660,4,660_chunk_4fedaa8a-324c-4006-8cdd-9e9c298027cd,24,2.0935,WEAK,0.6875,0.06738,0.06689,246,9
1958,660,5,660_chunk_16cee75b-4bf2-4c14-b7c7-646c104af690,24,1.9765,PARTIAL,0.65625,0.06738,0.04346,256,9
1958,660,6,660_chunk_62c86dca-9f85-419a-9ea7-c769f1604229,24,1.9483,WEAK,0.5625,0.06738,0.05542,227,9
1958,660,7,660_chunk_3d0d14bc-7922-46a5-a860-206b12fd9c7e,24,1.7983,STRONG,0.63281,0.06738,0.05273,259,9
1958,660,8,660_chunk_b6204845-3f5f-40c9-a2f5-f0a7108ff980,24,1.7873,STRONG,0.69922,0.06738,0.04834,265,9
1958,660,9,660_chunk_7c8eaa2d-a671-42d9-858d-4d91050bd27e,24,1.6991,WEAK,0.67578,0.06738,0.0564,244,9
1958,660,10,660_chunk_e0bf7d99-abfa-4b1f-a629-6f4cc22b4533,24,1.6744,NONE,0.64844,0.06738,0.04517,247,9
1958,660,1,660_chunk_4e53e99e-0870-40fd-abb6-e7bd826f59d0,31,2.882,WEAK,0.76953,0.02588,0.02283,273,9
1958,660,2,660_chunk_2f7316e9-254f-42c3-9e79-8ec5f02858d7,31,2.8783,WEAK,0.75,0.02588,0.0127,231,9
1958,660,3,660_chunk_9752e6fc-78d3-4e3b-83df-cd7102d09032,31,2.2964,NONE,0.74219,0.02588,0.01953,259,9
1958,660,4,660_chunk_4fedaa8a-324c-4006-8cdd-9e9c298027cd,31,2.0935,WEAK,0.79688,0.02588,0.02222,246,9
1958,660,5,660_chunk_16cee75b-4bf2-4c14-b7c7-646c104af690,31,1.9765,PARTIAL,0.77734,0.02588,0.01575,256,9
1958,660,6,660_chunk_62c86dca-9f85-419a-9ea7-c769f1604229,31,1.9483,WEAK,0.64844,0.02588,0.021,227,9
1958,660,7,660_chunk_3d0d14bc-7922-46a5-a860-206b12fd9c7e,31,1.7983,STRONG,0.76172,0.02588,0.03003,259,9
1958,660,8,660_chunk_b6204845-3f5f-40c9-a2f5-f0a7108ff980,31,1.7873,STRONG,0.8125,0.02588,0.01868,265,9
1958,660,9,660_chunk_7c8eaa2d-a671-42d9-858d-4d91050bd27e,31,1.6991,WEAK,0.78906,0.02588,0.02039,244,9
1958,660,10,660_chunk_e0bf7d99-abfa-4b1f-a629-6f4cc22b4533,31,1.6744,NONE,0.76953,0.02588,0.00861,247,9
1984,676,1,676_chunk_856cb7e7-ca11-45c4-b8f7-83b490784e48,0,0.7736,PARTIAL,0.51562,1.00781,1.0,261,8
1984,676,2,676_chunk_0e84e52f-3885-415a-882b-a96c4ab9f90f,0,0.7424,WEAK,0.55078,1.00781,1.0,255,8
1984,676,3,676_chunk_9e20ad3c-1619-4733-a947-c3cd814db9d6,0,0.7191,WEAK,0.50781,1.00781,0.99219,112,8
1984,676,4,676_chunk_ba0a4f68-e08e-485d-985f-78e61fb25826,0,0.7159,WEAK,0.55078,1.00781,1.00781,86,8
1984,676,5,676_chunk_0594ef22-fc15-454a-b69a-b1e5fabaa952,0,0.7066,STRONG,0.50391,1.00781,1.0,261,8
1984,676,6,676_chunk_0672d65f-7427-4ee9-a2d4-ddcf7d603fe6,0,0.6838,WEAK,0.55078,1.00781,0.99609,239,8
1984,676,7,676_chunk_a39e39df-4492-44ea-a273-f42a7998fd0a,0,0.6315,WEAK,0.60547,1.00781,1.0,253,8
1984,676,8,676_chunk_d599a0c0-2986-4c9c-87f1-cf006f8ac972,0,0.3048,NONE,0.57031,1.00781,0.99609,238,8
1984,676,9,676_chunk_eb8e3df1-4800-4333-a96b-ae18b7e74813,0,0.3047,PARTIAL,0.57812,1.00781,1.0,155,8
1984,676,10,676_chunk_0a12c91f-be74-4c19-8d1a-5293a9ee9150,0,0.2867,WEAK,0.58984,1.00781,1.00781,262,8
1984,676,1,676_chunk_856cb7e7-ca11-45c4-b8f7-83b490784e48,4,0.7736,PARTIAL,0.55859,0.19238,0.17676,261,8
1984,676,2,676_chunk_0e84e52f-3885-415a-882b-a96c4ab9f90f,4,0.7424,WEAK,0.61719,0.19238,0.18555,255,8
1984,676,3,676_chunk_9e20ad3c-1619-4733-a947-c3cd814db9d6,4,0.7191,WEAK,0.63672,0.19238,0.13965,112,8
1984,676,4,676_chunk_ba0a4f68-e08e-485d-985f-78e61fb25826,4,0.7159,WEAK,0.65234,0.19238,0.13672,86,8
1984,676,5,676_chunk_0594ef22-fc15-454a-b69a-b1e5fabaa952,4,0.7066,STRONG,0.625,0.19238,0.16113,261,8
1984,676,6,676_chunk_0672d65f-7427-4ee9-a2d4-ddcf7d603fe6,4,0.6838,WEAK,0.64062,0.19238,0.12598,239,8
1984,676,7,676_chunk_a39e39df-4492-44ea-a273-f42a7998fd0a,4,0.6315,WEAK,0.66016,0.19238,0.15918,253,8
1984,676,8,676_chunk_d599a0c0-2986-4c9c-87f1-cf006f8ac972,4,0.3048,NONE,0.63672,0.19238,0.14551,238,8
1984,676,9,676_chunk_eb8e3df1-4800-4333-a96b-ae18b7e74813,4,0.3047,PARTIAL,0.68359,0.19238,0.15625,155,8
1984,676,10,676_chunk_0a12c91f-be74-4c19-8d1a-5293a9ee9150,4,0.2867,WEAK,0.65625,0.19238,0.13477,262,8
1984,676,1,676_chunk_856cb7e7-ca11-45c4-b8f7-83b490784e48,8,0.7736,PARTIAL,0.51953,0.125,0.11914,261,8
1984,676,2,676_chunk_0e84e52f-3885-415a-882b-a96c4ab9f90f,8,0.7424,WEAK,0.53125,0.125,0.14453,255,8
1984,676,3,676_chunk_9e20ad3c-1619-4733-a947-c3cd814db9d6,8,0.7191,WEAK,0.57031,0.125,0.0918,112,8
1984,676,4,676_chunk_ba0a4f68-e08e-485d-985f-78e61fb25826,8,0.7159,WEAK,0.58984,0.125,0.09375,86,8
1984,676,5,676_chunk_0594ef22-fc15-454a-b69a-b1e5fabaa952,8,0.7066,STRONG,0.55469,0.125,0.10938,261,8
1984,676,6,676_chunk_0672d65f-7427-4ee9-a2d4-ddcf7d603fe6,8,0.6838,WEAK,0.55078,0.125,0.09326,239,8
1984,676,7,676_chunk_a39e39df-4492-44ea-a273-f42a7998fd0a,8,0.6315,WEAK,0.57812,0.125,0.11426,253,8
1984,676,8,676_chunk_d599a0c0-2986-4c9c-87f1-cf006f8ac972,8,0.3048,NONE,0.50391,0.125,0.104,238,8
1984,676,9,676_chunk_eb8e3df1-4800-4333-a96b-ae18b7e74813,8,0.3047,PARTIAL,0.58203,0.125,0.1167,155,8
1984,676,10,676_chunk_0a12c91f-be74-4c19-8d1a-5293a9ee9150,8,0.2867,WEAK,0.51172,0.125,0.08447,262,8
1984,676,1,676_chunk_856cb7e7-ca11-45c4-b8f7-83b490784e48,16,0.7736,PARTIAL,0.44922,0.052,0.0918,261,8
1984,676,2,676_chunk_0e84e52f-3885-415a-882b-a96c4ab9f90f,16,0.7424,WEAK,0.4375,0.052,0.10156,255,8
1984,676,3,676_chunk_9e20ad3c-1619-4733-a947-c3cd814db9d6,16,0.7191,WEAK,0.5,0.052,0.06885,112,8
1984,676,4,676_chunk_ba0a4f68-e08e-485d-985f-78e61fb25826,16,0.7159,WEAK,0.51562,0.052,0.08691,86,8
1984,676,5,676_chunk_0594ef22-fc15-454a-b69a-b1e5fabaa952,16,0.7066,STRONG,0.44336,0.052,0.05688,261,8
1984,676,6,676_chunk_0672d65f-7427-4ee9-a2d4-ddcf7d603fe6,16,0.6838,WEAK,0.41016,0.052,0.0708,239,8
1984,676,7,676_chunk_a39e39df-4492-44ea-a273-f42a7998fd0a,16,0.6315,WEAK,0.45508,0.052,0.06885,253,8
1984,676,8,676_chunk_d599a0c0-2986-4c9c-87f1-cf006f8ac972,16,0.3048,NONE,0.33203,0.052,0.06348,238,8
1984,676,9,676_chunk_eb8e3df1-4800-4333-a96b-ae18b7e74813,16,0.3047,PARTIAL,0.49219,0.052,0.07471,155,8
1984,676,10,676_chunk_0a12c91f-be74-4c19-8d1a-5293a9ee9150,16,0.2867,WEAK,0.37695,0.052,0.04932,262,8
1984,676,1,676_chunk_856cb7e7-ca11-45c4-b8f7-83b490784e48,24,0.7736,PARTIAL,0.69141,0.0282,0.05347,261,8
1984,676,2,676_chunk_0e84e52f-3885-415a-882b-a96c4ab9f90f,24,0.7424,WEAK,0.66016,0.0282,0.06152,255,8
1984,676,3,676_chunk_9e20ad3c-1619-4733-a947-c3cd814db9d6,24,0.7191,WEAK,0.66797,0.0282,0.02661,112,8
1984,676,4,676_chunk_ba0a4f68-e08e-485d-985f-78e61fb25826,24,0.7159,WEAK,0.66406,0.0282,0.06055,86,8
1984,676,5,676_chunk_0594ef22-fc15-454a-b69a-b1e5fabaa952,24,0.7066,STRONG,0.65234,0.0282,0.03638,261,8
1984,676,6,676_chunk_0672d65f-7427-4ee9-a2d4-ddcf7d603fe6,24,0.6838,WEAK,0.63281,0.0282,0.03662,239,8
1984,676,7,676_chunk_a39e39df-4492-44ea-a273-f42a7998fd0a,24,0.6315,WEAK,0.68359,0.0282,0.05371,253,8
1984,676,8,676_chunk_d599a0c0-2986-4c9c-87f1-cf006f8ac972,24,0.3048,NONE,0.62891,0.0282,0.05225,238,8
1984,676,9,676_chunk_eb8e3df1-4800-4333-a96b-ae18b7e74813,24,0.3047,PARTIAL,0.68359,0.0282,0.05884,155,8
1984,676,10,676_chunk_0a12c91f-be74-4c19-8d1a-5293a9ee9150,24,0.2867,WEAK,0.65625,0.0282,0.04199,262,8
1984,676,1,676_chunk_856cb7e7-ca11-45c4-b8f7-83b490784e48,31,0.7736,PARTIAL,0.78125,0.00665,0.00928,261,8
1984,676,2,676_chunk_0e84e52f-3885-415a-882b-a96c4ab9f90f,31,0.7424,WEAK,0.76953,0.00665,0.02466,255,8
1984,676,3,676_chunk_9e20ad3c-1619-4733-a947-c3cd814db9d6,31,0.7191,WEAK,0.80078,0.00665,0.01202,112,8
1984,676,4,676_chunk_ba0a4f68-e08e-485d-985f-78e61fb25826,31,0.7159,WEAK,0.77734,0.00665,0.03784,86,8
1984,676,5,676_chunk_0594ef22-fc15-454a-b69a-b1e5fabaa952,31,0.7066,STRONG,0.77344,0.00665,0.02087,261,8
1984,676,6,676_chunk_0672d65f-7427-4ee9-a2d4-ddcf7d603fe6,31,0.6838,WEAK,0.76562,0.00665,0.02515,239,8
1984,676,7,676_chunk_a39e39df-4492-44ea-a273-f42a7998fd0a,31,0.6315,WEAK,0.79297,0.00665,0.02625,253,8
1984,676,8,676_chunk_d599a0c0-2986-4c9c-87f1-cf006f8ac972,31,0.3048,NONE,0.75,0.00665,0.04102,238,8
1984,676,9,676_chunk_eb8e3df1-4800-4333-a96b-ae18b7e74813,31,0.3047,PARTIAL,0.79688,0.00665,0.02441,155,8
1984,676,10,676_chunk_0a12c91f-be74-4c19-8d1a-5293a9ee9150,31,0.2867,WEAK,0.76172,0.00665,0.02063,262,8
2029,695,1,695_chunk_2973bcda-4ede-4814-930c-390aaa543214,0,2.897,WEAK,0.51562,1.0,1.0,224,9
2029,695,2,695_chunk_64878603-8b51-4d3d-b871-1e2c020a37c9,0,2.511,WEAK,0.48828,1.0,1.0,240,9
2029,695,3,695_chunk_8474ec30-c707-49c8-8830-e3a64e040a92,0,2.1408,STRONG,0.48828,1.0,0.99609,238,9
2029,695,4,695_chunk_01495a28-a97d-4b90-9864-d8a256dcf3dd,0,1.0878,WEAK,0.48828,1.0,1.0,231,9
2029,695,5,695_chunk_f9bc3a68-0276-4945-b000-0d3e4a610bf9,0,0.5901,NONE,0.5,1.0,1.00781,254,9
2029,695,6,695_chunk_6f8f8a5d-5f05-498b-96e8-736350aea9e9,0,0.4181,NONE,0.47461,1.0,1.0,223,9
2029,695,7,695_chunk_598e1c89-c3f6-417a-8a6d-c292b33d8302,0,0.3953,WEAK,0.48828,1.0,1.0,262,9
2029,695,8,695_chunk_c0f6a395-d387-49d5-921a-68ac9a55128a,0,0.0,WEAK,0.4375,1.0,1.0,69,9
2029,695,9,695_chunk_ddcd240a-dff0-4fe8-9b18-c9c5057df706,0,0.0,WEAK,0.45117,1.0,1.0,163,9
2029,695,10,695_chunk_3d9aa887-c7f2-4886-94a9-c9a6527b54e1,0,0.0,NONE,0.43164,1.0,0.99609,67,9
2029,695,1,695_chunk_2973bcda-4ede-4814-930c-390aaa543214,4,2.897,WEAK,0.62891,0.19531,0.14453,224,9
2029,695,2,695_chunk_64878603-8b51-4d3d-b871-1e2c020a37c9,4,2.511,WEAK,0.63672,0.19531,0.16211,240,9
2029,695,3,695_chunk_8474ec30-c707-49c8-8830-e3a64e040a92,4,2.1408,STRONG,0.65234,0.19531,0.13965,238,9
2029,695,4,695_chunk_01495a28-a97d-4b90-9864-d8a256dcf3dd,4,1.0878,WEAK,0.66016,0.19531,0.15234,231,9
2029,695,5,695_chunk_f9bc3a68-0276-4945-b000-0d3e4a610bf9,4,0.5901,NONE,0.67188,0.19531,0.1377,254,9
2029,695,6,695_chunk_6f8f8a5d-5f05-498b-96e8-736350aea9e9,4,0.4181,NONE,0.64453,0.19531,0.14258,223,9
2029,695,7,695_chunk_598e1c89-c3f6-417a-8a6d-c292b33d8302,4,0.3953,WEAK,0.67188,0.19531,0.14648,262,9
2029,695,8,695_chunk_c0f6a395-d387-49d5-921a-68ac9a55128a,4,0.0,WEAK,0.64453,0.19531,0.15723,69,9
2029,695,9,695_chunk_ddcd240a-dff0-4fe8-9b18-c9c5057df706,4,0.0,WEAK,0.65234,0.19531,0.13086,163,9
2029,695,10,695_chunk_3d9aa887-c7f2-4886-94a9-c9a6527b54e1,4,0.0,NONE,0.63281,0.19531,0.15625,67,9
2029,695,1,695_chunk_2973bcda-4ede-4814-930c-390aaa543214,8,2.897,WEAK,0.53125,0.10986,0.11084,224,9
2029,695,2,695_chunk_64878603-8b51-4d3d-b871-1e2c020a37c9,8,2.511,WEAK,0.51953,0.10986,0.12695,240,9
2029,695,3,695_chunk_8474ec30-c707-49c8-8830-e3a64e040a92,8,2.1408,STRONG,0.56641,0.10986,0.10645,238,9
2029,695,4,695_chunk_01495a28-a97d-4b90-9864-d8a256dcf3dd,8,1.0878,WEAK,0.54297,0.10986,0.12793,231,9
2029,695,5,695_chunk_f9bc3a68-0276-4945-b000-0d3e4a610bf9,8,0.5901,NONE,0.51562,0.10986,0.11475,254,9
2029,695,6,695_chunk_6f8f8a5d-5f05-498b-96e8-736350aea9e9,8,0.4181,NONE,0.47461,0.10986,0.11328,223,9
2029,695,7,695_chunk_598e1c89-c3f6-417a-8a6d-c292b33d8302,8,0.3953,WEAK,0.52344,0.10986,0.12988,262,9
2029,695,8,695_chunk_c0f6a395-d387-49d5-921a-68ac9a55128a,8,0.0,WEAK,0.52344,0.10986,0.11621,69,9
2029,695,9,695_chunk_ddcd240a-dff0-4fe8-9b18-c9c5057df706,8,0.0,WEAK,0.51172,0.10986,0.10303,163,9
2029,695,10,695_chunk_3d9aa887-c7f2-4886-94a9-c9a6527b54e1,8,0.0,NONE,0.49414,0.10986,0.1167,67,9
2029,695,1,695_chunk_2973bcda-4ede-4814-930c-390aaa543214,16,2.897,WEAK,0.47656,0.09082,0.08545,224,9
2029,695,2,695_chunk_64878603-8b51-4d3d-b871-1e2c020a37c9,16,2.511,WEAK,0.50781,0.09082,0.08105,240,9
2029,695,3,695_chunk_8474ec30-c707-49c8-8830-e3a64e040a92,16,2.1408,STRONG,0.47656,0.09082,0.0708,238,9
2029,695,4,695_chunk_01495a28-a97d-4b90-9864-d8a256dcf3dd,16,1.0878,WEAK,0.4668,0.09082,0.09668,231,9
2029,695,5,695_chunk_f9bc3a68-0276-4945-b000-0d3e4a610bf9,16,0.5901,NONE,0.4043,0.09082,0.07178,254,9
2029,695,6,695_chunk_6f8f8a5d-5f05-498b-96e8-736350aea9e9,16,0.4181,NONE,0.33789,0.09082,0.06128,223,9
2029,695,7,695_chunk_598e1c89-c3f6-417a-8a6d-c292b33d8302,16,0.3953,WEAK,0.43555,0.09082,0.08105,262,9
2029,695,8,695_chunk_c0f6a395-d387-49d5-921a-68ac9a55128a,16,0.0,WEAK,0.38672,0.09082,0.07861,69,9
2029,695,9,695_chunk_ddcd240a-dff0-4fe8-9b18-c9c5057df706,16,0.0,WEAK,0.42969,0.09082,0.06445,163,9
2029,695,10,695_chunk_3d9aa887-c7f2-4886-94a9-c9a6527b54e1,16,0.0,NONE,0.4043,0.09082,0.08496,67,9
2029,695,1,695_chunk_2973bcda-4ede-4814-930c-390aaa543214,24,2.897,WEAK,0.6875,0.08496,0.05005,224,9
2029,695,2,695_chunk_64878603-8b51-4d3d-b871-1e2c020a37c9,24,2.511,WEAK,0.71094,0.08496,0.06299,240,9
2029,695,3,695_chunk_8474ec30-c707-49c8-8830-e3a64e040a92,24,2.1408,STRONG,0.69141,0.08496,0.05664,238,9
2029,695,4,695_chunk_01495a28-a97d-4b90-9864-d8a256dcf3dd,24,1.0878,WEAK,0.66406,0.08496,0.05371,231,9
2029,695,5,695_chunk_f9bc3a68-0276-4945-b000-0d3e4a610bf9,24,0.5901,NONE,0.61719,0.08496,0.05664,254,9
2029,695,6,695_chunk_6f8f8a5d-5f05-498b-96e8-736350aea9e9,24,0.4181,NONE,0.53906,0.08496,0.05688,223,9
2029,695,7,695_chunk_598e1c89-c3f6-417a-8a6d-c292b33d8302,24,0.3953,WEAK,0.64453,0.08496,0.06641,262,9
2029,695,8,695_chunk_c0f6a395-d387-49d5-921a-68ac9a55128a,24,0.0,WEAK,0.60547,0.08496,0.04932,69,9
2029,695,9,695_chunk_ddcd240a-dff0-4fe8-9b18-c9c5057df706,24,0.0,WEAK,0.64844,0.08496,0.04761,163,9
2029,695,10,695_chunk_3d9aa887-c7f2-4886-94a9-c9a6527b54e1,24,0.0,NONE,0.62109,0.08496,0.05615,67,9
2029,695,1,695_chunk_2973bcda-4ede-4814-930c-390aaa543214,31,2.897,WEAK,0.77344,0.03662,0.01355,224,9
2029,695,2,695_chunk_64878603-8b51-4d3d-b871-1e2c020a37c9,31,2.511,WEAK,0.80078,0.03662,0.02661,240,9
2029,695,3,695_chunk_8474ec30-c707-49c8-8830-e3a64e040a92,31,2.1408,STRONG,0.80078,0.03662,0.0271,238,9
2029,695,4,695_chunk_01495a28-a97d-4b90-9864-d8a256dcf3dd,31,1.0878,WEAK,0.77344,0.03662,0.0238,231,9
2029,695,5,695_chunk_f9bc3a68-0276-4945-b000-0d3e4a610bf9,31,0.5901,NONE,0.74609,0.03662,0.03491,254,9
2029,695,6,695_chunk_6f8f8a5d-5f05-498b-96e8-736350aea9e9,31,0.4181,NONE,0.69141,0.03662,0.02112,223,9
2029,695,7,695_chunk_598e1c89-c3f6-417a-8a6d-c292b33d8302,31,0.3953,WEAK,0.75781,0.03662,0.03247,262,9
2029,695,8,695_chunk_c0f6a395-d387-49d5-921a-68ac9a55128a,31,0.0,WEAK,0.72656,0.03662,0.0072,69,9
2029,695,9,695_chunk_ddcd240a-dff0-4fe8-9b18-c9c5057df706,31,0.0,WEAK,0.76172,0.03662,0.01831,163,9
2029,695,10,695_chunk_3d9aa887-c7f2-4886-94a9-c9a6527b54e1,31,0.0,NONE,0.74219,0.03662,0.0249,67,9
2031,696,1,696_chunk_a1dbbab9-d262-4ffa-9313-7b28b3ad306c,0,1.5278,WEAK,0.58984,1.0,1.0,197,15
2031,696,2,696_chunk_eddaf77a-68f9-469b-85d1-5304ea874f2e,0,1.5105,WEAK,0.63281,1.0,1.0,263,15
2031,696,3,696_chunk_4a3fec5d-587c-4020-9a2d-e402ca6e8236,0,1.474,NONE,0.53906,1.0,1.00781,214,15
2031,696,4,696_chunk_0cbf183e-0b34-4c75-aa4e-6b8120040010,0,1.357,NONE,0.53125,1.0,1.00781,120,15
2031,696,5,696_chunk_a1d4b3bf-f6f3-4ae5-b158-b7a5ccf13eba,0,1.3333,WEAK,0.58594,1.0,1.0,144,15
2031,696,6,696_chunk_871a65b4-57bc-47a7-9520-3671fef8dea0,0,0.6513,WEAK,0.55078,1.0,0.99609,265,15
2031,696,7,696_chunk_96ff4042-9961-42d7-b076-6185158b061c,0,0.4434,WEAK,0.53516,1.0,1.0,255,15
2031,696,8,696_chunk_0414c230-286e-4819-8727-c9f4b3ec4ab6,0,0.4242,NONE,0.53906,1.0,0.99219,254,15
2031,696,9,696_chunk_5dafd657-47a2-42bf-a12a-113e8305c13a,0,0.4223,WEAK,0.52344,1.0,1.0,252,15
2031,696,10,696_chunk_7378239f-3cdf-4202-94e4-038306fc15ad,0,0.4223,NONE,0.54297,1.0,1.0,268,15
2031,696,1,696_chunk_a1dbbab9-d262-4ffa-9313-7b28b3ad306c,4,1.5278,WEAK,0.64844,0.21094,0.19629,197,15
2031,696,2,696_chunk_eddaf77a-68f9-469b-85d1-5304ea874f2e,4,1.5105,WEAK,0.6875,0.21094,0.1709,263,15
2031,696,3,696_chunk_4a3fec5d-587c-4020-9a2d-e402ca6e8236,4,1.474,NONE,0.65625,0.21094,0.1543,214,15
2031,696,4,696_chunk_0cbf183e-0b34-4c75-aa4e-6b8120040010,4,1.357,NONE,0.67969,0.21094,0.12354,120,15
2031,696,5,696_chunk_a1d4b3bf-f6f3-4ae5-b158-b7a5ccf13eba,4,1.3333,WEAK,0.69141,0.21094,0.14648,144,15
2031,696,6,696_chunk_871a65b4-57bc-47a7-9520-3671fef8dea0,4,0.6513,WEAK,0.67578,0.21094,0.14258,265,15
2031,696,7,696_chunk_96ff4042-9961-42d7-b076-6185158b061c,4,0.4434,WEAK,0.70312,0.21094,0.14062,255,15
2031,696,8,696_chunk_0414c230-286e-4819-8727-c9f4b3ec4ab6,4,0.4242,NONE,0.67578,0.21094,0.14453,254,15
2031,696,9,696_chunk_5dafd657-47a2-42bf-a12a-113e8305c13a,4,0.4223,WEAK,0.69531,0.21094,0.13672,252,15
2031,696,10,696_chunk_7378239f-3cdf-4202-94e4-038306fc15ad,4,0.4223,NONE,0.67578,0.21094,0.10889,268,15
2031,696,1,696_chunk_a1dbbab9-d262-4ffa-9313-7b28b3ad306c,8,1.5278,WEAK,0.61328,0.12109,0.1582,197,15
2031,696,2,696_chunk_eddaf77a-68f9-469b-85d1-5304ea874f2e,8,1.5105,WEAK,0.61719,0.12109,0.13477,263,15
2031,696,3,696_chunk_4a3fec5d-587c-4020-9a2d-e402ca6e8236,8,1.474,NONE,0.48242,0.12109,0.11426,214,15
2031,696,4,696_chunk_0cbf183e-0b34-4c75-aa4e-6b8120040010,8,1.357,NONE,0.60938,0.12109,0.08691,120,15
2031,696,5,696_chunk_a1d4b3bf-f6f3-4ae5-b158-b7a5ccf13eba,8,1.3333,WEAK,0.58984,0.12109,0.11914,144,15
2031,696,6,696_chunk_871a65b4-57bc-47a7-9520-3671fef8dea0,8,0.6513,WEAK,0.57031,0.12109,0.10693,265,15
2031,696,7,696_chunk_96ff4042-9961-42d7-b076-6185158b061c,8,0.4434,WEAK,0.60938,0.12109,0.1123,255,15
2031,696,8,696_chunk_0414c230-286e-4819-8727-c9f4b3ec4ab6,8,0.4242,NONE,0.48828,0.12109,0.10742,254,15
2031,696,9,696_chunk_5dafd657-47a2-42bf-a12a-113e8305c13a,8,0.4223,WEAK,0.58594,0.12109,0.1001,252,15
2031,696,10,696_chunk_7378239f-3cdf-4202-94e4-038306fc15ad,8,0.4223,NONE,0.5,0.12109,0.09277,268,15
2031,696,1,696_chunk_a1dbbab9-d262-4ffa-9313-7b28b3ad306c,16,1.5278,WEAK,0.57422,0.07861,0.12061,197,15
2031,696,2,696_chunk_eddaf77a-68f9-469b-85d1-5304ea874f2e,16,1.5105,WEAK,0.60156,0.07861,0.07861,263,15
2031,696,3,696_chunk_4a3fec5d-587c-4020-9a2d-e402ca6e8236,16,1.474,NONE,0.39062,0.07861,0.06445,214,15
2031,696,4,696_chunk_0cbf183e-0b34-4c75-aa4e-6b8120040010,16,1.357,NONE,0.60156,0.07861,0.05347,120,15
2031,696,5,696_chunk_a1d4b3bf-f6f3-4ae5-b158-b7a5ccf13eba,16,1.3333,WEAK,0.57031,0.07861,0.05664,144,15
2031,696,6,696_chunk_871a65b4-57bc-47a7-9520-3671fef8dea0,16,0.6513,WEAK,0.55078,0.07861,0.09521,265,15
2031,696,7,696_chunk_96ff4042-9961-42d7-b076-6185158b061c,16,0.4434,WEAK,0.58203,0.07861,0.07617,255,15
2031,696,8,696_chunk_0414c230-286e-4819-8727-c9f4b3ec4ab6,16,0.4242,NONE,0.37891,0.07861,0.03638,254,15
2031,696,9,696_chunk_5dafd657-47a2-42bf-a12a-113e8305c13a,16,0.4223,WEAK,0.55078,0.07861,0.06006,252,15
2031,696,10,696_chunk_7378239f-3cdf-4202-94e4-038306fc15ad,16,0.4223,NONE,0.48242,0.07861,0.07568,268,15
2031,696,1,696_chunk_a1dbbab9-d262-4ffa-9313-7b28b3ad306c,24,1.5278,WEAK,0.76953,0.06006,0.08057,197,15
2031,696,2,696_chunk_eddaf77a-68f9-469b-85d1-5304ea874f2e,24,1.5105,WEAK,0.75391,0.06006,0.0459,263,15
2031,696,3,696_chunk_4a3fec5d-587c-4020-9a2d-e402ca6e8236,24,1.474,NONE,0.62891,0.06006,0.05786,214,15
2031,696,4,696_chunk_0cbf183e-0b34-4c75-aa4e-6b8120040010,24,1.357,NONE,0.73047,0.06006,0.0332,120,15
2031,696,5,696_chunk_a1d4b3bf-f6f3-4ae5-b158-b7a5ccf13eba,24,1.3333,WEAK,0.69141,0.06006,0.0271,144,15
2031,696,6,696_chunk_871a65b4-57bc-47a7-9520-3671fef8dea0,24,0.6513,WEAK,0.71875,0.06006,0.05029,265,15
2031,696,7,696_chunk_96ff4042-9961-42d7-b076-6185158b061c,24,0.4434,WEAK,0.73438,0.06006,0.03687,255,15
2031,696,8,696_chunk_0414c230-286e-4819-8727-c9f4b3ec4ab6,24,0.4242,NONE,0.58203,0.06006,0.03784,254,15
2031,696,9,696_chunk_5dafd657-47a2-42bf-a12a-113e8305c13a,24,0.4223,WEAK,0.71484,0.06006,0.04102,252,15
2031,696,10,696_chunk_7378239f-3cdf-4202-94e4-038306fc15ad,24,0.4223,NONE,0.58984,0.06006,0.0437,268,15
2031,696,1,696_chunk_a1dbbab9-d262-4ffa-9313-7b28b3ad306c,31,1.5278,WEAK,0.80078,0.03394,0.02417,197,15
2031,696,2,696_chunk_eddaf77a-68f9-469b-85d1-5304ea874f2e,31,1.5105,WEAK,0.80859,0.03394,0.01978,263,15
2031,696,3,696_chunk_4a3fec5d-587c-4020-9a2d-e402ca6e8236,31,1.474,NONE,0.70312,0.03394,0.01337,214,15
2031,696,4,696_chunk_0cbf183e-0b34-4c75-aa4e-6b8120040010,31,1.357,NONE,0.80078,0.03394,0.01154,120,15
2031,696,5,696_chunk_a1d4b3bf-f6f3-4ae5-b158-b7a5ccf13eba,31,1.3333,WEAK,0.77734,0.03394,0.01038,144,15
2031,696,6,696_chunk_871a65b4-57bc-47a7-9520-3671fef8dea0,31,0.6513,WEAK,0.76562,0.03394,0.00339,265,15
2031,696,7,696_chunk_96ff4042-9961-42d7-b076-6185158b061c,31,0.4434,WEAK,0.78516,0.03394,0.00699,255,15
2031,696,8,696_chunk_0414c230-286e-4819-8727-c9f4b3ec4ab6,31,0.4242,NONE,0.67969,0.03394,0.01373,254,15
2031,696,9,696_chunk_5dafd657-47a2-42bf-a12a-113e8305c13a,31,0.4223,WEAK,0.77344,0.03394,0.01385,252,15
2031,696,10,696_chunk_7378239f-3cdf-4202-94e4-038306fc15ad,31,0.4223,NONE,0.69531,0.03394,0.02356,268,15
2069,720,1,720_chunk_67c65baa-e2da-4198-8a95-6019e515756b,0,1.9057,WEAK,0.52734,1.0,1.0,231,9
2069,720,2,720_chunk_dfb5c389-0cfe-4131-aa8d-cb1437fb0e69,0,1.7757,WEAK,0.59766,1.0,1.0,251,9
2069,720,3,720_chunk_89851e5f-3d40-4115-a472-cc72f5c172ef,0,1.4528,STRONG,0.58594,1.0,1.00781,209,9
2069,720,4,720_chunk_127243dd-0ec6-4713-815c-edc8f7c97f4f,0,1.4391,WEAK,0.44922,1.0,1.0,265,9
2069,720,5,720_chunk_b68911cf-115f-4209-8daf-f1aa66897471,0,1.4296,WEAK,0.58594,1.0,1.0,149,9
2069,720,6,720_chunk_54c512f7-8658-45ed-ad41-6f2b1fbd8743,0,1.3931,WEAK,0.56641,1.0,1.0,258,9
2069,720,7,720_chunk_aac935e6-dfbe-4434-b78d-9f090d166aa0,0,1.2428,STRONG,0.57031,1.0,1.00781,268,9
2069,720,8,720_chunk_a617a8a3-11d3-4320-9fd5-e73e9ab075b1,0,1.1492,WEAK,0.4375,1.0,1.0,272,9
2069,720,9,720_chunk_02b47600-39eb-4b35-8c2a-032b6bac6934,0,1.1067,WEAK,0.44141,1.0,0.99609,197,9
2069,720,10,720_chunk_1c5b2772-9a9b-4e77-8ef7-b251f4a8f7ac,0,1.0707,WEAK,0.57031,1.0,1.00781,247,9
2069,720,1,720_chunk_67c65baa-e2da-4198-8a95-6019e515756b,4,1.9057,WEAK,0.58203,0.19727,0.13672,231,9
2069,720,2,720_chunk_dfb5c389-0cfe-4131-aa8d-cb1437fb0e69,4,1.7757,WEAK,0.66016,0.19727,0.13184,251,9
2069,720,3,720_chunk_89851e5f-3d40-4115-a472-cc72f5c172ef,4,1.4528,STRONG,0.66016,0.19727,0.13281,209,9
2069,720,4,720_chunk_127243dd-0ec6-4713-815c-edc8f7c97f4f,4,1.4391,WEAK,0.62109,0.19727,0.15527,265,9
2069,720,5,720_chunk_b68911cf-115f-4209-8daf-f1aa66897471,4,1.4296,WEAK,0.69141,0.19727,0.16406,149,9
2069,720,6,720_chunk_54c512f7-8658-45ed-ad41-6f2b1fbd8743,4,1.3931,WEAK,0.66797,0.19727,0.12256,258,9
2069,720,7,720_chunk_aac935e6-dfbe-4434-b78d-9f090d166aa0,4,1.2428,STRONG,0.68359,0.19727,0.12012,268,9
2069,720,8,720_chunk_a617a8a3-11d3-4320-9fd5-e73e9ab075b1,4,1.1492,WEAK,0.60547,0.19727,0.11719,272,9
2069,720,9,720_chunk_02b47600-39eb-4b35-8c2a-032b6bac6934,4,1.1067,WEAK,0.62109,0.19727,0.11279,197,9
2069,720,10,720_chunk_1c5b2772-9a9b-4e77-8ef7-b251f4a8f7ac,4,1.0707,WEAK,0.67578,0.19727,0.11377,247,9
2069,720,1,720_chunk_67c65baa-e2da-4198-8a95-6019e515756b,8,1.9057,WEAK,0.46289,0.11719,0.08643,231,9
2069,720,2,720_chunk_dfb5c389-0cfe-4131-aa8d-cb1437fb0e69,8,1.7757,WEAK,0.54297,0.11719,0.10645,251,9
2069,720,3,720_chunk_89851e5f-3d40-4115-a472-cc72f5c172ef,8,1.4528,STRONG,0.53125,0.11719,0.09375,209,9
2069,720,4,720_chunk_127243dd-0ec6-4713-815c-edc8f7c97f4f,8,1.4391,WEAK,0.52344,0.11719,0.09717,265,9
2069,720,5,720_chunk_b68911cf-115f-4209-8daf-f1aa66897471,8,1.4296,WEAK,0.58984,0.11719,0.12207,149,9
2069,720,6,720_chunk_54c512f7-8658-45ed-ad41-6f2b1fbd8743,8,1.3931,WEAK,0.53516,0.11719,0.09619,258,9
2069,720,7,720_chunk_aac935e6-dfbe-4434-b78d-9f090d166aa0,8,1.2428,STRONG,0.54688,0.11719,0.09277,268,9
2069,720,8,720_chunk_a617a8a3-11d3-4320-9fd5-e73e9ab075b1,8,1.1492,WEAK,0.49023,0.11719,0.07031,272,9
2069,720,9,720_chunk_02b47600-39eb-4b35-8c2a-032b6bac6934,8,1.1067,WEAK,0.49805,0.11719,0.05908,197,9
2069,720,10,720_chunk_1c5b2772-9a9b-4e77-8ef7-b251f4a8f7ac,8,1.0707,WEAK,0.50781,0.11719,0.08838,247,9
2069,720,1,720_chunk_67c65baa-e2da-4198-8a95-6019e515756b,16,1.9057,WEAK,0.46875,0.07227,0.05249,231,9
2069,720,2,720_chunk_dfb5c389-0cfe-4131-aa8d-cb1437fb0e69,16,1.7757,WEAK,0.46875,0.07227,0.06934,251,9
2069,720,3,720_chunk_89851e5f-3d40-4115-a472-cc72f5c172ef,16,1.4528,STRONG,0.47656,0.07227,0.05249,209,9
2069,720,4,720_chunk_127243dd-0ec6-4713-815c-edc8f7c97f4f,16,1.4391,WEAK,0.53125,0.07227,0.0603,265,9
2069,720,5,720_chunk_b68911cf-115f-4209-8daf-f1aa66897471,16,1.4296,WEAK,0.53125,0.07227,0.07275,149,9
2069,720,6,720_chunk_54c512f7-8658-45ed-ad41-6f2b1fbd8743,16,1.3931,WEAK,0.43945,0.07227,0.05347,258,9
2069,720,7,720_chunk_aac935e6-dfbe-4434-b78d-9f090d166aa0,16,1.2428,STRONG,0.51562,0.07227,0.04102,268,9
2069,720,8,720_chunk_a617a8a3-11d3-4320-9fd5-e73e9ab075b1,16,1.1492,WEAK,0.43555,0.07227,0.05664,272,9
2069,720,9,720_chunk_02b47600-39eb-4b35-8c2a-032b6bac6934,16,1.1067,WEAK,0.44922,0.07227,0.03589,197,9
2069,720,10,720_chunk_1c5b2772-9a9b-4e77-8ef7-b251f4a8f7ac,16,1.0707,WEAK,0.4668,0.07227,0.0481,247,9
2069,720,1,720_chunk_67c65baa-e2da-4198-8a95-6019e515756b,24,1.9057,WEAK,0.67969,0.05176,0.04224,231,9
2069,720,2,720_chunk_dfb5c389-0cfe-4131-aa8d-cb1437fb0e69,24,1.7757,WEAK,0.67578,0.05176,0.03662,251,9
2069,720,3,720_chunk_89851e5f-3d40-4115-a472-cc72f5c172ef,24,1.4528,STRONG,0.68359,0.05176,0.03882,209,9
2069,720,4,720_chunk_127243dd-0ec6-4713-815c-edc8f7c97f4f,24,1.4391,WEAK,0.69922,0.05176,0.04541,265,9
2069,720,5,720_chunk_b68911cf-115f-4209-8daf-f1aa66897471,24,1.4296,WEAK,0.71875,0.05176,0.04443,149,9
2069,720,6,720_chunk_54c512f7-8658-45ed-ad41-6f2b1fbd8743,24,1.3931,WEAK,0.65234,0.05176,0.02759,258,9
2069,720,7,720_chunk_aac935e6-dfbe-4434-b78d-9f090d166aa0,24,1.2428,STRONG,0.6875,0.05176,0.01721,268,9
2069,720,8,720_chunk_a617a8a3-11d3-4320-9fd5-e73e9ab075b1,24,1.1492,WEAK,0.65234,0.05176,0.0415,272,9
2069,720,9,720_chunk_02b47600-39eb-4b35-8c2a-032b6bac6934,24,1.1067,WEAK,0.67969,0.05176,0.02295,197,9
2069,720,10,720_chunk_1c5b2772-9a9b-4e77-8ef7-b251f4a8f7ac,24,1.0707,WEAK,0.63672,0.05176,0.01733,247,9
2069,720,1,720_chunk_67c65baa-e2da-4198-8a95-6019e515756b,31,1.9057,WEAK,0.76562,0.00142,0.01099,231,9
2069,720,2,720_chunk_dfb5c389-0cfe-4131-aa8d-cb1437fb0e69,31,1.7757,WEAK,0.79688,0.00142,0.00928,251,9
2069,720,3,720_chunk_89851e5f-3d40-4115-a472-cc72f5c172ef,31,1.4528,STRONG,0.79297,0.00142,0.00903,209,9
2069,720,4,720_chunk_127243dd-0ec6-4713-815c-edc8f7c97f4f,31,1.4391,WEAK,0.76953,0.00142,0.02783,265,9
2069,720,5,720_chunk_b68911cf-115f-4209-8daf-f1aa66897471,31,1.4296,WEAK,0.82031,0.00142,0.00729,149,9
2069,720,6,720_chunk_54c512f7-8658-45ed-ad41-6f2b1fbd8743,31,1.3931,WEAK,0.77734,0.00142,0.00644,258,9
2069,720,7,720_chunk_aac935e6-dfbe-4434-b78d-9f090d166aa0,31,1.2428,STRONG,0.80078,0.00142,-0.00232,268,9
2069,720,8,720_chunk_a617a8a3-11d3-4320-9fd5-e73e9ab075b1,31,1.1492,WEAK,0.71094,0.00142,0.0238,272,9
2069,720,9,720_chunk_02b47600-39eb-4b35-8c2a-032b6bac6934,31,1.1067,WEAK,0.74609,0.00142,0.00436,197,9
2069,720,10,720_chunk_1c5b2772-9a9b-4e77-8ef7-b251f4a8f7ac,31,1.0707,WEAK,0.75391,0.00142,-0.00443,247,9
2102,735,1,735_chunk_708f8a6d-e361-485b-be38-77a2ad1b16b1,0,1.1022,WEAK,0.53125,1.0,1.0,277,9
2102,735,2,735_chunk_4ede89e0-891c-4a99-9f73-e04820d6d159,0,0.9951,PARTIAL,0.50781,1.0,0.99609,213,9
2102,735,3,735_chunk_d0ceca11-1098-4369-8a2e-b355b2cd404a,0,0.9703,WEAK,0.39258,1.0,0.99219,209,9
2102,735,4,735_chunk_263d8483-a5e0-49a1-878f-4aee125f54d8,0,0.8505,PARTIAL,0.51953,1.0,1.00781,168,9
2102,735,5,735_chunk_647f1ad0-342d-4b7f-8655-25ec95b13236,0,0.6884,PARTIAL,0.53516,1.0,1.0,263,9
2102,735,6,735_chunk_936c6859-7fc8-4627-8cbc-1f1135324a29,0,0.6631,PARTIAL,0.49023,1.0,1.00781,155,9
2102,735,7,735_chunk_0379abc3-367d-4e7c-8f09-39d9ddb77135,0,0.6242,WEAK,0.50391,1.0,1.0,181,9
2102,735,8,735_chunk_ab559807-b3fd-41ad-8e20-b3a4701dbbc8,0,0.5389,WEAK,0.44336,1.0,1.0,240,9
2102,735,9,735_chunk_28e5d10e-f727-4a42-963f-c598470797b7,0,0.5081,PARTIAL,0.49219,1.0,0.99609,228,9
2102,735,10,735_chunk_4664a810-2d05-49fa-a9c7-1939314eccf9,0,0.5057,WEAK,0.50781,1.0,1.0,258,9
2102,735,1,735_chunk_708f8a6d-e361-485b-be38-77a2ad1b16b1,4,1.1022,WEAK,0.55859,0.15332,0.1582,277,9
2102,735,2,735_chunk_4ede89e0-891c-4a99-9f73-e04820d6d159,4,0.9951,PARTIAL,0.63281,0.15332,0.14062,213,9
2102,735,3,735_chunk_d0ceca11-1098-4369-8a2e-b355b2cd404a,4,0.9703,WEAK,0.57422,0.15332,0.13379,209,9
2102,735,4,735_chunk_263d8483-a5e0-49a1-878f-4aee125f54d8,4,0.8505,PARTIAL,0.64844,0.15332,0.1709,168,9
2102,735,5,735_chunk_647f1ad0-342d-4b7f-8655-25ec95b13236,4,0.6884,PARTIAL,0.65234,0.15332,0.13965,263,9
2102,735,6,735_chunk_936c6859-7fc8-4627-8cbc-1f1135324a29,4,0.6631,PARTIAL,0.62891,0.15332,0.13672,155,9
2102,735,7,735_chunk_0379abc3-367d-4e7c-8f09-39d9ddb77135,4,0.6242,WEAK,0.62109,0.15332,0.16992,181,9
2102,735,8,735_chunk_ab559807-b3fd-41ad-8e20-b3a4701dbbc8,4,0.5389,WEAK,0.59766,0.15332,0.15332,240,9
2102,735,9,735_chunk_28e5d10e-f727-4a42-963f-c598470797b7,4,0.5081,PARTIAL,0.625,0.15332,0.17285,228,9
2102,735,10,735_chunk_4664a810-2d05-49fa-a9c7-1939314eccf9,4,0.5057,WEAK,0.61719,0.15332,0.16699,258,9
2102,735,1,735_chunk_708f8a6d-e361-485b-be38-77a2ad1b16b1,8,1.1022,WEAK,0.45312,0.08643,0.11621,277,9
2102,735,2,735_chunk_4ede89e0-891c-4a99-9f73-e04820d6d159,8,0.9951,PARTIAL,0.56641,0.08643,0.10156,213,9
2102,735,3,735_chunk_d0ceca11-1098-4369-8a2e-b355b2cd404a,8,0.9703,WEAK,0.53906,0.08643,0.05591,209,9
2102,735,4,735_chunk_263d8483-a5e0-49a1-878f-4aee125f54d8,8,0.8505,PARTIAL,0.58984,0.08643,0.125,168,9
2102,735,5,735_chunk_647f1ad0-342d-4b7f-8655-25ec95b13236,8,0.6884,PARTIAL,0.57422,0.08643,0.10938,263,9
2102,735,6,735_chunk_936c6859-7fc8-4627-8cbc-1f1135324a29,8,0.6631,PARTIAL,0.47266,0.08643,0.09326,155,9
2102,735,7,735_chunk_0379abc3-367d-4e7c-8f09-39d9ddb77135,8,0.6242,WEAK,0.53516,0.08643,0.13477,181,9
2102,735,8,735_chunk_ab559807-b3fd-41ad-8e20-b3a4701dbbc8,8,0.5389,WEAK,0.53125,0.08643,0.10596,240,9
2102,735,9,735_chunk_28e5d10e-f727-4a42-963f-c598470797b7,8,0.5081,PARTIAL,0.53516,0.08643,0.1416,228,9
2102,735,10,735_chunk_4664a810-2d05-49fa-a9c7-1939314eccf9,8,0.5057,WEAK,0.51172,0.08643,0.13379,258,9
2102,735,1,735_chunk_708f8a6d-e361-485b-be38-77a2ad1b16b1,16,1.1022,WEAK,0.44531,0.06982,0.07861,277,9
2102,735,2,735_chunk_4ede89e0-891c-4a99-9f73-e04820d6d159,16,0.9951,PARTIAL,0.48438,0.06982,0.08496,213,9
2102,735,3,735_chunk_d0ceca11-1098-4369-8a2e-b355b2cd404a,16,0.9703,WEAK,0.39062,0.06982,0.0376,209,9
2102,735,4,735_chunk_263d8483-a5e0-49a1-878f-4aee125f54d8,16,0.8505,PARTIAL,0.47852,0.06982,0.07959,168,9
2102,735,5,735_chunk_647f1ad0-342d-4b7f-8655-25ec95b13236,16,0.6884,PARTIAL,0.4707,0.06982,0.0752,263,9
2102,735,6,735_chunk_936c6859-7fc8-4627-8cbc-1f1135324a29,16,0.6631,PARTIAL,0.38281,0.06982,0.05835,155,9
2102,735,7,735_chunk_0379abc3-367d-4e7c-8f09-39d9ddb77135,16,0.6242,WEAK,0.43164,0.06982,0.0835,181,9
2102,735,8,735_chunk_ab559807-b3fd-41ad-8e20-b3a4701dbbc8,16,0.5389,WEAK,0.39258,0.06982,0.08154,240,9
2102,735,9,735_chunk_28e5d10e-f727-4a42-963f-c598470797b7,16,0.5081,PARTIAL,0.42969,0.06982,0.0874,228,9
2102,735,10,735_chunk_4664a810-2d05-49fa-a9c7-1939314eccf9,16,0.5057,WEAK,0.45703,0.06982,0.0874,258,9
2102,735,1,735_chunk_708f8a6d-e361-485b-be38-77a2ad1b16b1,24,1.1022,WEAK,0.66797,0.05469,0.04785,277,9
2102,735,2,735_chunk_4ede89e0-891c-4a99-9f73-e04820d6d159,24,0.9951,PARTIAL,0.74609,0.05469,0.06885,213,9
2102,735,3,735_chunk_d0ceca11-1098-4369-8a2e-b355b2cd404a,24,0.9703,WEAK,0.625,0.05469,0.03003,209,9
2102,735,4,735_chunk_263d8483-a5e0-49a1-878f-4aee125f54d8,24,0.8505,PARTIAL,0.74219,0.05469,0.07031,168,9
2102,735,5,735_chunk_647f1ad0-342d-4b7f-8655-25ec95b13236,24,0.6884,PARTIAL,0.75,0.05469,0.06543,263,9
2102,735,6,735_chunk_936c6859-7fc8-4627-8cbc-1f1135324a29,24,0.6631,PARTIAL,0.64453,0.05469,0.05347,155,9
2102,735,7,735_chunk_0379abc3-367d-4e7c-8f09-39d9ddb77135,24,0.6242,WEAK,0.70312,0.05469,0.07471,181,9
2102,735,8,735_chunk_ab559807-b3fd-41ad-8e20-b3a4701dbbc8,24,0.5389,WEAK,0.70703,0.05469,0.07324,240,9
2102,735,9,735_chunk_28e5d10e-f727-4a42-963f-c598470797b7,24,0.5081,PARTIAL,0.71094,0.05469,0.07666,228,9
2102,735,10,735_chunk_4664a810-2d05-49fa-a9c7-1939314eccf9,24,0.5057,WEAK,0.71875,0.05469,0.07471,258,9
2102,735,1,735_chunk_708f8a6d-e361-485b-be38-77a2ad1b16b1,31,1.1022,WEAK,0.73828,0.04004,0.01306,277,9
2102,735,2,735_chunk_4ede89e0-891c-4a99-9f73-e04820d6d159,31,0.9951,PARTIAL,0.80859,0.04004,0.02844,213,9
2102,735,3,735_chunk_d0ceca11-1098-4369-8a2e-b355b2cd404a,31,0.9703,WEAK,0.65625,0.04004,0.00647,209,9
2102,735,4,735_chunk_263d8483-a5e0-49a1-878f-4aee125f54d8,31,0.8505,PARTIAL,0.79297,0.04004,0.02686,168,9
2102,735,5,735_chunk_647f1ad0-342d-4b7f-8655-25ec95b13236,31,0.6884,PARTIAL,0.81641,0.04004,0.03003,263,9
2102,735,6,735_chunk_936c6859-7fc8-4627-8cbc-1f1135324a29,31,0.6631,PARTIAL,0.74219,0.04004,0.01471,155,9
2102,735,7,735_chunk_0379abc3-367d-4e7c-8f09-39d9ddb77135,31,0.6242,WEAK,0.78125,0.04004,0.03418,181,9
2102,735,8,735_chunk_ab559807-b3fd-41ad-8e20-b3a4701dbbc8,31,0.5389,WEAK,0.77734,0.04004,0.03516,240,9
2102,735,9,735_chunk_28e5d10e-f727-4a42-963f-c598470797b7,31,0.5081,PARTIAL,0.79297,0.04004,0.02075,228,9
2102,735,10,735_chunk_4664a810-2d05-49fa-a9c7-1939314eccf9,31,0.5057,WEAK,0.78125,0.04004,0.026,258,9
2159,772,1,772_chunk_f3eeea58-3ed9-4c04-ae71-0728d2f142f8,0,1.786,WEAK,0.49219,1.0,1.0,131,8
2159,772,2,772_chunk_978a619c-d470-46cb-ba4c-23969871d39e,0,1.2193,NONE,0.44727,1.0,1.0,82,8
2159,772,3,772_chunk_6eb6cd84-29a6-4113-b1d2-3e2f14c186f9,0,1.1007,WEAK,0.49609,1.0,1.0,213,8
2159,772,4,772_chunk_93a0c310-3657-4ea3-8d0b-1bf6690e4999,0,1.0134,WEAK,0.44727,1.0,1.0,107,8
2159,772,5,772_chunk_34931dc7-079b-4bc1-88b3-84fcb4eabbdc,0,0.913,NONE,0.5,1.0,0.99609,133,8
2159,772,6,772_chunk_dbdb3b12-2fc9-49fa-ac82-fd6fa4720636,0,0.6769,WEAK,0.50391,1.0,1.0,184,8
2159,772,7,772_chunk_71234d80-84b1-489e-935a-474184277980,0,0.6749,PARTIAL,0.51562,1.0,1.00781,237,8
2159,772,8,772_chunk_477ea82b-9ba6-4efb-abb6-2e7e378c5f1d,0,0.6278,WEAK,0.50391,1.0,1.0,208,8
2159,772,9,772_chunk_ffc09194-67f0-4347-b4b8-30606431c3a5,0,0.0,WEAK,0.41797,1.0,1.0,153,8
2159,772,10,772_chunk_bb80b6b0-3bf3-4e81-bfa1-f698b5f89484,0,0.0,WEAK,0.48242,1.0,1.0,254,8
2159,772,1,772_chunk_f3eeea58-3ed9-4c04-ae71-0728d2f142f8,4,1.786,WEAK,0.58203,0.23047,0.14551,131,8
2159,772,2,772_chunk_978a619c-d470-46cb-ba4c-23969871d39e,4,1.2193,NONE,0.5625,0.23047,0.1582,82,8
2159,772,3,772_chunk_6eb6cd84-29a6-4113-b1d2-3e2f14c186f9,4,1.1007,WEAK,0.58984,0.23047,0.11084,213,8
2159,772,4,772_chunk_93a0c310-3657-4ea3-8d0b-1bf6690e4999,4,1.0134,WEAK,0.62109,0.23047,0.17871,107,8
2159,772,5,772_chunk_34931dc7-079b-4bc1-88b3-84fcb4eabbdc,4,0.913,NONE,0.62109,0.23047,0.1377,133,8
2159,772,6,772_chunk_dbdb3b12-2fc9-49fa-ac82-fd6fa4720636,4,0.6769,WEAK,0.60547,0.23047,0.15234,184,8
2159,772,7,772_chunk_71234d80-84b1-489e-935a-474184277980,4,0.6749,PARTIAL,0.64453,0.23047,0.14258,237,8
2159,772,8,772_chunk_477ea82b-9ba6-4efb-abb6-2e7e378c5f1d,4,0.6278,WEAK,0.62891,0.23047,0.12988,208,8
2159,772,9,772_chunk_ffc09194-67f0-4347-b4b8-30606431c3a5,4,0.0,WEAK,0.55859,0.23047,0.16699,153,8
2159,772,10,772_chunk_bb80b6b0-3bf3-4e81-bfa1-f698b5f89484,4,0.0,WEAK,0.625,0.23047,0.13184,254,8
2159,772,1,772_chunk_f3eeea58-3ed9-4c04-ae71-0728d2f142f8,8,1.786,WEAK,0.49805,0.1416,0.10059,131,8
2159,772,2,772_chunk_978a619c-d470-46cb-ba4c-23969871d39e,8,1.2193,NONE,0.49805,0.1416,0.11279,82,8
2159,772,3,772_chunk_6eb6cd84-29a6-4113-b1d2-3e2f14c186f9,8,1.1007,WEAK,0.42969,0.1416,0.08984,213,8
2159,772,4,772_chunk_93a0c310-3657-4ea3-8d0b-1bf6690e4999,8,1.0134,WEAK,0.51953,0.1416,0.14258,107,8
2159,772,5,772_chunk_34931dc7-079b-4bc1-88b3-84fcb4eabbdc,8,0.913,NONE,0.46094,0.1416,0.1084,133,8
2159,772,6,772_chunk_dbdb3b12-2fc9-49fa-ac82-fd6fa4720636,8,0.6769,WEAK,0.4707,0.1416,0.11914,184,8
2159,772,7,772_chunk_71234d80-84b1-489e-935a-474184277980,8,0.6749,PARTIAL,0.54688,0.1416,0.12109,237,8
2159,772,8,772_chunk_477ea82b-9ba6-4efb-abb6-2e7e378c5f1d,8,0.6278,WEAK,0.48438,0.1416,0.10742,208,8
2159,772,9,772_chunk_ffc09194-67f0-4347-b4b8-30606431c3a5,8,0.0,WEAK,0.36133,0.1416,0.09961,153,8
2159,772,10,772_chunk_bb80b6b0-3bf3-4e81-bfa1-f698b5f89484,8,0.0,WEAK,0.46484,0.1416,0.12061,254,8
2159,772,1,772_chunk_f3eeea58-3ed9-4c04-ae71-0728d2f142f8,16,1.786,WEAK,0.41992,0.08545,0.07764,131,8
2159,772,2,772_chunk_978a619c-d470-46cb-ba4c-23969871d39e,16,1.2193,NONE,0.42969,0.08545,0.0708,82,8
2159,772,3,772_chunk_6eb6cd84-29a6-4113-b1d2-3e2f14c186f9,16,1.1007,WEAK,0.29102,0.08545,0.05005,213,8
2159,772,4,772_chunk_93a0c310-3657-4ea3-8d0b-1bf6690e4999,16,1.0134,WEAK,0.41016,0.08545,0.10156,107,8
2159,772,5,772_chunk_34931dc7-079b-4bc1-88b3-84fcb4eabbdc,16,0.913,NONE,0.3125,0.08545,0.06006,133,8
2159,772,6,772_chunk_dbdb3b12-2fc9-49fa-ac82-fd6fa4720636,16,0.6769,WEAK,0.38867,0.08545,0.05225,184,8
2159,772,7,772_chunk_71234d80-84b1-489e-935a-474184277980,16,0.6749,PARTIAL,0.46875,0.08545,0.07861,237,8
2159,772,8,772_chunk_477ea82b-9ba6-4efb-abb6-2e7e378c5f1d,16,0.6278,WEAK,0.33203,0.08545,0.03931,208,8
2159,772,9,772_chunk_ffc09194-67f0-4347-b4b8-30606431c3a5,16,0.0,WEAK,0.2832,0.08545,0.07812,153,8
2159,772,10,772_chunk_bb80b6b0-3bf3-4e81-bfa1-f698b5f89484,16,0.0,WEAK,0.32812,0.08545,0.07324,254,8
2159,772,1,772_chunk_f3eeea58-3ed9-4c04-ae71-0728d2f142f8,24,1.786,WEAK,0.63672,0.06689,0.06689,131,8
2159,772,2,772_chunk_978a619c-d470-46cb-ba4c-23969871d39e,24,1.2193,NONE,0.64844,0.06689,0.05273,82,8
2159,772,3,772_chunk_6eb6cd84-29a6-4113-b1d2-3e2f14c186f9,24,1.1007,WEAK,0.55078,0.06689,0.03247,213,8
2159,772,4,772_chunk_93a0c310-3657-4ea3-8d0b-1bf6690e4999,24,1.0134,WEAK,0.65234,0.06689,0.07568,107,8
2159,772,5,772_chunk_34931dc7-079b-4bc1-88b3-84fcb4eabbdc,24,0.913,NONE,0.60938,0.06689,0.04858,133,8
2159,772,6,772_chunk_dbdb3b12-2fc9-49fa-ac82-fd6fa4720636,24,0.6769,WEAK,0.65234,0.06689,0.03735,184,8
2159,772,7,772_chunk_71234d80-84b1-489e-935a-474184277980,24,0.6749,PARTIAL,0.69922,0.06689,0.06079,237,8
2159,772,8,772_chunk_477ea82b-9ba6-4efb-abb6-2e7e378c5f1d,24,0.6278,WEAK,0.60156,0.06689,0.03296,208,8
2159,772,9,772_chunk_ffc09194-67f0-4347-b4b8-30606431c3a5,24,0.0,WEAK,0.5,0.06689,0.07129,153,8
2159,772,10,772_chunk_bb80b6b0-3bf3-4e81-bfa1-f698b5f89484,24,0.0,WEAK,0.58203,0.06689,0.05176,254,8
2159,772,1,772_chunk_f3eeea58-3ed9-4c04-ae71-0728d2f142f8,31,1.786,WEAK,0.71875,0.03174,0.02856,131,8
2159,772,2,772_chunk_978a619c-d470-46cb-ba4c-23969871d39e,31,1.2193,NONE,0.73047,0.03174,0.01172,82,8
2159,772,3,772_chunk_6eb6cd84-29a6-4113-b1d2-3e2f14c186f9,31,1.1007,WEAK,0.69141,0.03174,0.00964,213,8
2159,772,4,772_chunk_93a0c310-3657-4ea3-8d0b-1bf6690e4999,31,1.0134,WEAK,0.73828,0.03174,0.03271,107,8
2159,772,5,772_chunk_34931dc7-079b-4bc1-88b3-84fcb4eabbdc,31,0.913,NONE,0.72656,0.03174,0.01855,133,8
2159,772,6,772_chunk_dbdb3b12-2fc9-49fa-ac82-fd6fa4720636,31,0.6769,WEAK,0.76172,0.03174,0.01129,184,8
2159,772,7,772_chunk_71234d80-84b1-489e-935a-474184277980,31,0.6749,PARTIAL,0.78906,0.03174,0.02539,237,8
2159,772,8,772_chunk_477ea82b-9ba6-4efb-abb6-2e7e378c5f1d,31,0.6278,WEAK,0.71094,0.03174,0.00217,208,8
2159,772,9,772_chunk_ffc09194-67f0-4347-b4b8-30606431c3a5,31,0.0,WEAK,0.64453,0.03174,0.03149,153,8
2159,772,10,772_chunk_bb80b6b0-3bf3-4e81-bfa1-f698b5f89484,31,0.0,WEAK,0.69531,0.03174,0.02087,254,8
2191,791,1,791_chunk_70027c5a-310b-42e8-a9fe-a4faaf27f74b,0,1.9191,STRONG,0.47852,0.99609,1.0,71,7
2191,791,2,791_chunk_ae3c8c1a-ee24-4e4c-9e89-7b3f46836919,0,1.3714,STRONG,0.4707,0.99609,1.0,181,7
2191,791,3,791_chunk_a33ed659-5cd1-4521-a9ef-e25bded4da32,0,1.226,WEAK,0.44336,0.99609,1.0,87,7
2191,791,4,791_chunk_f5823ef7-8f8f-4bd9-a75b-e7c832ab89d4,0,1.1154,WEAK,0.46875,0.99609,1.0,188,7
2191,791,5,791_chunk_65e5eb4f-9f07-4700-88be-5e9cde7f251c,0,0.9084,NONE,0.41016,0.99609,1.00781,186,7
2191,791,6,791_chunk_2f7931aa-fb70-439b-955b-51b636d99732,0,0.8362,WEAK,0.41602,0.99609,1.0,252,7
2191,791,7,791_chunk_8d5a18af-e1ef-415a-a158-a08f58191414,0,0.7885,WEAK,0.4707,0.99609,1.0,268,7
2191,791,8,791_chunk_b5adac96-ff9c-45df-ba46-cba5a209f41d,0,0.5807,WEAK,0.31641,0.99609,0.99609,131,7
2191,791,9,791_chunk_beff57fc-f768-4606-bd32-c666244f7959,0,0.0,NONE,0.27539,0.99609,0.99609,52,7
2191,791,10,791_chunk_443a18b9-86e2-4adb-bf9e-81f5cd53f3d7,0,0.0,WEAK,0.44531,0.99609,0.99609,258,7
2191,791,1,791_chunk_70027c5a-310b-42e8-a9fe-a4faaf27f74b,4,1.9191,STRONG,0.53906,0.19238,0.15918,71,7
2191,791,2,791_chunk_ae3c8c1a-ee24-4e4c-9e89-7b3f46836919,4,1.3714,STRONG,0.55859,0.19238,0.13184,181,7
2191,791,3,791_chunk_a33ed659-5cd1-4521-a9ef-e25bded4da32,4,1.226,WEAK,0.60156,0.19238,0.14355,87,7
2191,791,4,791_chunk_f5823ef7-8f8f-4bd9-a75b-e7c832ab89d4,4,1.1154,WEAK,0.61719,0.19238,0.12061,188,7
2191,791,5,791_chunk_65e5eb4f-9f07-4700-88be-5e9cde7f251c,4,0.9084,NONE,0.59375,0.19238,0.13086,186,7
2191,791,6,791_chunk_2f7931aa-fb70-439b-955b-51b636d99732,4,0.8362,WEAK,0.61328,0.19238,0.14453,252,7
2191,791,7,791_chunk_8d5a18af-e1ef-415a-a158-a08f58191414,4,0.7885,WEAK,0.60938,0.19238,0.10254,268,7
2191,791,8,791_chunk_b5adac96-ff9c-45df-ba46-cba5a209f41d,4,0.5807,WEAK,0.58594,0.19238,0.12354,131,7
2191,791,9,791_chunk_beff57fc-f768-4606-bd32-c666244f7959,4,0.0,NONE,0.51953,0.19238,0.1875,52,7
2191,791,10,791_chunk_443a18b9-86e2-4adb-bf9e-81f5cd53f3d7,4,0.0,WEAK,0.60938,0.19238,0.10791,258,7
2191,791,1,791_chunk_70027c5a-310b-42e8-a9fe-a4faaf27f74b,8,1.9191,STRONG,0.52344,0.10889,0.11377,71,7
2191,791,2,791_chunk_ae3c8c1a-ee24-4e4c-9e89-7b3f46836919,8,1.3714,STRONG,0.49414,0.10889,0.09766,181,7
2191,791,3,791_chunk_a33ed659-5cd1-4521-a9ef-e25bded4da32,8,1.226,WEAK,0.5,0.10889,0.0835,87,7
2191,791,4,791_chunk_f5823ef7-8f8f-4bd9-a75b-e7c832ab89d4,8,1.1154,WEAK,0.51953,0.10889,0.07861,188,7
2191,791,5,791_chunk_65e5eb4f-9f07-4700-88be-5e9cde7f251c,8,0.9084,NONE,0.52344,0.10889,0.08838,186,7
2191,791,6,791_chunk_2f7931aa-fb70-439b-955b-51b636d99732,8,0.8362,WEAK,0.55469,0.10889,0.10889,252,7
2191,791,7,791_chunk_8d5a18af-e1ef-415a-a158-a08f58191414,8,0.7885,WEAK,0.48047,0.10889,0.08447,268,7
2191,791,8,791_chunk_b5adac96-ff9c-45df-ba46-cba5a209f41d,8,0.5807,WEAK,0.57422,0.10889,0.09863,131,7
2191,791,9,791_chunk_beff57fc-f768-4606-bd32-c666244f7959,8,0.0,NONE,0.35742,0.10889,0.12793,52,7
2191,791,10,791_chunk_443a18b9-86e2-4adb-bf9e-81f5cd53f3d7,8,0.0,WEAK,0.48047,0.10889,0.07471,258,7
2191,791,1,791_chunk_70027c5a-310b-42e8-a9fe-a4faaf27f74b,16,1.9191,STRONG,0.47656,0.06787,0.0957,71,7
2191,791,2,791_chunk_ae3c8c1a-ee24-4e4c-9e89-7b3f46836919,16,1.3714,STRONG,0.45508,0.06787,0.07471,181,7
2191,791,3,791_chunk_a33ed659-5cd1-4521-a9ef-e25bded4da32,16,1.226,WEAK,0.44531,0.06787,0.07764,87,7
2191,791,4,791_chunk_f5823ef7-8f8f-4bd9-a75b-e7c832ab89d4,16,1.1154,WEAK,0.45703,0.06787,0.05225,188,7
2191,791,5,791_chunk_65e5eb4f-9f07-4700-88be-5e9cde7f251c,16,0.9084,NONE,0.35742,0.06787,0.05835,186,7
2191,791,6,791_chunk_2f7931aa-fb70-439b-955b-51b636d99732,16,0.8362,WEAK,0.43359,0.06787,0.08057,252,7
2191,791,7,791_chunk_8d5a18af-e1ef-415a-a158-a08f58191414,16,0.7885,WEAK,0.37305,0.06787,0.05664,268,7
2191,791,8,791_chunk_b5adac96-ff9c-45df-ba46-cba5a209f41d,16,0.5807,WEAK,0.43164,0.06787,0.07422,131,7
2191,791,9,791_chunk_beff57fc-f768-4606-bd32-c666244f7959,16,0.0,NONE,0.35742,0.06787,0.11865,52,7
2191,791,10,791_chunk_443a18b9-86e2-4adb-bf9e-81f5cd53f3d7,16,0.0,WEAK,0.35156,0.06787,0.04395,258,7
2191,791,1,791_chunk_70027c5a-310b-42e8-a9fe-a4faaf27f74b,24,1.9191,STRONG,0.64062,0.04956,0.07959,71,7
2191,791,2,791_chunk_ae3c8c1a-ee24-4e4c-9e89-7b3f46836919,24,1.3714,STRONG,0.63281,0.04956,0.04077,181,7
2191,791,3,791_chunk_a33ed659-5cd1-4521-a9ef-e25bded4da32,24,1.226,WEAK,0.61328,0.04956,0.05298,87,7
2191,791,4,791_chunk_f5823ef7-8f8f-4bd9-a75b-e7c832ab89d4,24,1.1154,WEAK,0.66016,0.04956,0.04395,188,7
2191,791,5,791_chunk_65e5eb4f-9f07-4700-88be-5e9cde7f251c,24,0.9084,NONE,0.58594,0.04956,0.04077,186,7
2191,791,6,791_chunk_2f7931aa-fb70-439b-955b-51b636d99732,24,0.8362,WEAK,0.65234,0.04956,0.06079,252,7
2191,791,7,791_chunk_8d5a18af-e1ef-415a-a158-a08f58191414,24,0.7885,WEAK,0.59766,0.04956,0.03687,268,7
2191,791,8,791_chunk_b5adac96-ff9c-45df-ba46-cba5a209f41d,24,0.5807,WEAK,0.64453,0.04956,0.05054,131,7
2191,791,9,791_chunk_beff57fc-f768-4606-bd32-c666244f7959,24,0.0,NONE,0.41797,0.04956,0.08496,52,7
2191,791,10,791_chunk_443a18b9-86e2-4adb-bf9e-81f5cd53f3d7,24,0.0,WEAK,0.58594,0.04956,0.02393,258,7
2191,791,1,791_chunk_70027c5a-310b-42e8-a9fe-a4faaf27f74b,31,1.9191,STRONG,0.73438,0.00897,0.04028,71,7
2191,791,2,791_chunk_ae3c8c1a-ee24-4e4c-9e89-7b3f46836919,31,1.3714,STRONG,0.74609,0.00897,0.01337,181,7
2191,791,3,791_chunk_a33ed659-5cd1-4521-a9ef-e25bded4da32,31,1.226,WEAK,0.73047,0.00897,0.01062,87,7
2191,791,4,791_chunk_f5823ef7-8f8f-4bd9-a75b-e7c832ab89d4,31,1.1154,WEAK,0.76172,0.00897,0.02075,188,7
2191,791,5,791_chunk_65e5eb4f-9f07-4700-88be-5e9cde7f251c,31,0.9084,NONE,0.67188,0.00897,0.01892,186,7
2191,791,6,791_chunk_2f7931aa-fb70-439b-955b-51b636d99732,31,0.8362,WEAK,0.73828,0.00897,0.01794,252,7
2191,791,7,791_chunk_8d5a18af-e1ef-415a-a158-a08f58191414,31,0.7885,WEAK,0.71875,0.00897,0.0249,268,7
2191,791,8,791_chunk_b5adac96-ff9c-45df-ba46-cba5a209f41d,31,0.5807,WEAK,0.71094,0.00897,0.03101,131,7
2191,791,9,791_chunk_beff57fc-f768-4606-bd32-c666244f7959,31,0.0,NONE,0.54688,0.00897,0.03979,52,7
2191,791,10,791_chunk_443a18b9-86e2-4adb-bf9e-81f5cd53f3d7,31,0.0,WEAK,0.70703,0.00897,0.01447,258,7
2239,821,1,821_chunk_093b9610-ce15-4566-b44b-f79d558e2261,0,2.1072,PARTIAL,0.37695,1.00781,1.00781,243,6
2239,821,2,821_chunk_cc1e7938-fa45-42db-8a08-500260430128,0,1.6511,NONE,0.3457,1.00781,1.0,255,6
2239,821,3,821_chunk_63e1f5d5-8f91-42d3-9a45-fea0a7511818,0,1.5584,WEAK,0.32617,1.00781,1.00781,248,6
2239,821,4,821_chunk_30a9ebb2-5509-4eba-80d1-f345c79a3f59,0,1.5039,WEAK,0.34375,1.00781,1.0,253,6
2239,821,5,821_chunk_205e0423-8975-498d-9881-4cfd5008cf25,0,1.0775,WEAK,0.35938,1.00781,0.99609,248,6
2239,821,6,821_chunk_4be672d3-f75b-44dc-8f4a-62d55cebf5fb,0,1.0729,WEAK,0.37109,1.00781,0.99609,236,6
2239,821,7,821_chunk_5b8a371e-9d77-470b-bc6c-77851fce1083,0,1.0197,WEAK,0.36914,1.00781,0.99609,236,6
2239,821,8,821_chunk_dc773385-ad5c-46f8-8dc5-d7074cd003c0,0,0.9033,WEAK,0.38281,1.00781,1.0,262,6
2239,821,9,821_chunk_4343ba80-8873-429f-9d0e-a985beb06b0c,0,0.809,WEAK,0.39258,1.00781,0.99219,70,6
2239,821,10,821_chunk_14dae46a-1f48-4e82-b263-afc4eef41cec,0,0.7512,STRONG,0.36719,1.00781,1.00781,275,6
2239,821,1,821_chunk_093b9610-ce15-4566-b44b-f79d558e2261,4,2.1072,PARTIAL,0.58203,0.22168,0.15137,243,6
2239,821,2,821_chunk_cc1e7938-fa45-42db-8a08-500260430128,4,1.6511,NONE,0.59766,0.22168,0.13672,255,6
2239,821,3,821_chunk_63e1f5d5-8f91-42d3-9a45-fea0a7511818,4,1.5584,WEAK,0.57812,0.22168,0.16309,248,6
2239,821,4,821_chunk_30a9ebb2-5509-4eba-80d1-f345c79a3f59,4,1.5039,WEAK,0.59375,0.22168,0.13867,253,6
2239,821,5,821_chunk_205e0423-8975-498d-9881-4cfd5008cf25,4,1.0775,WEAK,0.60156,0.22168,0.12695,248,6
2239,821,6,821_chunk_4be672d3-f75b-44dc-8f4a-62d55cebf5fb,4,1.0729,WEAK,0.62891,0.22168,0.12451,236,6
2239,821,7,821_chunk_5b8a371e-9d77-470b-bc6c-77851fce1083,4,1.0197,WEAK,0.62109,0.22168,0.10596,236,6
2239,821,8,821_chunk_dc773385-ad5c-46f8-8dc5-d7074cd003c0,4,0.9033,WEAK,0.62891,0.22168,0.13184,262,6
2239,821,9,821_chunk_4343ba80-8873-429f-9d0e-a985beb06b0c,4,0.809,WEAK,0.67578,0.22168,0.13672,70,6
2239,821,10,821_chunk_14dae46a-1f48-4e82-b263-afc4eef41cec,4,0.7512,STRONG,0.63672,0.22168,0.12793,275,6
2239,821,1,821_chunk_093b9610-ce15-4566-b44b-f79d558e2261,8,2.1072,PARTIAL,0.50391,0.10059,0.11035,243,6
2239,821,2,821_chunk_cc1e7938-fa45-42db-8a08-500260430128,8,1.6511,NONE,0.51953,0.10059,0.09375,255,6
2239,821,3,821_chunk_63e1f5d5-8f91-42d3-9a45-fea0a7511818,8,1.5584,WEAK,0.42773,0.10059,0.104,248,6
2239,821,4,821_chunk_30a9ebb2-5509-4eba-80d1-f345c79a3f59,8,1.5039,WEAK,0.45508,0.10059,0.09814,253,6
2239,821,5,821_chunk_205e0423-8975-498d-9881-4cfd5008cf25,8,1.0775,WEAK,0.44922,0.10059,0.0791,248,6
2239,821,6,821_chunk_4be672d3-f75b-44dc-8f4a-62d55cebf5fb,8,1.0729,WEAK,0.49805,0.10059,0.08057,236,6
2239,821,7,821_chunk_5b8a371e-9d77-470b-bc6c-77851fce1083,8,1.0197,WEAK,0.53125,0.10059,0.07324,236,6
2239,821,8,821_chunk_dc773385-ad5c-46f8-8dc5-d7074cd003c0,8,0.9033,WEAK,0.51172,0.10059,0.0835,262,6
2239,821,9,821_chunk_4343ba80-8873-429f-9d0e-a985beb06b0c,8,0.809,WEAK,0.61719,0.10059,0.08105,70,6
2239,821,10,821_chunk_14dae46a-1f48-4e82-b263-afc4eef41cec,8,0.7512,STRONG,0.57422,0.10059,0.07764,275,6
2239,821,1,821_chunk_093b9610-ce15-4566-b44b-f79d558e2261,16,2.1072,PARTIAL,0.48633,0.0752,0.06934,243,6
2239,821,2,821_chunk_cc1e7938-fa45-42db-8a08-500260430128,16,1.6511,NONE,0.41602,0.0752,0.08936,255,6
2239,821,3,821_chunk_63e1f5d5-8f91-42d3-9a45-fea0a7511818,16,1.5584,WEAK,0.27734,0.0752,0.07031,248,6
2239,821,4,821_chunk_30a9ebb2-5509-4eba-80d1-f345c79a3f59,16,1.5039,WEAK,0.33398,0.0752,0.06152,253,6
2239,821,5,821_chunk_205e0423-8975-498d-9881-4cfd5008cf25,16,1.0775,WEAK,0.37891,0.0752,0.04663,248,6
2239,821,6,821_chunk_4be672d3-f75b-44dc-8f4a-62d55cebf5fb,16,1.0729,WEAK,0.46484,0.0752,0.04956,236,6
2239,821,7,821_chunk_5b8a371e-9d77-470b-bc6c-77851fce1083,16,1.0197,WEAK,0.44922,0.0752,0.0564,236,6
2239,821,8,821_chunk_dc773385-ad5c-46f8-8dc5-d7074cd003c0,16,0.9033,WEAK,0.45703,0.0752,0.04272,262,6
2239,821,9,821_chunk_4343ba80-8873-429f-9d0e-a985beb06b0c,16,0.809,WEAK,0.50391,0.0752,0.04858,70,6
2239,821,10,821_chunk_14dae46a-1f48-4e82-b263-afc4eef41cec,16,0.7512,STRONG,0.51172,0.0752,0.04883,275,6
2239,821,1,821_chunk_093b9610-ce15-4566-b44b-f79d558e2261,24,2.1072,PARTIAL,0.64844,0.08643,0.04468,243,6
2239,821,2,821_chunk_cc1e7938-fa45-42db-8a08-500260430128,24,1.6511,NONE,0.59375,0.08643,0.05933,255,6
2239,821,3,821_chunk_63e1f5d5-8f91-42d3-9a45-fea0a7511818,24,1.5584,WEAK,0.53125,0.08643,0.05298,248,6
2239,821,4,821_chunk_30a9ebb2-5509-4eba-80d1-f345c79a3f59,24,1.5039,WEAK,0.55859,0.08643,0.0481,253,6
2239,821,5,821_chunk_205e0423-8975-498d-9881-4cfd5008cf25,24,1.0775,WEAK,0.54297,0.08643,0.03271,248,6
2239,821,6,821_chunk_4be672d3-f75b-44dc-8f4a-62d55cebf5fb,24,1.0729,WEAK,0.62891,0.08643,0.03784,236,6
2239,821,7,821_chunk_5b8a371e-9d77-470b-bc6c-77851fce1083,24,1.0197,WEAK,0.625,0.08643,0.03369,236,6
2239,821,8,821_chunk_dc773385-ad5c-46f8-8dc5-d7074cd003c0,24,0.9033,WEAK,0.62891,0.08643,0.0376,262,6
2239,821,9,821_chunk_4343ba80-8873-429f-9d0e-a985beb06b0c,24,0.809,WEAK,0.64844,0.08643,0.03857,70,6
2239,821,10,821_chunk_14dae46a-1f48-4e82-b263-afc4eef41cec,24,0.7512,STRONG,0.6875,0.08643,0.03052,275,6
2239,821,1,821_chunk_093b9610-ce15-4566-b44b-f79d558e2261,31,2.1072,PARTIAL,0.75781,0.05591,0.00739,243,6
2239,821,2,821_chunk_cc1e7938-fa45-42db-8a08-500260430128,31,1.6511,NONE,0.72266,0.05591,0.02576,255,6
2239,821,3,821_chunk_63e1f5d5-8f91-42d3-9a45-fea0a7511818,31,1.5584,WEAK,0.67188,0.05591,0.02429,248,6
2239,821,4,821_chunk_30a9ebb2-5509-4eba-80d1-f345c79a3f59,31,1.5039,WEAK,0.68359,0.05591,0.01917,253,6
2239,821,5,821_chunk_205e0423-8975-498d-9881-4cfd5008cf25,31,1.0775,WEAK,0.69531,0.05591,0.01141,248,6
2239,821,6,821_chunk_4be672d3-f75b-44dc-8f4a-62d55cebf5fb,31,1.0729,WEAK,0.74609,0.05591,0.00916,236,6
2239,821,7,821_chunk_5b8a371e-9d77-470b-bc6c-77851fce1083,31,1.0197,WEAK,0.73828,0.05591,0.01318,236,6
2239,821,8,821_chunk_dc773385-ad5c-46f8-8dc5-d7074cd003c0,31,0.9033,WEAK,0.75781,0.05591,0.00381,262,6
2239,821,9,821_chunk_4343ba80-8873-429f-9d0e-a985beb06b0c,31,0.809,WEAK,0.76562,0.05591,0.02173,70,6
2239,821,10,821_chunk_14dae46a-1f48-4e82-b263-afc4eef41cec,31,0.7512,STRONG,0.78906,0.05591,0.00644,275,6
398,105,1,105_chunk_8b84242a-4620-49d4-91de-00bc2f25fb9f,0,5.5225,NONE,0.67578,1.0,1.00781,162,15
398,105,2,105_chunk_30ce730d-04d2-4572-b704-136cbf7e55f4,0,5.4852,NONE,0.67969,1.0,1.0,227,15
398,105,3,105_chunk_c200c31c-4c9c-48eb-9dfb-18415fda3992,0,2.5389,NONE,0.62109,1.0,1.0,266,15
398,105,4,105_chunk_1e397196-234e-45b5-a17c-e8851c662d56,0,2.476,NONE,0.60938,1.0,0.99609,270,15
398,105,5,105_chunk_6828ff29-c123-41ab-a6ca-b8a872dcfb02,0,2.4171,WEAK,0.58203,1.0,1.0,273,15
398,105,6,105_chunk_8df9c9b2-d840-45e5-9e79-091b7acb5a02,0,1.9514,NONE,0.59375,1.0,0.99219,167,15
398,105,7,105_chunk_8090fab6-424d-402a-adc8-18f6b7f238f8,0,1.7566,WEAK,0.50781,1.0,0.99609,237,15
398,105,8,105_chunk_14f449f8-2c95-4580-b06a-5debb6f8dd32,0,1.7394,NONE,0.62109,1.0,1.0,247,15
398,105,9,105_chunk_e0365575-33ef-4242-99b3-8776661c921f,0,1.4779,NONE,0.55859,1.0,1.0,272,15
398,105,10,105_chunk_7d4883bd-a754-4299-85c4-46a4642484f3,0,1.4693,NONE,0.41016,1.0,1.0,253,15
398,105,1,105_chunk_8b84242a-4620-49d4-91de-00bc2f25fb9f,4,5.5225,NONE,0.67578,0.15723,0.14062,162,15
398,105,2,105_chunk_30ce730d-04d2-4572-b704-136cbf7e55f4,4,5.4852,NONE,0.69141,0.15723,0.11816,227,15
398,105,3,105_chunk_c200c31c-4c9c-48eb-9dfb-18415fda3992,4,2.5389,NONE,0.69531,0.15723,0.14355,266,15
398,105,4,105_chunk_1e397196-234e-45b5-a17c-e8851c662d56,4,2.476,NONE,0.70703,0.15723,0.1377,270,15
398,105,5,105_chunk_6828ff29-c123-41ab-a6ca-b8a872dcfb02,4,2.4171,WEAK,0.70703,0.15723,0.12158,273,15
398,105,6,105_chunk_8df9c9b2-d840-45e5-9e79-091b7acb5a02,4,1.9514,NONE,0.70703,0.15723,0.15527,167,15
398,105,7,105_chunk_8090fab6-424d-402a-adc8-18f6b7f238f8,4,1.7566,WEAK,0.67578,0.15723,0.19141,237,15
398,105,8,105_chunk_14f449f8-2c95-4580-b06a-5debb6f8dd32,4,1.7394,NONE,0.71484,0.15723,0.13867,247,15
398,105,9,105_chunk_e0365575-33ef-4242-99b3-8776661c921f,4,1.4779,NONE,0.69531,0.15723,0.12891,272,15
398,105,10,105_chunk_7d4883bd-a754-4299-85c4-46a4642484f3,4,1.4693,NONE,0.59766,0.15723,0.19531,253,15
398,105,1,105_chunk_8b84242a-4620-49d4-91de-00bc2f25fb9f,8,5.5225,NONE,0.58984,0.09912,0.11523,162,15
398,105,2,105_chunk_30ce730d-04d2-4572-b704-136cbf7e55f4,8,5.4852,NONE,0.58984,0.09912,0.09473,227,15
398,105,3,105_chunk_c200c31c-4c9c-48eb-9dfb-18415fda3992,8,2.5389,NONE,0.54688,0.09912,0.11377,266,15
398,105,4,105_chunk_1e397196-234e-45b5-a17c-e8851c662d56,8,2.476,NONE,0.56641,0.09912,0.09912,270,15
398,105,5,105_chunk_6828ff29-c123-41ab-a6ca-b8a872dcfb02,8,2.4171,WEAK,0.57422,0.09912,0.10156,273,15
398,105,6,105_chunk_8df9c9b2-d840-45e5-9e79-091b7acb5a02,8,1.9514,NONE,0.58984,0.09912,0.10742,167,15
398,105,7,105_chunk_8090fab6-424d-402a-adc8-18f6b7f238f8,8,1.7566,WEAK,0.56641,0.09912,0.14941,237,15
398,105,8,105_chunk_14f449f8-2c95-4580-b06a-5debb6f8dd32,8,1.7394,NONE,0.55469,0.09912,0.11182,247,15
398,105,9,105_chunk_e0365575-33ef-4242-99b3-8776661c921f,8,1.4779,NONE,0.55078,0.09912,0.09766,272,15
398,105,10,105_chunk_7d4883bd-a754-4299-85c4-46a4642484f3,8,1.4693,NONE,0.45703,0.09912,0.16016,253,15
398,105,1,105_chunk_8b84242a-4620-49d4-91de-00bc2f25fb9f,16,5.5225,NONE,0.52734,0.0415,0.07178,162,15
398,105,2,105_chunk_30ce730d-04d2-4572-b704-136cbf7e55f4,16,5.4852,NONE,0.5625,0.0415,0.05493,227,15
398,105,3,105_chunk_c200c31c-4c9c-48eb-9dfb-18415fda3992,16,2.5389,NONE,0.48047,0.0415,0.07227,266,15
398,105,4,105_chunk_1e397196-234e-45b5-a17c-e8851c662d56,16,2.476,NONE,0.45312,0.0415,0.05737,270,15
398,105,5,105_chunk_6828ff29-c123-41ab-a6ca-b8a872dcfb02,16,2.4171,WEAK,0.4375,0.0415,0.07715,273,15
398,105,6,105_chunk_8df9c9b2-d840-45e5-9e79-091b7acb5a02,16,1.9514,NONE,0.49609,0.0415,0.06885,167,15
398,105,7,105_chunk_8090fab6-424d-402a-adc8-18f6b7f238f8,16,1.7566,WEAK,0.45312,0.0415,0.09473,237,15
398,105,8,105_chunk_14f449f8-2c95-4580-b06a-5debb6f8dd32,16,1.7394,NONE,0.46875,0.0415,0.06885,247,15
398,105,9,105_chunk_e0365575-33ef-4242-99b3-8776661c921f,16,1.4779,NONE,0.42578,0.0415,0.0625,272,15
398,105,10,105_chunk_7d4883bd-a754-4299-85c4-46a4642484f3,16,1.4693,NONE,0.41016,0.0415,0.11914,253,15
398,105,1,105_chunk_8b84242a-4620-49d4-91de-00bc2f25fb9f,24,5.5225,NONE,0.67578,0.02551,0.04517,162,15
398,105,2,105_chunk_30ce730d-04d2-4572-b704-136cbf7e55f4,24,5.4852,NONE,0.74219,0.02551,0.01611,227,15
398,105,3,105_chunk_c200c31c-4c9c-48eb-9dfb-18415fda3992,24,2.5389,NONE,0.65625,0.02551,0.06787,266,15
398,105,4,105_chunk_1e397196-234e-45b5-a17c-e8851c662d56,24,2.476,NONE,0.63672,0.02551,0.04614,270,15
398,105,5,105_chunk_6828ff29-c123-41ab-a6ca-b8a872dcfb02,24,2.4171,WEAK,0.625,0.02551,0.04858,273,15
398,105,6,105_chunk_8df9c9b2-d840-45e5-9e79-091b7acb5a02,24,1.9514,NONE,0.67578,0.02551,0.07617,167,15
398,105,7,105_chunk_8090fab6-424d-402a-adc8-18f6b7f238f8,24,1.7566,WEAK,0.64062,0.02551,0.06445,237,15
398,105,8,105_chunk_14f449f8-2c95-4580-b06a-5debb6f8dd32,24,1.7394,NONE,0.63281,0.02551,0.06494,247,15
398,105,9,105_chunk_e0365575-33ef-4242-99b3-8776661c921f,24,1.4779,NONE,0.59766,0.02551,0.03467,272,15
398,105,10,105_chunk_7d4883bd-a754-4299-85c4-46a4642484f3,24,1.4693,NONE,0.59766,0.02551,0.10596,253,15
398,105,1,105_chunk_8b84242a-4620-49d4-91de-00bc2f25fb9f,31,5.5225,NONE,0.78516,0.00793,0.01086,162,15
398,105,2,105_chunk_30ce730d-04d2-4572-b704-136cbf7e55f4,31,5.4852,NONE,0.83984,0.00793,-0.00412,227,15
398,105,3,105_chunk_c200c31c-4c9c-48eb-9dfb-18415fda3992,31,2.5389,NONE,0.80078,0.00793,0.01672,266,15
398,105,4,105_chunk_1e397196-234e-45b5-a17c-e8851c662d56,31,2.476,NONE,0.77734,0.00793,0.01147,270,15
398,105,5,105_chunk_6828ff29-c123-41ab-a6ca-b8a872dcfb02,31,2.4171,WEAK,0.75391,0.00793,0.01599,273,15
398,105,6,105_chunk_8df9c9b2-d840-45e5-9e79-091b7acb5a02,31,1.9514,NONE,0.79688,0.00793,0.02307,167,15
398,105,7,105_chunk_8090fab6-424d-402a-adc8-18f6b7f238f8,31,1.7566,WEAK,0.75781,0.00793,0.01562,237,15
398,105,8,105_chunk_14f449f8-2c95-4580-b06a-5debb6f8dd32,31,1.7394,NONE,0.78516,0.00793,0.01599,247,15
398,105,9,105_chunk_e0365575-33ef-4242-99b3-8776661c921f,31,1.4779,NONE,0.74609,0.00793,0.00284,272,15
398,105,10,105_chunk_7d4883bd-a754-4299-85c4-46a4642484f3,31,1.4693,NONE,0.69531,0.00793,0.03064,253,15
420,110,1,110_chunk_eca22d24-66d0-42c2-94e7-9ce70b1b9ea3,0,2.6694,NONE,0.51562,1.0,1.0,175,9
420,110,2,110_chunk_9395484a-85da-4e1e-97f3-4207ec4e95f3,0,2.4254,STRONG,0.5625,1.0,1.0,56,9
420,110,3,110_chunk_6c2063ad-cef1-40f2-b4cd-e9f85d3abfd4,0,1.5483,NONE,0.48828,1.0,0.99609,232,9
420,110,4,110_chunk_4d0e30dd-b47a-4d85-a5e2-6fbac7264cc8,0,1.3917,WEAK,0.55859,1.0,1.0,275,9
420,110,5,110_chunk_fcfa7aae-8fa3-4b40-a47f-8c063f44cf5d,0,1.2532,NONE,0.49805,1.0,0.99609,257,9
420,110,6,110_chunk_1a5d527c-3326-45c3-be48-340183683433,0,1.2439,NONE,0.51953,1.0,1.0,283,9
420,110,7,110_chunk_fac2f981-198d-4b85-b801-3e2eb28089e6,0,1.1037,NONE,0.48633,1.0,0.99609,261,9
420,110,8,110_chunk_ff02584e-ec9d-48d2-8229-44b0de7db01f,0,0.8808,STRONG,0.54297,1.0,1.0,251,9
420,110,9,110_chunk_37f682fd-891a-4ec7-96a9-11ba175824e5,0,0.7171,WEAK,0.49219,1.0,1.0,230,9
420,110,10,110_chunk_8c446e39-93b1-4a11-8c63-fd2158116099,0,0.4715,NONE,0.50391,1.0,1.0,253,9
420,110,1,110_chunk_eca22d24-66d0-42c2-94e7-9ce70b1b9ea3,4,2.6694,NONE,0.55469,0.23535,0.15234,175,9
420,110,2,110_chunk_9395484a-85da-4e1e-97f3-4207ec4e95f3,4,2.4254,STRONG,0.64062,0.23535,0.17773,56,9
420,110,3,110_chunk_6c2063ad-cef1-40f2-b4cd-e9f85d3abfd4,4,1.5483,NONE,0.59375,0.23535,0.14453,232,9
420,110,4,110_chunk_4d0e30dd-b47a-4d85-a5e2-6fbac7264cc8,4,1.3917,WEAK,0.66016,0.23535,0.13867,275,9
420,110,5,110_chunk_fcfa7aae-8fa3-4b40-a47f-8c063f44cf5d,4,1.2532,NONE,0.61719,0.23535,0.11719,257,9
420,110,6,110_chunk_1a5d527c-3326-45c3-be48-340183683433,4,1.2439,NONE,0.63281,0.23535,0.14258,283,9
420,110,7,110_chunk_fac2f981-198d-4b85-b801-3e2eb28089e6,4,1.1037,NONE,0.63281,0.23535,0.12061,261,9
420,110,8,110_chunk_ff02584e-ec9d-48d2-8229-44b0de7db01f,4,0.8808,STRONG,0.62891,0.23535,0.09961,251,9
420,110,9,110_chunk_37f682fd-891a-4ec7-96a9-11ba175824e5,4,0.7171,WEAK,0.59375,0.23535,0.15234,230,9
420,110,10,110_chunk_8c446e39-93b1-4a11-8c63-fd2158116099,4,0.4715,NONE,0.66797,0.23535,0.12354,253,9
420,110,1,110_chunk_eca22d24-66d0-42c2-94e7-9ce70b1b9ea3,8,2.6694,NONE,0.51172,0.15137,0.11377,175,9
420,110,2,110_chunk_9395484a-85da-4e1e-97f3-4207ec4e95f3,8,2.4254,STRONG,0.58203,0.15137,0.11182,56,9
420,110,3,110_chunk_6c2063ad-cef1-40f2-b4cd-e9f85d3abfd4,8,1.5483,NONE,0.49023,0.15137,0.12207,232,9
420,110,4,110_chunk_4d0e30dd-b47a-4d85-a5e2-6fbac7264cc8,8,1.3917,WEAK,0.55859,0.15137,0.11523,275,9
420,110,5,110_chunk_fcfa7aae-8fa3-4b40-a47f-8c063f44cf5d,8,1.2532,NONE,0.55078,0.15137,0.08789,257,9
420,110,6,110_chunk_1a5d527c-3326-45c3-be48-340183683433,8,1.2439,NONE,0.5,0.15137,0.11865,283,9
420,110,7,110_chunk_fac2f981-198d-4b85-b801-3e2eb28089e6,8,1.1037,NONE,0.5,0.15137,0.09766,261,9
420,110,8,110_chunk_ff02584e-ec9d-48d2-8229-44b0de7db01f,8,0.8808,STRONG,0.51562,0.15137,0.08154,251,9
420,110,9,110_chunk_37f682fd-891a-4ec7-96a9-11ba175824e5,8,0.7171,WEAK,0.45312,0.15137,0.12793,230,9
420,110,10,110_chunk_8c446e39-93b1-4a11-8c63-fd2158116099,8,0.4715,NONE,0.56641,0.15137,0.09668,253,9
420,110,1,110_chunk_eca22d24-66d0-42c2-94e7-9ce70b1b9ea3,16,2.6694,NONE,0.4043,0.11133,0.07617,175,9
420,110,2,110_chunk_9395484a-85da-4e1e-97f3-4207ec4e95f3,16,2.4254,STRONG,0.53516,0.11133,0.07764,56,9
420,110,3,110_chunk_6c2063ad-cef1-40f2-b4cd-e9f85d3abfd4,16,1.5483,NONE,0.4043,0.11133,0.0603,232,9
420,110,4,110_chunk_4d0e30dd-b47a-4d85-a5e2-6fbac7264cc8,16,1.3917,WEAK,0.48047,0.11133,0.08252,275,9
420,110,5,110_chunk_fcfa7aae-8fa3-4b40-a47f-8c063f44cf5d,16,1.2532,NONE,0.46094,0.11133,0.04883,257,9
420,110,6,110_chunk_1a5d527c-3326-45c3-be48-340183683433,16,1.2439,NONE,0.42188,0.11133,0.06836,283,9
420,110,7,110_chunk_fac2f981-198d-4b85-b801-3e2eb28089e6,16,1.1037,NONE,0.35742,0.11133,0.03662,261,9
420,110,8,110_chunk_ff02584e-ec9d-48d2-8229-44b0de7db01f,16,0.8808,STRONG,0.44531,0.11133,0.06836,251,9
420,110,9,110_chunk_37f682fd-891a-4ec7-96a9-11ba175824e5,16,0.7171,WEAK,0.30664,0.11133,0.0835,230,9
420,110,10,110_chunk_8c446e39-93b1-4a11-8c63-fd2158116099,16,0.4715,NONE,0.47461,0.11133,0.05981,253,9
420,110,1,110_chunk_eca22d24-66d0-42c2-94e7-9ce70b1b9ea3,24,2.6694,NONE,0.64062,0.07959,0.05054,175,9
420,110,2,110_chunk_9395484a-85da-4e1e-97f3-4207ec4e95f3,24,2.4254,STRONG,0.67188,0.07959,0.05981,56,9
420,110,3,110_chunk_6c2063ad-cef1-40f2-b4cd-e9f85d3abfd4,24,1.5483,NONE,0.62109,0.07959,0.04297,232,9
420,110,4,110_chunk_4d0e30dd-b47a-4d85-a5e2-6fbac7264cc8,24,1.3917,WEAK,0.67969,0.07959,0.05054,275,9
420,110,5,110_chunk_fcfa7aae-8fa3-4b40-a47f-8c063f44cf5d,24,1.2532,NONE,0.66016,0.07959,0.03113,257,9
420,110,6,110_chunk_1a5d527c-3326-45c3-be48-340183683433,24,1.2439,NONE,0.67188,0.07959,0.05566,283,9
420,110,7,110_chunk_fac2f981-198d-4b85-b801-3e2eb28089e6,24,1.1037,NONE,0.59375,0.07959,0.04199,261,9
420,110,8,110_chunk_ff02584e-ec9d-48d2-8229-44b0de7db01f,24,0.8808,STRONG,0.63672,0.07959,0.0459,251,9
420,110,9,110_chunk_37f682fd-891a-4ec7-96a9-11ba175824e5,24,0.7171,WEAK,0.52344,0.07959,0.06787,230,9
420,110,10,110_chunk_8c446e39-93b1-4a11-8c63-fd2158116099,24,0.4715,NONE,0.69922,0.07959,0.0459,253,9
420,110,1,110_chunk_eca22d24-66d0-42c2-94e7-9ce70b1b9ea3,31,2.6694,NONE,0.75391,0.03979,0.02197,175,9
420,110,2,110_chunk_9395484a-85da-4e1e-97f3-4207ec4e95f3,31,2.4254,STRONG,0.78516,0.03979,0.0177,56,9
420,110,3,110_chunk_6c2063ad-cef1-40f2-b4cd-e9f85d3abfd4,31,1.5483,NONE,0.74609,0.03979,0.01392,232,9
420,110,4,110_chunk_4d0e30dd-b47a-4d85-a5e2-6fbac7264cc8,31,1.3917,WEAK,0.80078,0.03979,0.01544,275,9
420,110,5,110_chunk_fcfa7aae-8fa3-4b40-a47f-8c063f44cf5d,31,1.2532,NONE,0.77344,0.03979,0.00861,257,9
420,110,6,110_chunk_1a5d527c-3326-45c3-be48-340183683433,31,1.2439,NONE,0.78125,0.03979,0.02197,283,9
420,110,7,110_chunk_fac2f981-198d-4b85-b801-3e2eb28089e6,31,1.1037,NONE,0.73438,0.03979,0.01917,261,9
420,110,8,110_chunk_ff02584e-ec9d-48d2-8229-44b0de7db01f,31,0.8808,STRONG,0.76172,0.03979,0.00867,251,9
420,110,9,110_chunk_37f682fd-891a-4ec7-96a9-11ba175824e5,31,0.7171,WEAK,0.68359,0.03979,0.04346,230,9
420,110,10,110_chunk_8c446e39-93b1-4a11-8c63-fd2158116099,31,0.4715,NONE,0.80469,0.03979,0.00964,253,9
548,150,1,150_chunk_062c4259-790e-485f-8a07-84d9adb45af9,0,2.4459,NONE,0.47656,0.99609,1.0,230,7
548,150,2,150_chunk_01232135-f0bd-46b5-b263-55b77eb1f94e,0,2.2044,STRONG,0.49219,0.99609,1.0,125,7
548,150,3,150_chunk_1899eec2-cd4c-41c2-bd6e-43f319a59e0b,0,1.9084,PARTIAL,0.44141,0.99609,0.99609,68,7
548,150,4,150_chunk_86099818-bc95-495a-98c0-4bb25bcbb5eb,0,1.6199,WEAK,0.53906,0.99609,0.99609,42,7
548,150,5,150_chunk_c0acb436-1643-48e4-852e-0fa9f4da74bc,0,1.3012,NONE,0.48828,0.99609,1.0,226,7
548,150,6,150_chunk_0b0254ed-7e6a-4e51-adda-4a6ce83725cd,0,0.9918,NONE,0.4668,0.99609,1.0,113,7
548,150,7,150_chunk_9e03be36-6152-4273-95f3-c47e8adb88a0,0,0.984,NONE,0.48828,0.99609,1.00781,136,7
548,150,8,150_chunk_19ad0c10-8ec4-4157-80b0-4a038509ce3b,0,0.7955,NONE,0.44727,0.99609,0.99609,248,7
548,150,9,150_chunk_8ff33831-ae89-404c-9948-486e274c0cfa,0,0.5237,NONE,0.41406,0.99609,1.0,231,7
548,150,10,150_chunk_124ab712-3e60-479f-b7cc-e1348b6b07d7,0,0.5056,NONE,0.44336,0.99609,0.99609,168,7
548,150,1,150_chunk_062c4259-790e-485f-8a07-84d9adb45af9,4,2.4459,NONE,0.57031,0.18555,0.16211,230,7
548,150,2,150_chunk_01232135-f0bd-46b5-b263-55b77eb1f94e,4,2.2044,STRONG,0.63672,0.18555,0.15039,125,7
548,150,3,150_chunk_1899eec2-cd4c-41c2-bd6e-43f319a59e0b,4,1.9084,PARTIAL,0.625,0.18555,0.1416,68,7
548,150,4,150_chunk_86099818-bc95-495a-98c0-4bb25bcbb5eb,4,1.6199,WEAK,0.65234,0.18555,0.1582,42,7
548,150,5,150_chunk_c0acb436-1643-48e4-852e-0fa9f4da74bc,4,1.3012,NONE,0.61328,0.18555,0.14648,226,7
548,150,6,150_chunk_0b0254ed-7e6a-4e51-adda-4a6ce83725cd,4,0.9918,NONE,0.62109,0.18555,0.14941,113,7
548,150,7,150_chunk_9e03be36-6152-4273-95f3-c47e8adb88a0,4,0.984,NONE,0.62109,0.18555,0.1416,136,7
548,150,8,150_chunk_19ad0c10-8ec4-4157-80b0-4a038509ce3b,4,0.7955,NONE,0.58984,0.18555,0.12598,248,7
548,150,9,150_chunk_8ff33831-ae89-404c-9948-486e274c0cfa,4,0.5237,NONE,0.61328,0.18555,0.14941,231,7
548,150,10,150_chunk_124ab712-3e60-479f-b7cc-e1348b6b07d7,4,0.5056,NONE,0.58984,0.18555,0.11523,168,7
548,150,1,150_chunk_062c4259-790e-485f-8a07-84d9adb45af9,8,2.4459,NONE,0.50391,0.11719,0.12695,230,7
548,150,2,150_chunk_01232135-f0bd-46b5-b263-55b77eb1f94e,8,2.2044,STRONG,0.57031,0.11719,0.11328,125,7
548,150,3,150_chunk_1899eec2-cd4c-41c2-bd6e-43f319a59e0b,8,1.9084,PARTIAL,0.55469,0.11719,0.10547,68,7
548,150,4,150_chunk_86099818-bc95-495a-98c0-4bb25bcbb5eb,8,1.6199,WEAK,0.60938,0.11719,0.10352,42,7
548,150,5,150_chunk_c0acb436-1643-48e4-852e-0fa9f4da74bc,8,1.3012,NONE,0.51562,0.11719,0.11719,226,7
548,150,6,150_chunk_0b0254ed-7e6a-4e51-adda-4a6ce83725cd,8,0.9918,NONE,0.53125,0.11719,0.10107,113,7
548,150,7,150_chunk_9e03be36-6152-4273-95f3-c47e8adb88a0,8,0.984,NONE,0.55078,0.11719,0.1001,136,7
548,150,8,150_chunk_19ad0c10-8ec4-4157-80b0-4a038509ce3b,8,0.7955,NONE,0.45117,0.11719,0.09961,248,7
548,150,9,150_chunk_8ff33831-ae89-404c-9948-486e274c0cfa,8,0.5237,NONE,0.51172,0.11719,0.11523,231,7
548,150,10,150_chunk_124ab712-3e60-479f-b7cc-e1348b6b07d7,8,0.5056,NONE,0.5,0.11719,0.08154,168,7
548,150,1,150_chunk_062c4259-790e-485f-8a07-84d9adb45af9,16,2.4459,NONE,0.41992,0.05835,0.09912,230,7
548,150,2,150_chunk_01232135-f0bd-46b5-b263-55b77eb1f94e,16,2.2044,STRONG,0.55859,0.05835,0.08984,125,7
548,150,3,150_chunk_1899eec2-cd4c-41c2-bd6e-43f319a59e0b,16,1.9084,PARTIAL,0.50781,0.05835,0.0791,68,7
548,150,4,150_chunk_86099818-bc95-495a-98c0-4bb25bcbb5eb,16,1.6199,WEAK,0.57812,0.05835,0.07715,42,7
548,150,5,150_chunk_c0acb436-1643-48e4-852e-0fa9f4da74bc,16,1.3012,NONE,0.46289,0.05835,0.08984,226,7
548,150,6,150_chunk_0b0254ed-7e6a-4e51-adda-4a6ce83725cd,16,0.9918,NONE,0.42188,0.05835,0.03979,113,7
548,150,7,150_chunk_9e03be36-6152-4273-95f3-c47e8adb88a0,16,0.984,NONE,0.45117,0.05835,0.06128,136,7
548,150,8,150_chunk_19ad0c10-8ec4-4157-80b0-4a038509ce3b,16,0.7955,NONE,0.33984,0.05835,0.0415,248,7
548,150,9,150_chunk_8ff33831-ae89-404c-9948-486e274c0cfa,16,0.5237,NONE,0.36914,0.05835,0.06934,231,7
548,150,10,150_chunk_124ab712-3e60-479f-b7cc-e1348b6b07d7,16,0.5056,NONE,0.40234,0.05835,0.04932,168,7
548,150,1,150_chunk_062c4259-790e-485f-8a07-84d9adb45af9,24,2.4459,NONE,0.57031,0.06128,0.06543,230,7
548,150,2,150_chunk_01232135-f0bd-46b5-b263-55b77eb1f94e,24,2.2044,STRONG,0.625,0.06128,0.05176,125,7
548,150,3,150_chunk_1899eec2-cd4c-41c2-bd6e-43f319a59e0b,24,1.9084,PARTIAL,0.61328,0.06128,0.06055,68,7
548,150,4,150_chunk_86099818-bc95-495a-98c0-4bb25bcbb5eb,24,1.6199,WEAK,0.71094,0.06128,0.06079,42,7
548,150,5,150_chunk_c0acb436-1643-48e4-852e-0fa9f4da74bc,24,1.3012,NONE,0.61328,0.06128,0.04956,226,7
548,150,6,150_chunk_0b0254ed-7e6a-4e51-adda-4a6ce83725cd,24,0.9918,NONE,0.58594,0.06128,0.0249,113,7
548,150,7,150_chunk_9e03be36-6152-4273-95f3-c47e8adb88a0,24,0.984,NONE,0.59375,0.06128,0.04004,136,7
548,150,8,150_chunk_19ad0c10-8ec4-4157-80b0-4a038509ce3b,24,0.7955,NONE,0.53906,0.06128,0.03589,248,7
548,150,9,150_chunk_8ff33831-ae89-404c-9948-486e274c0cfa,24,0.5237,NONE,0.54688,0.06128,0.06177,231,7
548,150,10,150_chunk_124ab712-3e60-479f-b7cc-e1348b6b07d7,24,0.5056,NONE,0.59375,0.06128,0.04688,168,7
548,150,1,150_chunk_062c4259-790e-485f-8a07-84d9adb45af9,31,2.4459,NONE,0.70703,0.03149,0.02258,230,7
548,150,2,150_chunk_01232135-f0bd-46b5-b263-55b77eb1f94e,31,2.2044,STRONG,0.75,0.03149,0.01685,125,7
548,150,3,150_chunk_1899eec2-cd4c-41c2-bd6e-43f319a59e0b,31,1.9084,PARTIAL,0.74609,0.03149,0.03613,68,7
548,150,4,150_chunk_86099818-bc95-495a-98c0-4bb25bcbb5eb,31,1.6199,WEAK,0.8125,0.03149,0.03418,42,7
548,150,5,150_chunk_c0acb436-1643-48e4-852e-0fa9f4da74bc,31,1.3012,NONE,0.76172,0.03149,0.0282,226,7
548,150,6,150_chunk_0b0254ed-7e6a-4e51-adda-4a6ce83725cd,31,0.9918,NONE,0.73438,0.03149,0.0097,113,7
548,150,7,150_chunk_9e03be36-6152-4273-95f3-c47e8adb88a0,31,0.984,NONE,0.74609,0.03149,0.02832,136,7
548,150,8,150_chunk_19ad0c10-8ec4-4157-80b0-4a038509ce3b,31,0.7955,NONE,0.70703,0.03149,0.0166,248,7
548,150,9,150_chunk_8ff33831-ae89-404c-9948-486e274c0cfa,31,0.5237,NONE,0.69531,0.03149,0.03613,231,7
548,150,10,150_chunk_124ab712-3e60-479f-b7cc-e1348b6b07d7,31,0.5056,NONE,0.72266,0.03149,0.04126,168,7
556,152,1,152_chunk_ac39927f-5b17-41d5-97a4-c3714b5c716a,0,2.238,WEAK,0.69922,0.99609,0.99219,82,19
556,152,2,152_chunk_f1b72a75-b071-4997-8d0f-8724bb7b4db3,0,2.0068,NONE,0.71875,0.99609,0.99609,255,19
556,152,3,152_chunk_0a2a0a6c-a8dc-4162-93e7-9dcafecc4b4b,0,1.3477,PARTIAL,0.73438,0.99609,1.0,200,19
556,152,4,152_chunk_941621e0-ebfd-4f4e-b952-a866189ab0de,0,1.2381,PARTIAL,0.72656,0.99609,0.99609,265,19
556,152,5,152_chunk_abf17f99-7885-4cb8-bc6c-34ec7a345fbe,0,1.0749,WEAK,0.57031,0.99609,1.00781,169,19
556,152,6,152_chunk_9829c7db-9d9e-4ad2-ae61-cdb8eb1a5b4e,0,0.9324,STRONG,0.69531,0.99609,1.0,243,19
556,152,7,152_chunk_a8b5c2dd-b316-4c3d-842d-df943d8d52fb,0,0.9029,PARTIAL,0.72266,0.99609,0.99219,191,19
556,152,8,152_chunk_474652af-6301-4305-bbe9-0edc4289737a,0,0.6211,PARTIAL,0.6875,0.99609,1.0,231,19
556,152,9,152_chunk_cccfaa23-b0b0-4c8c-8ef0-457beb44e3bd,0,0.5812,PARTIAL,0.69922,0.99609,1.0,213,19
556,152,10,152_chunk_8e1cd93c-e716-4372-bce9-62d9cdd5a4f3,0,0.4755,PARTIAL,0.57031,0.99609,1.0,213,19
556,152,1,152_chunk_ac39927f-5b17-41d5-97a4-c3714b5c716a,4,2.238,WEAK,0.64844,0.16797,0.13867,82,19
556,152,2,152_chunk_f1b72a75-b071-4997-8d0f-8724bb7b4db3,4,2.0068,NONE,0.6875,0.16797,0.14648,255,19
556,152,3,152_chunk_0a2a0a6c-a8dc-4162-93e7-9dcafecc4b4b,4,1.3477,PARTIAL,0.70312,0.16797,0.12793,200,19
556,152,4,152_chunk_941621e0-ebfd-4f4e-b952-a866189ab0de,4,1.2381,PARTIAL,0.74609,0.16797,0.12793,265,19
556,152,5,152_chunk_abf17f99-7885-4cb8-bc6c-34ec7a345fbe,4,1.0749,WEAK,0.64062,0.16797,0.12598,169,19
556,152,6,152_chunk_9829c7db-9d9e-4ad2-ae61-cdb8eb1a5b4e,4,0.9324,STRONG,0.71875,0.16797,0.15332,243,19
556,152,7,152_chunk_a8b5c2dd-b316-4c3d-842d-df943d8d52fb,4,0.9029,PARTIAL,0.73828,0.16797,0.11816,191,19
556,152,8,152_chunk_474652af-6301-4305-bbe9-0edc4289737a,4,0.6211,PARTIAL,0.72656,0.16797,0.1416,231,19
556,152,9,152_chunk_cccfaa23-b0b0-4c8c-8ef0-457beb44e3bd,4,0.5812,PARTIAL,0.71094,0.16797,0.125,213,19
556,152,10,152_chunk_8e1cd93c-e716-4372-bce9-62d9cdd5a4f3,4,0.4755,PARTIAL,0.65625,0.16797,0.11963,213,19
556,152,1,152_chunk_ac39927f-5b17-41d5-97a4-c3714b5c716a,8,2.238,WEAK,0.59766,0.09033,0.09961,82,19
556,152,2,152_chunk_f1b72a75-b071-4997-8d0f-8724bb7b4db3,8,2.0068,NONE,0.54688,0.09033,0.10742,255,19
556,152,3,152_chunk_0a2a0a6c-a8dc-4162-93e7-9dcafecc4b4b,8,1.3477,PARTIAL,0.60547,0.09033,0.08496,200,19
556,152,4,152_chunk_941621e0-ebfd-4f4e-b952-a866189ab0de,8,1.2381,PARTIAL,0.64062,0.09033,0.09766,265,19
556,152,5,152_chunk_abf17f99-7885-4cb8-bc6c-34ec7a345fbe,8,1.0749,WEAK,0.5,0.09033,0.06226,169,19
556,152,6,152_chunk_9829c7db-9d9e-4ad2-ae61-cdb8eb1a5b4e,8,0.9324,STRONG,0.61328,0.09033,0.11768,243,19
556,152,7,152_chunk_a8b5c2dd-b316-4c3d-842d-df943d8d52fb,8,0.9029,PARTIAL,0.62891,0.09033,0.08496,191,19
556,152,8,152_chunk_474652af-6301-4305-bbe9-0edc4289737a,8,0.6211,PARTIAL,0.60156,0.09033,0.10986,231,19
556,152,9,152_chunk_cccfaa23-b0b0-4c8c-8ef0-457beb44e3bd,8,0.5812,PARTIAL,0.58203,0.09033,0.09082,213,19
556,152,10,152_chunk_8e1cd93c-e716-4372-bce9-62d9cdd5a4f3,8,0.4755,PARTIAL,0.4707,0.09033,0.07764,213,19
556,152,1,152_chunk_ac39927f-5b17-41d5-97a4-c3714b5c716a,16,2.238,WEAK,0.51562,0.04517,0.08838,82,19
556,152,2,152_chunk_f1b72a75-b071-4997-8d0f-8724bb7b4db3,16,2.0068,NONE,0.4707,0.04517,0.05078,255,19
556,152,3,152_chunk_0a2a0a6c-a8dc-4162-93e7-9dcafecc4b4b,16,1.3477,PARTIAL,0.53906,0.04517,0.06885,200,19
556,152,4,152_chunk_941621e0-ebfd-4f4e-b952-a866189ab0de,16,1.2381,PARTIAL,0.60156,0.04517,0.06494,265,19
556,152,5,152_chunk_abf17f99-7885-4cb8-bc6c-34ec7a345fbe,16,1.0749,WEAK,0.48828,0.04517,0.05591,169,19
556,152,6,152_chunk_9829c7db-9d9e-4ad2-ae61-cdb8eb1a5b4e,16,0.9324,STRONG,0.59375,0.04517,0.0835,243,19
556,152,7,152_chunk_a8b5c2dd-b316-4c3d-842d-df943d8d52fb,16,0.9029,PARTIAL,0.57422,0.04517,0.05396,191,19
556,152,8,152_chunk_474652af-6301-4305-bbe9-0edc4289737a,16,0.6211,PARTIAL,0.54297,0.04517,0.0835,231,19
556,152,9,152_chunk_cccfaa23-b0b0-4c8c-8ef0-457beb44e3bd,16,0.5812,PARTIAL,0.5,0.04517,0.06494,213,19
556,152,10,152_chunk_8e1cd93c-e716-4372-bce9-62d9cdd5a4f3,16,0.4755,PARTIAL,0.40039,0.04517,0.05029,213,19
556,152,1,152_chunk_ac39927f-5b17-41d5-97a4-c3714b5c716a,24,2.238,WEAK,0.72656,0.04004,0.0542,82,19
556,152,2,152_chunk_f1b72a75-b071-4997-8d0f-8724bb7b4db3,24,2.0068,NONE,0.67578,0.04004,0.02856,255,19
556,152,3,152_chunk_0a2a0a6c-a8dc-4162-93e7-9dcafecc4b4b,24,1.3477,PARTIAL,0.71094,0.04004,0.04004,200,19
556,152,4,152_chunk_941621e0-ebfd-4f4e-b952-a866189ab0de,24,1.2381,PARTIAL,0.76562,0.04004,0.03711,265,19
556,152,5,152_chunk_abf17f99-7885-4cb8-bc6c-34ec7a345fbe,24,1.0749,WEAK,0.60938,0.04004,0.03833,169,19
556,152,6,152_chunk_9829c7db-9d9e-4ad2-ae61-cdb8eb1a5b4e,24,0.9324,STRONG,0.78906,0.04004,0.06494,243,19
556,152,7,152_chunk_a8b5c2dd-b316-4c3d-842d-df943d8d52fb,24,0.9029,PARTIAL,0.77344,0.04004,0.03345,191,19
556,152,8,152_chunk_474652af-6301-4305-bbe9-0edc4289737a,24,0.6211,PARTIAL,0.74219,0.04004,0.04956,231,19
556,152,9,152_chunk_cccfaa23-b0b0-4c8c-8ef0-457beb44e3bd,24,0.5812,PARTIAL,0.70312,0.04004,0.04639,213,19
556,152,10,152_chunk_8e1cd93c-e716-4372-bce9-62d9cdd5a4f3,24,0.4755,PARTIAL,0.58984,0.04004,0.04663,213,19
556,152,1,152_chunk_ac39927f-5b17-41d5-97a4-c3714b5c716a,31,2.238,WEAK,0.82031,-0.00169,0.01044,82,19
556,152,2,152_chunk_f1b72a75-b071-4997-8d0f-8724bb7b4db3,31,2.0068,NONE,0.78906,-0.00169,-0.00072,255,19
556,152,3,152_chunk_0a2a0a6c-a8dc-4162-93e7-9dcafecc4b4b,31,1.3477,PARTIAL,0.83203,-0.00169,-0.00101,200,19
556,152,4,152_chunk_941621e0-ebfd-4f4e-b952-a866189ab0de,31,1.2381,PARTIAL,0.85156,-0.00169,0.00299,265,19
556,152,5,152_chunk_abf17f99-7885-4cb8-bc6c-34ec7a345fbe,31,1.0749,WEAK,0.69531,-0.00169,0.00155,169,19
556,152,6,152_chunk_9829c7db-9d9e-4ad2-ae61-cdb8eb1a5b4e,31,0.9324,STRONG,0.87109,-0.00169,0.00314,243,19
556,152,7,152_chunk_a8b5c2dd-b316-4c3d-842d-df943d8d52fb,31,0.9029,PARTIAL,0.86328,-0.00169,-0.01202,191,19
556,152,8,152_chunk_474652af-6301-4305-bbe9-0edc4289737a,31,0.6211,PARTIAL,0.84766,-0.00169,-0.00601,231,19
556,152,9,152_chunk_cccfaa23-b0b0-4c8c-8ef0-457beb44e3bd,31,0.5812,PARTIAL,0.82031,-0.00169,-0.00041,213,19
556,152,10,152_chunk_8e1cd93c-e716-4372-bce9-62d9cdd5a4f3,31,0.4755,PARTIAL,0.68359,-0.00169,0.00977,213,19
632,173,1,173_chunk_8810b651-c813-4393-841d-9ab7a5e83224,0,2.354,WEAK,0.5,1.0,1.0,166,8
632,173,2,173_chunk_83b1be87-11e0-4856-8584-40e17bbf3f43,0,2.1664,WEAK,0.5,1.0,1.0,234,8
632,173,3,173_chunk_b8dbd114-feeb-4068-a49a-249809b0e4e1,0,1.8615,WEAK,0.48242,1.0,1.00781,116,8
632,173,4,173_chunk_28393061-6610-47db-a0c6-e5a67e4e1fd9,0,1.4906,WEAK,0.45508,1.0,1.0,208,8
632,173,5,173_chunk_94deb981-97c1-4a0e-b8e9-55211a173ac2,0,1.3009,PARTIAL,0.44922,1.0,1.0,273,8
632,173,6,173_chunk_125100ff-bc68-4847-8e0a-1f596a926314,0,1.0837,WEAK,0.35938,1.0,1.0,259,8
632,173,7,173_chunk_949c144a-555d-4e9b-ad35-a9362f71b591,0,0.7483,NONE,0.40625,1.0,1.0,140,8
632,173,8,173_chunk_262c0e97-b845-4461-be49-307fbf4c68f5,0,0.7285,STRONG,0.40625,1.0,1.0,70,8
632,173,9,173_chunk_bcb1c50a-cfb8-429b-8879-0a5ae6305ff4,0,0.6933,WEAK,0.33594,1.0,1.0,119,8
632,173,10,173_chunk_8756d9cf-494a-4fbc-8adf-43f76abf435c,0,0.6729,NONE,0.35156,1.0,1.0,264,8
632,173,1,173_chunk_8810b651-c813-4393-841d-9ab7a5e83224,4,2.354,WEAK,0.57031,0.22266,0.15234,166,8
632,173,2,173_chunk_83b1be87-11e0-4856-8584-40e17bbf3f43,4,2.1664,WEAK,0.60547,0.22266,0.13672,234,8
632,173,3,173_chunk_b8dbd114-feeb-4068-a49a-249809b0e4e1,4,1.8615,WEAK,0.62109,0.22266,0.15137,116,8
632,173,4,173_chunk_28393061-6610-47db-a0c6-e5a67e4e1fd9,4,1.4906,WEAK,0.58984,0.22266,0.12354,208,8
632,173,5,173_chunk_94deb981-97c1-4a0e-b8e9-55211a173ac2,4,1.3009,PARTIAL,0.59766,0.22266,0.12793,273,8
632,173,6,173_chunk_125100ff-bc68-4847-8e0a-1f596a926314,4,1.0837,WEAK,0.52734,0.22266,0.12891,259,8
632,173,7,173_chunk_949c144a-555d-4e9b-ad35-a9362f71b591,4,0.7483,NONE,0.60938,0.22266,0.1543,140,8
632,173,8,173_chunk_262c0e97-b845-4461-be49-307fbf4c68f5,4,0.7285,STRONG,0.57812,0.22266,0.14453,70,8
632,173,9,173_chunk_bcb1c50a-cfb8-429b-8879-0a5ae6305ff4,4,0.6933,WEAK,0.57812,0.22266,0.20996,119,8
632,173,10,173_chunk_8756d9cf-494a-4fbc-8adf-43f76abf435c,4,0.6729,NONE,0.56641,0.22266,0.20996,264,8
632,173,1,173_chunk_8810b651-c813-4393-841d-9ab7a5e83224,8,2.354,WEAK,0.47656,0.1543,0.12256,166,8
632,173,2,173_chunk_83b1be87-11e0-4856-8584-40e17bbf3f43,8,2.1664,WEAK,0.47656,0.1543,0.11523,234,8
632,173,3,173_chunk_b8dbd114-feeb-4068-a49a-249809b0e4e1,8,1.8615,WEAK,0.51953,0.1543,0.13086,116,8
632,173,4,173_chunk_28393061-6610-47db-a0c6-e5a67e4e1fd9,8,1.4906,WEAK,0.43164,0.1543,0.10303,208,8
632,173,5,173_chunk_94deb981-97c1-4a0e-b8e9-55211a173ac2,8,1.3009,PARTIAL,0.44141,0.1543,0.11084,273,8
632,173,6,173_chunk_125100ff-bc68-4847-8e0a-1f596a926314,8,1.0837,WEAK,0.39453,0.1543,0.10107,259,8
632,173,7,173_chunk_949c144a-555d-4e9b-ad35-a9362f71b591,8,0.7483,NONE,0.48242,0.1543,0.12012,140,8
632,173,8,173_chunk_262c0e97-b845-4461-be49-307fbf4c68f5,8,0.7285,STRONG,0.5,0.1543,0.10107,70,8
632,173,9,173_chunk_bcb1c50a-cfb8-429b-8879-0a5ae6305ff4,8,0.6933,WEAK,0.46484,0.1543,0.17676,119,8
632,173,10,173_chunk_8756d9cf-494a-4fbc-8adf-43f76abf435c,8,0.6729,NONE,0.45117,0.1543,0.1748,264,8
632,173,1,173_chunk_8810b651-c813-4393-841d-9ab7a5e83224,16,2.354,WEAK,0.42578,0.09033,0.08496,166,8
632,173,2,173_chunk_83b1be87-11e0-4856-8584-40e17bbf3f43,16,2.1664,WEAK,0.41406,0.09033,0.06787,234,8
632,173,3,173_chunk_b8dbd114-feeb-4068-a49a-249809b0e4e1,16,1.8615,WEAK,0.50781,0.09033,0.09814,116,8
632,173,4,173_chunk_28393061-6610-47db-a0c6-e5a67e4e1fd9,16,1.4906,WEAK,0.375,0.09033,0.0791,208,8
632,173,5,173_chunk_94deb981-97c1-4a0e-b8e9-55211a173ac2,16,1.3009,PARTIAL,0.38086,0.09033,0.08154,273,8
632,173,6,173_chunk_125100ff-bc68-4847-8e0a-1f596a926314,16,1.0837,WEAK,0.30664,0.09033,0.08008,259,8
632,173,7,173_chunk_949c144a-555d-4e9b-ad35-a9362f71b591,16,0.7483,NONE,0.42188,0.09033,0.08447,140,8
632,173,8,173_chunk_262c0e97-b845-4461-be49-307fbf4c68f5,16,0.7285,STRONG,0.50391,0.09033,0.07227,70,8
632,173,9,173_chunk_bcb1c50a-cfb8-429b-8879-0a5ae6305ff4,16,0.6933,WEAK,0.39453,0.09033,0.11572,119,8
632,173,10,173_chunk_8756d9cf-494a-4fbc-8adf-43f76abf435c,16,0.6729,NONE,0.39062,0.09033,0.13184,264,8
632,173,1,173_chunk_8810b651-c813-4393-841d-9ab7a5e83224,24,2.354,WEAK,0.67188,0.05762,0.06689,166,8
632,173,2,173_chunk_83b1be87-11e0-4856-8584-40e17bbf3f43,24,2.1664,WEAK,0.66016,0.05762,0.05151,234,8
632,173,3,173_chunk_b8dbd114-feeb-4068-a49a-249809b0e4e1,24,1.8615,WEAK,0.69531,0.05762,0.05469,116,8
632,173,4,173_chunk_28393061-6610-47db-a0c6-e5a67e4e1fd9,24,1.4906,WEAK,0.60547,0.05762,0.05103,208,8
632,173,5,173_chunk_94deb981-97c1-4a0e-b8e9-55211a173ac2,24,1.3009,PARTIAL,0.61328,0.05762,0.07129,273,8
632,173,6,173_chunk_125100ff-bc68-4847-8e0a-1f596a926314,24,1.0837,WEAK,0.54297,0.05762,0.06689,259,8
632,173,7,173_chunk_949c144a-555d-4e9b-ad35-a9362f71b591,24,0.7483,NONE,0.65625,0.05762,0.0708,140,8
632,173,8,173_chunk_262c0e97-b845-4461-be49-307fbf4c68f5,24,0.7285,STRONG,0.67188,0.05762,0.05322,70,8
632,173,9,173_chunk_bcb1c50a-cfb8-429b-8879-0a5ae6305ff4,24,0.6933,WEAK,0.62891,0.05762,0.07715,119,8
632,173,10,173_chunk_8756d9cf-494a-4fbc-8adf-43f76abf435c,24,0.6729,NONE,0.63281,0.05762,0.11963,264,8
632,173,1,173_chunk_8810b651-c813-4393-841d-9ab7a5e83224,31,2.354,WEAK,0.75391,0.02039,0.008,166,8
632,173,2,173_chunk_83b1be87-11e0-4856-8584-40e17bbf3f43,31,2.1664,WEAK,0.75781,0.02039,0.01099,234,8
632,173,3,173_chunk_b8dbd114-feeb-4068-a49a-249809b0e4e1,31,1.8615,WEAK,0.78125,0.02039,0.00211,116,8
632,173,4,173_chunk_28393061-6610-47db-a0c6-e5a67e4e1fd9,31,1.4906,WEAK,0.73438,0.02039,0.00583,208,8
632,173,5,173_chunk_94deb981-97c1-4a0e-b8e9-55211a173ac2,31,1.3009,PARTIAL,0.72266,0.02039,0.02576,273,8
632,173,6,173_chunk_125100ff-bc68-4847-8e0a-1f596a926314,31,1.0837,WEAK,0.64062,0.02039,0.0188,259,8
632,173,7,173_chunk_949c144a-555d-4e9b-ad35-a9362f71b591,31,0.7483,NONE,0.76172,0.02039,0.02686,140,8
632,173,8,173_chunk_262c0e97-b845-4461-be49-307fbf4c68f5,31,0.7285,STRONG,0.73047,0.02039,0.01904,70,8
632,173,9,173_chunk_bcb1c50a-cfb8-429b-8879-0a5ae6305ff4,31,0.6933,WEAK,0.70312,0.02039,0.0271,119,8
632,173,10,173_chunk_8756d9cf-494a-4fbc-8adf-43f76abf435c,31,0.6729,NONE,0.72656,0.02039,0.05322,264,8
638,175,1,175_chunk_ccd60cd7-a96a-40e5-b7b7-bdbf2f3782bb,0,3.0576,WEAK,0.52344,1.0,0.99609,87,8
638,175,2,175_chunk_e8fd6af3-ba07-423b-a517-b87620a7da2c,0,2.3428,WEAK,0.49414,1.0,0.99609,275,8
638,175,3,175_chunk_09657e1d-7a08-4a36-bc52-8e68084ee2a6,0,1.7524,NONE,0.43555,1.0,0.99609,101,8
638,175,4,175_chunk_f644cf6d-c824-4b69-aba7-c9727578922d,0,1.7353,WEAK,0.53906,1.0,1.0,28,8
638,175,5,175_chunk_a7bb44a1-7dbe-4f58-9580-64993b63a31b,0,1.4416,NONE,0.50391,1.0,1.00781,245,8
638,175,6,175_chunk_d992473e-3c21-4124-8096-b47a530d5c27,0,1.4254,NONE,0.44336,1.0,0.99609,165,8
638,175,7,175_chunk_ae66a08a-f0b1-410f-a262-e493c0f0e668,0,1.4157,NONE,0.46094,1.0,1.0,267,8
638,175,8,175_chunk_d0c6c298-590e-47a8-a67a-1947d5576e64,0,1.3868,WEAK,0.49219,1.0,1.00781,255,8
638,175,9,175_chunk_e2f924c7-7648-4975-83de-6f99365f9b92,0,1.3192,NONE,0.47852,1.0,1.00781,258,8
638,175,10,175_chunk_2db949ec-bd8a-461b-a1c9-3bbee0abfaf3,0,1.3078,WEAK,0.42578,1.0,0.99609,283,8
638,175,1,175_chunk_ccd60cd7-a96a-40e5-b7b7-bdbf2f3782bb,4,3.0576,WEAK,0.53906,0.20801,0.16113,87,8
638,175,2,175_chunk_e8fd6af3-ba07-423b-a517-b87620a7da2c,4,2.3428,WEAK,0.58203,0.20801,0.15918,275,8
638,175,3,175_chunk_09657e1d-7a08-4a36-bc52-8e68084ee2a6,4,1.7524,NONE,0.57422,0.20801,0.16895,101,8
638,175,4,175_chunk_f644cf6d-c824-4b69-aba7-c9727578922d,4,1.7353,WEAK,0.63281,0.20801,0.16895,28,8
638,175,5,175_chunk_a7bb44a1-7dbe-4f58-9580-64993b63a31b,4,1.4416,NONE,0.62109,0.20801,0.1582,245,8
638,175,6,175_chunk_d992473e-3c21-4124-8096-b47a530d5c27,4,1.4254,NONE,0.60156,0.20801,0.1416,165,8
638,175,7,175_chunk_ae66a08a-f0b1-410f-a262-e493c0f0e668,4,1.4157,NONE,0.63281,0.20801,0.14746,267,8
638,175,8,175_chunk_d0c6c298-590e-47a8-a67a-1947d5576e64,4,1.3868,WEAK,0.61719,0.20801,0.14258,255,8
638,175,9,175_chunk_e2f924c7-7648-4975-83de-6f99365f9b92,4,1.3192,NONE,0.65625,0.20801,0.13965,258,8
638,175,10,175_chunk_2db949ec-bd8a-461b-a1c9-3bbee0abfaf3,4,1.3078,WEAK,0.63281,0.20801,0.16895,283,8
638,175,1,175_chunk_ccd60cd7-a96a-40e5-b7b7-bdbf2f3782bb,8,3.0576,WEAK,0.45312,0.15234,0.12158,87,8
638,175,2,175_chunk_e8fd6af3-ba07-423b-a517-b87620a7da2c,8,2.3428,WEAK,0.42969,0.15234,0.11963,275,8
638,175,3,175_chunk_09657e1d-7a08-4a36-bc52-8e68084ee2a6,8,1.7524,NONE,0.49609,0.15234,0.12256,101,8
638,175,4,175_chunk_f644cf6d-c824-4b69-aba7-c9727578922d,8,1.7353,WEAK,0.51953,0.15234,0.11816,28,8
638,175,5,175_chunk_a7bb44a1-7dbe-4f58-9580-64993b63a31b,8,1.4416,NONE,0.47461,0.15234,0.11182,245,8
638,175,6,175_chunk_d992473e-3c21-4124-8096-b47a530d5c27,8,1.4254,NONE,0.42773,0.15234,0.11084,165,8
638,175,7,175_chunk_ae66a08a-f0b1-410f-a262-e493c0f0e668,8,1.4157,NONE,0.49023,0.15234,0.12061,267,8
638,175,8,175_chunk_d0c6c298-590e-47a8-a67a-1947d5576e64,8,1.3868,WEAK,0.44531,0.15234,0.10693,255,8
638,175,9,175_chunk_e2f924c7-7648-4975-83de-6f99365f9b92,8,1.3192,NONE,0.51562,0.15234,0.10303,258,8
638,175,10,175_chunk_2db949ec-bd8a-461b-a1c9-3bbee0abfaf3,8,1.3078,WEAK,0.52344,0.15234,0.13965,283,8
638,175,1,175_chunk_ccd60cd7-a96a-40e5-b7b7-bdbf2f3782bb,16,3.0576,WEAK,0.42578,0.10107,0.09717,87,8
638,175,2,175_chunk_e8fd6af3-ba07-423b-a517-b87620a7da2c,16,2.3428,WEAK,0.42969,0.10107,0.09717,275,8
638,175,3,175_chunk_09657e1d-7a08-4a36-bc52-8e68084ee2a6,16,1.7524,NONE,0.44531,0.10107,0.08496,101,8
638,175,4,175_chunk_f644cf6d-c824-4b69-aba7-c9727578922d,16,1.7353,WEAK,0.54297,0.10107,0.06641,28,8
638,175,5,175_chunk_a7bb44a1-7dbe-4f58-9580-64993b63a31b,16,1.4416,NONE,0.42969,0.10107,0.07666,245,8
638,175,6,175_chunk_d992473e-3c21-4124-8096-b47a530d5c27,16,1.4254,NONE,0.41602,0.10107,0.09912,165,8
638,175,7,175_chunk_ae66a08a-f0b1-410f-a262-e493c0f0e668,16,1.4157,NONE,0.44141,0.10107,0.10352,267,8
638,175,8,175_chunk_d0c6c298-590e-47a8-a67a-1947d5576e64,16,1.3868,WEAK,0.39844,0.10107,0.0708,255,8
638,175,9,175_chunk_e2f924c7-7648-4975-83de-6f99365f9b92,16,1.3192,NONE,0.48047,0.10107,0.08105,258,8
638,175,10,175_chunk_2db949ec-bd8a-461b-a1c9-3bbee0abfaf3,16,1.3078,WEAK,0.47852,0.10107,0.09717,283,8
638,175,1,175_chunk_ccd60cd7-a96a-40e5-b7b7-bdbf2f3782bb,24,3.0576,WEAK,0.64844,0.07178,0.07373,87,8
638,175,2,175_chunk_e8fd6af3-ba07-423b-a517-b87620a7da2c,24,2.3428,WEAK,0.625,0.07178,0.0542,275,8
638,175,3,175_chunk_09657e1d-7a08-4a36-bc52-8e68084ee2a6,24,1.7524,NONE,0.61328,0.07178,0.04297,101,8
638,175,4,175_chunk_f644cf6d-c824-4b69-aba7-c9727578922d,24,1.7353,WEAK,0.67188,0.07178,0.04443,28,8
638,175,5,175_chunk_a7bb44a1-7dbe-4f58-9580-64993b63a31b,24,1.4416,NONE,0.61719,0.07178,0.05054,245,8
638,175,6,175_chunk_d992473e-3c21-4124-8096-b47a530d5c27,24,1.4254,NONE,0.5625,0.07178,0.06177,165,8
638,175,7,175_chunk_ae66a08a-f0b1-410f-a262-e493c0f0e668,24,1.4157,NONE,0.63672,0.07178,0.06738,267,8
638,175,8,175_chunk_d0c6c298-590e-47a8-a67a-1947d5576e64,24,1.3868,WEAK,0.59375,0.07178,0.04248,255,8
638,175,9,175_chunk_e2f924c7-7648-4975-83de-6f99365f9b92,24,1.3192,NONE,0.66797,0.07178,0.05273,258,8
638,175,10,175_chunk_2db949ec-bd8a-461b-a1c9-3bbee0abfaf3,24,1.3078,WEAK,0.66797,0.07178,0.07129,283,8
638,175,1,175_chunk_ccd60cd7-a96a-40e5-b7b7-bdbf2f3782bb,31,3.0576,WEAK,0.73828,0.02563,0.02234,87,8
638,175,2,175_chunk_e8fd6af3-ba07-423b-a517-b87620a7da2c,31,2.3428,WEAK,0.73438,0.02563,0.01624,275,8
638,175,3,175_chunk_09657e1d-7a08-4a36-bc52-8e68084ee2a6,31,1.7524,NONE,0.72266,0.02563,0.004,101,8
638,175,4,175_chunk_f644cf6d-c824-4b69-aba7-c9727578922d,31,1.7353,WEAK,0.78125,0.02563,0.00693,28,8
638,175,5,175_chunk_a7bb44a1-7dbe-4f58-9580-64993b63a31b,31,1.4416,NONE,0.73828,0.02563,0.01135,245,8
638,175,6,175_chunk_d992473e-3c21-4124-8096-b47a530d5c27,31,1.4254,NONE,0.66797,0.02563,0.02173,165,8
638,175,7,175_chunk_ae66a08a-f0b1-410f-a262-e493c0f0e668,31,1.4157,NONE,0.73828,0.02563,0.02258,267,8
638,175,8,175_chunk_d0c6c298-590e-47a8-a67a-1947d5576e64,31,1.3868,WEAK,0.72266,0.02563,0.00016,255,8
638,175,9,175_chunk_e2f924c7-7648-4975-83de-6f99365f9b92,31,1.3192,NONE,0.76953,0.02563,0.01794,258,8
638,175,10,175_chunk_2db949ec-bd8a-461b-a1c9-3bbee0abfaf3,31,1.3078,WEAK,0.75781,0.02563,0.02161,283,8
738,203,1,203_chunk_2cd99692-2227-40d5-b81f-910eff4c9dd5,0,1.8596,STRONG,0.50781,0.99609,0.99609,88,8
738,203,2,203_chunk_a6f9ef80-5054-486b-a0b4-482519aae737,0,1.7448,WEAK,0.48633,0.99609,1.00781,198,8
738,203,3,203_chunk_44ea0109-12bf-43ca-ac92-52c313ec53de,0,1.628,WEAK,0.49609,0.99609,0.99609,237,8
738,203,4,203_chunk_03de0948-10d5-4bce-9870-634280e40c0e,0,1.5766,PARTIAL,0.46875,0.99609,1.0,219,8
738,203,5,203_chunk_b2036341-3b5c-4dd2-8eab-1bc704894811,0,1.5136,NONE,0.4707,0.99609,1.0,286,8
738,203,6,203_chunk_5e2934d9-d599-497e-820f-f9a9ef563552,0,1.4764,PARTIAL,0.5,0.99609,1.0,223,8
738,203,7,203_chunk_8422bf86-0f97-4ff1-a6f9-3753fd940c54,0,1.3943,PARTIAL,0.49609,0.99609,1.0,246,8
738,203,8,203_chunk_97178fbf-310a-4dc0-860b-555af5038d5d,0,1.095,WEAK,0.46875,0.99609,0.99609,157,8
738,203,9,203_chunk_e35179ae-7127-4bb7-9aeb-a23d0685d523,0,1.0582,PARTIAL,0.45703,0.99609,1.00781,118,8
738,203,10,203_chunk_db2a48d9-6e31-4cca-9f81-0cb5f64bc947,0,1.004,PARTIAL,0.45898,0.99609,1.0,259,8
738,203,1,203_chunk_2cd99692-2227-40d5-b81f-910eff4c9dd5,4,1.8596,STRONG,0.58594,0.23145,0.1709,88,8
738,203,2,203_chunk_a6f9ef80-5054-486b-a0b4-482519aae737,4,1.7448,WEAK,0.60938,0.23145,0.14746,198,8
738,203,3,203_chunk_44ea0109-12bf-43ca-ac92-52c313ec53de,4,1.628,WEAK,0.59766,0.23145,0.14941,237,8
738,203,4,203_chunk_03de0948-10d5-4bce-9870-634280e40c0e,4,1.5766,PARTIAL,0.63672,0.23145,0.15723,219,8
738,203,5,203_chunk_b2036341-3b5c-4dd2-8eab-1bc704894811,4,1.5136,NONE,0.60156,0.23145,0.18066,286,8
738,203,6,203_chunk_5e2934d9-d599-497e-820f-f9a9ef563552,4,1.4764,PARTIAL,0.64844,0.23145,0.12354,223,8
738,203,7,203_chunk_8422bf86-0f97-4ff1-a6f9-3753fd940c54,4,1.3943,PARTIAL,0.63672,0.23145,0.14746,246,8
738,203,8,203_chunk_97178fbf-310a-4dc0-860b-555af5038d5d,4,1.095,WEAK,0.62891,0.23145,0.14746,157,8
738,203,9,203_chunk_e35179ae-7127-4bb7-9aeb-a23d0685d523,4,1.0582,PARTIAL,0.63672,0.23145,0.16797,118,8
738,203,10,203_chunk_db2a48d9-6e31-4cca-9f81-0cb5f64bc947,4,1.004,PARTIAL,0.60547,0.23145,0.12793,259,8
738,203,1,203_chunk_2cd99692-2227-40d5-b81f-910eff4c9dd5,8,1.8596,STRONG,0.5,0.15625,0.11621,88,8
738,203,2,203_chunk_a6f9ef80-5054-486b-a0b4-482519aae737,8,1.7448,WEAK,0.54688,0.15625,0.09766,198,8
738,203,3,203_chunk_44ea0109-12bf-43ca-ac92-52c313ec53de,8,1.628,WEAK,0.43164,0.15625,0.10742,237,8
738,203,4,203_chunk_03de0948-10d5-4bce-9870-634280e40c0e,8,1.5766,PARTIAL,0.54297,0.15625,0.12695,219,8
738,203,5,203_chunk_b2036341-3b5c-4dd2-8eab-1bc704894811,8,1.5136,NONE,0.48438,0.15625,0.13379,286,8
738,203,6,203_chunk_5e2934d9-d599-497e-820f-f9a9ef563552,8,1.4764,PARTIAL,0.53516,0.15625,0.08789,223,8
738,203,7,203_chunk_8422bf86-0f97-4ff1-a6f9-3753fd940c54,8,1.3943,PARTIAL,0.51172,0.15625,0.10938,246,8
738,203,8,203_chunk_97178fbf-310a-4dc0-860b-555af5038d5d,8,1.095,WEAK,0.55078,0.15625,0.11572,157,8
738,203,9,203_chunk_e35179ae-7127-4bb7-9aeb-a23d0685d523,8,1.0582,PARTIAL,0.5625,0.15625,0.12793,118,8
738,203,10,203_chunk_db2a48d9-6e31-4cca-9f81-0cb5f64bc947,8,1.004,PARTIAL,0.41797,0.15625,0.07617,259,8
738,203,1,203_chunk_2cd99692-2227-40d5-b81f-910eff4c9dd5,16,1.8596,STRONG,0.43945,0.10938,0.08154,88,8
738,203,2,203_chunk_a6f9ef80-5054-486b-a0b4-482519aae737,16,1.7448,WEAK,0.48633,0.10938,0.07812,198,8
738,203,3,203_chunk_44ea0109-12bf-43ca-ac92-52c313ec53de,16,1.628,WEAK,0.30078,0.10938,0.0542,237,8
738,203,4,203_chunk_03de0948-10d5-4bce-9870-634280e40c0e,16,1.5766,PARTIAL,0.48047,0.10938,0.09131,219,8
738,203,5,203_chunk_b2036341-3b5c-4dd2-8eab-1bc704894811,16,1.5136,NONE,0.37891,0.10938,0.09473,286,8
738,203,6,203_chunk_5e2934d9-d599-497e-820f-f9a9ef563552,16,1.4764,PARTIAL,0.39844,0.10938,0.04565,223,8
738,203,7,203_chunk_8422bf86-0f97-4ff1-a6f9-3753fd940c54,16,1.3943,PARTIAL,0.41992,0.10938,0.05518,246,8
738,203,8,203_chunk_97178fbf-310a-4dc0-860b-555af5038d5d,16,1.095,WEAK,0.49414,0.10938,0.07715,157,8
738,203,9,203_chunk_e35179ae-7127-4bb7-9aeb-a23d0685d523,16,1.0582,PARTIAL,0.48047,0.10938,0.08203,118,8
738,203,10,203_chunk_db2a48d9-6e31-4cca-9f81-0cb5f64bc947,16,1.004,PARTIAL,0.31445,0.10938,0.07471,259,8
738,203,1,203_chunk_2cd99692-2227-40d5-b81f-910eff4c9dd5,24,1.8596,STRONG,0.67188,0.10156,0.05542,88,8
738,203,2,203_chunk_a6f9ef80-5054-486b-a0b4-482519aae737,24,1.7448,WEAK,0.72656,0.10156,0.05518,198,8
738,203,3,203_chunk_44ea0109-12bf-43ca-ac92-52c313ec53de,24,1.628,WEAK,0.57031,0.10156,0.05811,237,8
738,203,4,203_chunk_03de0948-10d5-4bce-9870-634280e40c0e,24,1.5766,PARTIAL,0.71484,0.10156,0.06396,219,8
738,203,5,203_chunk_b2036341-3b5c-4dd2-8eab-1bc704894811,24,1.5136,NONE,0.62891,0.10156,0.06299,286,8
738,203,6,203_chunk_5e2934d9-d599-497e-820f-f9a9ef563552,24,1.4764,PARTIAL,0.63281,0.10156,0.0354,223,8
738,203,7,203_chunk_8422bf86-0f97-4ff1-a6f9-3753fd940c54,24,1.3943,PARTIAL,0.66406,0.10156,0.0376,246,8
738,203,8,203_chunk_97178fbf-310a-4dc0-860b-555af5038d5d,24,1.095,WEAK,0.66406,0.10156,0.0459,157,8
738,203,9,203_chunk_e35179ae-7127-4bb7-9aeb-a23d0685d523,24,1.0582,PARTIAL,0.69531,0.10156,0.05957,118,8
738,203,10,203_chunk_db2a48d9-6e31-4cca-9f81-0cb5f64bc947,24,1.004,PARTIAL,0.58203,0.10156,0.05322,259,8
738,203,1,203_chunk_2cd99692-2227-40d5-b81f-910eff4c9dd5,31,1.8596,STRONG,0.75391,0.05493,0.0094,88,8
738,203,2,203_chunk_a6f9ef80-5054-486b-a0b4-482519aae737,31,1.7448,WEAK,0.80469,0.05493,0.02405,198,8
738,203,3,203_chunk_44ea0109-12bf-43ca-ac92-52c313ec53de,31,1.628,WEAK,0.71094,0.05493,0.02991,237,8
738,203,4,203_chunk_03de0948-10d5-4bce-9870-634280e40c0e,31,1.5766,PARTIAL,0.80469,0.05493,0.02954,219,8
738,203,5,203_chunk_b2036341-3b5c-4dd2-8eab-1bc704894811,31,1.5136,NONE,0.72656,0.05493,0.0332,286,8
738,203,6,203_chunk_5e2934d9-d599-497e-820f-f9a9ef563552,31,1.4764,PARTIAL,0.76562,0.05493,0.01672,223,8
738,203,7,203_chunk_8422bf86-0f97-4ff1-a6f9-3753fd940c54,31,1.3943,PARTIAL,0.79297,0.05493,0.01483,246,8
738,203,8,203_chunk_97178fbf-310a-4dc0-860b-555af5038d5d,31,1.095,WEAK,0.76953,0.05493,0.01227,157,8
738,203,9,203_chunk_e35179ae-7127-4bb7-9aeb-a23d0685d523,31,1.0582,PARTIAL,0.79297,0.05493,0.02551,118,8
738,203,10,203_chunk_db2a48d9-6e31-4cca-9f81-0cb5f64bc947,31,1.004,PARTIAL,0.71484,0.05493,0.02734,259,8
819,234,1,234_chunk_901e793d-d33b-4e86-bda8-4d0e1b490588,0,4.8746,WEAK,0.67969,1.0,1.0,177,15
819,234,2,234_chunk_d95a42f8-d34f-410b-821c-ec6df814a1e9,0,2.761,PARTIAL,0.63672,1.0,1.00781,253,15
819,234,3,234_chunk_4b1643ba-c95e-4fe9-8b2d-fea107b4b368,0,2.4356,PARTIAL,0.64453,1.0,1.0,265,15
819,234,4,234_chunk_be31fa8a-ce92-4c18-a5db-54f8acaed6b2,0,2.3984,STRONG,0.64453,1.0,1.0,257,15
819,234,5,234_chunk_6a11e3d2-8746-407c-b609-0d93fa019e1d,0,2.0013,WEAK,0.60156,1.0,1.0,231,15
819,234,6,234_chunk_6d7b5139-2e91-4c7c-b81e-7a521b1aa027,0,1.2037,WEAK,0.57031,1.0,1.0,199,15
819,234,7,234_chunk_5fed4170-853e-4322-8c13-773c36ce6e16,0,1.1555,WEAK,0.57422,1.0,0.99609,151,15
819,234,8,234_chunk_44cfd038-9d87-4e8c-a55f-0f0987948a7a,0,1.096,WEAK,0.58203,1.0,1.0,195,15
819,234,9,234_chunk_dfc6008f-8658-4675-9bf0-878e0516cfa5,0,1.0227,WEAK,0.62109,1.0,1.0,244,15
819,234,10,234_chunk_bbba9548-ff0f-4193-8976-2c8222f0a19b,0,0.9798,WEAK,0.59766,1.0,0.99609,260,15
819,234,1,234_chunk_901e793d-d33b-4e86-bda8-4d0e1b490588,4,4.8746,WEAK,0.70312,0.16211,0.15332,177,15
819,234,2,234_chunk_d95a42f8-d34f-410b-821c-ec6df814a1e9,4,2.761,PARTIAL,0.72656,0.16211,0.16016,253,15
819,234,3,234_chunk_4b1643ba-c95e-4fe9-8b2d-fea107b4b368,4,2.4356,PARTIAL,0.75,0.16211,0.13867,265,15
819,234,4,234_chunk_be31fa8a-ce92-4c18-a5db-54f8acaed6b2,4,2.3984,STRONG,0.73047,0.16211,0.1416,257,15
819,234,5,234_chunk_6a11e3d2-8746-407c-b609-0d93fa019e1d,4,2.0013,WEAK,0.73828,0.16211,0.14746,231,15
819,234,6,234_chunk_6d7b5139-2e91-4c7c-b81e-7a521b1aa027,4,1.2037,WEAK,0.72656,0.16211,0.14355,199,15
819,234,7,234_chunk_5fed4170-853e-4322-8c13-773c36ce6e16,4,1.1555,WEAK,0.71484,0.16211,0.11816,151,15
819,234,8,234_chunk_44cfd038-9d87-4e8c-a55f-0f0987948a7a,4,1.096,WEAK,0.72656,0.16211,0.12891,195,15
819,234,9,234_chunk_dfc6008f-8658-4675-9bf0-878e0516cfa5,4,1.0227,WEAK,0.73438,0.16211,0.14355,244,15
819,234,10,234_chunk_bbba9548-ff0f-4193-8976-2c8222f0a19b,4,0.9798,WEAK,0.74609,0.16211,0.13281,260,15
819,234,1,234_chunk_901e793d-d33b-4e86-bda8-4d0e1b490588,8,4.8746,WEAK,0.60547,0.09033,0.10889,177,15
819,234,2,234_chunk_d95a42f8-d34f-410b-821c-ec6df814a1e9,8,2.761,PARTIAL,0.625,0.09033,0.11768,253,15
819,234,3,234_chunk_4b1643ba-c95e-4fe9-8b2d-fea107b4b368,8,2.4356,PARTIAL,0.64062,0.09033,0.12012,265,15
819,234,4,234_chunk_be31fa8a-ce92-4c18-a5db-54f8acaed6b2,8,2.3984,STRONG,0.57031,0.09033,0.10596,257,15
819,234,5,234_chunk_6a11e3d2-8746-407c-b609-0d93fa019e1d,8,2.0013,WEAK,0.58594,0.09033,0.10693,231,15
819,234,6,234_chunk_6d7b5139-2e91-4c7c-b81e-7a521b1aa027,8,1.2037,WEAK,0.58594,0.09033,0.09863,199,15
819,234,7,234_chunk_5fed4170-853e-4322-8c13-773c36ce6e16,8,1.1555,WEAK,0.55859,0.09033,0.0874,151,15
819,234,8,234_chunk_44cfd038-9d87-4e8c-a55f-0f0987948a7a,8,1.096,WEAK,0.58203,0.09033,0.08789,195,15
819,234,9,234_chunk_dfc6008f-8658-4675-9bf0-878e0516cfa5,8,1.0227,WEAK,0.61328,0.09033,0.10547,244,15
819,234,10,234_chunk_bbba9548-ff0f-4193-8976-2c8222f0a19b,8,0.9798,WEAK,0.625,0.09033,0.10107,260,15
819,234,1,234_chunk_901e793d-d33b-4e86-bda8-4d0e1b490588,16,4.8746,WEAK,0.57031,0.05933,0.0752,177,15
819,234,2,234_chunk_d95a42f8-d34f-410b-821c-ec6df814a1e9,16,2.761,PARTIAL,0.60156,0.05933,0.07129,253,15
819,234,3,234_chunk_4b1643ba-c95e-4fe9-8b2d-fea107b4b368,16,2.4356,PARTIAL,0.59766,0.05933,0.08252,265,15
819,234,4,234_chunk_be31fa8a-ce92-4c18-a5db-54f8acaed6b2,16,2.3984,STRONG,0.5625,0.05933,0.07666,257,15
819,234,5,234_chunk_6a11e3d2-8746-407c-b609-0d93fa019e1d,16,2.0013,WEAK,0.49805,0.05933,0.07178,231,15
819,234,6,234_chunk_6d7b5139-2e91-4c7c-b81e-7a521b1aa027,16,1.2037,WEAK,0.55078,0.05933,0.06885,199,15
819,234,7,234_chunk_5fed4170-853e-4322-8c13-773c36ce6e16,16,1.1555,WEAK,0.47852,0.05933,0.04834,151,15
819,234,8,234_chunk_44cfd038-9d87-4e8c-a55f-0f0987948a7a,16,1.096,WEAK,0.51953,0.05933,0.0625,195,15
819,234,9,234_chunk_dfc6008f-8658-4675-9bf0-878e0516cfa5,16,1.0227,WEAK,0.55859,0.05933,0.05005,244,15
819,234,10,234_chunk_bbba9548-ff0f-4193-8976-2c8222f0a19b,16,0.9798,WEAK,0.54688,0.05933,0.05518,260,15
819,234,1,234_chunk_901e793d-d33b-4e86-bda8-4d0e1b490588,24,4.8746,WEAK,0.69141,0.05176,0.05786,177,15
819,234,2,234_chunk_d95a42f8-d34f-410b-821c-ec6df814a1e9,24,2.761,PARTIAL,0.73828,0.05176,0.05737,253,15
819,234,3,234_chunk_4b1643ba-c95e-4fe9-8b2d-fea107b4b368,24,2.4356,PARTIAL,0.74219,0.05176,0.06079,265,15
819,234,4,234_chunk_be31fa8a-ce92-4c18-a5db-54f8acaed6b2,24,2.3984,STRONG,0.74609,0.05176,0.05957,257,15
819,234,5,234_chunk_6a11e3d2-8746-407c-b609-0d93fa019e1d,24,2.0013,WEAK,0.69531,0.05176,0.052,231,15
819,234,6,234_chunk_6d7b5139-2e91-4c7c-b81e-7a521b1aa027,24,1.2037,WEAK,0.70312,0.05176,0.06396,199,15
819,234,7,234_chunk_5fed4170-853e-4322-8c13-773c36ce6e16,24,1.1555,WEAK,0.67188,0.05176,0.0354,151,15
819,234,8,234_chunk_44cfd038-9d87-4e8c-a55f-0f0987948a7a,24,1.096,WEAK,0.67188,0.05176,0.0564,195,15
819,234,9,234_chunk_dfc6008f-8658-4675-9bf0-878e0516cfa5,24,1.0227,WEAK,0.73438,0.05176,0.04468,244,15
819,234,10,234_chunk_bbba9548-ff0f-4193-8976-2c8222f0a19b,24,0.9798,WEAK,0.71484,0.05176,0.03857,260,15
819,234,1,234_chunk_901e793d-d33b-4e86-bda8-4d0e1b490588,31,4.8746,WEAK,0.79297,0.02966,0.03296,177,15
819,234,2,234_chunk_d95a42f8-d34f-410b-821c-ec6df814a1e9,31,2.761,PARTIAL,0.82812,0.02966,0.02649,253,15
819,234,3,234_chunk_4b1643ba-c95e-4fe9-8b2d-fea107b4b368,31,2.4356,PARTIAL,0.82812,0.02966,0.02673,265,15
819,234,4,234_chunk_be31fa8a-ce92-4c18-a5db-54f8acaed6b2,31,2.3984,STRONG,0.83203,0.02966,0.02197,257,15
819,234,5,234_chunk_6a11e3d2-8746-407c-b609-0d93fa019e1d,31,2.0013,WEAK,0.80859,0.02966,0.02966,231,15
819,234,6,234_chunk_6d7b5139-2e91-4c7c-b81e-7a521b1aa027,31,1.2037,WEAK,0.79297,0.02966,0.03662,199,15
819,234,7,234_chunk_5fed4170-853e-4322-8c13-773c36ce6e16,31,1.1555,WEAK,0.78516,0.02966,0.00626,151,15
819,234,8,234_chunk_44cfd038-9d87-4e8c-a55f-0f0987948a7a,31,1.096,WEAK,0.79297,0.02966,0.02661,195,15
819,234,9,234_chunk_dfc6008f-8658-4675-9bf0-878e0516cfa5,31,1.0227,WEAK,0.83203,0.02966,0.00586,244,15
819,234,10,234_chunk_bbba9548-ff0f-4193-8976-2c8222f0a19b,31,0.9798,WEAK,0.82031,0.02966,0.01068,260,15
879,252,1,252_chunk_f767e7a5-929b-466e-bf9b-ffd4444c387c,0,4.0916,WEAK,0.61328,1.0,1.0,167,14
879,252,2,252_chunk_f52f7c99-17c2-4b22-bf33-0e0102dc922a,0,1.9345,WEAK,0.61328,1.0,0.99609,35,14
879,252,3,252_chunk_fae463fd-b07c-4ff3-98c5-34c67d1c8ac6,0,1.8596,STRONG,0.64062,1.0,0.99609,273,14
879,252,4,252_chunk_de8301bd-5896-498e-a33b-79e3864106da,0,1.5809,WEAK,0.59766,1.0,1.0,247,14
879,252,5,252_chunk_0276a12d-c254-4804-802a-1d0912471d62,0,1.4972,WEAK,0.59375,1.0,1.0,198,14
879,252,6,252_chunk_fb792b9a-9116-442a-8e2f-906af45be133,0,1.4704,NONE,0.57031,1.0,1.00781,106,14
879,252,7,252_chunk_23bcf6d0-8572-4c16-a7be-3f23ab57ebbc,0,1.4326,WEAK,0.60547,1.0,1.0,264,14
879,252,8,252_chunk_d930581f-6070-4745-a13f-ddf0c30165fc,0,1.4007,WEAK,0.5625,1.0,1.0,171,14
879,252,9,252_chunk_382ee909-c65c-4958-9a54-ab947130b2b6,0,1.341,WEAK,0.53906,1.0,1.0,283,14
879,252,10,252_chunk_6ac634d0-c122-4997-841a-077276a64501,0,1.2915,WEAK,0.59375,1.0,1.0,266,14
879,252,1,252_chunk_f767e7a5-929b-466e-bf9b-ffd4444c387c,4,4.0916,WEAK,0.62891,0.16113,0.12988,167,14
879,252,2,252_chunk_f52f7c99-17c2-4b22-bf33-0e0102dc922a,4,1.9345,WEAK,0.66406,0.16113,0.2002,35,14
879,252,3,252_chunk_fae463fd-b07c-4ff3-98c5-34c67d1c8ac6,4,1.8596,STRONG,0.67188,0.16113,0.1377,273,14
879,252,4,252_chunk_de8301bd-5896-498e-a33b-79e3864106da,4,1.5809,WEAK,0.67578,0.16113,0.16309,247,14
879,252,5,252_chunk_0276a12d-c254-4804-802a-1d0912471d62,4,1.4972,WEAK,0.6875,0.16113,0.14941,198,14
879,252,6,252_chunk_fb792b9a-9116-442a-8e2f-906af45be133,4,1.4704,NONE,0.69141,0.16113,0.16895,106,14
879,252,7,252_chunk_23bcf6d0-8572-4c16-a7be-3f23ab57ebbc,4,1.4326,WEAK,0.70703,0.16113,0.13379,264,14
879,252,8,252_chunk_d930581f-6070-4745-a13f-ddf0c30165fc,4,1.4007,WEAK,0.67188,0.16113,0.14453,171,14
879,252,9,252_chunk_382ee909-c65c-4958-9a54-ab947130b2b6,4,1.341,WEAK,0.66797,0.16113,0.13965,283,14
879,252,10,252_chunk_6ac634d0-c122-4997-841a-077276a64501,4,1.2915,WEAK,0.69922,0.16113,0.13672,266,14
879,252,1,252_chunk_f767e7a5-929b-466e-bf9b-ffd4444c387c,8,4.0916,WEAK,0.54688,0.09326,0.08643,167,14
879,252,2,252_chunk_f52f7c99-17c2-4b22-bf33-0e0102dc922a,8,1.9345,WEAK,0.59375,0.09326,0.12695,35,14
879,252,3,252_chunk_fae463fd-b07c-4ff3-98c5-34c67d1c8ac6,8,1.8596,STRONG,0.57031,0.09326,0.10986,273,14
879,252,4,252_chunk_de8301bd-5896-498e-a33b-79e3864106da,8,1.5809,WEAK,0.58594,0.09326,0.13281,247,14
879,252,5,252_chunk_0276a12d-c254-4804-802a-1d0912471d62,8,1.4972,WEAK,0.57422,0.09326,0.11035,198,14
879,252,6,252_chunk_fb792b9a-9116-442a-8e2f-906af45be133,8,1.4704,NONE,0.54297,0.09326,0.11963,106,14
879,252,7,252_chunk_23bcf6d0-8572-4c16-a7be-3f23ab57ebbc,8,1.4326,WEAK,0.61328,0.09326,0.10449,264,14
879,252,8,252_chunk_d930581f-6070-4745-a13f-ddf0c30165fc,8,1.4007,WEAK,0.56641,0.09326,0.10107,171,14
879,252,9,252_chunk_382ee909-c65c-4958-9a54-ab947130b2b6,8,1.341,WEAK,0.54688,0.09326,0.10205,283,14
879,252,10,252_chunk_6ac634d0-c122-4997-841a-077276a64501,8,1.2915,WEAK,0.57422,0.09326,0.10449,266,14
879,252,1,252_chunk_f767e7a5-929b-466e-bf9b-ffd4444c387c,16,4.0916,WEAK,0.5,0.05688,0.06348,167,14
879,252,2,252_chunk_f52f7c99-17c2-4b22-bf33-0e0102dc922a,16,1.9345,WEAK,0.54297,0.05688,0.06494,35,14
879,252,3,252_chunk_fae463fd-b07c-4ff3-98c5-34c67d1c8ac6,16,1.8596,STRONG,0.52344,0.05688,0.07666,273,14
879,252,4,252_chunk_de8301bd-5896-498e-a33b-79e3864106da,16,1.5809,WEAK,0.50781,0.05688,0.09619,247,14
879,252,5,252_chunk_0276a12d-c254-4804-802a-1d0912471d62,16,1.4972,WEAK,0.43164,0.05688,0.05859,198,14
879,252,6,252_chunk_fb792b9a-9116-442a-8e2f-906af45be133,16,1.4704,NONE,0.39648,0.05688,0.08154,106,14
879,252,7,252_chunk_23bcf6d0-8572-4c16-a7be-3f23ab57ebbc,16,1.4326,WEAK,0.51562,0.05688,0.05225,264,14
879,252,8,252_chunk_d930581f-6070-4745-a13f-ddf0c30165fc,16,1.4007,WEAK,0.45117,0.05688,0.05811,171,14
879,252,9,252_chunk_382ee909-c65c-4958-9a54-ab947130b2b6,16,1.341,WEAK,0.43555,0.05688,0.05591,283,14
879,252,10,252_chunk_6ac634d0-c122-4997-841a-077276a64501,16,1.2915,WEAK,0.46094,0.05688,0.05615,266,14
879,252,1,252_chunk_f767e7a5-929b-466e-bf9b-ffd4444c387c,24,4.0916,WEAK,0.72266,0.05127,0.03369,167,14
879,252,2,252_chunk_f52f7c99-17c2-4b22-bf33-0e0102dc922a,24,1.9345,WEAK,0.69531,0.05127,0.04663,35,14
879,252,3,252_chunk_fae463fd-b07c-4ff3-98c5-34c67d1c8ac6,24,1.8596,STRONG,0.73828,0.05127,0.04858,273,14
879,252,4,252_chunk_de8301bd-5896-498e-a33b-79e3864106da,24,1.5809,WEAK,0.69922,0.05127,0.06348,247,14
879,252,5,252_chunk_0276a12d-c254-4804-802a-1d0912471d62,24,1.4972,WEAK,0.67578,0.05127,0.04297,198,14
879,252,6,252_chunk_fb792b9a-9116-442a-8e2f-906af45be133,24,1.4704,NONE,0.65234,0.05127,0.05444,106,14
879,252,7,252_chunk_23bcf6d0-8572-4c16-a7be-3f23ab57ebbc,24,1.4326,WEAK,0.71875,0.05127,0.0354,264,14
879,252,8,252_chunk_d930581f-6070-4745-a13f-ddf0c30165fc,24,1.4007,WEAK,0.65234,0.05127,0.04272,171,14
879,252,9,252_chunk_382ee909-c65c-4958-9a54-ab947130b2b6,24,1.341,WEAK,0.66406,0.05127,0.05396,283,14
879,252,10,252_chunk_6ac634d0-c122-4997-841a-077276a64501,24,1.2915,WEAK,0.67578,0.05127,0.04663,266,14
879,252,1,252_chunk_f767e7a5-929b-466e-bf9b-ffd4444c387c,31,4.0916,WEAK,0.81641,0.02014,0.01263,167,14
879,252,2,252_chunk_f52f7c99-17c2-4b22-bf33-0e0102dc922a,31,1.9345,WEAK,0.80078,0.02014,0.01166,35,14
879,252,3,252_chunk_fae463fd-b07c-4ff3-98c5-34c67d1c8ac6,31,1.8596,STRONG,0.85156,0.02014,0.0188,273,14
879,252,4,252_chunk_de8301bd-5896-498e-a33b-79e3864106da,31,1.5809,WEAK,0.81641,0.02014,0.02417,247,14
879,252,5,252_chunk_0276a12d-c254-4804-802a-1d0912471d62,31,1.4972,WEAK,0.80469,0.02014,0.0003,198,14
879,252,6,252_chunk_fb792b9a-9116-442a-8e2f-906af45be133,31,1.4704,NONE,0.78516,0.02014,0.00934,106,14
879,252,7,252_chunk_23bcf6d0-8572-4c16-a7be-3f23ab57ebbc,31,1.4326,WEAK,0.83594,0.02014,0.00928,264,14
879,252,8,252_chunk_d930581f-6070-4745-a13f-ddf0c30165fc,31,1.4007,WEAK,0.77734,0.02014,0.01904,171,14
879,252,9,252_chunk_382ee909-c65c-4958-9a54-ab947130b2b6,31,1.341,WEAK,0.76953,0.02014,0.0166,283,14
879,252,10,252_chunk_6ac634d0-c122-4997-841a-077276a64501,31,1.2915,WEAK,0.79297,0.02014,0.0069,266,14
90,24,1,24_chunk_7e66da5c-b5b1-4138-b76a-ea60d860f7c8,0,3.1322,WEAK,0.54297,0.99609,0.99609,120,13
90,24,2,24_chunk_4a200ab7-de48-4539-83f1-0f67cd25725e,0,3.0657,PARTIAL,0.56641,0.99609,1.0,264,13
90,24,3,24_chunk_8861d728-105a-4144-a4be-1c461ca5cf4f,0,1.4815,WEAK,0.54688,0.99609,0.99219,246,13
90,24,4,24_chunk_9f8c5aa5-97b9-4f65-9323-9fa3ee5a4e89,0,1.365,WEAK,0.5,0.99609,1.0,100,13
90,24,5,24_chunk_c152a6d1-aee0-43c9-a0ca-c1b7a72acc8f,0,1.2598,WEAK,0.54688,0.99609,1.0,139,13
90,24,6,24_chunk_331d784a-8364-449e-b65a-b2c15b5d6965,0,1.155,WEAK,0.52734,0.99609,0.99609,256,13
90,24,7,24_chunk_58ef1fb1-638f-4f10-b6d6-2dfa6cc3c4df,0,0.981,WEAK,0.54688,0.99609,0.99609,244,13
90,24,8,24_chunk_08b4302a-04ca-45c0-93b5-bb70b302dae7,0,0.9631,WEAK,0.52344,0.99609,0.99609,256,13
90,24,9,24_chunk_ff583718-4e73-442e-b8c6-5fd26c5ca4cc,0,0.9619,STRONG,0.5625,0.99609,0.99609,241,13
90,24,10,24_chunk_aaa12d79-1d57-46b2-97a0-167e8787ca79,0,0.9203,WEAK,0.52734,0.99609,1.0,203,13
90,24,1,24_chunk_7e66da5c-b5b1-4138-b76a-ea60d860f7c8,4,3.1322,WEAK,0.62109,0.16602,0.14844,120,13
90,24,2,24_chunk_4a200ab7-de48-4539-83f1-0f67cd25725e,4,3.0657,PARTIAL,0.64844,0.16602,0.13086,264,13
90,24,3,24_chunk_8861d728-105a-4144-a4be-1c461ca5cf4f,4,1.4815,WEAK,0.66797,0.16602,0.1377,246,13
90,24,4,24_chunk_9f8c5aa5-97b9-4f65-9323-9fa3ee5a4e89,4,1.365,WEAK,0.66797,0.16602,0.12061,100,13
90,24,5,24_chunk_c152a6d1-aee0-43c9-a0ca-c1b7a72acc8f,4,1.2598,WEAK,0.67578,0.16602,0.13672,139,13
90,24,6,24_chunk_331d784a-8364-449e-b65a-b2c15b5d6965,4,1.155,WEAK,0.67578,0.16602,0.11865,256,13
90,24,7,24_chunk_58ef1fb1-638f-4f10-b6d6-2dfa6cc3c4df,4,0.981,WEAK,0.69141,0.16602,0.14062,244,13
90,24,8,24_chunk_08b4302a-04ca-45c0-93b5-bb70b302dae7,4,0.9631,WEAK,0.66797,0.16602,0.11816,256,13
90,24,9,24_chunk_ff583718-4e73-442e-b8c6-5fd26c5ca4cc,4,0.9619,STRONG,0.71094,0.16602,0.12988,241,13
90,24,10,24_chunk_aaa12d79-1d57-46b2-97a0-167e8787ca79,4,0.9203,WEAK,0.67578,0.16602,0.10791,203,13
90,24,1,24_chunk_7e66da5c-b5b1-4138-b76a-ea60d860f7c8,8,3.1322,WEAK,0.53125,0.11182,0.11377,120,13
90,24,2,24_chunk_4a200ab7-de48-4539-83f1-0f67cd25725e,8,3.0657,PARTIAL,0.53906,0.11182,0.10352,264,13
90,24,3,24_chunk_8861d728-105a-4144-a4be-1c461ca5cf4f,8,1.4815,WEAK,0.51562,0.11182,0.10889,246,13
90,24,4,24_chunk_9f8c5aa5-97b9-4f65-9323-9fa3ee5a4e89,8,1.365,WEAK,0.53516,0.11182,0.08008,100,13
90,24,5,24_chunk_c152a6d1-aee0-43c9-a0ca-c1b7a72acc8f,8,1.2598,WEAK,0.51562,0.11182,0.09668,139,13
90,24,6,24_chunk_331d784a-8364-449e-b65a-b2c15b5d6965,8,1.155,WEAK,0.53906,0.11182,0.0918,256,13
90,24,7,24_chunk_58ef1fb1-638f-4f10-b6d6-2dfa6cc3c4df,8,0.981,WEAK,0.55078,0.11182,0.11523,244,13
90,24,8,24_chunk_08b4302a-04ca-45c0-93b5-bb70b302dae7,8,0.9631,WEAK,0.51172,0.11182,0.0957,256,13
90,24,9,24_chunk_ff583718-4e73-442e-b8c6-5fd26c5ca4cc,8,0.9619,STRONG,0.61328,0.11182,0.0957,241,13
90,24,10,24_chunk_aaa12d79-1d57-46b2-97a0-167e8787ca79,8,0.9203,WEAK,0.53516,0.11182,0.08496,203,13
90,24,1,24_chunk_7e66da5c-b5b1-4138-b76a-ea60d860f7c8,16,3.1322,WEAK,0.5,0.06543,0.07812,120,13
90,24,2,24_chunk_4a200ab7-de48-4539-83f1-0f67cd25725e,16,3.0657,PARTIAL,0.53125,0.06543,0.04761,264,13
90,24,3,24_chunk_8861d728-105a-4144-a4be-1c461ca5cf4f,16,1.4815,WEAK,0.4668,0.06543,0.05078,246,13
90,24,4,24_chunk_9f8c5aa5-97b9-4f65-9323-9fa3ee5a4e89,16,1.365,WEAK,0.51953,0.06543,0.05347,100,13
90,24,5,24_chunk_c152a6d1-aee0-43c9-a0ca-c1b7a72acc8f,16,1.2598,WEAK,0.47852,0.06543,0.03638,139,13
90,24,6,24_chunk_331d784a-8364-449e-b65a-b2c15b5d6965,16,1.155,WEAK,0.50391,0.06543,0.06299,256,13
90,24,7,24_chunk_58ef1fb1-638f-4f10-b6d6-2dfa6cc3c4df,16,0.981,WEAK,0.53516,0.06543,0.05884,244,13
90,24,8,24_chunk_08b4302a-04ca-45c0-93b5-bb70b302dae7,16,0.9631,WEAK,0.4043,0.06543,0.03052,256,13
90,24,9,24_chunk_ff583718-4e73-442e-b8c6-5fd26c5ca4cc,16,0.9619,STRONG,0.58984,0.06543,0.06836,241,13
90,24,10,24_chunk_aaa12d79-1d57-46b2-97a0-167e8787ca79,16,0.9203,WEAK,0.44531,0.06543,0.04736,203,13
90,24,1,24_chunk_7e66da5c-b5b1-4138-b76a-ea60d860f7c8,24,3.1322,WEAK,0.71094,0.04224,0.04907,120,13
90,24,2,24_chunk_4a200ab7-de48-4539-83f1-0f67cd25725e,24,3.0657,PARTIAL,0.72656,0.04224,0.02698,264,13
90,24,3,24_chunk_8861d728-105a-4144-a4be-1c461ca5cf4f,24,1.4815,WEAK,0.67578,0.04224,0.02454,246,13
90,24,4,24_chunk_9f8c5aa5-97b9-4f65-9323-9fa3ee5a4e89,24,1.365,WEAK,0.69531,0.04224,0.02527,100,13
90,24,5,24_chunk_c152a6d1-aee0-43c9-a0ca-c1b7a72acc8f,24,1.2598,WEAK,0.69141,0.04224,0.03174,139,13
90,24,6,24_chunk_331d784a-8364-449e-b65a-b2c15b5d6965,24,1.155,WEAK,0.69922,0.04224,0.0293,256,13
90,24,7,24_chunk_58ef1fb1-638f-4f10-b6d6-2dfa6cc3c4df,24,0.981,WEAK,0.71875,0.04224,0.04663,244,13
90,24,8,24_chunk_08b4302a-04ca-45c0-93b5-bb70b302dae7,24,0.9631,WEAK,0.64844,0.04224,0.03296,256,13
90,24,9,24_chunk_ff583718-4e73-442e-b8c6-5fd26c5ca4cc,24,0.9619,STRONG,0.76953,0.04224,0.03809,241,13
90,24,10,24_chunk_aaa12d79-1d57-46b2-97a0-167e8787ca79,24,0.9203,WEAK,0.67188,0.04224,0.02039,203,13
90,24,1,24_chunk_7e66da5c-b5b1-4138-b76a-ea60d860f7c8,31,3.1322,WEAK,0.79688,0.02612,0.0144,120,13
90,24,2,24_chunk_4a200ab7-de48-4539-83f1-0f67cd25725e,31,3.0657,PARTIAL,0.81641,0.02612,0.01215,264,13
90,24,3,24_chunk_8861d728-105a-4144-a4be-1c461ca5cf4f,31,1.4815,WEAK,0.77734,0.02612,0.0061,246,13
90,24,4,24_chunk_9f8c5aa5-97b9-4f65-9323-9fa3ee5a4e89,31,1.365,WEAK,0.78906,0.02612,0.00334,100,13
90,24,5,24_chunk_c152a6d1-aee0-43c9-a0ca-c1b7a72acc8f,31,1.2598,WEAK,0.79297,0.02612,0.01123,139,13
90,24,6,24_chunk_331d784a-8364-449e-b65a-b2c15b5d6965,31,1.155,WEAK,0.79297,0.02612,0.00647,256,13
90,24,7,24_chunk_58ef1fb1-638f-4f10-b6d6-2dfa6cc3c4df,31,0.981,WEAK,0.81641,0.02612,0.0166,244,13
90,24,8,24_chunk_08b4302a-04ca-45c0-93b5-bb70b302dae7,31,0.9631,WEAK,0.76953,0.02612,0.01611,256,13
90,24,9,24_chunk_ff583718-4e73-442e-b8c6-5fd26c5ca4cc,31,0.9619,STRONG,0.84766,0.02612,0.008,241,13
90,24,10,24_chunk_aaa12d79-1d57-46b2-97a0-167e8787ca79,31,0.9203,WEAK,0.77344,0.02612,-0.00273,203,13
919,266,1,266_chunk_6826ff19-a0a8-46a9-8117-705ae725181e,0,2.7195,WEAK,0.55078,1.0,1.00781,166,9
919,266,2,266_chunk_0995cd37-633a-4fc8-b2eb-2cc2081fb855,0,2.4048,WEAK,0.50781,1.0,1.0,264,9
919,266,3,266_chunk_5651734c-24ee-4373-8869-af17f3e4733b,0,1.71,STRONG,0.5,1.0,1.0,173,9
919,266,4,266_chunk_f28e546d-3f89-4dfc-b0f7-83ddc4553ee1,0,1.6832,WEAK,0.48438,1.0,1.0,277,9
919,266,5,266_chunk_2226fcac-fda6-4577-bf16-2c3e2aabcba6,0,1.6018,NONE,0.46875,1.0,1.00781,112,9
919,266,6,266_chunk_05e76fe2-f372-4850-ac63-f727c75f2256,0,1.4325,WEAK,0.44336,1.0,1.0,277,9
919,266,7,266_chunk_ad21eb41-039b-4a8e-81b6-5076619900cf,0,1.208,NONE,0.45312,1.0,1.00781,164,9
919,266,8,266_chunk_3d884056-d0fe-4236-9068-92b727feef2a,0,1.2037,NONE,0.43945,1.0,1.0,210,9
919,266,9,266_chunk_2cdfb282-144b-4b0f-94c0-969fc173909c,0,1.1426,NONE,0.4668,1.0,1.0,216,9
919,266,10,266_chunk_312e3da2-22f0-446e-b31e-e0552d0d627d,0,1.1365,NONE,0.46289,1.0,0.99609,96,9
919,266,1,266_chunk_6826ff19-a0a8-46a9-8117-705ae725181e,4,2.7195,WEAK,0.60938,0.19531,0.14648,166,9
919,266,2,266_chunk_0995cd37-633a-4fc8-b2eb-2cc2081fb855,4,2.4048,WEAK,0.62109,0.19531,0.15137,264,9
919,266,3,266_chunk_5651734c-24ee-4373-8869-af17f3e4733b,4,1.71,STRONG,0.64453,0.19531,0.16406,173,9
919,266,4,266_chunk_f28e546d-3f89-4dfc-b0f7-83ddc4553ee1,4,1.6832,WEAK,0.65625,0.19531,0.1543,277,9
919,266,5,266_chunk_2226fcac-fda6-4577-bf16-2c3e2aabcba6,4,1.6018,NONE,0.64062,0.19531,0.14746,112,9
919,266,6,266_chunk_05e76fe2-f372-4850-ac63-f727c75f2256,4,1.4325,WEAK,0.63281,0.19531,0.13477,277,9
919,266,7,266_chunk_ad21eb41-039b-4a8e-81b6-5076619900cf,4,1.208,NONE,0.64062,0.19531,0.14258,164,9
919,266,8,266_chunk_3d884056-d0fe-4236-9068-92b727feef2a,4,1.2037,NONE,0.63281,0.19531,0.14648,210,9
919,266,9,266_chunk_2cdfb282-144b-4b0f-94c0-969fc173909c,4,1.1426,NONE,0.64453,0.19531,0.12988,216,9
919,266,10,266_chunk_312e3da2-22f0-446e-b31e-e0552d0d627d,4,1.1365,NONE,0.67578,0.19531,0.11719,96,9
919,266,1,266_chunk_6826ff19-a0a8-46a9-8117-705ae725181e,8,2.7195,WEAK,0.53125,0.12158,0.0957,166,9
919,266,2,266_chunk_0995cd37-633a-4fc8-b2eb-2cc2081fb855,8,2.4048,WEAK,0.52344,0.12158,0.11475,264,9
919,266,3,266_chunk_5651734c-24ee-4373-8869-af17f3e4733b,8,1.71,STRONG,0.57812,0.12158,0.13086,173,9
919,266,4,266_chunk_f28e546d-3f89-4dfc-b0f7-83ddc4553ee1,8,1.6832,WEAK,0.54688,0.12158,0.12598,277,9
919,266,5,266_chunk_2226fcac-fda6-4577-bf16-2c3e2aabcba6,8,1.6018,NONE,0.53516,0.12158,0.10645,112,9
919,266,6,266_chunk_05e76fe2-f372-4850-ac63-f727c75f2256,8,1.4325,WEAK,0.54297,0.12158,0.11475,277,9
919,266,7,266_chunk_ad21eb41-039b-4a8e-81b6-5076619900cf,8,1.208,NONE,0.51562,0.12158,0.11084,164,9
919,266,8,266_chunk_3d884056-d0fe-4236-9068-92b727feef2a,8,1.2037,NONE,0.52344,0.12158,0.10498,210,9
919,266,9,266_chunk_2cdfb282-144b-4b0f-94c0-969fc173909c,8,1.1426,NONE,0.52344,0.12158,0.0835,216,9
919,266,10,266_chunk_312e3da2-22f0-446e-b31e-e0552d0d627d,8,1.1365,NONE,0.58984,0.12158,0.09473,96,9
919,266,1,266_chunk_6826ff19-a0a8-46a9-8117-705ae725181e,16,2.7195,WEAK,0.37891,0.06592,0.07129,166,9
919,266,2,266_chunk_0995cd37-633a-4fc8-b2eb-2cc2081fb855,16,2.4048,WEAK,0.42383,0.06592,0.07422,264,9
919,266,3,266_chunk_5651734c-24ee-4373-8869-af17f3e4733b,16,1.71,STRONG,0.52734,0.06592,0.10205,173,9
919,266,4,266_chunk_f28e546d-3f89-4dfc-b0f7-83ddc4553ee1,16,1.6832,WEAK,0.41992,0.06592,0.10303,277,9
919,266,5,266_chunk_2226fcac-fda6-4577-bf16-2c3e2aabcba6,16,1.6018,NONE,0.33789,0.06592,0.07666,112,9
919,266,6,266_chunk_05e76fe2-f372-4850-ac63-f727c75f2256,16,1.4325,WEAK,0.34375,0.06592,0.08691,277,9
919,266,7,266_chunk_ad21eb41-039b-4a8e-81b6-5076619900cf,16,1.208,NONE,0.30664,0.06592,0.07764,164,9
919,266,8,266_chunk_3d884056-d0fe-4236-9068-92b727feef2a,16,1.2037,NONE,0.33789,0.06592,0.08203,210,9
919,266,9,266_chunk_2cdfb282-144b-4b0f-94c0-969fc173909c,16,1.1426,NONE,0.32031,0.06592,0.05176,216,9
919,266,10,266_chunk_312e3da2-22f0-446e-b31e-e0552d0d627d,16,1.1365,NONE,0.42578,0.06592,0.05908,96,9
919,266,1,266_chunk_6826ff19-a0a8-46a9-8117-705ae725181e,24,2.7195,WEAK,0.66797,0.06396,0.05615,166,9
919,266,2,266_chunk_0995cd37-633a-4fc8-b2eb-2cc2081fb855,24,2.4048,WEAK,0.68359,0.06396,0.05103,264,9
919,266,3,266_chunk_5651734c-24ee-4373-8869-af17f3e4733b,24,1.71,STRONG,0.71094,0.06396,0.06348,173,9
919,266,4,266_chunk_f28e546d-3f89-4dfc-b0f7-83ddc4553ee1,24,1.6832,WEAK,0.66406,0.06396,0.07617,277,9
919,266,5,266_chunk_2226fcac-fda6-4577-bf16-2c3e2aabcba6,24,1.6018,NONE,0.64062,0.06396,0.06396,112,9
919,266,6,266_chunk_05e76fe2-f372-4850-ac63-f727c75f2256,24,1.4325,WEAK,0.64844,0.06396,0.0708,277,9
919,266,7,266_chunk_ad21eb41-039b-4a8e-81b6-5076619900cf,24,1.208,NONE,0.58203,0.06396,0.0625,164,9
919,266,8,266_chunk_3d884056-d0fe-4236-9068-92b727feef2a,24,1.2037,NONE,0.60547,0.06396,0.05078,210,9
919,266,9,266_chunk_2cdfb282-144b-4b0f-94c0-969fc173909c,24,1.1426,NONE,0.60938,0.06396,0.04004,216,9
919,266,10,266_chunk_312e3da2-22f0-446e-b31e-e0552d0d627d,24,1.1365,NONE,0.67188,0.06396,0.04858,96,9
919,266,1,266_chunk_6826ff19-a0a8-46a9-8117-705ae725181e,31,2.7195,WEAK,0.77344,0.02356,0.04419,166,9
919,266,2,266_chunk_0995cd37-633a-4fc8-b2eb-2cc2081fb855,31,2.4048,WEAK,0.80078,0.02356,0.02747,264,9
919,266,3,266_chunk_5651734c-24ee-4373-8869-af17f3e4733b,31,1.71,STRONG,0.81641,0.02356,0.02893,173,9
919,266,4,266_chunk_f28e546d-3f89-4dfc-b0f7-83ddc4553ee1,31,1.6832,WEAK,0.78516,0.02356,0.05005,277,9
919,266,5,266_chunk_2226fcac-fda6-4577-bf16-2c3e2aabcba6,31,1.6018,NONE,0.78125,0.02356,0.05786,112,9
919,266,6,266_chunk_05e76fe2-f372-4850-ac63-f727c75f2256,31,1.4325,WEAK,0.76953,0.02356,0.05518,277,9
919,266,7,266_chunk_ad21eb41-039b-4a8e-81b6-5076619900cf,31,1.208,NONE,0.73047,0.02356,0.03906,164,9
919,266,8,266_chunk_3d884056-d0fe-4236-9068-92b727feef2a,31,1.2037,NONE,0.72266,0.02356,0.0332,210,9
919,266,9,266_chunk_2cdfb282-144b-4b0f-94c0-969fc173909c,31,1.1426,NONE,0.73828,0.02356,0.03223,216,9
919,266,10,266_chunk_312e3da2-22f0-446e-b31e-e0552d0d627d,31,1.1365,NONE,0.78906,0.02356,0.03711,96,9
