question_id,paper_id,rho_1,delta_12,entropy,entropy_normalized,query_token_length,n_high,bm25_top1_score,bm25_top2_score,bm25_top3_score,bm25_mean_score,bm25_std_score,bm25_score_range,bm25_coeff_variation,bm25_top2_ratio,bm25_top4_ratio,bm25_mean_adjacent_gap,bm25_first_gap_ratio,query_word_count,query_char_length,query_comma_count,query_conjunction_count,query_num_count,query_is_comparison,query_is_how_why,query_is_factoid,query_is_what_which,query_is_numerical,query_quote_count,query_capitalized_spans,sem_sim_top1,sem_sim_top2,sem_sim_max,sem_sim_mean_top10,sem_sim_std_top10,sem_sim_gap_12,sem_sim_mean_top2,sem_sim_mean_top4,sem_sim_mean_top6,sem_sim_mean_top8,sem_sim_saturation_ratio,passage_sim_mean,passage_sim_median,passage_sim_max,passage_sim_min,passage_sim_std,passage_nearest_neighbor_mean,passage_nearest_neighbor_min,passage_diversity_score,passage_cluster_count,passage_largest_cluster_frac,lex_coverage_top1,lex_coverage_top2,lex_coverage_top4,lex_coverage_top6,lex_coverage_top8,lex_coverage_top10,lex_coverage_gain_1_to_4,lex_missing_terms_top10,evidence_high_sim_count,evidence_length_mean,evidence_length_std,evidence_lexical_overlap_mean,evidence_unique_word_count,evidence_query_cluster_span
1912,638,1.0,1.0,2.2846240986477544,0.9921996392659103,8,1,0.5487379431724548,0.0,0.0,0.05487379431724548,0.16462138295173645,0.5487379431724548,2.9999453300912133,1.0,1.0,0.0609708825747172,8.999852390977285,8,45,0,0,0,0.0,0.0,0.0,1.0,0.0,0,0,0.5986247062683105,0.6214799880981445,0.6214799880981445,0.5790172815322876,0.016337464576348878,-0.022855281829833984,0.6100523471832275,0.5906554311513901,0.5841998557249705,0.5809569731354713,1.020098069422448,0.8573695394727919,0.9999428987503052,1.000001072883606,0.5779346227645874,0.18617827490365396,0.960868239402771,0.8043372631072998,0.14263046052720807,2,0.8,0.25,0.25,0.25,0.25,0.25,0.25,0.0,3,10,20.9,51.3,0.0011272141706924316,138,1
2201,798,0.19918629427279938,0.3714146016459627,1.5571005859077012,0.676240192228035,13,4,4.767958164215088,2.9970688819885254,2.779667377471924,2.3937179923057554,0.9353858226196643,3.184591293334961,0.3907667631941424,0.3243918904049315,0.5554812232985362,0.35384347703721786,5.004710818307609,13,91,0,0,0,0.0,1.0,0.0,0.0,0.0,0,1,0.7956932187080383,0.7606205940246582,0.7956932187080383,0.6967270970344543,0.06912593383866003,0.03507262468338013,0.7781569063663483,0.7372602969408035,0.7213641405105591,0.7101157233119011,1.0581750615180727,0.7719126926528083,0.7931088805198669,0.9316114187240601,0.5793886780738831,0.07382679732256144,0.8561192750930786,0.7931088805198669,0.22808730734719174,4,0.5,0.42857142857142855,0.5714285714285714,0.7142857142857143,1.0,1.0,1.0,0.28571428571428575,0,7,156.0,36.837480912787726,0.13461155174308512,568,4
883,254,0.3447196093591072,0.32524295484142485,2.177396400790222,0.9456312417791948,4,3,1.3953391313552856,0.9415149092674255,0.743374228477478,0.404775096476078,0.43431340985183114,1.289408653974533,1.07297198039336,0.5773215943784767,0.8078603778665576,0.14326762821939257,3.167645476390702,4,21,0,0,0,0.0,0.0,0.0,1.0,0.0,0,0,0.6601101160049438,0.6254596710205078,0.6601101160049438,0.601433539390564,0.0340150017703411,0.034650444984436035,0.6427848935127258,0.6361653357744217,0.6173980037371317,0.602803647518158,1.057746594365948,0.7707437422540453,0.7658625841140747,0.9278323650360107,0.6417704820632935,0.07397443285966937,0.8495173454284668,0.7512108683586121,0.2292562577459547,4,0.7,1.0,1.0,1.0,1.0,1.0,1.0,0.0,0,10,117.2,46.666476190087465,0.13658910725837006,429,3
884,254,1.0,1.0,2.091785833445979,0.9084510447889834,4,1,1.5322377681732178,0.0,0.0,0.15322377681732177,0.45967133045196534,1.5322377681732178,2.999980420921066,1.0,1.0,0.1702486409081353,8.999947136452377,4,28,0,0,0,0.0,0.0,0.0,1.0,0.0,0,0,0.6186714172363281,0.5353405475616455,0.6186714172363281,0.5348048031330108,0.031656383726884535,0.08333086967468262,0.5770059823989868,0.54670549929142,0.536447803179423,0.5387898907065392,1.0222504993190016,0.7901868489053514,0.8007458448410034,0.9278323650360107,0.6440437436103821,0.07834064682539212,0.8660119771957397,0.7512108683586121,0.2098131510946486,3,0.8,0.5,0.5,0.5,0.5,0.5,0.5,0.0,1,10,125.4,48.1709456000191,0.1396177589043584,443,1
104,28,0.21895646739741328,0.1793444331111619,2.23303747129986,0.9697958516687204,5,3,1.3014907836914062,1.0680756568908691,0.8193216919898987,0.5944061845541,0.34588140312756727,1.014568030834198,0.581893039174877,0.3986443112734149,0.6434992588278647,0.11272978120379978,2.070553617281856,5,31,0,0,0,0.0,0.0,0.0,0.0,0.0,0,0,0.5464690327644348,0.511895477771759,0.6008328795433044,0.5633742272853851,0.026221144182126795,0.03457355499267578,0.5291822552680969,0.5548758953809738,0.5562757054964701,0.5613099709153175,0.9849135505205558,0.7471115469932557,0.73323655128479,0.9678719639778137,0.6070986390113831,0.08536492362081499,0.8702861666679382,0.7512348294258118,0.25288845300674434,4,0.5,0.0,0.5,0.5,1.0,1.0,1.0,0.5,0,10,140.2,60.61319988253384,0.14148636696200242,490,4
105,28,0.22192320301263962,0.21151502730469138,1.8366136640448603,0.7976311796827956,6,4,3.328249216079712,2.624274492263794,1.851130485534668,1.4997301638126372,0.8445111958172452,2.5774084329605103,0.5631083864859601,0.3969063136805162,0.6419193678367191,0.28637871477339005,2.458186413004034,6,39,0,0,0,0.0,0.0,0.0,1.0,0.0,0,0,0.6500633955001831,0.5534441471099854,0.6500633955001831,0.5913800716400146,0.027914575349032793,0.09661924839019775,0.6017537713050842,0.5967883467674255,0.5979965428511301,0.5923783406615257,1.0091434700681499,0.727264494366116,0.7056910991668701,0.913623571395874,0.621798038482666,0.07210749005369012,0.8642414212226868,0.8127416968345642,0.27273550563388405,4,0.3,0.3333333333333333,0.6666666666666666,1.0,1.0,1.0,1.0,0.6666666666666667,0,10,128.4,51.76717106429518,0.14018890161679567,486,4
2100,735,0.16003805428965154,0.13906902498172,2.1941606546033228,0.95291186470345,8,8,2.297126054763794,1.977666974067688,1.849350929260254,1.4353623986244202,0.43130635408292506,1.3280701637268066,0.30048582435379595,0.29781977240926966,0.5316747437906915,0.14756335152520073,2.164879778850581,8,42,0,0,0,0.0,0.0,0.0,1.0,0.0,0,0,0.5619508028030396,0.5404937267303467,0.5619508028030396,0.548745858669281,0.006582111473737861,0.02145707607269287,0.5512222647666931,0.550226166844368,0.5484330356121063,0.5482607558369637,1.0026957934277279,0.7828509860568577,0.7894086837768555,0.8863455057144165,0.6947382688522339,0.04266317647196285,0.8475263714790344,0.8154535293579102,0.21714901394314234,5,0.4,0.3333333333333333,1.0,1.0,1.0,1.0,1.0,0.6666666666666667,0,10,156.0,25.373214222876847,0.16412909268492226,530,4
2101,735,0.14739112924861925,0.004768040436112719,2.199495627052842,0.9552288137993821,7,6,1.9562108516693115,1.9468835592269897,1.7201135158538818,1.3272242784500121,0.4732560359870873,1.1759507060050964,0.35657551409793453,0.29407949163305674,0.5500075977466408,0.13066118955612183,0.0713847860196429,7,29,0,0,0,0.0,0.0,0.0,1.0,0.0,0,1,0.6464271545410156,0.6310123801231384,0.6560884714126587,0.6243180334568024,0.024832833290471864,0.015414774417877197,0.638719767332077,0.6280578821897507,0.62812207142512,0.6267208531498909,1.0059886829210485,0.7658183720376757,0.7952127456665039,0.869437575340271,0.6015267372131348,0.07877003136184099,0.8252692222595215,0.6910176277160645,0.23418162796232433,4,0.7,0.6666666666666666,0.6666666666666666,1.0,1.0,1.0,1.0,0.33333333333333337,0,10,131.7,54.33608377496486,0.1314799690623219,484,4
2102,735,0.14801169536858977,0.09710687889334435,2.2800999137835793,0.9902348107442889,6,7,1.1021597385406494,0.9951324462890625,0.9703436493873596,0.7446436822414398,0.20794809322855656,0.5964868664741516,0.27925814578117475,0.2816504369602233,0.5261755780188756,0.06627631849712795,1.614840411146459,6,35,0,0,0,0.0,0.0,0.0,1.0,0.0,1,0,0.5185166001319885,0.5818721055984497,0.6135314702987671,0.5707673609256745,0.024956174202859165,-0.06335550546646118,0.5501943528652191,0.5704423189163208,0.5738881429036459,0.5712496116757393,0.9994287664985058,0.7978298796547784,0.8035467267036438,0.9293026924133301,0.6876631379127502,0.05042797394940094,0.8708337545394897,0.7770617604255676,0.20217012034522164,3,0.8,0.0,0.5,0.5,0.5,0.5,0.5,0.5,1,10,138.3,31.31788626328412,0.1616031745770889,435,2
732,203,0.21631666478216846,0.22785950142636008,2.0410865045202504,0.8864326060003415,6,4,2.5472254753112793,1.9668159484863281,1.6940240859985352,1.1775447249412536,0.6977994436372765,2.5472254753112793,0.5925879809653158,0.38334352217685896,0.6397258033340504,0.28302505281236434,2.0507282670890405,6,37,0,0,0,0.0,0.0,0.0,0.0,0.0,0,0,0.6104791760444641,0.46098923683166504,0.6104791760444641,0.5025325566530228,0.0437312968518343,0.14948993921279907,0.5357342064380646,0.5061518102884293,0.5122006436189016,0.5086088515818119,1.0072000239337344,0.7786125077141656,0.7747583389282227,0.8963587284088135,0.6822031736373901,0.049042530522970314,0.8544210195541382,0.8170812726020813,0.22138749228583443,5,0.3,0.6666666666666666,0.6666666666666666,0.6666666666666666,0.6666666666666666,0.6666666666666666,0.6666666666666666,0.0,1,5,146.2,27.501999927278018,0.1309921072870407,528,4
733,203,0.19426304741941353,0.30784867452179054,2.2063921944240947,0.9582239549527912,7,5,1.9143096208572388,1.3249919414520264,1.094993233680725,0.9854213893413544,0.3830967619497042,1.429926574230194,0.3887640123599809,0.32872247318219683,0.5428451950544462,0.15888073047002158,3.7091594965753925,7,41,0,0,0,0.0,0.0,0.0,1.0,0.0,0,0,0.5922284126281738,0.5330139398574829,0.6596435904502869,0.583435344696045,0.04976175043913153,0.05921447277069092,0.5626211762428284,0.5715585350990295,0.5877425869305929,0.5923422798514366,0.9796416357928414,0.7536276578903198,0.763576328754425,0.9210014343261719,0.5834505558013916,0.08083062108073105,0.8583818674087524,0.7386727333068848,0.24637234210968018,4,0.3,0.3333333333333333,0.3333333333333333,0.6666666666666666,0.6666666666666666,0.6666666666666666,0.6666666666666666,0.3333333333333333,1,9,134.4,48.02540994098853,0.12410670782079929,489,4
734,203,0.16564686325619724,0.10812999949148047,2.111420133793181,0.9169781130858042,10,6,2.8740408420562744,2.5632708072662354,1.8413923978805542,1.7350409090518952,0.576256157505095,2.016300857067108,0.33212809125745396,0.31338233127273657,0.5237096997119748,0.224033428563012,1.3871530227892261,10,67,0,0,0,0.0,1.0,0.0,0.0,0.0,0,0,0.72268146276474,0.7352393269538879,0.8317064046859741,0.7509300649166107,0.037648550005854896,-0.01255786418914795,0.728960394859314,0.7319770604372025,0.7434607446193695,0.7535043060779572,0.9747593282993119,0.8048176089922587,0.8061206340789795,0.9210014343261719,0.6275866031646729,0.0684551636078874,0.8786799311637878,0.7489433884620667,0.19518239100774126,3,0.6,0.6,1.0,1.0,1.0,1.0,1.0,0.4,0,10,144.6,39.542888108988706,0.15870102328062802,468,3
735,203,0.17467065577313348,0.24731921690637326,2.0617664435322594,0.8954137893993528,11,6,3.203792095184326,2.4114327430725098,2.173440456390381,1.8341902256011964,0.6078134225318411,1.9716962575912476,0.33137952796204057,0.3061419017439329,0.5360501679454794,0.21907736195458305,3.616785085676694,11,64,0,0,0,0.0,1.0,0.0,0.0,0.0,0,0,0.6730545163154602,0.6666262149810791,0.6781300902366638,0.6553127467632294,0.016849669399050617,0.0064283013343811035,0.6698403656482697,0.6676549464464188,0.6637507577737173,0.6571071743965149,1.0188325054130878,0.804278720749749,0.8051308393478394,0.9210014343261719,0.6951896548271179,0.05480563719992245,0.8743640184402466,0.8256251811981201,0.19572127925025096,3,0.5,0.8,1.0,1.0,1.0,1.0,1.0,0.19999999999999996,0,10,153.7,35.891642481223954,0.15506033144300227,492,3
736,203,0.18012887033634686,0.1735849771274255,2.20953349530016,0.9595882045892642,6,5,1.8568652868270874,1.534541368484497,1.235316514968872,1.0308537900447845,0.4053193496289723,1.299906849861145,0.39318762792125517,0.32899007483536996,0.5578949838884759,0.1444340944290161,2.231617735404322,6,33,0,0,0,0.0,0.0,0.0,1.0,0.0,0,0,0.5106323957443237,0.4723273813724518,0.5699616074562073,0.5206151932477951,0.02861698125253921,0.03830501437187195,0.49147988855838776,0.516012392938137,0.5249494860569636,0.5272719152271748,0.9911570166864424,0.7658266994688246,0.7645735740661621,0.8963587284088135,0.6055983901023865,0.07537686099541943,0.8531509637832642,0.7186479568481445,0.23417330053117535,4,0.6,0.0,0.0,0.5,0.5,0.5,0.5,0.5,1,10,159.4,34.58091959448158,0.1456885443640654,521,2
737,203,0.22061016665896166,0.008017636927021432,2.194071139145053,0.9528729886338784,5,3,1.3357011079788208,1.3249919414520264,1.094993233680725,0.6054576396942138,0.42798517368583056,1.0374822914600372,0.7068776389118568,0.43945156109924205,0.6800569411359063,0.11527581016222636,0.09289957374534977,5,25,0,0,0,0.0,0.0,0.0,1.0,0.0,0,0,0.5721945762634277,0.5204118490219116,0.6230384111404419,0.5512592136859894,0.04363556576008818,0.05178272724151611,0.5463032126426697,0.5490872263908386,0.5583972334861755,0.5502707958221436,0.9960581459695392,0.7496899114714728,0.746562123298645,0.8963587284088135,0.6532446146011353,0.05222594303690111,0.8358356356620789,0.7542891502380371,0.2503100885285272,5,0.3,0.0,0.0,0.5,0.5,0.5,0.5,0.5,1,9,136.9,44.695525503119434,0.11621006965579087,506,3
738,203,0.12958663446299412,0.06177321770586895,2.2659295025061907,0.9840806793202194,7,10,1.859635591506958,1.7447599172592163,1.6280020475387573,1.4350520014762878,0.2804424039523922,0.8556747436523438,0.19542302874102324,0.2511682855435348,0.4744765587248082,0.09507497151692708,1.2082513848127183,7,47,0,0,0,0.0,0.0,0.0,0.0,0.0,0,0,0.6202777624130249,0.5457690358161926,0.6202777624130249,0.536701375246048,0.03851326890510444,0.07450872659683228,0.5830233991146088,0.5567083805799484,0.5470092991987864,0.5368484109640121,1.0372757905621879,0.7885567466417949,0.7840842008590698,0.9210014343261719,0.6745911240577698,0.061367744078606,0.8737698793411255,0.8256251811981201,0.21144325335820513,3,0.5,0.6666666666666666,0.6666666666666666,1.0,1.0,1.0,1.0,0.33333333333333337,0,9,148.4,41.91228936720112,0.14417423903722612,486,3
1187,361,0.17670762769592852,0.02913535710005639,2.250118287158076,0.9772139557423491,6,6,1.0335136651992798,1.0034018754959106,0.925337553024292,0.584872129559517,0.3465281516197461,1.0335136651992798,0.592484308316105,0.34826681555663236,0.619949110861214,0.11483485168880886,0.26221593048282876,6,34,0,0,0,0.0,0.0,0.0,0.0,0.0,0,0,0.5082480311393738,0.47670695185661316,0.5180692076683044,0.4940974056720734,0.015542796517439828,0.03154107928276062,0.49247749149799347,0.5006022080779076,0.5009581844011942,0.4979967176914215,1.0131629698278175,0.7485761205355327,0.7542291879653931,0.9157530665397644,0.5560564398765564,0.07066908342648219,0.8311821222305298,0.7561053037643433,0.2514238794644673,6,0.5,0.0,0.0,0.5,0.5,0.5,0.5,0.5,1,10,148.5,34.66770831768376,0.12033518585730921,572,2
1188,361,0.16608119314283348,0.022252627008863178,2.2881082539815916,0.9937127887014896,7,9,0.6754565238952637,0.6604258418083191,0.4468308091163635,0.40670259594917296,0.17565830058494725,0.6754565238952637,0.4319074193946882,0.32846664344147253,0.5377251539360366,0.07505072487725152,0.20027097460488133,7,41,0,0,0,0.0,0.0,0.0,0.0,0.0,0,0,0.544926643371582,0.5749509334564209,0.5749509334564209,0.5383710324764251,0.023807783481081046,-0.030024290084838867,0.5599387884140015,0.5460188984870911,0.5413443446159363,0.5349064692854881,1.0142036836042383,0.7349391500155131,0.7232685089111328,0.909012496471405,0.6380516290664673,0.05688747015706997,0.8184282183647156,0.7232685089111328,0.26506084998448687,7,0.3,0.3333333333333333,0.3333333333333333,0.3333333333333333,0.3333333333333333,0.3333333333333333,0.3333333333333333,0.0,2,10,146.1,46.64643609108846,0.11104567451776308,570,6
2069,720,0.13645887190691774,0.06819040517649061,2.2652468099160976,0.9837841896955057,8,10,1.9056940078735352,1.7757439613342285,1.452775478363037,1.3965336084365845,0.26156437750397465,0.8350059986114502,0.18729530648495354,0.263612558048576,0.4706911744482894,0.09277844429016113,1.4006340254948833,8,52,0,0,0,0.0,0.0,0.0,1.0,0.0,0,0,0.6888237595558167,0.6682853102684021,0.7275835275650024,0.6800897359848023,0.027997034739819206,0.02053844928741455,0.6785545349121094,0.6890262961387634,0.6850787301858267,0.6858367994427681,1.0131387764619701,0.8245362162590026,0.8264904022216797,0.8979359865188599,0.7666987180709839,0.031498675726708704,0.8760461807250977,0.8511034250259399,0.17546378374099736,2,0.8,1.0,1.0,1.0,1.0,1.0,1.0,0.0,0,10,152.0,30.059940119700837,0.17079795251162436,492,2
116,33,0.25628442624033204,0.4022112438002843,2.0843960781825346,0.9052417148554539,9,3,2.17826509475708,1.3021423816680908,1.2582257986068726,0.8499404847621918,0.5535637104678095,1.8540364503860474,0.6512962602627793,0.40948837463589793,0.6500662559029999,0.20600405004289415,4.252918619745311,9,59,0,0,0,0.0,0.0,0.0,0.0,0.0,0,0,0.6653668284416199,0.636267364025116,0.7421334385871887,0.6482728660106659,0.045803447156932076,0.029099464416503906,0.6508170962333679,0.6498269438743591,0.6558467348416647,0.65875144302845,1.002395712591733,0.7908940805329217,0.7948583364486694,0.9377741813659668,0.6796087622642517,0.05383051235777104,0.8645473718643188,0.7987979054450989,0.20910591946707835,4,0.5,0.8,0.8,0.8,1.0,1.0,1.0,0.0,0,8,107.3,49.602520097269256,0.14507787200504796,408,4
117,33,0.24948796067291149,0.4523809647782609,2.2693829505216048,0.9855804927368534,8,3,0.9157847166061401,0.5015011429786682,0.4956977963447571,0.36706569492816926,0.24784124167058658,0.9157847166061401,0.6751940317524211,0.3861123169960505,0.632428262390073,0.10175385740068224,4.071388670873359,8,39,0,0,0,0.0,0.0,0.0,1.0,0.0,0,0,0.5895795822143555,0.5910149216651917,0.6059166789054871,0.5920897126197815,0.007768968511069287,-0.0014353394508361816,0.5902972519397736,0.5896273106336594,0.5877963105837504,0.5922209098935127,0.995839485515281,0.7757821003595988,0.774276614189148,0.8949400186538696,0.6695905327796936,0.04983909314953413,0.8396860361099243,0.7987979054450989,0.22421789964040117,5,0.4,0.3333333333333333,0.6666666666666666,0.6666666666666666,0.6666666666666666,0.6666666666666666,0.6666666666666666,0.3333333333333333,1,10,105.5,46.119952298327455,0.14184845093894552,412,3
118,33,0.6544311342862563,0.47195534012813706,2.2290040591289264,0.9680441630196425,4,2,0.9925096035003662,0.5240893959999084,0.0,0.15165989995002746,0.3208952719364185,0.9925096035003662,2.1158734521696365,1.0,1.0,0.11027884483337402,4.247559544613175,4,23,0,0,0,0.0,0.0,0.0,0.0,0.0,0,0,0.5422607064247131,0.5363110899925232,0.5422607064247131,0.5034861356019974,0.01949916453844089,0.005949616432189941,0.5392858982086182,0.5142475962638855,0.5107678771018982,0.5077935308218002,1.0213718681193755,0.7718065434032017,0.774170994758606,0.8546481132507324,0.6695905327796936,0.047802155450757236,0.824933648109436,0.7888736724853516,0.22819345659679835,5,0.4,0.0,0.0,0.0,0.0,0.0,0.0,0.0,2,10,107.9,49.07229360851192,0.13590901962047938,423,0
1670,538,0.19200164192507785,0.3394571856454819,1.7870484410488972,0.7761052768413448,19,4,4.144965171813965,2.737926959991455,2.610896348953247,2.1588175654411317,0.818051303604425,2.7530107498168945,0.37893471767381476,0.3188269468429572,0.5537318993296233,0.3058900833129883,4.5998013298832445,19,118,0,1,0,0.0,1.0,1.0,0.0,0.0,0,0,0.7344819903373718,0.6929266452789307,0.7443446516990662,0.6988626480102539,0.024933063247263586,0.04155534505844116,0.7137043178081512,0.6955324560403824,0.6918250223000845,0.6912474483251572,0.9952334164477494,0.7827882104449801,0.7933122515678406,0.9196550250053406,0.6366031765937805,0.06636989436939131,0.8629925847053528,0.8159549236297607,0.21721178955501985,4,0.5,0.375,0.375,0.625,0.625,0.625,0.625,0.25,3,10,161.0,27.096125184239906,0.14491563062412435,519,3
1377,423,0.13194737896997513,0.04814692727638745,2.2596698178282253,0.9813621328061246,9,10,2.2703750133514404,2.1610634326934814,1.7624876499176025,1.7206670045852661,0.27171217047995716,0.8141970634460449,0.1579108635459565,0.25754189708037295,0.46209575570903727,0.09046634038289388,1.2082988202738,9,65,0,0,0,0.0,1.0,0.0,0.0,0.0,0,0,0.7423797249794006,0.7449724078178406,0.769271969795227,0.7117312848567963,0.03491596416977744,-0.0025926828384399414,0.7436760663986206,0.7052183747291565,0.7131223082542419,0.7133112996816635,0.9908478085563445,0.8123305466439988,0.8227638602256775,0.9059783816337585,0.6946908235549927,0.05252459414475041,0.872704029083252,0.7956681847572327,0.18766945335600116,4,0.7,0.6666666666666666,0.8333333333333334,0.8333333333333334,1.0,1.0,1.0,0.16666666666666674,0,10,136.6,37.21612553719154,0.13025627926956806,509,4
1378,423,0.2530211039078181,0.5564532339882943,1.8494324765462644,0.8031983192167079,6,1,3.109891891479492,1.3793824911117554,1.3261284828186035,1.2291037559509277,0.6780831834364021,2.511665403842926,0.551688682476691,0.36524779627884263,0.5727577626532161,0.27907393376032513,6.200877223369446,6,39,0,0,0,0.0,1.0,0.0,0.0,0.0,0,1,0.592575192451477,0.5872489809989929,0.6300655007362366,0.5806750953197479,0.03042891401827279,0.005326211452484131,0.589912086725235,0.5995935946702957,0.5940896372000376,0.5891852155327797,1.0325784021471227,0.7973109364509583,0.7968358993530273,0.907132089138031,0.6905553340911865,0.05543149489234525,0.8720108866691589,0.8335169553756714,0.2026890635490417,3,0.6,0.0,0.25,0.5,0.75,0.75,0.75,0.5,1,10,146.3,22.5257630281418,0.12399366195032042,541,2
1379,423,0.1408377299044602,0.037032331414021284,2.257670528357577,0.9804938524212947,7,10,1.8202495574951172,1.7528414726257324,1.4912426471710205,1.292444545030594,0.2816827460348414,0.8583999276161194,0.2179455429421389,0.2764599103195,0.4867206936509263,0.09537776973512438,0.7067409765987045,7,45,0,0,0,0.0,0.0,0.0,1.0,0.0,0,1,0.6755802035331726,0.6763392090797424,0.7248454093933105,0.6926165759563446,0.028295031733068604,-0.0007590055465698242,0.6759597063064575,0.6988477110862732,0.6853007773558298,0.6890728250145912,1.0089950578013072,0.8240457071198357,0.8227638602256775,0.9173201322555542,0.7280293703079224,0.03838789486616626,0.8746849298477173,0.8230916857719421,0.1759542928801643,2,0.9,0.5,0.75,1.0,1.0,1.0,1.0,0.5,0,10,139.8,40.87982387437598,0.15249425681429948,499,2
1632,520,0.17551613301820226,0.15683792824288842,2.1411439514840387,0.929887003090042,10,4,2.323040008544922,1.9586992263793945,1.9560332298278809,1.3235478520393371,0.5350683214821153,1.5536674857139587,0.40426790492672543,0.32350467936062643,0.58354143016127,0.1726297206348843,2.1105211217655273,10,61,0,0,0,0.0,0.0,0.0,1.0,0.0,0,0,0.6116902828216553,0.5915520787239075,0.6863970160484314,0.6317357897758484,0.04191474431501365,0.020138204097747803,0.6016211807727814,0.6294228881597519,0.6458590825398763,0.6381923034787178,0.9963372378282456,0.6851202342245314,0.6718776226043701,0.8592737913131714,0.5613998174667358,0.07647015511871753,0.800249457359314,0.6583932638168335,0.3148797657754686,7,0.2,0.5,0.5,0.75,0.75,0.75,0.75,0.25,1,10,187.2,17.45737666432159,0.13011216880372928,651,5
1504,470,0.12540565595054856,0.09308171857865148,2.2744551241868374,0.9877833097709189,8,10,2.3467249870300293,2.1282877922058105,2.030097007751465,1.871307134628296,0.22494116956625063,0.6801160573959351,0.12020530740167569,0.23913833792573697,0.44976341062764635,0.07556845082177056,2.8905489248479475,8,49,0,0,0,0.0,0.0,0.0,1.0,0.0,0,2,0.7139343023300171,0.6454832553863525,0.7551735043525696,0.702492743730545,0.038973043971009695,0.06845104694366455,0.6797087788581848,0.7171677500009537,0.704628586769104,0.7088188156485558,1.0208884511803384,0.7798405289649963,0.7762708067893982,0.9116002321243286,0.6726034879684448,0.05934916432144054,0.8708664178848267,0.8287729024887085,0.22015947103500366,3,0.4,0.5,0.75,1.0,1.0,1.0,1.0,0.5,0,10,124.1,33.05283648947545,0.14818241628893875,478,3
1505,470,0.1316495753324979,0.16785148807815561,2.284073085657694,0.9919603373648701,5,9,1.4185360670089722,1.180432677268982,1.176697015762329,1.0775090336799622,0.19978493530201602,0.7593247890472412,0.18541352660977203,0.2412015735405788,0.4589925418093898,0.08436942100524902,2.822119255813324,5,44,0,0,0,0.0,1.0,0.0,0.0,0.0,0,0,0.6528981924057007,0.6267396211624146,0.6528981924057007,0.6173887133598328,0.022579757676405698,0.026158571243286133,0.6398189067840576,0.6357097029685974,0.627687911192576,0.6257049664855003,1.0296732990724242,0.7580857091479831,0.7521110773086548,0.9116002321243286,0.6514987945556641,0.07365919657938585,0.847858726978302,0.7313171625137329,0.24191429085201688,5,0.4,0.0,0.3333333333333333,0.3333333333333333,0.3333333333333333,0.6666666666666666,0.6666666666666666,0.3333333333333333,1,10,122.1,49.060065226210206,0.13706489948415354,468,4
1807,594,0.4137398229771902,0.4705009614850303,2.269583701169027,0.9856676776352675,5,3,0.7175915837287903,0.37996405363082886,0.361442893743515,0.1734402984380722,0.23769383041844025,0.7175915837287903,1.3704569359143124,0.6328146614389661,1.0,0.07973239819208781,4.234455545022352,5,32,0,0,0,0.0,0.0,0.0,1.0,0.0,0,0,0.529654860496521,0.5560039281845093,0.5876265168190002,0.5576176702976227,0.026603632793649495,-0.02634906768798828,0.5428293943405151,0.5569647699594498,0.5509061912695566,0.5501154661178589,0.9988273342106284,0.6756095912721422,0.6575003266334534,1.0000007152557373,0.5058728456497192,0.13312925289467764,0.8731514811515808,0.7334818840026855,0.32439040872785785,6,0.3,0.5,0.5,1.0,1.0,1.0,1.0,0.5,0,10,81.7,70.44579476448541,0.05871521310497646,345,2
2190,790,0.15004023553537757,0.2074857243994001,2.1497697568302945,0.9336331427538925,7,10,3.455253839492798,2.738337993621826,2.34859561920166,2.302884840965271,0.4549835142454304,1.59913969039917,0.19757102421313286,0.2689492641116407,0.47212312091425707,0.17768218782213,4.034798422170596,7,42,0,0,0,0.0,0.0,0.0,1.0,0.0,0,1,0.6695060729980469,0.6359640955924988,0.6695060729980469,0.6377121269702911,0.023858608129970288,0.033541977405548096,0.6527350842952728,0.6465732902288437,0.6301408310731252,0.6364263221621513,1.013893650426558,0.7856022622850206,0.7850297689437866,0.9024825096130371,0.7131901383399963,0.03970260929407987,0.8483272790908813,0.7935452461242676,0.2143977377149794,5,0.3,1.0,1.0,1.0,1.0,1.0,1.0,0.0,0,10,158.9,56.73526240355287,0.16752033028559432,430,5
877,252,0.1582329711680479,0.1761948403990627,2.1128055857744004,0.9175798072361898,6,6,3.0907814502716064,2.546201705932617,2.4540326595306396,1.9533106327056884,0.6119663313584498,1.9929406642913818,0.3132968242813187,0.28858610923527217,0.5337664806418667,0.2214378515879313,2.459278218044505,6,35,0,0,0,0.0,1.0,0.0,0.0,0.0,0,1,0.6682466864585876,0.7478353381156921,0.7645163536071777,0.6937705278396606,0.04244243690729934,-0.07958865165710449,0.7080410122871399,0.7044959515333176,0.7093900938828787,0.6990273147821426,1.0154581490639314,0.8192349420653449,0.8206691741943359,0.9196553230285645,0.7351410984992981,0.039869340535425735,0.8779217004776001,0.8363074064254761,0.18076505793465514,2,0.9,1.0,1.0,1.0,1.0,1.0,1.0,0.0,0,10,147.6,37.18386746964334,0.15680580776892117,502,2
878,252,0.24124880937149168,0.2783990688236273,1.5283727650392487,0.663763858147761,8,2,4.108523368835449,2.964714288711548,1.6754090785980225,1.7030232727527619,0.9977019291978755,3.291293978691101,0.5858412855062799,0.4153341748591513,0.6114380842218781,0.3656993309656779,3.1277222995766207,8,48,0,0,0,0.0,0.0,0.0,1.0,0.0,0,1,0.7069497108459473,0.6651486158370972,0.7069497108459473,0.6603606224060059,0.02788142358559824,0.0418010950088501,0.6860491633415222,0.6746733039617538,0.6593961119651794,0.6561077460646629,1.0216724913595125,0.8086238861083984,0.7904729843139648,0.9196553230285645,0.7362676858901978,0.04894776156904075,0.8756119012832642,0.8373749852180481,0.19137611389160158,3,0.6,0.75,0.75,0.75,1.0,1.0,1.0,0.0,0,10,159.1,28.119210515233174,0.1657048815277079,536,3
879,252,0.2285838042828429,0.5271991247902293,1.584278423177674,0.6880433769844488,13,1,4.091644287109375,1.9345329999923706,1.8596165180206299,1.7899974584579468,0.7927411523193011,2.80018150806427,0.4428725335340423,0.3366584270065499,0.5288645592077086,0.3111312786738078,6.933100275907174,13,73,0,0,0,0.0,1.0,0.0,0.0,0.0,0,0,0.7354521155357361,0.7841683626174927,0.7841683626174927,0.7040032863616943,0.04332306653997435,-0.04871624708175659,0.7598102390766144,0.7279992699623108,0.7124608854452769,0.7001989930868149,1.0340835760029572,0.7640538771947225,0.7575408220291138,0.8928828239440918,0.670408308506012,0.05766258563224724,0.8360319137573242,0.7585024833679199,0.2359461228052775,6,0.5,0.8,0.8,0.8,0.8,0.8,0.8,0.0,1,10,132.9,49.133389868805104,0.13876999483453287,484,6
880,252,0.14509789521360117,0.136238954915276,2.195805829482719,0.9536263550753377,14,8,2.6689400672912598,2.305326461791992,2.1833391189575195,1.83940646648407,0.468927774766642,1.5922515392303467,0.25493414771386824,0.27042780482289513,0.5064888471786739,0.17691683769226074,2.0552681981777003,14,73,0,0,1,0.0,0.0,0.0,0.0,0.0,0,0,0.6330003142356873,0.6019522547721863,0.6330003142356873,0.5770301818847656,0.03275699898904765,0.031048059463500977,0.6174762845039368,0.5921491384506226,0.5913174748420715,0.5794033259153366,1.0261995487253859,0.7529726266860962,0.7575408220291138,0.8438953757286072,0.6694579124450684,0.046358088974367946,0.8151829838752747,0.755591630935669,0.2470273733139038,7,0.2,0.3333333333333333,0.3333333333333333,0.3333333333333333,0.3333333333333333,0.3333333333333333,0.3333333333333333,0.0,4,10,141.1,47.53830034824552,0.14102004246096161,517,5
2239,821,0.16919754240789325,0.2164422479659757,2.203387056939217,0.9569188403257483,4,6,2.107236385345459,1.6511414051055908,1.5583833456039429,1.245429664850235,0.4162636619517072,1.3559901714324951,0.33423270656481197,0.30177358838670354,0.5476561213610488,0.15066557460361057,3.02718092211103,4,37,0,0,0,0.0,0.0,0.0,0.0,0.0,0,0,0.5683940649032593,0.5473138093948364,0.636897623538971,0.5508858501911164,0.03428368527987507,0.02108025550842285,0.5578539371490479,0.5454946905374527,0.5394963721434275,0.539120614528656,0.9902118562971816,0.7541008128060235,0.7626475095748901,0.8518505096435547,0.5994703769683838,0.06005294070963861,0.8317672610282898,0.7695238590240479,0.24589918719397652,5,0.3,0.6666666666666666,0.6666666666666666,0.6666666666666666,1.0,1.0,1.0,0.0,0,9,175.9,41.48361122178251,0.13675186608896392,625,5
2240,821,0.20926741935546445,0.21108655457138123,2.18747046765216,0.9500063534276588,7,5,1.5304025411605835,1.2073551416397095,1.081335425376892,0.7313142895698548,0.5263671692604164,1.5304025411605835,0.7197540879666486,0.3743613001751395,0.6671834094687036,0.17004472679562038,1.8997678189769969,7,34,0,0,0,0.0,0.0,0.0,0.0,0.0,0,0,0.570441484451294,0.5751171112060547,0.6043516397476196,0.5432768493890763,0.03399317062292052,-0.004675626754760742,0.5727792978286743,0.5715757012367249,0.5544292132059733,0.5447412095963955,1.0520872549460094,0.7048536631796095,0.7080724835395813,0.8643344044685364,0.5806525945663452,0.06835074104316277,0.7981399893760681,0.7009510397911072,0.2951463368203905,8,0.2,0.3333333333333333,0.3333333333333333,0.3333333333333333,0.3333333333333333,0.3333333333333333,0.3333333333333333,0.0,2,10,121.9,67.21078782457472,0.08711470525731366,519,4
2293,867,0.22926474846901013,0.429746469713679,2.0848958853374597,0.9054587783448537,9,2,2.4343061447143555,1.388171672821045,1.0505481958389282,1.0617882430553436,0.5040534739363042,1.8802246451377869,0.47472083300247886,0.36000378065366856,0.5531942961664095,0.2089138494597541,5.007468232146134,9,53,0,0,0,0.0,0.0,0.0,1.0,0.0,0,0,0.6681643724441528,0.684981644153595,0.684981644153595,0.6437420189380646,0.026569315083455093,-0.01681727170944214,0.6765730082988739,0.6453085392713547,0.6496117115020752,0.6484303772449493,1.0024319026183346,0.7444935480753581,0.7428138852119446,0.8895957469940186,0.6362383961677551,0.05741477953484966,0.8223187327384949,0.6748968362808228,0.25550645192464194,7,0.3,0.5,0.5,0.75,1.0,1.0,1.0,0.25,0,10,114.0,58.276925107627285,0.1173163141116699,428,4
1282,394,0.14549003221512613,0.19915235926688327,2.2489604664423735,0.9767111205944863,10,10,2.2565701007843018,1.8071688413619995,1.6752338409423828,1.5510135412216186,0.29529128838769797,1.0307397842407227,0.19038589293632222,0.26200538126479506,0.47590002727417097,0.11452664269341363,3.9239545043752733,10,52,0,1,0,0.0,1.0,0.0,0.0,0.0,0,0,0.7087969183921814,0.6678605079650879,0.7719544172286987,0.7088558971881866,0.028157409910346605,0.040936410427093506,0.6883287131786346,0.7048143148422241,0.7135232289632162,0.7124265059828758,0.9942970402601735,0.811244711611006,0.8161006569862366,0.8625211715698242,0.7378023266792297,0.03172910215992066,0.8499875068664551,0.8141560554504395,0.18875528838899402,2,0.9,0.75,0.75,1.0,1.0,1.0,1.0,0.25,0,10,133.4,38.01631228827962,0.169114167064973,422,2
1283,394,0.18615811274031768,0.08592814589295865,1.9276600447914214,0.8371721204382897,9,5,3.339341640472412,3.052398204803467,2.262515068054199,1.793820098042488,0.8683239128048389,2.9616850316524506,0.4840638309764556,0.35632000400992747,0.601590787879396,0.3290761146280501,0.8719641169616803,9,50,0,0,0,0.0,1.0,0.0,0.0,1.0,0,0,0.7143795490264893,0.7248499393463135,0.7769834399223328,0.7060148060321808,0.03510392860895035,-0.010470390319824219,0.7196147441864014,0.6892756521701813,0.6988592743873596,0.7069360017776489,0.9762892647459559,0.8074601464801364,0.8006886839866638,0.91449373960495,0.6805000305175781,0.053642412279961714,0.8677419424057007,0.7890565395355225,0.19253985351986358,4,0.6,0.75,0.75,0.75,0.75,0.75,0.75,0.0,1,10,142.9,31.725226555534636,0.16819017199768468,474,4
1926,643,0.22151675360812478,0.16181936843782863,2.247519298076494,0.9760852291256914,6,4,1.124983310699463,0.9429392218589783,0.7566860914230347,0.5078547298908234,0.3094318474199549,0.8878031671047211,0.6092908462142884,0.40718780604898475,0.6704367177623415,0.098644796344969,1.8454317931994573,6,38,0,0,0,0.0,1.0,0.0,0.0,0.0,0,0,0.693114161491394,0.6116657257080078,0.693114161491394,0.6211741089820861,0.02884689594067834,0.08144843578338623,0.6523899435997009,0.6317217946052551,0.6293998658657074,0.6291701644659042,1.0169786030873833,0.7722653441958958,0.7573394775390625,0.9216609597206116,0.6483892202377319,0.05938373657299853,0.8445266485214233,0.7836717963218689,0.22773465580410424,6,0.5,0.3333333333333333,0.3333333333333333,0.3333333333333333,0.3333333333333333,0.3333333333333333,0.3333333333333333,0.0,2,10,136.7,65.08463720418206,0.1595853299344354,446,6
1132,340,0.1287603145870004,0.15043470740724613,2.2918548026307906,0.9953398941060188,7,10,1.565901279449463,1.3303353786468506,1.231838345527649,1.2161365747451782,0.13715026791431303,0.5032888650894165,0.11277529019942555,0.23815060892344045,0.4407196040892428,0.05592098500993517,4.212402345173573,7,52,0,0,0,0.0,1.0,0.0,0.0,0.0,0,0,0.7130373120307922,0.699983537197113,0.7716023325920105,0.7019863665103913,0.028063280768477493,0.0130537748336792,0.7065104246139526,0.7232954949140549,0.7143058876196543,0.7075359150767326,1.03035400552803,0.7569254808955722,0.7613503336906433,0.8610470294952393,0.659587562084198,0.04691281627805726,0.8294656872749329,0.7865083813667297,0.2430745191044278,5,0.3,0.6666666666666666,0.6666666666666666,1.0,1.0,1.0,1.0,0.33333333333333337,0,10,100.6,50.24977611890425,0.1313355823117251,373,5
1133,340,0.16229253180327335,0.014161775568928161,2.0756311112890353,0.9014351380995426,8,7,2.931305408477783,2.8897929191589355,1.8810901641845703,1.8061862587928772,0.6036973988900416,1.777794599533081,0.334238543623383,0.3222867131946356,0.5299848525433825,0.19753273328145346,0.21015392474610453,8,55,0,0,0,0.0,0.0,0.0,1.0,0.0,0,0,0.6791673898696899,0.7246859073638916,0.7986249923706055,0.7421204090118408,0.038457578764479035,-0.04551851749420166,0.7019266486167908,0.7343861609697342,0.7446757058302561,0.74833133071661,0.989576842888273,0.7656283524301317,0.7730487585067749,0.8873540759086609,0.6489757299423218,0.059184013406508744,0.8394901156425476,0.7569326162338257,0.23437164756986828,5,0.3,0.0,0.5,0.5,0.75,0.75,0.75,0.5,1,10,131.1,43.67482112155699,0.13353046447985084,474,4
1134,340,0.14629973359004717,0.07333080461381368,2.2233383350993035,0.9655835703375906,6,8,2.0817975997924805,1.9291377067565918,1.7951890230178833,1.4229674577713012,0.3932107683480736,1.1502822637557983,0.2763313313099947,0.2818711900011496,0.5219180548164495,0.12780914041731092,1.1944270817436018,6,42,0,0,0,0.0,0.0,0.0,1.0,0.0,0,0,0.5966051816940308,0.6283127665519714,0.6818447709083557,0.5909350574016571,0.04212094698075553,-0.031707584857940674,0.6124589741230011,0.586762860417366,0.5913695693016052,0.596311591565609,0.9929379889211015,0.7382067759831746,0.7299293875694275,0.8795222640037537,0.6280204057693481,0.06049328405611011,0.8095775842666626,0.69916832447052,0.26179322401682537,7,0.4,0.6666666666666666,1.0,1.0,1.0,1.0,1.0,0.33333333333333337,0,9,135.7,42.766926473619776,0.1266764626364158,502,6
1135,340,0.16360843895015328,0.11336442380988529,2.1950343589869523,0.953291309696075,6,5,2.0980615615844727,1.8602160215377808,1.6501256227493286,1.282367569208145,0.44313873620214295,1.2658239603042603,0.34556269300625364,0.30866950148828765,0.557577793012217,0.14064710670047337,1.6910681958429192,6,31,0,0,0,0.0,0.0,0.0,1.0,0.0,0,0,0.5620425939559937,0.5715397596359253,0.5882019400596619,0.5432973206043243,0.025547065456051028,-0.00949716567993164,0.5667911767959595,0.5616836100816727,0.5508168737093607,0.5416671484708786,1.0338401367721841,0.7138427270783319,0.7137190103530884,0.8795222640037537,0.6316573619842529,0.05386795971560086,0.8010562658309937,0.6934593915939331,0.28615727292166815,7,0.2,1.0,1.0,1.0,1.0,1.0,1.0,0.0,0,10,118.7,51.23094767813689,0.11412002370797412,480,6
2196,794,0.22183282194548587,0.3917036352724996,1.978649688265085,0.8593166412331159,12,4,2.9255800247192383,1.7796196937561035,1.536470651626587,1.3188219845294953,0.6873996760556799,2.3841772079467773,0.5212220928200743,0.3567729211121678,0.584422965406114,0.264908578660753,4.325854643522226,12,84,0,0,0,0.0,0.0,0.0,0.0,0.0,0,1,0.6822043657302856,0.6673001050949097,0.7334956526756287,0.6525611340999603,0.056501863578876474,0.014904260635375977,0.6747522354125977,0.6360654830932617,0.6393155455589294,0.6464862450957298,0.9747201834972367,0.7930110176404317,0.8081279993057251,0.8717634081840515,0.651220977306366,0.051042756998309714,0.8387899398803711,0.737388551235199,0.2069889823595683,2,0.9,0.25,0.375,0.375,0.375,0.375,0.375,0.125,5,9,158.3,17.401436722293937,0.17332162007399962,461,2
1400,431,0.17731639726431853,0.3670948878694586,1.9647885178677504,0.8532968114168328,12,7,3.784294605255127,2.395099401473999,2.311962127685547,2.1342045426368714,0.6636085398354675,2.3909600973129272,0.3109393760713227,0.28954085155747566,0.5055438485515055,0.2656622330347697,5.229158690541539,12,72,0,0,0,0.0,0.0,0.0,1.0,0.0,0,0,0.6457981467247009,0.6548039317131042,0.6676389575004578,0.62172372341156,0.040263445516312495,-0.00900578498840332,0.6503010392189026,0.6544090360403061,0.6402107377847036,0.6359483450651169,1.0525703923263643,0.6949286275439792,0.6939038038253784,0.8342019319534302,0.5563974380493164,0.057553299883612935,0.7682463526725769,0.7088449001312256,0.3050713724560208,9,0.2,0.7142857142857143,0.7142857142857143,0.7142857142857143,0.7142857142857143,0.7142857142857143,0.8571428571428571,0.0,1,10,136.2,50.832666662295026,0.12522087191278428,541,9
1401,431,0.20002856972805408,0.3897861531655164,2.0809800171714254,0.9037581384084844,6,3,2.7608020305633545,1.684679627418518,1.504537582397461,1.3802038550376892,0.5129100460698757,1.835637092590332,0.3716187812249579,0.3220887727386097,0.525062655310325,0.20395967695448133,5.27612684569094,6,30,0,1,0,0.0,1.0,0.0,0.0,0.0,0,2,0.7531747817993164,0.7230135798454285,0.7531747817993164,0.6616016268730164,0.07708110071930822,0.03016120195388794,0.7380941808223724,0.7323288768529892,0.6792630553245544,0.6770134121179581,1.106901404418921,0.6686953836017184,0.6886398792266846,0.7850713729858398,0.5360841751098633,0.07520365271059087,0.7353978753089905,0.6065249443054199,0.33130461639828157,10,0.1,1.0,1.0,1.0,1.0,1.0,1.0,0.0,0,8,159.7,46.223478882490014,0.11617718230640497,604,8
1402,431,0.2046578867100557,0.34586037748728854,2.0475502043447302,0.8892397551667921,8,3,2.843017816543579,1.85973060131073,1.4757599830627441,1.3891562461853026,0.5495883386375812,1.9169273376464844,0.39562716182547303,0.3385327194668208,0.5381269523152629,0.21299192640516493,4.616525214374467,8,46,0,1,0,1.0,0.0,0.0,1.0,0.0,0,2,0.7555233240127563,0.5204894542694092,0.7555233240127563,0.6413634598255158,0.08503608284004377,0.23503386974334717,0.6380063891410828,0.6689464896917343,0.654527505238851,0.6534812077879906,1.0430052358587538,0.6372027681933509,0.6281114816665649,0.7827558517456055,0.48504164814949036,0.07440797961769999,0.727906346321106,0.6292378306388855,0.36279723180664913,10,0.1,0.6666666666666666,0.6666666666666666,0.6666666666666666,0.6666666666666666,0.6666666666666666,0.6666666666666666,0.0,1,7,150.1,60.60602280301851,0.11040228272750813,567,8
1403,431,0.262832288170368,0.558239608267939,1.7106256308994119,0.7429152721018835,7,1,3.4057774543762207,1.504537582397461,1.2969157695770264,1.2957987308502197,0.7329497217136941,2.647223114967346,0.5656350316053702,0.37894118275234373,0.564438360310035,0.2941359016630385,6.463792408328314,7,31,0,1,0,0.0,0.0,0.0,1.0,0.0,0,2,0.5260024666786194,0.7466140985488892,0.7811669707298279,0.682478380203247,0.075383196892806,-0.22061163187026978,0.6363082826137543,0.6743908375501633,0.6709948976834615,0.6639644503593445,0.988148297387864,0.6781763566864861,0.6975035071372986,0.7967699766159058,0.5180465579032898,0.07557011817930423,0.7543282508850098,0.6292378306388855,0.3218236433135139,10,0.1,0.0,0.6666666666666666,0.6666666666666666,0.6666666666666666,0.6666666666666666,0.6666666666666666,0.6666666666666666,1,7,139.9,55.45529731233978,0.11355221851930511,556,8
2158,772,0.20685099779880137,0.2538221449416388,1.5604862741192036,0.6777105779357354,12,3,4.578841686248779,3.416630268096924,2.6532912254333496,2.2135941982269287,1.0076029116967233,3.3531317710876465,0.45518842492240896,0.36119863165299276,0.5779269872422677,0.3725701967875163,3.1194344280314414,12,58,0,0,0,0.0,0.0,0.0,1.0,0.0,0,0,0.7382474541664124,0.7177103161811829,0.7451683878898621,0.6676502406597138,0.056669671827238303,0.020537137985229492,0.7279788851737976,0.7214883267879486,0.6901523768901825,0.6810156553983688,1.08063654023175,0.7542575240135193,0.7430363893508911,0.9023674130439758,0.591394305229187,0.08336179679913713,0.8386126756668091,0.6679143905639648,0.2457424759864807,5,0.6,0.5,0.5,0.5,0.8333333333333334,0.8333333333333334,0.8333333333333334,0.0,1,8,151.1,33.55726448922796,0.1387166955439885,571,5
2159,772,0.22291848937678574,0.3173119068521271,2.172789923796944,0.9436306742399999,7,5,1.7860480546951294,1.2193137407302856,1.1007088422775269,0.8012112677097321,0.5135485539245314,1.7860480546951294,0.640964416823661,0.375102287816828,0.6389703925976714,0.19844978385501438,2.855792771163316,7,43,0,0,0,1.0,0.0,0.0,0.0,0.0,0,0,0.5860562920570374,0.5962809920310974,0.5962809920310974,0.5479053735733033,0.025098269847907934,-0.010224699974060059,0.5911686420440674,0.5656905770301819,0.5586157838503519,0.549139179289341,1.0324584715831915,0.6903322617212931,0.6665597558021545,0.8738131523132324,0.5714887380599976,0.07154057573008712,0.7833024263381958,0.6974732875823975,0.30966773827870686,7,0.3,0.3333333333333333,0.6666666666666666,0.6666666666666666,0.6666666666666666,0.6666666666666666,0.6666666666666666,0.3333333333333333,1,10,120.2,44.13343403815298,0.1157548192445094,507,5
2160,772,0.19246690238080444,0.25556267000178784,2.1249328785491004,0.9228466235686672,6,6,2.3897705078125,1.7790343761444092,1.5838813781738281,1.2416527092456817,0.5669944320547036,1.8243169784545898,0.4566445763683652,0.33574644930219705,0.585107583136801,0.20270188649495444,3.0129621843510006,6,31,0,0,0,0.0,1.0,0.0,0.0,0.0,0,1,0.6481724977493286,0.7167555689811707,0.7167555689811707,0.6093445122241974,0.05034206450602136,-0.06858307123184204,0.6824640333652496,0.6505009979009628,0.643373946348826,0.6242115274071693,1.0675404755612987,0.7580696145693461,0.7637540698051453,0.8960554003715515,0.572128415107727,0.07541199543961444,0.8499935269355774,0.7656360864639282,0.24193038543065393,5,0.5,0.75,0.75,0.75,0.75,0.75,0.75,0.0,1,7,141.3,45.44458163521808,0.1428149209440136,525,5
2161,772,0.16935023502249177,0.07341825804808177,2.05721594247692,0.893437531901124,8,5,2.968855857849121,2.750887632369995,2.230724334716797,1.7530863523483275,0.6627911230743059,1.9978994131088257,0.37807079161598645,0.32626707078959893,0.5654896708436641,0.2219888236787584,0.9818838623636545,8,54,0,0,0,0.0,0.0,0.0,1.0,0.0,0,1,0.7050930261611938,0.7634575963020325,0.7634575963020325,0.6899529695510864,0.04398158160624758,-0.05836457014083862,0.7342753112316132,0.70515176653862,0.7119830648104349,0.7024417445063591,1.02202726219174,0.7771632684601678,0.772000253200531,0.8960554003715515,0.6656901836395264,0.06108521793871876,0.8502909541130066,0.763134777545929,0.2228367315398322,5,0.6,0.6,0.8,0.8,0.8,0.8,1.0,0.20000000000000007,0,10,160.8,24.86684539703418,0.14739106965363125,586,5
1213,372,0.15811665696052107,0.19836174303821835,2.2491107956761063,0.9767764077511651,14,8,1.904822826385498,1.526978850364685,1.2570171356201172,1.2046945989131927,0.2946868501614211,1.0628629922866821,0.24461519609374408,0.2848690182429771,0.48848497865427226,0.11809588803185357,3.1994405806772774,14,100,0,0,0,0.0,1.0,0.0,0.0,0.0,0,0,0.6010324358940125,0.6184177994728088,0.6716556549072266,0.614631274342537,0.04795126185436831,-0.017385363578796387,0.6097251176834106,0.6205186694860458,0.621687263250351,0.6021555699408054,1.0095771006327408,0.7930458333757189,0.798396646976471,0.8895199298858643,0.6425888538360596,0.05384583403037508,0.8660966753959656,0.8194446563720703,0.20695416662428112,4,0.5,0.2857142857142857,0.2857142857142857,0.42857142857142855,0.42857142857142855,0.5714285714285714,0.5714285714285714,0.14285714285714285,3,9,159.8,44.48100718284154,0.126464655062877,590,4
1214,372,0.15588241261429497,0.03367991515438019,2.2092587812658975,0.9594688978000826,8,6,1.6280179023742676,1.5731863975524902,1.5464247465133667,1.0443884432315826,0.46938891993859416,1.3158600628376007,0.4494385911123309,0.30651471879768044,0.5785041208786897,0.1462066736486223,0.37502480857162596,8,58,0,0,0,0.0,0.0,0.0,1.0,0.0,0,0,0.7123355269432068,0.636383056640625,0.7207019925117493,0.6700776517391205,0.044890400535782644,0.07595247030258179,0.6743592917919159,0.6739982664585114,0.6641435821851095,0.6778149306774139,1.0058494845481465,0.7668240136570401,0.7609167098999023,0.874678373336792,0.659835934638977,0.05548304771424237,0.8326401710510254,0.7688931226730347,0.23317598634295988,5,0.5,0.25,0.25,0.75,0.75,0.75,0.75,0.5,1,10,132.4,63.41797852344396,0.10543029704082678,534,4
1215,372,0.2631229306288158,0.32123682713719925,1.6198045631771214,0.7034721835495311,11,2,3.6350479125976562,2.467336654663086,1.5731863975524902,1.3815017580986022,0.9182918167025855,2.9775319695472717,0.6647050187336971,0.44172108587538944,0.6459538567702597,0.3308368855052524,3.529557251737518,11,57,0,0,0,0.0,0.0,0.0,1.0,0.0,0,0,0.6755333542823792,0.6143726706504822,0.6755333542823792,0.6115585446357727,0.030240357418358274,0.06116068363189697,0.6449530124664307,0.6146968305110931,0.6066770553588867,0.613451398909092,1.00512997614515,0.7707258039050632,0.7542349100112915,0.8723739385604858,0.6897251605987549,0.05668008671594651,0.8576010465621948,0.8111152648925781,0.22927419609493682,3,0.5,0.4,0.4,0.4,0.4,0.4,0.4,0.0,3,10,151.4,44.407656997414314,0.12472848087241112,585,3
2023,692,0.13630056310061137,0.05683628138859655,2.237652087670175,0.9717999540944485,9,8,2.0896549224853516,1.9708867073059082,1.8802164793014526,1.5331227362155915,0.3774774937652777,1.1741953492164612,0.2462146302013786,0.26485430904341223,0.4940351665610204,0.13046614991294014,0.9103304184899923,9,54,0,1,0,0.0,0.0,0.0,1.0,0.0,0,0,0.6250515580177307,0.6237167119979858,0.6910740733146667,0.6296378970146179,0.02681899054024672,0.001334846019744873,0.6243841350078583,0.6312189549207687,0.6316006481647491,0.6318437829613686,1.0025094667969887,0.7983248458968268,0.7983642816543579,0.8818113803863525,0.6539012789726257,0.05567033108222024,0.8605755567550659,0.8000179529190063,0.20167515410317316,3,0.8,0.5,0.5,0.5,0.75,0.75,0.75,0.0,1,10,125.2,47.66088543029809,0.16032541337162579,417,3
1964,665,0.1439267868837545,0.006350394433622681,2.1982709334615755,0.9546969361306729,9,8,2.182577133178711,2.1687169075012207,2.0331664085388184,1.5164495646953582,0.456982782124613,1.2404248714447021,0.3013502667107496,0.2869395819012332,0.5273987924573849,0.137824985716078,0.10056322547217145,9,64,0,0,0,1.0,0.0,0.0,0.0,0.0,0,2,0.7502891421318054,0.6889833211898804,0.7502891421318054,0.6854938089847564,0.051060287637368175,0.06130582094192505,0.7196362316608429,0.7032999843358994,0.6886150240898132,0.6919059604406357,1.0259741942867708,0.7720125728183322,0.7612007856369019,0.9520658254623413,0.6314573287963867,0.08783938645065226,0.8629438281059265,0.7306171655654907,0.22798742718166776,4,0.7,0.5,0.5,0.6666666666666666,0.6666666666666666,0.6666666666666666,0.8333333333333334,0.16666666666666663,1,9,163.3,50.4262828294928,0.16849029859065243,479,4
1965,665,0.15073580656655441,0.006799813836625111,2.1676937428664145,0.9414174309830904,10,8,2.437931776046753,2.421354293823242,2.0331664085388184,1.617354118824005,0.5079211307309756,1.6068367958068848,0.3140442842882212,0.30044663770994273,0.5303766880866939,0.17853742175632054,0.09285106287170299,10,72,0,1,0,1.0,0.0,0.0,0.0,0.0,0,1,0.7637468576431274,0.6965849995613098,0.7639350891113281,0.6973319947719574,0.04769050876224979,0.06716185808181763,0.7301659286022186,0.7335556745529175,0.7287953595320383,0.7068076878786087,1.051944594695115,0.7903755280706618,0.7785807847976685,0.9520658254623413,0.6314573287963867,0.074509587418189,0.8712817430496216,0.7777208685874939,0.2096244719293382,4,0.7,0.4,0.4,0.6,0.6,0.6,0.6,0.19999999999999996,2,10,166.0,43.2087954009366,0.17466963014564402,485,3
545,150,0.2198534610514313,0.19375328274883966,1.1923864757062785,0.5178468666953027,11,3,5.559652328491211,4.482451438903809,2.9522480964660645,2.528799092769623,1.3349848421415131,4.03214704990387,0.5279123668013611,0.3971095923004536,0.604286851123435,0.44801633887820774,2.4043732152970008,11,75,0,0,0,0.0,1.0,0.0,0.0,0.0,0,0,0.633750319480896,0.6869979500770569,0.6948651671409607,0.6467264235019684,0.028388892291808777,-0.05324763059616089,0.6603741347789764,0.6695920675992966,0.6595230499903361,0.6525725349783897,1.0353543753773704,0.7530491828918457,0.743584156036377,0.8693642616271973,0.6593537330627441,0.05976788442989569,0.8277705907821655,0.7095522880554199,0.24695081710815425,6,0.4,1.0,1.0,1.0,1.0,1.0,1.0,0.0,0,10,121.5,49.814154614928476,0.1459504826154898,436,6
546,150,0.24183564563041526,0.3060024817215048,1.9063189935959435,0.8279038196660788,10,4,2.928400754928589,2.0323028564453125,1.7472419738769531,1.2109053432941437,0.8283830813741343,2.928400754928589,0.6841016945378328,0.4096689835292011,0.6965365000788433,0.3253778616587321,2.7540138714454443,10,67,0,0,0,0.0,0.0,0.0,1.0,0.0,0,0,0.49550673365592957,0.5589449405670166,0.5589449405670166,0.5140901416540146,0.030711184550620267,-0.06343820691108704,0.5272258371114731,0.521013118326664,0.5072654038667679,0.5134646408259869,1.013464493183794,0.7368014097213745,0.742753803730011,0.8668532967567444,0.6248124837875366,0.05246661052884475,0.815858006477356,0.7538949251174927,0.26319859027862547,8,0.2,0.4,0.6,0.8,0.8,0.8,0.8,0.4,1,10,136.5,40.217533489760406,0.1360083075298122,478,6
547,150,0.16360891250244963,0.11988281302468248,2.183170458144156,0.9481388830262013,8,6,2.3430280685424805,2.0621392726898193,1.6598517894744873,1.4320907294750214,0.4479879008891045,1.3589792847633362,0.31282067458997803,0.3076039283381965,0.5348840741255836,0.15099769830703735,1.860206736891918,8,43,0,0,0,0.0,0.0,0.0,1.0,0.0,0,0,0.6054304838180542,0.6726239919662476,0.7013671398162842,0.6387461364269257,0.04996607524349792,-0.06719350814819336,0.6390272378921509,0.6689254343509674,0.6688519020875295,0.6429608091711998,1.0472460793998317,0.7624961389435663,0.7544059157371521,0.8693642616271973,0.6242809295654297,0.05577610310704458,0.845533549785614,0.8180605173110962,0.23750386105643373,5,0.4,0.25,0.5,1.0,1.0,1.0,1.0,0.75,0,9,133.1,41.96295985747431,0.14734539428808163,460,5
548,150,0.18417275295039623,0.09874099439607989,2.088168024210402,0.9068798502013937,5,5,2.4459099769592285,2.2043983936309814,1.9083845615386963,1.3280520260334014,0.6541091534477207,1.940273642539978,0.49253240693362904,0.3501601051338068,0.6158316292555729,0.21558596028221977,1.1202513501377356,5,33,0,0,0,0.0,0.0,0.0,1.0,0.0,0,0,0.6188458800315857,0.7476534247398376,0.7476534247398376,0.6484331846237182,0.0484395205857798,-0.12880754470825195,0.6832496523857117,0.6908231526613235,0.6682891150315603,0.6594348400831223,1.0653712728951872,0.7390256510840522,0.7237489223480225,0.8709297776222229,0.6374017596244812,0.06843574660001354,0.8507293462753296,0.7885587215423584,0.26097434891594784,5,0.3,1.0,1.0,1.0,1.0,1.0,1.0,0.0,0,9,107.9,52.42032048738351,0.14533602510304203,378,5
549,150,0.21710717762474432,0.2802851414136425,2.1641039641373028,0.9398584098897834,7,4,1.9647319316864014,1.4140467643737793,1.113138198852539,0.9049594551324844,0.4601869844816071,1.5574020445346832,0.5085161256181483,0.3733624392670204,0.6059619203771082,0.1730446716149648,3.1823111330858587,7,43,0,0,0,0.0,0.0,0.0,1.0,0.0,0,0,0.6362937092781067,0.558043897151947,0.6362937092781067,0.5598119050264359,0.06401866435172383,0.07824981212615967,0.5971688032150269,0.561896838247776,0.5713317344586054,0.5782404504716396,1.0037225530219631,0.7174267848332723,0.7208641171455383,0.8662508726119995,0.4524868130683899,0.090009307746968,0.8045415878295898,0.7105263471603394,0.28257321516672773,6,0.5,0.3333333333333333,0.3333333333333333,0.3333333333333333,0.3333333333333333,0.3333333333333333,0.3333333333333333,0.0,2,8,173.4,28.039971469315013,0.13612441003179224,603,3
550,150,0.20930088359411164,0.300880796082599,2.0932428105720313,0.9090838019150871,7,4,2.4336776733398438,1.7014307975769043,1.64121675491333,1.162765121459961,0.5661224423520977,1.84929758310318,0.48687559080348713,0.3556271507116356,0.6030946564914297,0.20547750923368666,3.5636178133362333,7,36,0,0,0,0.0,0.0,0.0,1.0,0.0,0,0,0.6017467379570007,0.6419346928596497,0.6438756585121155,0.602315354347229,0.029127269874255294,-0.040187954902648926,0.6218407154083252,0.6137713044881821,0.6098094383875529,0.6109246015548706,1.019018162230324,0.7320130321714613,0.7288589477539062,0.8491948843002319,0.5586297512054443,0.06582151682693231,0.8076658248901367,0.7268500328063965,0.2679869678285387,6,0.4,0.3333333333333333,0.6666666666666666,1.0,1.0,1.0,1.0,0.6666666666666667,0,10,157.1,35.427249399297146,0.14486725868296108,523,5
551,150,0.20499584262064133,0.384942970841187,1.7048006205914907,0.7403855022681237,10,2,4.147867202758789,2.5511748790740967,2.069401741027832,2.0233908891677856,0.7936026618816954,2.81666898727417,0.3922140175268279,0.3310799765728006,0.5355940545439453,0.3129632208082411,5.101836623883645,10,64,0,0,0,0.0,0.0,0.0,1.0,0.0,0,0,0.6165995597839355,0.6755061745643616,0.6755061745643616,0.6229710400104522,0.03420898260243812,-0.058906614780426025,0.6460528671741486,0.6295612901449203,0.6273218095302582,0.6321760714054108,1.0105771201775886,0.725836976369222,0.7219544649124146,0.8571544885635376,0.6127392053604126,0.06703977739256654,0.8310324549674988,0.7509734034538269,0.27416302363077805,5,0.4,0.6666666666666666,0.6666666666666666,0.6666666666666666,0.6666666666666666,0.6666666666666666,0.6666666666666666,0.0,2,10,142.8,47.872330212764865,0.14189682678622503,476,4
1704,549,0.193514797597025,0.046344375334074914,2.216682285499874,0.962692884725284,6,5,1.4828683137893677,1.4141457080841064,0.8659149408340454,0.7662816137075424,0.3884959245094136,1.2559674084186554,0.5069877843498691,0.3780612727815159,0.5977185885659486,0.1395519342687395,0.4924483033292652,6,30,0,0,0,0.0,1.0,0.0,0.0,0.0,0,0,0.5628427863121033,0.5418455004692078,0.6313928365707397,0.582874596118927,0.023447129906373963,0.020997285842895508,0.5523441433906555,0.5758358240127563,0.5797247687975565,0.5823115408420563,0.9879223420005144,0.8309784240192837,0.8197047710418701,0.9532976150512695,0.7148346900939941,0.058494564943791495,0.9015100598335266,0.8178128004074097,0.16902157598071632,3,0.8,0.0,0.3333333333333333,0.3333333333333333,0.3333333333333333,0.3333333333333333,0.6666666666666666,0.3333333333333333,1,10,161.8,38.09671901883415,0.19161712477819196,456,2
1705,549,0.12732778203007394,0.056173962678718735,2.279556853116454,0.9899989624932175,7,10,1.5245616436004639,1.4389209747314453,1.4014049768447876,1.1973519206047059,0.2194578567245486,0.7025413513183594,0.18328585745104675,0.24750305798442648,0.472828305376285,0.07806015014648438,1.0970971950619606,7,42,0,0,0,0.0,0.0,0.0,0.0,0.0,0,1,0.7214220762252808,0.7140399217605591,0.7728736400604248,0.6960965871810914,0.03515588098926107,0.00738215446472168,0.7177309989929199,0.7221089750528336,0.7101515233516693,0.7055234909057617,1.0373674443795697,0.8042770809597439,0.7996657490730286,0.9450670480728149,0.7051292061805725,0.049907612554936594,0.8850202560424805,0.7866538763046265,0.19572291904025607,3,0.6,0.0,0.0,0.5,0.5,0.5,0.5,0.5,2,10,173.0,12.946041866145807,0.18173432262984288,493,2
125,36,0.22594825635187843,0.5437562654163293,2.1115314041925903,0.917026437206267,6,1,2.3718979358673096,1.0821635723114014,0.9378542900085449,1.0497527062892913,0.44798966686792574,1.6251651644706726,0.4267569280145687,0.32903573265252806,0.5067148384135731,0.18057390716340807,7.142378660556563,6,32,0,0,0,0.0,1.0,0.0,0.0,0.0,0,0,0.5371936559677124,0.6151852607727051,0.6161696910858154,0.545253437757492,0.046270760056821174,-0.07799160480499268,0.5761894583702087,0.543140709400177,0.5487100581328074,0.5378509163856506,0.9961234091628702,0.8060483151011997,0.8057758212089539,0.9342939853668213,0.6951874494552612,0.055201595980444794,0.872906506061554,0.8057758212089539,0.19395168489880033,3,0.7,0.3333333333333333,0.6666666666666666,1.0,1.0,1.0,1.0,0.6666666666666667,0,10,163.3,35.92227721066692,0.15158734288400424,538,3
126,36,0.1795051592184357,0.31905929244029796,2.119387708999237,0.9204383870319435,7,5,2.8482871055603027,1.9395146369934082,1.7843533754348755,1.5867438673973084,0.48321771040833494,1.74650239944458,0.3045339678337469,0.3017375293472543,0.5077957992835515,0.1940558221605089,4.6830225211831396,7,40,0,0,0,0.0,1.0,0.0,0.0,0.0,0,0,0.6257361769676208,0.5937060117721558,0.6670993566513062,0.599554306268692,0.039453624719596465,0.03203016519546509,0.6097210943698883,0.6074909716844559,0.6244142750898997,0.603324182331562,1.0132359189098854,0.8202919112311469,0.8291863203048706,0.9342939853668213,0.6960386633872986,0.05137029275592742,0.8819873929023743,0.8200902938842773,0.17970808876885314,3,0.8,0.75,1.0,1.0,1.0,1.0,1.0,0.25,0,9,158.2,47.071859959003106,0.1537823898003897,532,3
127,36,0.24157537590680597,0.46736889087920147,1.7365687629485402,0.7541822311941073,6,3,3.5319273471832275,1.8812143802642822,1.876103401184082,1.4620394706726074,0.7730450236896523,2.67166405916214,0.5287439295945175,0.3702459363123219,0.5882964261987222,0.29685156212912667,5.56071658967494,6,48,0,0,0,0.0,0.0,0.0,1.0,0.0,0,0,0.6385148167610168,0.5588294863700867,0.6410449147224426,0.5953636586666107,0.032329313398406785,0.07968533039093018,0.5986721515655518,0.5975421965122223,0.6109267274538676,0.5982299372553825,1.0036574859019822,0.7798184752464294,0.777158260345459,0.9342939853668213,0.6706555485725403,0.0498412528221284,0.8556538820266724,0.8024531006813049,0.22018152475357056,5,0.4,0.75,0.75,0.75,0.75,0.75,0.75,0.0,1,10,157.8,41.58797903240791,0.15135490241955704,504,5
1757,572,0.16329768513066487,0.08467207593325,2.187522821718506,0.9500290905097782,6,7,2.1399168968200684,1.9587256908416748,1.6950072050094604,1.3104392111301422,0.46346137658481923,1.398068904876709,0.3536684639622922,0.31276861626622215,0.5495007107336461,0.15534098943074545,1.1664019924192628,6,37,0,1,0,0.0,0.0,0.0,0.0,0.0,0,0,0.5993547439575195,0.5495638251304626,0.5993547439575195,0.5725486874580383,0.020114420289456484,0.049790918827056885,0.5744592845439911,0.5735766291618347,0.5719753305117289,0.5701447427272797,1.0017936289658207,0.8441456662284004,0.8456054925918579,0.9209766387939453,0.7544805407524109,0.04181656314918151,0.8981577754020691,0.8532811403274536,0.15585433377159963,1,1.0,0.6666666666666666,0.6666666666666666,0.6666666666666666,0.6666666666666666,0.6666666666666666,0.6666666666666666,0.0,1,10,149.5,53.68286505021877,0.1835941593680054,440,1
1000,293,0.1393415089460384,0.04906265075329243,2.1866296935515512,0.9496412098752374,9,10,2.703402042388916,2.570765972137451,2.5224106311798096,1.940126860141754,0.4673478532685704,1.2754569053649902,0.24088507921041039,0.2718465541032205,0.5037638762905505,0.14171743392944336,0.9359126161209183,9,47,0,0,0,0.0,0.0,0.0,1.0,0.0,0,2,0.6835144758224487,0.7006264925003052,0.7006264925003052,0.6657495319843292,0.022940973552057164,-0.017112016677856445,0.692070484161377,0.6669404953718185,0.6741332610448202,0.6675458401441574,1.001787401331761,0.7748671041594611,0.7722358703613281,0.8841264247894287,0.6438204646110535,0.06450516654737981,0.8418909907341003,0.7631973028182983,0.22513289584053886,4,0.6,0.75,0.75,0.75,0.75,1.0,1.0,0.0,0,10,135.2,50.86806463784523,0.11197973932687731,529,4
1001,293,0.19797066708695005,0.14139838158165738,1.9520714022895411,0.8477738382954906,8,5,3.1185574531555176,2.677598476409912,1.846497893333435,1.5752623856067658,0.7670955821263785,2.346027374267578,0.48696337967057224,0.3679486022471643,0.597980053916986,0.2606697082519531,1.6916322501391046,8,62,0,1,0,0.0,0.0,0.0,1.0,0.0,0,0,0.6808378100395203,0.6771115064620972,0.6808378100395203,0.6377529978752137,0.02499586425395682,0.0037263035774230957,0.6789746582508087,0.6508816331624985,0.6480380396048228,0.6420026421546936,1.020584167768484,0.7602795402208964,0.7577897310256958,0.9136202335357666,0.6400290131568909,0.051585106201160136,0.8406367301940918,0.7802554368972778,0.2397204597791036,7,0.2,0.8,0.8,0.8,0.8,0.8,0.8,0.0,1,10,125.4,58.52042378520511,0.12345288327526871,472,6
1002,293,0.24166396983160274,0.40326286079983653,0.6885990466866089,0.29905476621983396,17,3,6.720724105834961,4.010505676269531,3.4566640853881836,2.7810203194618226,1.5783290907263188,5.468631386756897,0.5675357753214757,0.38587383583666796,0.6173112750807215,0.6076257096396552,4.46033458794576,17,117,0,1,0,1.0,1.0,0.0,0.0,0.0,0,2,0.6452397704124451,0.6799771189689636,0.6799771189689636,0.6358053803443908,0.02346828506820018,-0.034737348556518555,0.6626084446907043,0.6480910181999207,0.6432635088761648,0.6322437599301338,1.019321350391098,0.7884741372532315,0.7933875322341919,0.8841264247894287,0.6629953384399414,0.05267842082116774,0.8543015718460083,0.8096921443939209,0.21152586274676854,4,0.6,0.75,1.0,1.0,1.0,1.0,1.0,0.25,0,10,170.6,32.55518391900129,0.13718580954439197,578,4
1003,293,0.16953811799752905,0.04308160653901536,1.626634329493805,0.7064383133735556,19,5,5.2100043296813965,4.985548973083496,3.6570005416870117,3.073057782649994,1.2090233100352124,3.525118589401245,0.39342667861128056,0.3317722615021234,0.5608349778352281,0.391679843266805,0.5730567640884239,19,141,0,0,0,0.0,0.0,0.0,1.0,0.0,0,0,0.7510093450546265,0.7756682634353638,0.7756682634353638,0.7011917889118194,0.03952764912056606,-0.024658918380737305,0.7633388042449951,0.7279612720012665,0.7164452274640402,0.7141477391123772,1.0381756394428827,0.8150849885410733,0.8204053044319153,0.8841264247894287,0.6656706929206848,0.04354588271862894,0.8674489855766296,0.848175585269928,0.18491501145892675,2,0.9,0.3333333333333333,0.3333333333333333,0.5833333333333334,0.5833333333333334,0.5833333333333334,0.5833333333333334,0.25000000000000006,5,10,155.2,32.905318719015625,0.14060352894128178,546,2
1917,640,0.1673224431117766,0.3411459374979305,2.0580067166925575,0.8937809607794067,11,7,3.600192070007324,2.3720011711120605,2.1542372703552246,2.151649236679077,0.5213300878313633,1.915083646774292,0.24229313805016936,0.277563514503742,0.47579724512949007,0.2127870718638102,5.771897306731258,11,72,0,0,0,0.0,1.0,0.0,0.0,0.0,0,0,0.658383309841156,0.7409550547599792,0.7463765740394592,0.7096278011798859,0.030239065529063948,-0.08257174491882324,0.6996691823005676,0.689479872584343,0.694620668888092,0.7042845189571381,0.971606382714397,0.7833341042200724,0.7842943668365479,0.9330536127090454,0.6512744426727295,0.058083965384336175,0.8511415719985962,0.7550243139266968,0.21666589577992756,4,0.7,0.0,0.3333333333333333,0.5,0.5,0.5,0.6666666666666666,0.5,2,10,157.4,49.76987040368902,0.16529756966042253,453,3
1918,640,0.15990130427173205,0.21293515271173266,2.1897773140615544,0.9510082040938572,9,8,2.6785213947296143,2.1081700325012207,1.654086947441101,1.6751091599464416,0.3966755998534375,1.36721932888031,0.2368056796134055,0.2857539998995576,0.48179677840062174,0.1519132587644789,3.754429418719943,9,52,0,0,0,0.0,1.0,0.0,0.0,0.0,0,0,0.6334364414215088,0.6439091563224792,0.701991081237793,0.6506332695484162,0.024237764881874024,-0.010472714900970459,0.638672798871994,0.6574220657348633,0.6512077550093333,0.651218980550766,1.0104325832562713,0.7890736950768364,0.7973023653030396,0.9330536127090454,0.6702702045440674,0.05624993591466877,0.8588969111442566,0.7534209489822388,0.21092630492316355,4,0.5,0.5,0.75,1.0,1.0,1.0,1.0,0.5,0,10,154.2,42.27244965695743,0.16226245400587322,442,4
1919,640,0.1222452741683379,0.022815499867464183,2.2811478067289976,0.9906899048681094,8,10,1.8677071332931519,1.82509446144104,1.6928911209106445,1.5278358578681945,0.20291379214024163,0.5772701501846313,0.13281116442194568,0.24170146130008996,0.4583297276061441,0.06414112779829237,0.6643476497398996,8,47,0,0,0,0.0,0.0,0.0,1.0,0.0,0,0,0.5912009477615356,0.6138187646865845,0.7307935357093811,0.6483104705810547,0.05010093050789456,-0.022617816925048828,0.6025098562240601,0.6537982076406479,0.6703012188275655,0.6581677794456482,1.0084631188997406,0.7341941330167983,0.7354848384857178,0.845250129699707,0.6496308445930481,0.04967230647715258,0.8052738904953003,0.7579621076583862,0.26580586698320174,7,0.3,0.0,1.0,1.0,1.0,1.0,1.0,1.0,0,10,140.1,43.78001827318029,0.14376820480578756,447,5
1920,640,0.18140897947479523,0.12603582220436077,1.8311703940578443,0.795267197563925,10,6,4.015142440795898,3.5090906620025635,2.2945117950439453,2.213309645652771,0.853150010827196,2.898001194000244,0.3854632934165356,0.3399539290662306,0.5385181886148488,0.3220001326666938,1.5715838469337113,10,57,0,0,0,0.0,0.0,0.0,0.0,0.0,0,0,0.686317503452301,0.6659820675849915,0.6935207843780518,0.6642302870750427,0.0206315973459974,0.02033543586730957,0.6761497855186462,0.6594586819410324,0.6644217371940613,0.6694740206003189,0.9928148444271172,0.7786208563380771,0.7891160249710083,0.8844728469848633,0.6938140392303467,0.053288326467810676,0.8481336832046509,0.8056671619415283,0.2213791436619229,3,0.6,0.6,0.8,0.8,0.8,0.8,0.8,0.20000000000000007,1,10,168.4,22.227010595219504,0.1598975510064247,492,3
418,110,0.13693774303370382,0.019860167802593098,2.2285165278075096,0.9678324308569962,14,8,2.1695187091827393,2.126431703567505,1.8351356983184814,1.5843102574348449,0.40074583028832306,1.2280893325805664,0.25294640078312,0.2711558795122499,0.49684412698880165,0.1364543702867296,0.3157589585862171,14,80,0,0,0,0.0,0.0,0.0,1.0,0.0,0,0,0.5988715887069702,0.5697281956672668,0.6373345851898193,0.5861647844314575,0.02811443144489617,0.02914339303970337,0.5842998921871185,0.5938944816589355,0.5962105989456177,0.5935580804944038,1.0131851729199348,0.7821811729007297,0.7851184606552124,0.9326326847076416,0.6523416042327881,0.0664974831583135,0.8630997538566589,0.7399473190307617,0.21781882709927025,5,0.4,0.16666666666666666,0.3333333333333333,0.6666666666666666,0.6666666666666666,0.6666666666666666,0.6666666666666666,0.5,2,10,154.8,39.32378415157931,0.14185366684025197,551,3
419,110,0.13871967524137596,0.015695795672799193,2.2818814505604466,0.99100852233579,7,8,0.9048851728439331,0.8906822800636292,0.874184250831604,0.6523120611906051,0.20941455207130066,0.5669844448566437,0.32103381724271496,0.27526203480436623,0.5273312099833951,0.06299827165073818,0.22544534894059423,7,37,0,0,0,0.0,0.0,0.0,1.0,0.0,0,0,0.5964253544807434,0.5897255539894104,0.5964253544807434,0.5663697361946106,0.022513977066636656,0.006699800491333008,0.5930754542350769,0.5798143893480301,0.5679413179556528,0.5677293688058853,1.0237364897129855,0.7390886796845331,0.765377402305603,0.9326326847076416,0.5541341304779053,0.0948788951551896,0.8402427434921265,0.6610110998153687,0.26091132031546693,5,0.3,0.3333333333333333,0.3333333333333333,0.3333333333333333,0.3333333333333333,0.3333333333333333,0.3333333333333333,0.0,2,10,160.1,45.71093960968206,0.14987844393481586,520,2
420,110,0.1947729856591955,0.09137519560417574,2.0374296463476558,0.8848444526748809,6,4,2.669353485107422,2.425440788269043,1.5482981204986572,1.370494720339775,0.6639214961517311,2.1978618800640106,0.48443894154381667,0.37174855165537274,0.5862696216294534,0.24420687556266785,0.9987912808970274,6,39,0,0,0,0.0,1.0,0.0,0.0,0.0,0,0,0.528894305229187,0.6632593274116516,0.6632593274116516,0.5386895626783371,0.05092135304991565,-0.1343650221824646,0.5960768163204193,0.5661744922399521,0.5509090026219686,0.5501765161752701,1.0510198831495516,0.7411771284209357,0.7443960905075073,0.9326326847076416,0.5289523601531982,0.11945415089633789,0.8665977716445923,0.7225136160850525,0.25882287157906425,4,0.6,1.0,1.0,1.0,1.0,1.0,1.0,0.0,0,3,164.5,47.6660256367153,0.14059239941183396,573,3
421,110,0.16276608606740042,0.10925750644903356,2.2536266121894513,0.9787376019441985,6,6,1.2657487392425537,1.1274561882019043,1.059682846069336,0.7776489377021789,0.3173162304823881,0.8815843760967255,0.4080450792807914,0.3077487554366079,0.5754737937644435,0.09795381956630284,1.4117993545692065,6,37,0,0,0,0.0,1.0,0.0,0.0,0.0,0,0,0.6092322468757629,0.6691383719444275,0.7063601016998291,0.665311998128891,0.02531572087048098,-0.05990612506866455,0.6391853094100952,0.650975838303566,0.6516714791456858,0.6596596390008926,0.9784505039498004,0.7825333621766832,0.7660061120986938,0.9227953553199768,0.7150746583938599,0.046859944402004645,0.8724799156188965,0.8203006386756897,0.21746663782331677,5,0.3,0.6666666666666666,0.6666666666666666,0.6666666666666666,0.6666666666666666,0.6666666666666666,0.6666666666666666,0.0,1,10,159.5,27.29194020219156,0.15506908224682578,543,5
422,110,0.12664892069511532,0.061356176293024076,2.2450888029828895,0.975029678518246,8,10,2.082002639770508,1.954258918762207,1.9367082118988037,1.6439166069030762,0.36973126937208584,0.9759888648986816,0.22490863764675578,0.24552714788473995,0.4793588578880669,0.10844320721096462,1.1779672173709692,8,61,0,0,0,0.0,0.0,0.0,1.0,0.0,0,0,0.6229251623153687,0.6389676928520203,0.6714761257171631,0.6421831369400024,0.015107936348841833,-0.01604253053665161,0.6309464275836945,0.638367310166359,0.6365029414494833,0.6402662023901939,0.994056491660117,0.7922995116975572,0.7813729047775269,0.9326326847076416,0.694644570350647,0.05712909264185168,0.882743239402771,0.7887508869171143,0.2077004883024428,4,0.5,0.4,0.4,0.6,0.6,0.6,0.6,0.19999999999999996,2,10,152.4,49.54836021504647,0.1720556364080998,473,4
1984,676,0.13180832081744778,0.040378843821039186,2.2861581805616087,0.9928658825758848,7,7,0.7735939025878906,0.742357075214386,0.71913743019104,0.5869082450866699,0.1918985879141843,0.48693543672561646,0.3269646704676568,0.2582943740342944,0.5028104683012957,0.05410393741395739,0.5773378339671918,7,33,0,0,0,0.0,0.0,0.0,1.0,0.0,0,0,0.7314789295196533,0.7324760556221008,0.7324760556221008,0.7035450220108033,0.032694627644263174,-0.0009971261024475098,0.7319774925708771,0.7291619926691055,0.7135480344295502,0.7063774913549423,1.0364098010036207,0.8108307758967082,0.8051539659500122,0.9641832113265991,0.7092615365982056,0.05302674692096783,0.8768798112869263,0.8172498941421509,0.18916922410329184,3,0.7,1.0,1.0,1.0,1.0,1.0,1.0,0.0,0,10,154.3,45.2527347239921,0.16212060355393831,492,3
1028,304,0.17475347844872025,0.0020220161351984438,1.910395812212186,0.8296743594948334,13,6,3.355166435241699,3.3483822345733643,2.728222131729126,1.9199425756931305,0.9048722650270998,2.3768879175186157,0.47130148848276776,0.34915360254433514,0.6040334930627261,0.2640986575020684,0.02568803281496807,13,101,0,1,0,0.0,0.0,0.0,0.0,0.0,0,0,0.6772060990333557,0.6548952460289001,0.7021053433418274,0.6707562267780304,0.02567388485987137,0.022310853004455566,0.6660506725311279,0.67516128718853,0.6785940527915955,0.6707022786140442,1.0065658038924967,0.7589481049113803,0.7702139616012573,0.8581514954566956,0.619488000869751,0.06575144346674047,0.839300274848938,0.8142238855361938,0.24105189508861968,5,0.3,0.25,0.25,0.5,0.625,0.625,0.625,0.25,3,10,150.7,31.67349049283959,0.15736079326643618,483,5
1029,304,0.25673375741886834,0.5982691276858578,1.9348282066124725,0.8402852135625617,7,1,2.8230373859405518,1.1341012716293335,1.0521092414855957,1.099597269296646,0.5920390660628413,2.1434686183929443,0.5384139668040192,0.3598716337392377,0.5506471264058345,0.23816317982143825,7.091478305333258,7,52,0,0,0,0.0,0.0,0.0,1.0,0.0,0,0,0.6541938781738281,0.6433774828910828,0.6744369864463806,0.638982629776001,0.02775738829391806,0.010816395282745361,0.6487856805324554,0.6421394646167755,0.6488566299279531,0.6495480462908745,1.0049388351965776,0.7473299596044752,0.7571260333061218,0.8768869638442993,0.619488000869751,0.07142401147817466,0.8338738679885864,0.7627816796302795,0.25267004039552476,5,0.5,0.5,0.5,0.75,0.75,0.75,0.75,0.25,1,10,119.1,45.22930465970044,0.13743963093583714,401,5
1030,304,0.17788969640161098,0.26457997827389057,2.055174355749503,0.8925508820510798,8,5,3.1760451793670654,2.3357272148132324,2.189343214035034,1.785401427745819,0.6145923132383522,2.090776562690735,0.34423181221631527,0.30871334079413476,0.5363079029666538,0.2323085069656372,3.6172345055087707,8,49,0,0,0,0.0,0.0,0.0,1.0,0.0,0,0,0.6371867060661316,0.6697394251823425,0.6962820887565613,0.6481514513492584,0.027395305450085092,-0.03255271911621094,0.6534630656242371,0.6315510123968124,0.6506230334440867,0.6475592851638794,0.9743865213841484,0.7772981617185805,0.7803481817245483,0.8887481093406677,0.6628891825675964,0.050927086660750805,0.8491421937942505,0.796511173248291,0.22270183828141954,5,0.4,0.0,0.3333333333333333,0.6666666666666666,0.6666666666666666,0.6666666666666666,0.6666666666666666,0.6666666666666666,1,10,152.7,32.09065284471477,0.1596151134527052,487,4
1419,438,0.18635134018795327,0.19862292544937496,2.1562548353188196,0.9364495765561685,8,5,2.2911529541015625,1.8360774517059326,1.3341150283813477,1.229480266571045,0.48884286567009605,1.688575029373169,0.39760090613942556,0.3356890320263636,0.5498572956092658,0.18761944770812988,2.4255112273453485,8,48,0,0,0,0.0,0.0,0.0,1.0,0.0,0,1,0.7200233340263367,0.649131715297699,0.7200233340263367,0.6693950951099396,0.025795534590020573,0.0708916187286377,0.6845775246620178,0.6841039508581161,0.6796858211358389,0.6724064350128174,1.0219718278245424,0.8197547329796685,0.813402533531189,0.9437743425369263,0.7503638863563538,0.041895824517842684,0.8822026252746582,0.8124021887779236,0.1802452670203315,2,0.8,0.75,0.75,1.0,1.0,1.0,1.0,0.25,0,10,167.8,30.244999586708545,0.17603684860967378,493,2
1420,438,0.2353933269068054,0.3493555486818088,2.039161096152807,0.8855964117709505,6,2,2.538970470428467,1.6519670486450195,1.13780677318573,1.0786076664924622,0.5720356560468511,1.9584652781486511,0.5303458741037742,0.38855068893604744,0.5889987561804841,0.2176072531276279,4.076147889773358,6,35,0,0,0,0.0,0.0,0.0,1.0,0.0,0,0,0.6242551207542419,0.5440889596939087,0.6242551207542419,0.5521778434514999,0.034148323244560644,0.08016616106033325,0.5841720402240753,0.5676384568214417,0.5690097610155741,0.5636903047561646,1.0279974750088368,0.7911085142029657,0.7836193442344666,0.9437743425369263,0.652052640914917,0.060764329937799254,0.8665898442268372,0.7914395332336426,0.20889148579703432,4,0.6,0.3333333333333333,0.3333333333333333,0.3333333333333333,0.3333333333333333,0.3333333333333333,0.6666666666666666,0.0,1,9,145.2,40.50876448375092,0.16492867796872376,445,3
1493,467,0.4749262893169614,0.601035922966243,1.9960611242237856,0.8668783317919915,8,1,2.003831624984741,0.7994568347930908,0.5972462892532349,0.421924763917923,0.5880343108985079,2.003831624984741,1.393691405421969,0.6644048179933699,0.8806970887361617,0.22264795833163792,5.409299011395875,8,52,0,0,0,0.0,0.0,0.0,1.0,0.0,0,0,0.6495541930198669,0.6045254468917847,0.6510544419288635,0.5827446073293686,0.05296632157587662,0.045028746128082275,0.6270398199558258,0.6206705868244171,0.6058908700942993,0.5800889618694782,1.0650798204534784,0.7083276470502218,0.684177041053772,0.9338164329528809,0.5154134035110474,0.11534209339052046,0.8122785687446594,0.6047382354736328,0.2916723529497782,6,0.5,0.5,0.5,0.5,0.5,0.5,0.5,0.0,2,9,89.3,70.72630345211037,0.07774017006455772,363,2
1494,467,0.1998967666529347,0.03379224818603214,2.293587694227088,0.9960924793640272,7,6,0.32637324929237366,0.31534436345100403,0.27093297243118286,0.16327089965343475,0.136366406793435,0.32637324929237366,0.835210511318175,0.3930385721555481,0.7151739823052173,0.0362636943658193,0.30412184727426594,7,35,0,0,0,0.0,0.0,0.0,0.0,0.0,0,0,0.5742813944816589,0.5942190885543823,0.6786091327667236,0.5644290626049042,0.05039079432318015,-0.01993769407272339,0.5842502415180206,0.5669845789670944,0.5610349873701731,0.5546021088957787,1.0045258332810991,0.7083276470502218,0.684177041053772,0.9338164329528809,0.5154134035110474,0.11534209339052046,0.8122785687446594,0.6047382354736328,0.2916723529497782,6,0.5,0.3333333333333333,0.3333333333333333,0.3333333333333333,0.3333333333333333,0.3333333333333333,0.3333333333333333,0.0,2,6,89.3,70.72630345211037,0.0777401700645577,363,2
1495,467,0.23298375584035969,0.23377785085461908,2.1487462633357994,0.9331886451769694,9,4,1.725538969039917,1.3221461772918701,1.1878713369369507,0.7406262993812561,0.563637400827792,1.725538969039917,0.7610270392391326,0.41150106995632274,0.7243879139850693,0.19172655211554634,2.1039896837828427,9,51,0,0,0,0.0,0.0,0.0,1.0,0.0,0,0,0.6691284775733948,0.6513308882713318,0.6691284775733948,0.606731790304184,0.04819883430681546,0.01779758930206299,0.6602296829223633,0.63746577501297,0.6355832020441691,0.6068361029028893,1.0506532450526995,0.7083276470502218,0.684177041053772,0.9338164329528809,0.5154134035110474,0.11534209339052046,0.8122785687446594,0.6047382354736328,0.2916723529497782,6,0.5,0.5,0.5,0.75,0.75,0.75,0.75,0.25,1,9,89.3,70.72630345211037,0.0777401700645577,363,3
1496,467,0.5266996927965779,0.716237814119135,2.103093581419379,0.9133619373365838,4,1,1.6402565240859985,0.4654427766799927,0.437632292509079,0.3114215835928917,0.48042916070332115,1.6402565240859985,1.5426921039591783,0.6761571489273149,0.9374206232620375,0.1822507248984443,6.446104957638369,4,33,0,0,0,0.0,0.0,0.0,0.0,0.0,0,0,0.6977460384368896,0.5685048699378967,0.6977460384368896,0.5670173972845077,0.06630886569566206,0.12924116849899292,0.6331254541873932,0.6071576327085495,0.5815260658661524,0.5645400248467922,1.0707900054324013,0.7083276470502218,0.684177041053772,0.9338164329528809,0.5154134035110474,0.11534209339052043,0.8122785687446594,0.6047382354736328,0.2916723529497782,6,0.5,0.5,0.5,0.5,0.5,0.5,0.5,0.0,1,6,89.3,70.72630345211037,0.0777401700645577,363,2
1497,467,0.3346997291160541,0.05091012874992072,2.217494924264807,0.9630458092566752,5,2,1.0337650775909424,0.9811359643936157,0.31534436345100403,0.3088634341955185,0.3700324642333923,1.0337650775909424,1.198041675459315,0.6523598519302463,0.8421775095008923,0.1148627863989936,0.4581871697535106,5,23,0,0,0,0.0,1.0,0.0,0.0,0.0,0,0,0.5837522149085999,0.5319792032241821,0.6263723969459534,0.551606434583664,0.056564770790134465,0.051773011684417725,0.557865709066391,0.5702412724494934,0.5734789570172628,0.5479074716567993,1.0337809766467227,0.7083276470502218,0.684177041053772,0.9338164329528809,0.5154134035110474,0.11534209339052046,0.8122785687446594,0.6047382354736328,0.2916723529497782,6,0.5,0.5,0.5,0.5,0.5,0.5,0.5,0.0,1,9,89.3,70.72630345211037,0.0777401700645577,363,2
1828,604,0.2320303388447201,0.45189452538008834,2.0521322666780786,0.8912297195539021,11,5,2.5076277256011963,1.3744444847106934,1.3305070400238037,1.0807326912879944,0.6218604080523851,2.256437063217163,0.5754057757848426,0.35920743784342435,0.6030354662333715,0.2507152292463515,4.519784157159797,11,69,0,0,0,1.0,1.0,0.0,0.0,0.0,0,0,0.6437559127807617,0.5737550854682922,0.6437559127807617,0.5686045169830323,0.031704910869056496,0.07000082731246948,0.608755499124527,0.5877640694379807,0.5794003009796143,0.5745066329836845,1.0336939264265352,0.815834124883016,0.8153890371322632,0.9021172523498535,0.7201907634735107,0.054088520066447834,0.868695080280304,0.8023808002471924,0.184165875116984,2,0.8,0.16666666666666666,0.16666666666666666,0.6666666666666666,0.6666666666666666,0.6666666666666666,0.6666666666666666,0.5,2,10,115.3,41.35226716880224,0.15688604686817012,417,2
1829,604,0.22655698033541663,0.03196742042014017,2.1948634977614603,0.9532171056086726,8,4,1.3744444847106934,1.3305070400238037,0.8367187976837158,0.6066661387681961,0.43974673025487676,1.3744444847106934,0.7248566835971337,0.44587151843133355,0.7093768738175334,0.1527160538567437,0.2877048998607922,8,56,0,0,0,1.0,0.0,0.0,1.0,0.0,0,0,0.6293282508850098,0.6312154531478882,0.6312154531478882,0.5779327511787414,0.027355685012757893,-0.001887202262878418,0.630271852016449,0.5996150225400925,0.586921900510788,0.5819584056735039,1.0375151499927635,0.8248794794082641,0.8223896026611328,0.9021172523498535,0.735061526298523,0.04849841206613236,0.8703528642654419,0.7770947217941284,0.17512052059173588,2,0.9,0.0,0.5,0.5,0.5,0.5,0.5,0.5,2,10,115.3,41.35226716880224,0.16378380750510477,411,2
1830,604,0.2202672802752949,0.25896143139106115,2.2074864442811637,0.9586991816275396,7,4,1.6116490364074707,1.1942940950393677,0.910375714302063,0.731678819656372,0.3898816566816837,1.3289106786251068,0.5328582888411336,0.3834938303618834,0.6184183146221848,0.1476567420694563,2.8265022579837678,7,48,0,0,0,0.0,0.0,0.0,1.0,0.0,0,0,0.6154677867889404,0.6700006127357483,0.7059078216552734,0.6234001636505127,0.034745130625962226,-0.05453282594680786,0.6427341997623444,0.6507969200611115,0.6360598305861155,0.6293865218758583,1.0439456292480667,0.818271976047092,0.8156449794769287,0.9021172523498535,0.7175159454345703,0.05210063488942568,0.8681527972221375,0.805221438407898,0.181728023952908,3,0.7,0.75,0.75,0.75,0.75,0.75,0.75,0.0,1,10,115.1,36.62908680270367,0.15359416372261117,435,2
90,24,0.20491605456150516,0.021256144403004332,1.8460296341710087,0.8017204835503479,10,2,3.132239818572998,3.0656604766845703,1.481459379196167,1.5285477876663207,0.8053488199578867,2.2118983268737793,0.52687151791042,0.40547638387675705,0.5916985339751295,0.24576648076375326,0.27090378955557537,10,58,0,0,0,0.0,0.0,0.0,1.0,0.0,0,0,0.5611894130706787,0.5472885370254517,0.6093370318412781,0.5702373743057251,0.027256234720851986,0.01390087604522705,0.5542389750480652,0.5574797689914703,0.5658957858880361,0.5620341449975967,0.9776258387910344,0.8041514661577013,0.802111029624939,0.9088166952133179,0.6804625988006592,0.04418384118144726,0.8750594258308411,0.8319125175476074,0.19584853384229872,2,0.6,0.5,0.5,0.75,0.75,0.75,0.75,0.25,1,10,157.1,45.3,0.1678734103339875,440,2
91,24,0.13955298667154176,0.02883762781078285,2.2072311268942206,0.9585882986952563,10,8,2.5325872898101807,2.4595534801483154,2.0479798316955566,1.8147854447364806,0.43113223163133957,1.3187685012817383,0.237566372000284,0.27508159625356643,0.49912561307997305,0.1465298334757487,0.49841939699300597,10,66,0,0,0,1.0,1.0,0.0,0.0,0.0,0,0,0.5783390402793884,0.6050595641136169,0.6654564142227173,0.6106462061405182,0.02973642959456534,-0.026720523834228516,0.5916993021965027,0.6080643236637115,0.6138813495635986,0.609850250184536,0.9957702541650336,0.7918463336096869,0.7979661822319031,0.9088166952133179,0.6702529191970825,0.05333467570903916,0.8572468757629395,0.8203456401824951,0.20815366639031307,4,0.5,0.6,0.6,0.8,1.0,1.0,1.0,0.20000000000000007,0,10,146.1,50.54987635988836,0.15952336125644045,405,3
92,24,0.14488529959207525,0.05099329669221299,2.212252101299621,0.9607688801732992,7,6,1.8615037202835083,1.766579508781433,1.7349603176116943,1.2848120033740997,0.44181884156147255,1.0729026794433594,0.3438779342995394,0.28238242011571163,0.5432860840575835,0.11921140882703993,0.796261164723184,7,49,0,0,0,1.0,0.0,0.0,1.0,0.0,0,0,0.6229974031448364,0.69184410572052,0.69184410572052,0.6218733251094818,0.033159734719004,-0.0688467025756836,0.6574207544326782,0.6462667286396027,0.6300233205159506,0.6303364560008049,1.0392240080434685,0.8119904663827684,0.8101209998130798,0.9088166952133179,0.7249335050582886,0.040549400575423444,0.8787328600883484,0.8347765803337097,0.1880095336172316,2,0.6,0.3333333333333333,0.6666666666666666,1.0,1.0,1.0,1.0,0.6666666666666667,0,10,168.2,30.606535249844928,0.19083287362585336,421,2
93,24,0.1495228096651641,0.034932478721648376,2.2273667578897536,0.9673330921262564,5,6,1.4762816429138184,1.4247114658355713,1.3924227952957153,0.9873287200927734,0.40455134272171894,0.9909401535987854,0.4097428999541366,0.29382241696329875,0.5726843885747094,0.11010446151097615,0.46837074537947565,5,28,0,0,0,0.0,1.0,0.0,0.0,1.0,0,0,0.6258500814437866,0.6064649224281311,0.6485947966575623,0.6035301446914673,0.028922614533809173,0.019385159015655518,0.6161575019359589,0.626726433634758,0.6163138349850973,0.6073544025421143,1.0384326296120947,0.7805127660433452,0.7866483330726624,0.8851211667060852,0.6724997758865356,0.04926694105887079,0.84172523021698,0.776918888092041,0.21948723395665481,4,0.5,0.6666666666666666,0.6666666666666666,0.6666666666666666,0.6666666666666666,0.6666666666666666,1.0,0.0,0,10,128.3,51.34403568088508,0.13935473530740375,412,2
94,24,0.17376582718971753,0.0571149128899674,2.123795699268141,0.9223527528820118,6,5,2.156385898590088,2.033224105834961,2.0146563053131104,1.2409723669290542,0.602078976335187,1.858448177576065,0.4851667186259668,0.3376070342962412,0.6106605607544928,0.20649424195289612,0.5964388892951903,6,32,0,0,0,0.0,1.0,0.0,0.0,1.0,0,0,0.5255173444747925,0.5429025292396545,0.5526670217514038,0.5162683367729187,0.021832124640004537,-0.01738518476486206,0.5342099368572235,0.5232210978865623,0.522510901093483,0.5144059136509895,1.0134653767297075,0.7960981382264032,0.8001654148101807,0.8851211667060852,0.6804625988006592,0.04211024082551493,0.8534183502197266,0.8164587020874023,0.20390186177359682,3,0.6,1.0,1.0,1.0,1.0,1.0,1.0,0.0,0,10,167.9,35.23478394995491,0.1632562366826826,462,3
95,24,0.15446331765691762,0.09229754198594912,2.169318068381722,0.9421228665912031,6,7,2.4659595489501953,2.2383575439453125,1.9372749328613281,1.5964693665504455,0.5625719165754529,1.7665789127349854,0.35238481613099,0.2946700507671069,0.5268653350558044,0.19628654585944283,1.1595336016267868,6,35,0,0,0,0.0,0.0,0.0,1.0,0.0,0,0,0.7093029618263245,0.7521588802337646,0.7521588802337646,0.6956203401088714,0.04259042216229625,-0.042855918407440186,0.7307309210300446,0.7322966307401657,0.7272279361883799,0.7081392928957939,1.0527230671582821,0.7833853099081252,0.7811981439590454,0.8940562605857849,0.6804625988006592,0.05019430608228764,0.8474808931350708,0.7961467504501343,0.21661469009187484,4,0.6,0.25,0.75,1.0,1.0,1.0,1.0,0.75,0,10,174.7,22.275771591574557,0.15698252828001136,506,4
636,175,0.3959410794069475,0.572306379948646,1.2871671601159198,0.5590095949254235,5,1,3.687098264694214,1.5769484043121338,1.1792794466018677,0.9312239766120911,0.9997208403289385,3.3494042456150055,1.073554581800462,0.5652825529855455,0.745830320160999,0.3721560272905562,5.67005243927481,5,31,0,0,0,0.0,0.0,0.0,1.0,0.0,0,0,0.6199890971183777,0.6007351875305176,0.6199890971183777,0.5689136266708374,0.03417658094350665,0.019253909587860107,0.6103621423244476,0.6010635793209076,0.5829757551352183,0.579763300716877,1.0565092742266071,0.7166199167569478,0.7059285640716553,0.884459376335144,0.5898294448852539,0.08167256766191242,0.8164531588554382,0.6790114641189575,0.2833800832430522,5,0.4,0.6666666666666666,0.6666666666666666,1.0,1.0,1.0,1.0,0.33333333333333337,0,10,115.5,53.783361739482224,0.1325956561819742,381,3
637,175,0.17341256817813258,0.2016278296879295,2.247786971759321,0.9762014783290938,4,5,1.477104902267456,1.1792794466018677,1.1719343662261963,0.851786532998085,0.3166322371544995,1.0559560358524323,0.37172678031578016,0.3118603365938982,0.5581288951088721,0.11732844842804803,2.5383691788871663,4,23,0,0,0,0.0,0.0,0.0,1.0,0.0,0,0,0.6520938277244568,0.5754678249359131,0.6520938277244568,0.5736160397529602,0.041601083760122864,0.0766260027885437,0.6137808263301849,0.5759489387273788,0.5867075224717458,0.5773802772164345,1.0040652540158552,0.7468103461795383,0.7580573558807373,0.893140435218811,0.5921963453292847,0.07952977182135038,0.8403953313827515,0.6790114641189575,0.25318965382046166,5,0.4,1.0,1.0,1.0,1.0,1.0,1.0,0.0,0,8,104.6,50.94349811310566,0.14234364322495058,340,3
638,175,0.17792801178117912,0.23378166780861467,2.0801830234153793,0.9034120084181222,7,4,3.057617425918579,2.3428025245666504,1.7523877620697021,1.7184575915336608,0.5363615051515851,1.7497755289077759,0.3121177942803395,0.31425971621828336,0.5172144300478477,0.1944195032119751,3.6766436129041997,7,46,0,0,0,0.0,0.0,0.0,1.0,0.0,0,0,0.7316992878913879,0.6543294787406921,0.7316992878913879,0.657425856590271,0.04055551813127451,0.0773698091506958,0.69301438331604,0.6900360137224197,0.6665529112021128,0.6579742506146431,1.0496011941180428,0.8065597560670641,0.8131093978881836,0.9251819849014282,0.6005845069885254,0.07294669092223022,0.8773690462112427,0.7989750504493713,0.1934402439329359,4,0.7,1.0,1.0,1.0,1.0,1.0,1.0,0.0,0,10,134.8,61.81229651129296,0.1538541573858252,455,4
639,175,0.21942923607497433,0.38392915433577285,1.9164176009660014,0.8322895891218025,8,4,3.1844844818115234,1.9618680477142334,1.833289623260498,1.4512580633163452,0.7312217136250376,2.4863522052764893,0.5038533312957137,0.35461319110713907,0.6035386377647181,0.2762613561418321,4.425562900323644,8,56,0,0,0,0.0,1.0,0.0,0.0,0.0,0,1,0.5997551679611206,0.6202765703201294,0.6401047110557556,0.5733011186122894,0.03575139670694148,-0.02052140235900879,0.610015869140625,0.5890197157859802,0.5786269903182983,0.5799399688839912,1.0274159063143464,0.8076954033639696,0.8050665855407715,0.9266647100448608,0.625511109828949,0.06691895763773045,0.8810670971870422,0.8050665855407715,0.1923045966360304,4,0.7,0.5,0.5,0.5,0.75,0.75,0.75,0.0,1,10,167.7,15.498709623707388,0.1515865122695486,543,3
897,259,0.19868603120331718,0.3640966409570293,2.089070689845065,0.9072718729055315,9,4,2.694201946258545,1.713252067565918,1.572847843170166,1.3560097455978393,0.5460025813522115,2.030302345752716,0.4026535800875895,0.32503114584042303,0.5455620168596944,0.22558914952807957,4.348371951278513,9,53,0,0,0,0.0,0.0,0.0,1.0,0.0,0,0,0.6580899357795715,0.7251549363136292,0.7562332153320312,0.6843464314937592,0.04070675662780999,-0.06706500053405762,0.6916224360466003,0.6991192400455475,0.6989239454269409,0.6978627145290375,1.0215852473056632,0.8062352908982171,0.7965613603591919,0.9127917289733887,0.710898756980896,0.050396613495272614,0.8643830418586731,0.7744041681289673,0.1937647091017829,3,0.7,0.2,1.0,1.0,1.0,1.0,1.0,0.8,0,10,135.2,61.07994760966974,0.16169380014615134,431,3
1909,637,0.19122211470249478,0.3189459972079002,2.2501529574538965,0.9772290128605099,6,6,1.4805845022201538,1.0083580017089844,0.902716875076294,0.7742747247219086,0.29130800278939584,1.0254926085472107,0.3762329019084551,0.3214547013429989,0.5367264779503382,0.1139436231719123,4.144350890508493,6,39,0,0,0,0.0,0.0,0.0,1.0,0.0,0,0,0.6801379323005676,0.6648049354553223,0.68459552526474,0.6553766548633575,0.020070375387702552,0.015332996845245361,0.672471433877945,0.6539583504199982,0.6587852537631989,0.6563826724886894,0.9978343716285913,0.7590643829769559,0.754353404045105,0.8870907425880432,0.6607651710510254,0.05503061162886867,0.8322874307632446,0.7632859349250793,0.2409356170230441,4,0.5,0.3333333333333333,0.6666666666666666,0.6666666666666666,0.6666666666666666,0.6666666666666666,0.6666666666666666,0.3333333333333333,1,10,129.4,59.499915966327215,0.14504575354834096,446,3
1910,637,0.23940736722753064,0.31294197948282093,2.261711580294588,0.9822488589786231,4,4,0.9715788960456848,0.6675310730934143,0.5714865326881409,0.40582664906978605,0.27900431556404226,0.9715788960456848,0.6874945958057794,0.4038941190521072,0.6651292551927412,0.10795321067174275,2.8164517257857704,4,28,0,0,0,0.0,1.0,0.0,0.0,0.0,0,0,0.4339637756347656,0.5229653716087341,0.5238131284713745,0.47093679308891295,0.03174809475357738,-0.0890015959739685,0.4784645736217499,0.4767313525080681,0.48178506394227344,0.4786708690226078,1.012302175582798,0.7587422847747802,0.7534166574478149,0.8580975532531738,0.6607651710510254,0.0512999955307785,0.8308318257331848,0.7963639497756958,0.24125771522521977,5,0.4,0.0,0.5,0.5,0.5,0.5,0.5,0.5,1,10,139.5,41.17827096904386,0.15372222514221598,480,5
1911,637,0.14384662295380554,0.05557669399087569,2.295702114575114,0.9970107604535989,5,9,0.5089609622955322,0.4806745946407318,0.47139325737953186,0.3538219749927521,0.12199183869347067,0.4439307749271393,0.34478212924406515,0.2796987261620866,0.5190082534502974,0.049325641658571034,0.5734501012777818,5,27,0,0,0,0.0,1.0,0.0,0.0,0.0,0,0,0.6799290776252747,0.6524674892425537,0.6799290776252747,0.6097307443618775,0.051216154307249025,0.027461588382720947,0.6661982834339142,0.630262553691864,0.6202806333700815,0.6129816398024559,1.0336718721303797,0.7709110657374064,0.7649956941604614,0.8870907425880432,0.6687067151069641,0.05217184666338069,0.8365873098373413,0.7723717093467712,0.22908893426259358,5,0.5,0.6666666666666666,0.6666666666666666,0.6666666666666666,0.6666666666666666,0.6666666666666666,0.6666666666666666,0.0,1,9,127.3,58.532127929881376,0.14921149364735536,439,5
2014,687,0.624025918242731,0.6701708042589658,1.9817162270057929,0.8606484220867479,9,1,1.9249866008758545,0.6349167823791504,0.5248829126358032,0.3084786295890808,0.5858843023109376,1.9249866008758545,1.8992641526812704,0.8298478849782914,1.0,0.21388740009731716,6.031509038871368,9,57,0,0,0,0.0,0.0,0.0,1.0,0.0,0,0,0.5505092144012451,0.5516862869262695,0.5750307440757751,0.5599595427513122,0.016493181342798802,-0.001177072525024414,0.5510977506637573,0.552224725484848,0.5508143206437429,0.5562116280198097,0.9861850672041015,0.7100251290533278,0.7549738883972168,1.000001072883606,0.5386127233505249,0.15130443673744887,0.9083114862442017,0.8091808557510376,0.2899748709466722,3,0.6,0.2,0.2,0.2,0.2,0.2,0.2,0.0,4,10,83.3,64.33980105657773,0.07542912810909325,358,1
2015,687,0.4791963536547193,0.3858816588981955,2.14916782775068,0.9333717282761188,9,2,1.4286446571350098,0.8773568868637085,0.25286436080932617,0.29813345745205877,0.4523958113097724,1.4286446571350098,1.5174220892682944,0.7734796234231892,0.9150096539416759,0.1587382952372233,3.472913051853011,9,57,0,0,0,0.0,0.0,0.0,1.0,0.0,0,0,0.505447506904602,0.5149301886558533,0.5821597576141357,0.528977420926094,0.035758782770872036,-0.00948268175125122,0.5101888477802277,0.5065054520964622,0.5062163124481837,0.5156818442046642,0.9575162843310548,0.710068584813012,0.7549738883972168,1.0000007152557373,0.5389196872711182,0.1512668742113865,0.9083172678947449,0.8091808557510376,0.28993141518698795,3,0.6,0.25,0.25,0.25,0.25,0.25,0.25,0.0,3,10,83.3,64.33980105657773,0.07542912810909325,358,1
818,234,0.21154448113022747,0.30907029592466906,1.2647145025343112,0.5492585296336676,14,4,5.595577716827393,3.8661508560180664,3.6322426795959473,2.64510692358017,1.3238411379414705,4.34834611415863,0.5004866251920804,0.357706846876305,0.6041076256199585,0.48314956823984784,3.579478064384261,14,106,0,1,0,0.0,1.0,0.0,0.0,0.0,1,1,0.7800012230873108,0.7881490588188171,0.7969411015510559,0.7296640634536743,0.04520074972909242,-0.008147835731506348,0.784075140953064,0.7766850739717484,0.7575554649035136,0.7415774390101433,1.064440539739586,0.7750558270348443,0.7815402150154114,0.8936629891395569,0.6462311744689941,0.05887564584586663,0.8543477058410645,0.7953966856002808,0.22494417296515568,3,0.6,0.8888888888888888,0.8888888888888888,0.8888888888888888,0.8888888888888888,0.8888888888888888,0.8888888888888888,0.0,1,10,166.2,35.122072831767774,0.17239081135271833,533,3
819,234,0.24460349923191013,0.4335953884969104,1.2483560227997994,0.542154132152643,10,2,4.874603271484375,2.760997772216797,2.4356112480163574,1.992859172821045,1.155458030692768,3.89481782913208,0.5797988471299165,0.38314804918665646,0.6257136373531385,0.43275753657023114,4.884029593081331,10,69,0,1,0,0.0,0.0,0.0,1.0,0.0,1,1,0.7587873339653015,0.765840470790863,0.765840470790863,0.7138880014419555,0.04104996658399202,-0.0070531368255615234,0.7623139023780823,0.7514967769384384,0.7267672220865885,0.7110359370708466,1.0526801441407845,0.7630038804478115,0.7551301717758179,0.8936629891395569,0.6462311744689941,0.056355149327282424,0.8419858813285828,0.7614882588386536,0.23699611955218847,5,0.5,1.0,1.0,1.0,1.0,1.0,1.0,0.0,0,10,167.0,31.720655730927128,0.1696437429582205,521,5
1958,660,0.13701550268647086,0.0012700191189498815,2.1920609698602225,0.9519999832057852,8,10,2.882005453109741,2.878345251083374,2.2963738441467285,2.1034155964851378,0.4271773606223329,1.2076307535171509,0.20308737761989568,0.2738569930649374,0.4825608626948074,0.134181194835239,0.027277851810827165,8,53,0,0,0,0.0,0.0,0.0,0.0,0.0,0,0,0.5303804874420166,0.4448447823524475,0.5872047543525696,0.5280951797962189,0.044792140717184056,0.08553570508956909,0.48761263489723206,0.5304240584373474,0.5150352915128072,0.5251240432262421,1.004408058096589,0.7454019374317593,0.7524755597114563,0.8400815725326538,0.6506361961364746,0.05561085538552051,0.8127350807189941,0.7478140592575073,0.2545980625682407,6,0.3,0.2,0.2,0.4,0.4,0.4,0.4,0.2,3,8,180.0,23.280893453645632,0.13970084566819488,599,4
964,282,0.13615011430196514,0.08648888989212433,2.1690223316384785,0.9419944297555164,17,9,3.5277774333953857,3.2226638793945312,2.9170122146606445,2.5910939931869508,0.5330620810196143,1.9755373001098633,0.20572849795984038,0.2605247563592674,0.47921220451994495,0.21950414445665148,1.3900063925887132,17,103,0,0,1,1.0,1.0,0.0,0.0,0.0,0,3,0.7779607772827148,0.7640215158462524,0.7779607772827148,0.728386789560318,0.035648543794793985,0.013939261436462402,0.7709911465644836,0.7626376152038574,0.7491223911444346,0.7350079268217087,1.0470214165234892,0.7607097135649787,0.7601531744003296,0.8772624135017395,0.6437392234802246,0.06010328228798709,0.8319183588027954,0.7548524141311646,0.23929028643502126,6,0.5,0.7777777777777778,0.7777777777777778,0.7777777777777778,0.8888888888888888,0.8888888888888888,0.8888888888888888,0.0,1,10,139.6,48.76925260858526,0.13764137846644056,530,6
965,282,0.2857684254102825,0.5696077129191816,1.8659278957299088,0.8103621887448457,8,1,2.845102548599243,1.2245101928710938,0.9237878322601318,0.9955972373485565,0.6427459901363584,2.2451006174087524,0.6455877140241807,0.4087609515980983,0.5929027086955773,0.24945562415652806,6.496489564900335,8,37,0,0,0,0.0,0.0,0.0,1.0,0.0,0,0,0.5259532332420349,0.5701941251754761,0.5813291668891907,0.5631501257419587,0.01583755909308474,-0.04424089193344116,0.5480736792087555,0.5600703805685043,0.5657808780670166,0.5621357262134552,0.9945294521618945,0.7777920895152621,0.7789009809494019,0.8669670224189758,0.662461519241333,0.04716929901080261,0.8328572511672974,0.7594074010848999,0.22220791048473787,4,0.7,0.0,0.3333333333333333,0.6666666666666666,0.6666666666666666,0.6666666666666666,0.6666666666666666,0.6666666666666666,1,10,150.9,55.08983572311684,0.14232158377947196,527,3
966,282,0.22000357561291875,0.2744652011505691,1.9841289661150159,0.8616962613681556,8,4,2.845102548599243,2.064220905303955,1.5787417888641357,1.2932074129581452,0.6811395244434127,2.2244282960891724,0.5267051448307102,0.3796238255913933,0.614742484636901,0.2471586995654636,3.159421397048838,8,36,0,0,0,0.0,0.0,0.0,1.0,0.0,0,0,0.5508731603622437,0.5990225076675415,0.6180384159088135,0.5831357181072235,0.019337512544126197,-0.04814934730529785,0.5749478340148926,0.5847869366407394,0.5911217629909515,0.5880884379148483,1.0028298998884382,0.7777920895152621,0.7789009809494019,0.8669670224189758,0.662461519241333,0.04716929901080261,0.8328571319580078,0.7594074010848999,0.22220791048473787,4,0.7,0.0,0.6666666666666666,1.0,1.0,1.0,1.0,1.0,0,10,150.9,55.08983572311684,0.14232158377947193,527,3
1107,332,0.16398364377895971,0.11095818166721778,2.2381652667817544,0.9720228249508356,7,5,1.5635141134262085,1.3900294303894043,1.3796809911727905,0.9534573554992676,0.34195277180865924,0.959414005279541,0.35864468525172194,0.3097719606210413,0.5534847240247156,0.10660155614217122,1.6273970279421366,7,35,0,0,0,0.0,0.0,0.0,1.0,0.0,0,0,0.665449857711792,0.5839762091636658,0.670123279094696,0.6357422351837159,0.025507436931715408,0.08147364854812622,0.6247130334377289,0.6358997374773026,0.6343538065751394,0.6316882818937302,1.0002461721728606,0.7817021184497409,0.7868944406509399,0.8985421657562256,0.6772786378860474,0.04290108009893306,0.8332184553146362,0.749895453453064,0.2182978815502591,5,0.6,0.6666666666666666,0.6666666666666666,1.0,1.0,1.0,1.0,0.33333333333333337,0,10,146.4,48.24354879152238,0.15412138264958755,517,5
1108,332,0.21961649596964833,0.4456027685582595,2.052762340276492,0.8915033570408859,12,4,2.664031505584717,1.4769316911697388,1.3874759674072266,1.2130379796028137,0.5412773629329384,1.8747631907463074,0.44621596835261573,0.3413712733141575,0.5661163500681393,0.20830702119403416,5.698771500062504,12,76,0,0,0,0.0,0.0,0.0,1.0,0.0,0,0,0.6700893640518188,0.7028260231018066,0.7514159679412842,0.698272168636322,0.030920679681101484,-0.03273665904998779,0.6864576935768127,0.7095059156417847,0.7052356501420339,0.7058231607079506,1.0160864651686379,0.814707346757253,0.8183966875076294,0.8985421657562256,0.7491995096206665,0.034324153217298835,0.8645020723342896,0.8154915571212769,0.18529265324274702,3,0.7,1.0,1.0,1.0,1.0,1.0,1.0,0.0,0,10,162.4,29.65198138404919,0.1695203262669348,522,3
1109,332,0.293811700947584,0.5428598678291268,1.9846759866745105,0.8619338293786317,6,1,2.4498307704925537,1.1199159622192383,0.8069462776184082,0.8338098049163818,0.5739958586519293,2.0081177949905396,0.6884006003130315,0.4281248207521117,0.6164064380494422,0.2231241994433933,5.960397174281132,6,36,0,0,0,0.0,1.0,0.0,0.0,0.0,0,0,0.5168724656105042,0.5929293036460876,0.5957635641098022,0.5628242552280426,0.023129461741972137,-0.0760568380355835,0.5549008846282959,0.5625160336494446,0.5692408780256907,0.5667217150330544,0.999450590435085,0.7609242598215739,0.7604139447212219,0.8980411291122437,0.6215470433235168,0.05370765497196712,0.8489600419998169,0.7855996489524841,0.23907574017842614,6,0.3,0.3333333333333333,0.6666666666666666,0.6666666666666666,0.6666666666666666,0.6666666666666666,0.6666666666666666,0.3333333333333333,1,10,131.7,49.2870165459424,0.15042714209164465,444,2
1110,332,0.23471268929419706,0.30087287925147377,1.8797318806828345,0.8163571832381769,9,2,3.1126532554626465,2.176140308380127,1.4189584255218506,1.3261546552181245,0.7355868950159561,2.4929949045181274,0.5546761363355704,0.3988066959635925,0.605117093040598,0.2769994338353475,3.380907871210031,9,48,0,0,0,0.0,0.0,0.0,0.0,0.0,0,0,0.5530715584754944,0.5774188041687012,0.6259528994560242,0.5865439713001251,0.02543436211376303,-0.024347245693206787,0.5652451813220978,0.5724737644195557,0.5840298334757487,0.5869108662009239,0.9760100119017652,0.765879938337538,0.7656148672103882,0.8723974227905273,0.6688696146011353,0.04238535532665631,0.8297802805900574,0.792634129524231,0.23412006166246202,6,0.3,0.0,0.4,0.4,0.4,0.4,0.4,0.4,3,10,144.8,56.49035315874738,0.13703837003583377,506,3
1264,388,0.22637590752805428,0.2993775039453695,2.213441754208058,0.9612855398668136,6,5,1.4963972568511963,1.0484095811843872,0.9204925894737244,0.6610231950879097,0.39166986865674874,1.264162614941597,0.59251971647522,0.3849799609069919,0.6417988238130423,0.14046251277128854,3.1893526427482315,6,46,0,0,0,0.0,0.0,0.0,0.0,0.0,0,0,0.6475982069969177,0.5604803562164307,0.6475982069969177,0.5909540951251984,0.031146044202732825,0.08711785078048706,0.6040392816066742,0.6009933352470398,0.5853742957115173,0.5869659706950188,1.0169864685229844,0.7424393521414863,0.7374006509780884,0.8833561539649963,0.6514815092086792,0.05450114405204755,0.8300030827522278,0.7960736751556396,0.25756064785851374,6,0.3,0.0,0.6666666666666666,1.0,1.0,1.0,1.0,1.0,0,10,128.7,48.002187450156896,0.1421407535526656,506,3
1265,388,0.23725997841597526,0.23224727752782037,2.1470727319790432,0.9324618397434381,8,4,1.7612066268920898,1.3521711826324463,1.2131774425506592,0.7423108771443367,0.5263319131234624,1.5628477483987808,0.7090441758095718,0.41941697277853085,0.7231656768225743,0.17364974982208675,2.355506352139103,8,40,0,0,0,0.0,0.0,0.0,1.0,0.0,0,0,0.538414478302002,0.6701284050941467,0.6701284050941467,0.5994952738285064,0.04154755914341137,-0.13171392679214478,0.6042714416980743,0.6091272383928299,0.6180278460184733,0.6065059825778008,1.0160650949551664,0.7440588898128934,0.7420322299003601,0.8833561539649963,0.6514815092086792,0.053896728913637774,0.8385440707206726,0.7960736751556396,0.25594111018710664,6,0.3,0.0,1.0,1.0,1.0,1.0,1.0,1.0,0,10,132.3,44.0523552151301,0.1456618149522419,512,5
1266,388,0.21054646063906649,0.08237414504208421,2.2301908695859924,0.9685595882522113,7,5,1.0642218589782715,0.9765574932098389,0.8365349769592285,0.505457016825676,0.39476780344152973,1.0642218589782715,0.7810100746263927,0.40374933659135304,0.7337716579231913,0.11824687321980794,0.7413610357750416,7,32,0,0,0,0.0,0.0,0.0,1.0,0.0,0,0,0.5502700805664062,0.6083075404167175,0.6083075404167175,0.5419243484735489,0.04955120741198895,-0.05803745985031128,0.5792888104915619,0.5623104125261307,0.5645075738430023,0.5536252744495869,1.0376160002664587,0.7398148006863065,0.7374006509780884,0.864229679107666,0.6030356884002686,0.0581562164628315,0.8311816453933716,0.7742727994918823,0.26018519931369355,5,0.3,0.5,1.0,1.0,1.0,1.0,1.0,0.5,0,8,131.9,48.64041529427972,0.13135218249892333,537,5
1267,388,0.17890078467226095,0.1445771446613458,2.273889239517432,0.9875375491816026,5,5,0.7921221256256104,0.6775993704795837,0.6656873226165771,0.4427717447280884,0.2409569500545039,0.611604169011116,0.5442000505303871,0.33193660471893216,0.6297051164133612,0.06795601877901289,1.6852233544623145,5,28,0,0,0,0.0,0.0,0.0,1.0,0.0,0,0,0.4995644986629486,0.6413681507110596,0.6413681507110596,0.5632774621248245,0.04052430556450583,-0.14180365204811096,0.5704663246870041,0.5706479474902153,0.5769278754790624,0.5675392858684063,1.0130832010469408,0.7533057888348897,0.7527979612350464,0.8833561539649963,0.6514815092086792,0.05187682543611826,0.8368579745292664,0.7726098895072937,0.24669421116511026,6,0.3,0.0,1.0,1.0,1.0,1.0,1.0,1.0,0,9,125.5,48.86767847974774,0.15167356656623449,490,6
1364,419,0.18017218130940368,0.06364683727834365,2.0390967085607845,0.885568448595032,7,4,2.819798469543457,2.640327215194702,1.9661638736724854,1.5650576293468474,0.6633666034325512,1.8871771097183228,0.42386054489817854,0.3488769731129235,0.5824688461326345,0.20968634552425808,0.8558993099943287,7,44,0,0,0,0.0,0.0,0.0,1.0,0.0,0,1,0.614673912525177,0.7617633938789368,0.7617633938789368,0.6603085815906524,0.04637229592501006,-0.14708948135375977,0.6882186532020569,0.6745759695768356,0.6794577936331431,0.6700690314173698,1.021605604982766,0.7616637693511115,0.8087599277496338,0.8778414726257324,0.508124053478241,0.10659952502963528,0.8275700807571411,0.6320786476135254,0.23833623064888854,3,0.8,0.25,0.5,0.75,1.0,1.0,1.0,0.5,0,9,142.2,43.305426911647,0.1324637063382405,542,2
1365,419,0.18922554983985207,0.0740118021146823,2.2111631736858692,0.9602959649194547,5,6,1.0895392894744873,1.00890052318573,0.9798911213874817,0.575788676738739,0.4744309558821807,1.0895392894744873,0.8239657205550261,0.36444617572991506,0.7000544609591733,0.12105992105272081,0.6661007167923326,5,42,0,0,0,0.0,0.0,0.0,1.0,0.0,0,0,0.5390251278877258,0.4703613817691803,0.6206693053245544,0.5145059466362,0.042741838942161145,0.06866374611854553,0.5046932548284531,0.504350833594799,0.5266758451859156,0.5235519371926785,0.9802604938421129,0.7847650329271952,0.8065006732940674,0.9326782822608948,0.6335330009460449,0.0700242719081159,0.8506330251693726,0.7148292064666748,0.21523496707280476,3,0.8,0.0,0.3333333333333333,0.6666666666666666,0.6666666666666666,0.6666666666666666,0.6666666666666666,0.6666666666666666,1,7,137.5,46.280125323944404,0.13584761051948263,518,2
1366,419,0.2334529889047405,0.4027420038104741,1.4623855273718183,0.6351059649527576,7,3,4.434909820556641,2.648785352706909,2.487247943878174,1.8997014522552491,1.0227074442282817,3.5404120683670044,0.5383513839307652,0.3728846532624414,0.6045882783992933,0.3933791187074449,4.540454341512019,7,51,0,0,0,0.0,1.0,0.0,0.0,0.0,0,1,0.7031424045562744,0.6997660398483276,0.7592471241950989,0.6980812788009644,0.035653934931259894,0.0033763647079467773,0.701454222202301,0.7199508994817734,0.7195519407590231,0.7125277519226074,1.0313267093935843,0.7914498103989496,0.7941086292266846,0.9326782822608948,0.6468340158462524,0.055324975820455514,0.8582419157028198,0.7804502248764038,0.20855018960105043,4,0.6,0.6,0.6,0.6,0.6,0.6,0.6,0.0,2,10,154.9,31.34469652110226,0.16678510344573358,549,4
1367,419,0.2236605791174332,0.3695645459893792,1.513559669020371,0.6573306122868594,7,3,4.415660858154297,2.7837891578674316,2.4634010791778564,1.9742687225341797,0.9664299904351445,3.3512418270111084,0.4895126432849467,0.3646641378576106,0.5787142539156672,0.3723602030012343,4.3824965843218,7,54,0,0,0,0.0,1.0,0.0,0.0,0.0,0,1,0.7151560187339783,0.722322404384613,0.7657420039176941,0.7106365919113159,0.027689749998292344,-0.007166385650634766,0.7187392115592957,0.7260405123233795,0.7264226178328196,0.7178131639957428,1.0216747897766514,0.7923959374427796,0.7983893752098083,0.9326782822608948,0.6890605688095093,0.05605531929874854,0.8781474828720093,0.8204821348190308,0.20760406255722041,2,0.6,0.4,0.4,0.4,0.4,0.4,0.4,0.0,3,10,146.9,28.426923857498196,0.15864150769203392,529,2
1065,317,0.18825437063703945,0.34211947012290567,2.0606681250956824,0.8949367957629748,11,5,2.9915783405303955,1.968101143836975,1.9299004077911377,1.5891149461269378,0.5845741471107684,2.0555253624916077,0.3678612303498167,0.31210325574341385,0.5459985189485944,0.22839170694351196,4.481216630733115,11,76,0,1,0,0.0,0.0,0.0,1.0,0.0,0,0,0.623803436756134,0.6277406811714172,0.6693633794784546,0.6091513454914093,0.025307505431489522,-0.003937244415283203,0.6257720589637756,0.6308713555335999,0.6188295384248098,0.6161488220095634,1.0356544798734537,0.8069569216834174,0.8015592098236084,0.950023889541626,0.6978117227554321,0.05506463021070087,0.8696061372756958,0.7801944613456726,0.19304307831658263,3,0.8,0.6666666666666666,0.8333333333333334,0.8333333333333334,1.0,1.0,1.0,0.16666666666666674,0,10,152.8,36.28443192334696,0.1502587713563495,545,3
1066,317,0.25334304441998606,0.402185616922502,2.1085586659903037,0.9157353934088709,7,2,2.126987934112549,1.2715439796447754,0.8606789112091064,0.8395683169364929,0.501746622217947,1.820692241191864,0.5976238198517922,0.40479516022689527,0.6088795174709751,0.20229913791020712,4.228588093437042,7,40,0,0,0,0.0,1.0,0.0,0.0,0.0,0,0,0.5322467684745789,0.5401492118835449,0.6151852011680603,0.5365962505340576,0.0297265749070635,-0.007902443408966064,0.5361979901790619,0.5525613725185394,0.5449346899986267,0.5439353585243225,1.029750659304708,0.7760616117053561,0.7652751207351685,0.950023889541626,0.6226412653923035,0.07499585162413103,0.8552177548408508,0.7351765632629395,0.22393838829464385,4,0.7,0.0,0.3333333333333333,0.6666666666666666,0.6666666666666666,0.6666666666666666,0.6666666666666666,0.6666666666666666,1,10,135.8,36.77988580732681,0.14302081405283856,502,3
1067,317,0.2690214844170952,0.47086610148101643,1.8974671673866925,0.8240595203886345,8,2,2.835700750350952,1.5004653930664062,1.3534703254699707,1.0540796607732772,0.6890114846219215,2.4069891571998596,0.6536610624432293,0.4113698712520768,0.6354089471396884,0.2674432396888733,4.992574746937415,8,47,0,0,0,0.0,0.0,0.0,0.0,0.0,0,0,0.7453782558441162,0.6998040080070496,0.7453782558441162,0.6905914008617401,0.02376793570932707,0.04557424783706665,0.7225911319255829,0.7125148922204971,0.7017639974753062,0.6925147250294685,1.0317444723275286,0.781104052066803,0.7778356075286865,0.9290041923522949,0.6513196229934692,0.0552399376966211,0.8500789403915405,0.7801944613456726,0.218895947933197,5,0.6,0.8333333333333334,0.8333333333333334,0.8333333333333334,0.8333333333333334,0.8333333333333334,0.8333333333333334,0.0,1,10,147.2,34.70677167355097,0.1411291683809337,530,5
1586,505,0.1410431978150457,0.1297375559627023,2.2258464362260884,0.9666728248170086,10,10,2.5528855323791504,2.2216804027557373,2.096418619155884,1.810002589225769,0.37521303781050425,1.270571231842041,0.20729960981513967,0.2637877958604034,0.4872256759423787,0.14117458131578234,2.3460511126394556,10,61,0,0,0,1.0,1.0,0.0,0.0,0.0,0,3,0.700898289680481,0.6975006461143494,0.7498238682746887,0.6913998365402222,0.02683830324389375,0.003397643566131592,0.6991994678974152,0.7172586172819138,0.7006791234016418,0.6944172158837318,1.0373991169450765,0.8070020967059666,0.8080244660377502,0.934518575668335,0.6896461844444275,0.05318704148256778,0.8732117414474487,0.8080244660377502,0.19299790329403343,3,0.7,0.6,0.6,0.8,0.8,0.8,1.0,0.20000000000000007,0,10,145.0,24.51938009004306,0.15439579454292046,531,3
1587,505,0.174918361170125,0.07521739955108112,2.0548278506572366,0.8924003968015571,9,5,2.928776502609253,2.708481550216675,1.70421302318573,1.6743676781654357,0.6119209358417289,1.8570173978805542,0.3654636782337541,0.33667981807929637,0.53768872946609,0.2063352664311727,1.0676501819231163,9,56,0,0,0,0.0,0.0,0.0,0.0,0.0,0,0,0.5686915516853333,0.6546956896781921,0.6546956896781921,0.6071754813194274,0.023995238950790525,-0.08600413799285889,0.6116936206817627,0.6149667650461197,0.6088985701402029,0.6079293787479401,1.0128303449925522,0.8186183744006686,0.8105281591415405,0.8963788747787476,0.7400335073471069,0.03600150915652808,0.8750663995742798,0.8440971970558167,0.18138162559933135,2,0.8,0.6666666666666666,1.0,1.0,1.0,1.0,1.0,0.33333333333333337,0,10,152.0,17.128922908344236,0.15203844697152244,556,2
171,49,0.32152127421439497,0.6741530284824685,0.08470844296342384,0.03678840934963132,18,1,8.843290328979492,2.881559371948242,2.363295555114746,2.750452625751495,2.067565260194937,7.316177010536194,0.7517179133060367,0.42628800769561337,0.59517445053312,0.8129085567262437,7.333818267607018,18,146,0,0,0,0.0,1.0,0.0,0.0,0.0,0,0,0.7748938202857971,0.7075127363204956,0.7748938202857971,0.721594113111496,0.028265475315573232,0.06738108396530151,0.7412032783031464,0.7349696755409241,0.727530429760615,0.7166755199432373,1.0185347186897613,0.8032261437839932,0.7951191663742065,0.9275357723236084,0.6750292181968689,0.05581521761057636,0.8621532320976257,0.7951191663742065,0.19677385621600685,4,0.7,0.9090909090909091,0.9090909090909091,0.9090909090909091,0.9090909090909091,0.9090909090909091,0.9090909090909091,0.0,1,10,125.8,40.221387345540435,0.15304815841014255,453,2
172,49,0.19163679179661008,0.011319839496423189,2.0230586895396936,0.8786032254335129,6,5,2.5637521743774414,2.534730911254883,1.6951358318328857,1.3378183543682098,0.7059330702080272,2.030917465686798,0.5276744336991647,0.38110428586847306,0.6164020972723497,0.225657496187422,0.1286070040033184,6,66,0,1,0,0.0,0.0,0.0,0.0,0.0,0,0,0.6655530333518982,0.7194116711616516,0.7194116711616516,0.6693005442619324,0.030771034509466253,-0.05385863780975342,0.6924823522567749,0.6834750920534134,0.6728497743606567,0.676941990852356,1.021176624965225,0.7778522650400798,0.7806575298309326,0.8855143785476685,0.6534830331802368,0.05371379533451153,0.8401419520378113,0.7656975984573364,0.22214773495992024,4,0.5,0.5,0.5,0.5,0.5,0.5,0.5,0.0,2,10,78.4,44.7598033954574,0.14219504338709962,298,3
173,49,0.223448569816737,0.32508376294238966,1.0275110726328198,0.4462423889389251,17,3,6.112677097320557,4.125545024871826,3.858283042907715,2.7356080651283263,1.4669438187953177,4.908267259597778,0.5362402974514576,0.37425763773335385,0.6242466247640306,0.5453630288441976,3.6436801243750976,17,122,0,1,0,0.0,1.0,0.0,0.0,0.0,0,0,0.8721902370452881,0.814115583896637,0.8721902370452881,0.7912277162075043,0.05880094494404093,0.05807465314865112,0.8431529104709625,0.8346573859453201,0.8265903492768606,0.8180690333247185,1.054887630906493,0.7942294094297621,0.8053060173988342,0.9275357723236084,0.6505308747291565,0.0717156087266751,0.863896369934082,0.7476294040679932,0.20577059057023794,4,0.7,1.0,1.0,1.0,1.0,1.0,1.0,0.0,0,8,100.8,52.126384873689446,0.14934799620850206,368,4
174,49,0.36138924209448375,0.7231001143475334,0.29272269606644113,0.1271278516294981,14,1,6.544507026672363,1.8121732473373413,1.6194372177124023,1.8109302282333375,1.615763093971221,5.780174970626831,0.8922277493372769,0.4614578819064779,0.6379146567892885,0.6422416634029813,7.368451286403678,14,104,0,0,0,1.0,0.0,0.0,1.0,0.0,0,0,0.7360897660255432,0.7208771109580994,0.7360897660255432,0.6993334472179413,0.040123001602001954,0.015212655067443848,0.7284834384918213,0.7288899421691895,0.7189140319824219,0.7067893519997597,1.0422623182210233,0.7667411883672078,0.7507145404815674,0.9275357723236084,0.6266443729400635,0.07220570686863281,0.8602472543716431,0.7656975984573364,0.23325881163279216,4,0.6,1.0,1.0,1.0,1.0,1.0,1.0,0.0,0,10,100.6,45.7628670430514,0.1352586397853788,395,4
340,92,0.2738197330863009,0.3423169563798426,1.2623119713031148,0.5482151235773588,13,2,4.4562578201293945,2.930805206298828,1.5738856792449951,1.6274421751499175,1.1051964934126213,3.547172963619232,0.6790998974884713,0.45390632854575846,0.6329430319143323,0.3941303292910258,3.8704170423969906,13,90,0,0,0,0.0,1.0,0.0,0.0,1.0,0,0,0.768269419670105,0.7224873900413513,0.768269419670105,0.7186154425144196,0.020851060763936526,0.04578202962875366,0.7453784048557281,0.7319772690534592,0.7220527132352194,0.7192156091332436,1.0185924308832823,0.7656793793042501,0.7613775730133057,0.914585530757904,0.6470065116882324,0.06546634749919221,0.8514876365661621,0.7954804301261902,0.23432062069574988,5,0.5,0.875,0.875,0.875,0.875,0.875,0.875,0.0,1,10,169.5,27.673995013369503,0.14102556419818071,621,5
341,92,0.1857757956944792,0.05818571013751453,2.196984881212484,0.954138410735453,7,5,1.693876028060913,1.5953166484832764,1.2016456127166748,0.9117851018905639,0.4314729617465528,1.2105302810668945,0.47321730486120067,0.3607420947901133,0.6044066084810885,0.13450336456298828,0.7327597130238955,7,46,0,0,0,0.0,0.0,0.0,1.0,0.0,0,0,0.6663931608200073,0.5831498503684998,0.6832301616668701,0.627781081199646,0.03880837308198863,0.08324331045150757,0.6247715055942535,0.6242341101169586,0.6150131622950236,0.6180786415934563,0.9943484033887882,0.7460097299681769,0.740107536315918,0.914585530757904,0.6334953904151917,0.07009662914802153,0.8351854085922241,0.7124755382537842,0.25399027003182306,6,0.4,1.0,1.0,1.0,1.0,1.0,1.0,0.0,0,10,135.7,54.50146787014089,0.12735499936808165,516,3
342,92,0.2123390099571931,0.2703796435760797,2.0719052056895904,0.8998169978576112,11,4,2.434020757675171,1.7759110927581787,1.750545620918274,1.1462899625301362,0.6276985008737072,2.0112008452415466,0.5475909009072423,0.3672658740848627,0.6365556423070807,0.22346676058239406,2.944987067493983,11,83,1,0,0,0.0,1.0,0.0,0.0,0.0,0,0,0.7520596385002136,0.6843901872634888,0.7709023952484131,0.7319729149341583,0.030691893508191914,0.06766945123672485,0.7182249128818512,0.7244364321231842,0.7331077953179678,0.7336070686578751,0.9897025253807684,0.7511572228537665,0.7322630882263184,0.8935032486915588,0.6334953904151917,0.06734057547673629,0.8477776646614075,0.8200734853744507,0.24884277714623348,4,0.5,0.8571428571428571,0.8571428571428571,0.8571428571428571,0.8571428571428571,0.8571428571428571,0.8571428571428571,0.0,1,10,149.3,44.83313506771526,0.14270744029653815,529,4
343,92,0.2208423751231412,0.17189710430544342,1.9123172687837349,0.8305088374810737,11,4,3.0003812313079834,2.4846243858337402,1.6505372524261475,1.3586075723171234,0.7743067293335523,2.345497965812683,0.5699262798062306,0.40372258545467793,0.6406852114580126,0.2606108850902981,1.979022734498625,11,65,0,0,1,0.0,0.0,0.0,1.0,0.0,0,0,0.628202497959137,0.6987072825431824,0.6987072825431824,0.6248177886009216,0.03482204167084665,-0.07050478458404541,0.6634548902511597,0.6601921617984772,0.6434994041919708,0.6308621987700462,1.0566138116249075,0.7553216947449578,0.7318589687347412,0.914585530757904,0.6334953904151917,0.07309171379737285,0.8574849367141724,0.8200734853744507,0.2446783052550422,4,0.5,0.8,0.8,0.8,0.8,0.8,0.8,0.0,1,10,148.5,44.50898785638694,0.1472977339965046,527,3
344,92,0.21301498104091493,0.08475214714407567,2.218570017683176,0.9635127163958033,5,6,1.2016456127166748,1.0998035669326782,0.876068651676178,0.5641131937503815,0.42857598175916867,1.2016456127166748,0.7597326685043702,0.40797648506475775,0.7014478243487446,0.13351617919074166,0.7627636114039361,5,35,0,0,0,0.0,0.0,0.0,0.0,0.0,0,0,0.539419412612915,0.5725922584533691,0.5809931755065918,0.5458353221416473,0.023485660758911366,-0.0331728458404541,0.5560058355331421,0.5610544979572296,0.5586640735467275,0.5508602038025856,1.0278804747838548,0.7355801065762838,0.740107536315918,0.914585530757904,0.4874860644340515,0.09746960986721001,0.8354265093803406,0.6812913417816162,0.2644198934237162,5,0.5,0.6666666666666666,0.6666666666666666,0.6666666666666666,0.6666666666666666,0.6666666666666666,0.6666666666666666,0.0,1,10,155.5,55.20733646898753,0.12272576997090877,577,2
345,92,0.2345221219670981,0.11477124005686443,2.049222086695934,0.8899658444463113,8,3,2.1970033645629883,1.9448505640029907,1.3815819025039673,0.9368000537157058,0.6598699501449561,2.1970033645629883,0.7043864303180096,0.44212784917526515,0.6849892763659641,0.24411148495144314,1.0329369290970667,8,49,0,0,0,0.0,0.0,0.0,0.0,0.0,0,0,0.6552007794380188,0.6387932896614075,0.6552007794380188,0.6146867156028748,0.028237254882442324,0.016407489776611328,0.6469970345497131,0.628920704126358,0.6263526578744253,0.6193064004182816,1.023154828317211,0.7543149458037482,0.7479571104049683,0.8935032486915588,0.6126181483268738,0.06601129156310837,0.8344918489456177,0.7254172563552856,0.24568505419625175,5,0.5,0.5,0.75,0.75,0.75,0.75,0.75,0.25,1,10,161.2,35.75136361035758,0.14156704193003156,579,3
346,92,0.1619972258835566,0.16898434772241477,2.1901064088289126,0.9511511281353441,16,6,2.2397422790527344,1.8612608909606934,1.7543091773986816,1.3825806379318237,0.46395361858604917,1.4084206819534302,0.3355705051023737,0.2966194562183397,0.5476458767157268,0.15649118688371447,2.418532168467179,16,90,0,0,0,0.0,1.0,0.0,0.0,0.0,0,0,0.713006317615509,0.692935049533844,0.7379642724990845,0.6683184087276459,0.05507594627151737,0.02007126808166504,0.7029706835746765,0.6483730524778366,0.6632307767868042,0.6704890131950378,0.9701544561038808,0.7107033252716064,0.7158592939376831,0.8472036123275757,0.5048345923423767,0.09023456886594562,0.8200743794441223,0.6812913417816162,0.2892966747283936,5,0.4,0.3333333333333333,0.6666666666666666,0.6666666666666666,0.6666666666666666,0.6666666666666666,0.8333333333333334,0.3333333333333333,1,9,137.9,58.160897517146346,0.11892634556733772,511,4
347,92,0.20697329685103863,0.1795137591962296,2.214200877486919,0.9616152229179072,6,4,1.4770512580871582,1.211900234222412,1.0579004287719727,0.7136433929204941,0.40136106800694377,1.183081477880478,0.5624104553872096,0.37679203913111015,0.64357354856763,0.1314534975422753,2.0170555501874285,6,41,0,0,0,0.0,1.0,0.0,0.0,0.0,0,0,0.582690954208374,0.5719403028488159,0.6113958358764648,0.5739827930927277,0.021056765502514264,0.010750651359558105,0.577315628528595,0.5636830627918243,0.5728855629762014,0.5691240578889847,0.9820539701210008,0.7625191357400682,0.7524622082710266,0.914585530757904,0.6481786966323853,0.061958570150863874,0.8491859436035156,0.7963129281997681,0.23748086425993176,5,0.4,0.6666666666666666,0.6666666666666666,1.0,1.0,1.0,1.0,0.33333333333333337,0,10,156.8,40.47913042544269,0.12782082875372427,608,4
348,92,0.16346499158497152,0.0018568093002407303,2.242945408463753,0.9740988141060432,10,6,1.2941025495529175,1.2916996479034424,1.1946381330490112,0.7916695415973664,0.33724727957111666,0.8678248822689056,0.4259944785752005,0.3266264598533043,0.5863670236861498,0.09642498691876729,0.024919647973106963,10,66,0,0,0,0.0,0.0,0.0,0.0,0.0,0,0,0.6491748690605164,0.6701365113258362,0.6729216575622559,0.6419584333896637,0.021515766749537774,-0.020961642265319824,0.6596556901931763,0.6520307213068008,0.6507979929447174,0.6412554085254669,1.0156883556706362,0.7380078381962246,0.7132384181022644,0.914585530757904,0.6334953904151917,0.07160641207520171,0.8471245765686035,0.7749145030975342,0.2619921618037754,5,0.4,0.16666666666666666,0.3333333333333333,0.6666666666666666,0.6666666666666666,0.6666666666666666,0.6666666666666666,0.5,2,10,122.0,47.899895615752655,0.13867660390047562,448,4
1233,379,0.1960991437506979,0.07468260864373635,2.1299733034015147,0.9250356522685187,4,4,2.076566696166992,1.9214832782745361,1.3790684938430786,1.0589371562004088,0.5430570824416957,1.6772827506065369,0.5128317260662763,0.3775530918932906,0.6228247418017276,0.18636475006739298,0.8321454872280732,4,29,0,0,0,0.0,0.0,0.0,1.0,0.0,0,0,0.593015193939209,0.6216577291488647,0.6216577291488647,0.5422213345766067,0.0478261358732362,-0.02864253520965576,0.6073364615440369,0.5777474492788315,0.5450312594572703,0.5402672104537487,1.0655176159978073,0.8008920974201627,0.7990031242370605,0.9118396043777466,0.7078410387039185,0.048253004932524095,0.8682662844657898,0.8309800624847412,0.19910790257983735,3,0.6,0.3333333333333333,0.6666666666666666,0.6666666666666666,0.6666666666666666,0.6666666666666666,0.6666666666666666,0.3333333333333333,1,7,143.4,42.43159200407168,0.16573614409379878,485,2
1234,379,0.15607922499396326,0.22178318368843605,2.2698951292724483,0.9858029291420929,4,8,1.3680260181427002,1.064620852470398,1.0352978706359863,0.876494625210762,0.2552881860035211,0.969539612531662,0.2912600800969594,0.2775427025611416,0.5098447330964313,0.1077266236146291,2.8164100858445065,4,29,0,0,0,0.0,0.0,0.0,1.0,0.0,0,0,0.5328544974327087,0.6127172708511353,0.6127172708511353,0.5635992169380188,0.03143298797188881,-0.07986277341842651,0.572785884141922,0.5549938827753067,0.5666557053724924,0.5624821037054062,0.9847297181511577,0.7980577323171828,0.8120390176773071,0.9302186369895935,0.6823912858963013,0.06148561056620236,0.8697978258132935,0.8170948624610901,0.2019422676828172,3,0.7,0.0,0.0,0.0,0.0,0.0,0.0,0.0,2,10,132.3,49.240328999713235,0.15196758996364593,475,0
1235,379,0.1852855035662309,0.03182401019937461,2.225065511799346,0.9663336736476908,7,6,1.0745389461517334,1.0403428077697754,0.9951136112213135,0.5799368679523468,0.4246727447762237,1.0745389461517334,0.7322728317012036,0.36467447937717384,0.7027048890924072,0.11939321623908149,0.2864136928834291,7,31,0,0,0,0.0,0.0,0.0,1.0,0.0,0,0,0.5042081475257874,0.5512330532073975,0.5512330532073975,0.5032383143901825,0.026549459574128072,-0.04702490568161011,0.5277206003665924,0.5273475646972656,0.5187089890241623,0.5075762048363686,1.0479061345521008,0.782643989721934,0.7834607362747192,0.9302186369895935,0.6744975447654724,0.07241480432452296,0.8565532565116882,0.7209120988845825,0.21735601027806595,4,0.7,0.0,0.5,0.5,0.5,0.5,0.5,0.5,1,10,135.8,55.38916861625565,0.15204255687159884,494,3
1313,404,0.12277329879830189,0.004407696703773977,2.2959960337277217,0.9971384079197021,4,10,1.0089672803878784,1.004520058631897,0.891261875629425,0.8218132853507996,0.11300102565743397,0.3293873071670532,0.13750189996904028,0.24500545013217903,0.4584873415430913,0.03659858968522814,0.12151015337137444,4,25,0,0,0,0.0,0.0,1.0,0.0,0.0,0,1,0.7379970550537109,0.7245877385139465,0.7588575482368469,0.6863227009773254,0.0726510410933208,0.013409316539764404,0.7312923967838287,0.7155762165784836,0.7251739402612051,0.7115389332175255,1.0426220390750058,0.8152308901151021,0.7932424545288086,0.9454587697982788,0.6934744715690613,0.0674773726559166,0.8767703771591187,0.7797527313232422,0.18476910988489792,4,0.7,0.5,0.5,0.5,0.5,0.5,0.5,0.0,1,7,133.0,41.36665323663494,0.14763782082003082,466,1
1314,404,0.1661631818981211,0.10354899235317912,1.9961850436831936,0.8669321493294128,10,5,3.4102730751037598,3.057142734527588,2.889437198638916,2.0523638486862184,0.7726414180906671,2.156492233276367,0.3764639696422683,0.3151203337444938,0.5685344848566511,0.23961024814181858,1.4737636205090205,10,60,0,0,0,0.0,1.0,0.0,0.0,0.0,0,1,0.6838633418083191,0.7068331837654114,0.780264139175415,0.6960831403732299,0.04637540991090147,-0.022969841957092285,0.6953482627868652,0.6903012096881866,0.6865089933077494,0.690867505967617,0.9916921958860568,0.797859627670712,0.80108642578125,0.9454587697982788,0.6125198006629944,0.07833742395187406,0.8698627352714539,0.7385237216949463,0.20214037232928805,4,0.7,0.3333333333333333,0.5,0.6666666666666666,0.6666666666666666,0.6666666666666666,0.6666666666666666,0.3333333333333333,2,9,130.2,55.419852038777584,0.1506229046731304,462,4
1315,404,0.15884668092401716,0.0894920160777758,2.1047761736456825,0.9140926778557605,10,7,3.018962860107422,2.7487897872924805,2.2773075103759766,1.900551426410675,0.6217332366134855,1.9315540790557861,0.32713290513520416,0.3034778521248809,0.5263226025692598,0.21461711989508736,1.2588549044554636,10,69,0,0,0,0.0,0.0,0.0,1.0,0.0,0,0,0.647265613079071,0.6618724465370178,0.7125765085220337,0.6589824259281158,0.025317605739802077,-0.014606833457946777,0.6545690298080444,0.672399491071701,0.6607003708680471,0.6615090742707253,1.0203587292422263,0.7925992435879178,0.7875040769577026,0.9454587697982788,0.6792215704917908,0.05824791561059527,0.8703075647354126,0.7896044254302979,0.20740075641208222,4,0.5,0.6,0.6,0.6,0.6,0.8,0.8,0.0,1,10,138.5,56.567216654171695,0.13715221984428758,509,3
1316,404,0.1617937125174379,0.11979418824957891,2.1485558863351053,0.9331059654960867,11,8,2.757249593734741,2.4269471168518066,1.7995843887329102,1.7041759848594666,0.4966450155487025,1.6839208602905273,0.29142807346952754,0.30420547857996355,0.5073180404774894,0.1871023178100586,1.7653480480674708,11,70,0,0,0,0.0,0.0,0.0,1.0,0.0,0,0,0.6853479146957397,0.7642048597335815,0.7642048597335815,0.69354327917099,0.03921009419138445,-0.0788569450378418,0.7247763872146606,0.7036793380975723,0.6950361033280691,0.6926834359765053,1.0146134273340082,0.7702065759234958,0.7795606851577759,0.9454587697982788,0.583111047744751,0.08120381840754386,0.8617801666259766,0.6719903349876404,0.22979342407650416,5,0.4,0.5,0.6666666666666666,0.6666666666666666,0.8333333333333334,0.8333333333333334,0.8333333333333334,0.16666666666666663,1,10,138.3,58.25469938125163,0.14345602592304768,506,5
1317,404,0.18414880740670048,0.23646853868277437,2.131531482548551,0.9257123608738934,6,5,2.5144453048706055,1.9198580980300903,1.7179546356201172,1.3654420793056488,0.5238752121903854,1.7012023329734802,0.3836668259044419,0.3247522154257628,0.5559521970464115,0.1890224814414978,3.1455732499802576,6,29,0,0,0,1.0,1.0,0.0,0.0,0.0,0,2,0.6250448226928711,0.7557339668273926,0.776904821395874,0.6918593645095825,0.08045778757009875,-0.13068914413452148,0.6903893947601318,0.7066768854856491,0.6972858111063639,0.714244119822979,1.0214154788106253,0.8008280899789598,0.806637167930603,0.9454587697982788,0.6317721605300903,0.07864935352224726,0.8722610473632812,0.758885383605957,0.19917191002104018,3,0.8,0.3333333333333333,0.6666666666666666,0.6666666666666666,1.0,1.0,1.0,0.3333333333333333,0,8,138.6,50.969010192468915,0.1536252877399359,504,1
1158,351,0.19221984684897703,0.3333625667459451,2.1526353543717835,0.9348776559535167,12,4,2.339323043823242,1.5594803094863892,1.5180604457855225,1.2170039057731628,0.47885204777390594,1.7376219630241394,0.3934676396967286,0.3203607921728666,0.556096582018123,0.19306910700268215,4.039168706349861,12,63,0,0,0,0.0,0.0,0.0,1.0,0.0,0,2,0.7853813171386719,0.6560519337654114,0.7853813171386719,0.6384360909461975,0.06298383105093866,0.1293293833732605,0.7207166254520416,0.6800477653741837,0.65223029255867,0.6360912173986435,1.0651758411565921,0.7544717126422458,0.7742094397544861,0.9118734002113342,0.614673376083374,0.07174486065606285,0.852594256401062,0.7318867444992065,0.24552828735775423,5,0.3,1.0,1.0,1.0,1.0,1.0,1.0,0.0,0,6,93.5,41.381759266614075,0.14435444273391507,324,5
1159,351,0.28976399664100244,0.694114899379136,2.24981496810566,0.9770822259516286,7,1,1.1941204071044922,0.3652636408805847,0.36390137672424316,0.4121010273694992,0.2630865616676533,0.9591632783412933,0.6384015224263007,0.37839848590983916,0.5512097322614774,0.10657369759347704,7.777237796024843,7,48,0,0,0,0.0,0.0,0.0,0.0,0.0,0,0,0.6807895302772522,0.6645057797431946,0.6810075640678406,0.6520157039165497,0.02092141920251448,0.016283750534057617,0.6726476550102234,0.6703142374753952,0.6667003532250723,0.6561286896467209,1.0280629828176722,0.7548515425788032,0.753925085067749,0.9118734002113342,0.594767689704895,0.06353498174340287,0.8426278829574585,0.7438926696777344,0.24514845742119684,6,0.3,0.75,0.75,0.75,0.75,0.75,0.75,0.0,1,10,113.6,41.56007699704128,0.14724460166915493,388,6
1160,351,0.2965635213230255,0.6958842934655565,2.201631411110647,0.9561563730302238,8,1,1.545182466506958,0.4699142575263977,0.4394703507423401,0.5210291743278503,0.3428447881924232,1.1945622861385345,0.6580133072613435,0.3867531461425199,0.5521685152033097,0.13272914290428162,8.101160636555559,8,42,0,0,0,1.0,0.0,0.0,0.0,0.0,0,0,0.5907207727432251,0.6678069829940796,0.6678069829940796,0.6004676282405853,0.032441854833838296,-0.07708621025085449,0.6292638778686523,0.6215740144252777,0.6136194964249929,0.5999488011002541,1.0351481912494456,0.7261319345898098,0.7334976196289062,0.8530129194259644,0.5864741802215576,0.06523768923588959,0.8145678639411926,0.7335183024406433,0.27386806541019015,7,0.2,0.6666666666666666,0.6666666666666666,0.6666666666666666,0.6666666666666666,0.6666666666666666,0.6666666666666666,0.0,1,10,91.3,49.638795311731734,0.12805809697426032,324,7
1161,351,0.13620309131800148,0.0708752781420973,2.2958511349150834,0.997075479164939,9,9,0.6889605522155762,0.6401302814483643,0.5634089708328247,0.5058332711458207,0.11730537072908515,0.35191425681114197,0.2319047510627619,0.2627527506550262,0.4853378300261226,0.03910158409012689,1.248773499333544,9,46,0,0,0,0.0,0.0,0.0,1.0,0.0,0,0,0.5955355167388916,0.6575891971588135,0.6575891971588135,0.613340312242508,0.03754826317580644,-0.062053680419921875,0.6265623569488525,0.6320522129535675,0.6311978697776794,0.61080052703619,1.030506506471329,0.7477633714675903,0.7538168430328369,0.9118734002113342,0.521462082862854,0.07592854073234646,0.8417901992797852,0.7438926696777344,0.2522366285324097,5,0.3,0.25,0.75,0.75,0.75,0.75,0.75,0.5,1,10,127.8,42.00190471871484,0.13999706934989545,437,5
1004,294,0.13716147055152192,0.12345399112163814,2.28629574531513,0.9929256261892435,4,10,1.3097717761993408,1.1480752229690552,1.1152695417404175,0.9549123167991638,0.17406870532287605,0.5572353005409241,0.18228744144688264,0.25738981013534545,0.4782503340569731,0.06191503339343601,2.611545739740941,4,21,0,0,0,0.0,0.0,0.0,1.0,0.0,0,0,0.5145025849342346,0.533009946346283,0.618256688117981,0.5364060968160629,0.03454730664461881,-0.01850736141204834,0.5237562656402588,0.5424005389213562,0.5424144168694814,0.5418311655521393,1.0111733087441765,0.7675620608859592,0.7665438652038574,0.8940634727478027,0.6669864654541016,0.056561080592096996,0.8524264097213745,0.7800769805908203,0.23243793911404076,5,0.4,0.0,0.0,1.0,1.0,1.0,1.0,1.0,0,9,172.7,34.12345234585739,0.16906517835560136,496,3
1005,294,0.15568444293804154,0.05243290682111418,2.2390692503371907,0.9724154200206928,5,7,1.702254295349121,1.6130001544952393,1.410301685333252,1.0934003829956054,0.3341856546604131,0.9114091396331787,0.30563858785768183,0.3032058979860157,0.5341891010606592,0.1012676821814643,0.8813597543803967,5,27,0,0,0,0.0,0.0,0.0,1.0,0.0,0,0,0.5820412635803223,0.561590850353241,0.6789448857307434,0.5821711599826813,0.039640397495431426,0.0204504132270813,0.5718160569667816,0.5550315827131271,0.5680526296297709,0.5859100967645645,0.9533804961227249,0.7737425525983175,0.7675706744194031,0.8985910415649414,0.6669864654541016,0.05934666395978577,0.8482928276062012,0.7762911319732666,0.22625744740168252,5,0.6,0.0,0.0,0.5,0.5,1.0,1.0,0.5,0,9,176.4,21.218859535799748,0.16145943964941634,529,3
2202,799,0.31931742177780936,0.41811151698418847,1.9162246987659315,0.8322058127607651,6,3,2.4962151050567627,1.4525188207626343,1.3647921085357666,0.7817347049713135,0.7915500819217174,2.4962151050567627,1.0125545972737218,0.5051245519366189,0.8153200849204579,0.27735723389519584,3.7629900855530596,6,36,0,0,0,0.0,0.0,0.0,0.0,0.0,0,0,0.6025057435035706,0.5812056064605713,0.6025057435035706,0.5840313851833343,0.013054009136678176,0.021300137042999268,0.5918556749820709,0.580133393406868,0.5816499789555868,0.5814769566059113,0.9933240144290245,0.7723153392473857,0.7912827134132385,0.9111459255218506,0.6023459434509277,0.08727501271384659,0.8548567891120911,0.6751381158828735,0.2276846607526143,4,0.6,0.0,0.0,0.3333333333333333,0.6666666666666666,0.6666666666666666,0.6666666666666666,0.3333333333333333,1,10,134.6,58.844201073682704,0.13250251818366382,465,1
1763,575,0.1624318319804509,0.056006079924900545,2.1970918131474955,0.9541848506847678,9,6,1.6325600147247314,1.5411267280578613,1.4411367177963257,1.0050739407539369,0.48791680245232494,1.2246017456054688,0.4854531564445572,0.3157664937966567,0.6017854245233992,0.13606686062282985,0.6719682829460845,9,51,0,0,0,0.0,0.0,0.0,0.0,0.0,0,0,0.5482845902442932,0.5654202699661255,0.6460669636726379,0.5833539485931396,0.03453076805224925,-0.017135679721832275,0.5568524301052094,0.5679180473089218,0.5678224762280782,0.5777753219008446,0.9735377212082514,0.7469293647342258,0.7812338471412659,0.9221022129058838,0.516973614692688,0.11673800396307317,0.8420819044113159,0.6085644960403442,0.2530706352657742,4,0.7,0.6666666666666666,0.6666666666666666,0.6666666666666666,0.6666666666666666,0.6666666666666666,0.6666666666666666,0.0,1,10,139.9,65.20805165008383,0.13679966083643447,455,1
2191,791,0.2194372178405974,0.2854032079029666,2.1521274931000662,0.9346570946056375,6,4,1.9191343784332275,1.3714072704315186,1.2260059118270874,0.8745710492134094,0.5608567661163748,1.9191343784332275,0.6412928090039118,0.3762463497761862,0.6439639603094893,0.21323715315924752,2.568616825304537,6,29,0,0,0,0.0,0.0,0.0,1.0,0.0,0,0,0.6166236996650696,0.5798494219779968,0.6906545162200928,0.5705963194370269,0.051109255847265576,0.036774277687072754,0.5982365608215332,0.6054060161113739,0.5963655312856039,0.5847593694925308,1.0610039610923698,0.7486074142985873,0.7448906898498535,0.8778785467147827,0.643878698348999,0.06497040792623023,0.8308795094490051,0.7287710905075073,0.25139258570141265,5,0.4,1.0,1.0,1.0,1.0,1.0,1.0,0.0,0,6,112.7,56.62340505480044,0.11613257748873597,440,4
2192,791,0.29338937255402625,0.22391065192139714,2.2012505178529107,0.9559909531901948,5,2,1.36556077003479,1.0597971677780151,0.32458123564720154,0.4654431611299515,0.38127329631866724,1.1585166901350021,0.8191601230812652,0.5210857394326708,0.65858637180889,0.1287240766816669,2.375322743158419,5,30,0,0,0,0.0,0.0,0.0,1.0,0.0,0,0,0.5612956881523132,0.5632502436637878,0.5821053981781006,0.5628678798675537,0.01781133057621633,-0.0019545555114746094,0.5622729659080505,0.5715702772140503,0.5700873136520386,0.5709939673542976,1.015459013027233,0.7707615216573079,0.7709184885025024,0.8778785467147827,0.6524944305419922,0.05342223772434298,0.8439207077026367,0.753450334072113,0.22923847834269206,5,0.4,1.0,1.0,1.0,1.0,1.0,1.0,0.0,0,10,135.6,47.73091241533101,0.14162517339762037,492,3
1808,595,0.1549725924178955,0.11572746151604682,2.230699700958331,0.9687805709094373,8,10,2.0913381576538086,1.8493129014968872,1.454899787902832,1.3494890451431274,0.3418533895804942,1.0446321964263916,0.2533204233783267,0.29201060011070695,0.503921580197815,0.11607024404737684,2.085143983277493,8,47,0,0,0,0.0,0.0,0.0,1.0,0.0,0,0,0.6216209530830383,0.5683245062828064,0.6727085709571838,0.6129810273647308,0.029642283505575098,0.053296446800231934,0.5949727296829224,0.6065536439418793,0.6024349729220072,0.6065905317664146,0.9895129332739365,0.783079453309377,0.7800093293190002,0.88814377784729,0.6738842725753784,0.055064167689814286,0.8469551205635071,0.7533441781997681,0.216920546690623,5,0.6,0.5,0.75,0.75,0.75,0.75,0.75,0.25,1,10,158.1,37.47919422826483,0.15780298219122357,539,5
1809,595,0.15164769072235862,0.29600159145408333,2.254837134438588,0.9792633250772197,10,9,1.9895005226135254,1.4006052017211914,1.4003373384475708,1.3119227290153503,0.2891204819615297,1.1950980424880981,0.2203790323836324,0.25840742365056246,0.4709926407098895,0.13278867138756645,4.4347976370357545,10,51,0,0,0,0.0,0.0,0.0,1.0,0.0,0,0,0.6617831587791443,0.5932089686393738,0.7014159560203552,0.6417224824428558,0.03658129978701081,0.06857419013977051,0.627496063709259,0.633118748664856,0.6414036949475607,0.6475625261664391,0.9865912125496107,0.7671721710099114,0.7656170725822449,0.9312204122543335,0.6734051704406738,0.05132111026379307,0.8492735028266907,0.7789525985717773,0.23282782899008858,6,0.3,1.0,1.0,1.0,1.0,1.0,1.0,0.0,0,10,138.0,51.277675454333924,0.1235568898881779,537,4
1810,595,0.21472428562226525,0.40034417445801895,1.8763759705972718,0.8148997300062535,6,3,3.4083502292633057,2.043837070465088,1.8943464756011963,1.587314736843109,0.6827875007998493,2.3557640314102173,0.43015229103555236,0.34348495438099685,0.5504157975858425,0.2617515590455797,5.21298880046713,6,40,0,0,0,0.0,1.0,0.0,0.0,0.0,0,0,0.6168773174285889,0.5428431630134583,0.6387631893157959,0.5674094736576081,0.04021092755755063,0.07403415441513062,0.5798602402210236,0.5787706822156906,0.5677483081817627,0.5612148940563202,1.0200211470980665,0.7529720928933885,0.7583221793174744,0.9312204122543335,0.6605515480041504,0.05523235388816082,0.8365656137466431,0.7238774299621582,0.2470279071066115,5,0.4,1.0,1.0,1.0,1.0,1.0,1.0,0.0,0,10,144.2,40.094388634820206,0.1337890434530358,558,5
677,186,0.17302852663428728,0.3014255928493924,2.155358479157185,0.9360602940213506,10,4,2.6470682621002197,1.84917414188385,1.8291524648666382,1.5298449993133545,0.46248354567180344,1.5555959939956665,0.30230725568415473,0.2939018270479776,0.5269013743184706,0.17284399933285183,4.616240697133768,10,55,0,0,0,0.0,1.0,0.0,0.0,0.0,0,1,0.6222614049911499,0.595992386341095,0.6343563795089722,0.5997178018093109,0.023937386276771805,0.02626901865005493,0.6091268956661224,0.6052712500095367,0.6030461688836416,0.6020585596561432,1.0092584194183583,0.7887886378500196,0.7812179923057556,0.9152941107749939,0.6903437376022339,0.05028149101426166,0.8709912300109863,0.8192285895347595,0.21121136214998038,4,0.4,0.6,0.8,1.0,1.0,1.0,1.0,0.4,0,10,145.1,33.942451296274996,0.1841278978294526,412,4
478,129,0.15683276172336066,0.2150192387379388,2.081166736958628,0.9038392297817286,13,9,3.725534677505493,2.9244730472564697,2.4307351112365723,2.375482416152954,0.5356290281225179,1.8990120887756348,0.22548211638958016,0.27994346241179574,0.4786415919858808,0.21100134319729275,3.796458456861826,13,93,0,1,0,0.0,0.0,0.0,0.0,0.0,0,0,0.7071589827537537,0.6942440867424011,0.7469459772109985,0.6962318301200867,0.031070016768352915,0.012914896011352539,0.7007015347480774,0.7174830585718155,0.7086422840754191,0.7071003541350365,1.0305217271183025,0.7511643065346612,0.7691326141357422,0.906535267829895,0.5427271723747253,0.0751630071472121,0.8342599868774414,0.694315493106842,0.24883569346533885,5,0.5,0.6666666666666666,0.6666666666666666,0.6666666666666666,0.6666666666666666,0.6666666666666666,0.8333333333333334,0.0,1,10,118.5,48.98418112003098,0.164887953208443,380,5
479,129,0.15209466244466963,0.07533490916106053,2.2418301645134386,0.9736144698124457,8,10,1.736389398574829,1.6055786609649658,1.5277698040008545,1.1416504502296447,0.32763117781754825,0.865351140499115,0.28698003909305664,0.2927312873101879,0.527457110385712,0.09615012672212389,1.3604701480816281,8,43,0,0,0,0.0,0.0,0.0,1.0,0.0,0,0,0.6739108562469482,0.6284502744674683,0.6870379447937012,0.6378746211528779,0.026877583569795378,0.04546058177947998,0.6511805653572083,0.652216762304306,0.6411920587221781,0.634743444621563,1.0224826606878443,0.7307126363118489,0.7159121632575989,0.8881750106811523,0.6145188212394714,0.07335691306432163,0.8423126935958862,0.773905336856842,0.2692873636881511,5,0.3,0.3333333333333333,0.6666666666666666,1.0,1.0,1.0,1.0,0.6666666666666667,0,10,127.1,55.314464654374085,0.11522198691203123,458,5
480,129,0.15093369727993244,0.040577913096301786,2.2287796148349774,0.9679466881012858,8,7,1.8579890727996826,1.7825957536697388,1.5653634071350098,1.2309968590736389,0.3732939288545036,1.0493159890174866,0.30324498625482416,0.29574282010833625,0.5294902794357127,0.1165906654463874,0.6466441562635721,8,45,0,0,0,0.0,1.0,0.0,0.0,0.0,0,0,0.5156333446502686,0.5330120921134949,0.5375584363937378,0.5112998753786087,0.014265274147030943,-0.01737874746322632,0.5243227183818817,0.5184859782457352,0.51186669866244,0.5084418766200542,1.0140525925401673,0.7627939608361985,0.7681918740272522,0.9131718873977661,0.5930255651473999,0.06943047148293753,0.8351535797119141,0.7379811406135559,0.23720603916380145,6,0.5,0.3333333333333333,0.3333333333333333,0.3333333333333333,0.3333333333333333,0.6666666666666666,0.6666666666666666,0.0,1,10,124.1,45.74592878060297,0.15142796349745588,427,4
481,129,0.17285825723206402,0.0033756607894192053,2.1376146487753327,0.9283542463986848,10,5,2.0442068576812744,2.037306308746338,1.7258222103118896,1.1825913846492768,0.5704475197889106,1.48051118850708,0.4823703646274444,0.34513300362306243,0.6215792734118692,0.16450124316745335,0.04194805372904357,10,56,0,0,0,0.0,0.0,0.0,1.0,0.0,0,0,0.741585910320282,0.7132041454315186,0.741585910320282,0.695597231388092,0.0375587147474455,0.028381764888763428,0.7273950278759003,0.7011602520942688,0.6966433723767599,0.6998277232050896,1.0079960247959192,0.764457372824351,0.7641943693161011,0.9131718873977661,0.5866345167160034,0.07698325371061747,0.841971755027771,0.7529457807540894,0.235542627175649,5,0.6,0.4,0.4,0.8,0.8,0.8,0.8,0.4,1,10,137.6,38.98256020324986,0.16562248325143164,446,5
1799,590,0.1726992383925878,0.12226059280241382,2.216831061489261,0.9627574973165144,7,6,1.8014887571334839,1.5812376737594604,1.2759135961532593,1.0431364804506302,0.3984609623529347,1.352442055940628,0.3819831707904902,0.32428416552277245,0.5499345447494192,0.15027133954895866,1.4656794725836138,7,42,0,0,0,0.0,0.0,0.0,1.0,0.0,0,0,0.77226322889328,0.6495987176895142,0.7787795662879944,0.7175273776054383,0.04737474696652469,0.12266451120376587,0.7109309732913971,0.701092466711998,0.7132916450500488,0.7242554649710655,0.9770937130761422,0.7948209166526794,0.8046537637710571,0.8789963722229004,0.6570254564285278,0.058094667623599786,0.8525641560554504,0.7579431533813477,0.2051790833473206,4,0.7,1.0,1.0,1.0,1.0,1.0,1.0,0.0,0,10,175.4,41.93614193032068,0.1577610112415677,562,1
721,199,0.19675326949564517,0.2909199548379435,2.2227564633119665,0.965330866631175,5,5,1.6802570819854736,1.191436767578125,0.9549789428710938,0.8539919495582581,0.3691750120624338,1.3202562928199768,0.4322928102080885,0.3362670867153995,0.5585825865105712,0.14669514364666408,3.3321960772515817,5,32,0,0,0,0.0,0.0,0.0,1.0,0.0,0,0,0.6011829972267151,0.5745995044708252,0.6011829972267151,0.570928019285202,0.015613635321261612,0.026583492755889893,0.5878912508487701,0.5779596865177155,0.5729246536890665,0.5727667585015297,1.0123144331344653,0.8132848739624023,0.814490795135498,0.9068593978881836,0.6922540664672852,0.047977296271008364,0.8758605718612671,0.800174355506897,0.18671512603759766,3,0.8,0.3333333333333333,0.6666666666666666,0.6666666666666666,0.6666666666666666,0.6666666666666666,0.6666666666666666,0.3333333333333333,1,10,163.5,30.22664387589201,0.15903438639937967,549,2
722,199,0.2783896093839134,0.27339285097146754,1.969501928424045,0.855343819612376,6,3,2.4007577896118164,1.7444077730178833,1.5023342370986938,0.8623733460903168,0.7130882569945723,2.116450995206833,0.8268894595803413,0.4806694897775255,0.7432570282520994,0.2351612216896481,2.7910521166114064,6,27,0,0,0,0.0,1.0,0.0,0.0,0.0,0,1,0.5613575577735901,0.61786949634552,0.6309428215026855,0.5614334464073181,0.03456843940157319,-0.05651193857192993,0.589613527059555,0.5864201486110687,0.5725432435671488,0.5660167261958122,1.0445033295759405,0.7993560777770148,0.8005259037017822,0.8989126682281494,0.6676671504974365,0.051807371334896525,0.8611357808113098,0.800174355506897,0.20064392222298522,4,0.7,0.3333333333333333,0.6666666666666666,1.0,1.0,1.0,1.0,0.6666666666666667,0,10,143.3,33.1995481896968,0.15220124549860922,494,3
723,199,0.18696738419119022,0.2101761353739925,2.1561868624399763,0.9364200563099677,6,5,1.962213158607483,1.5498027801513672,1.5195057392120361,1.0494948983192445,0.5641599113217862,1.6750285625457764,0.5375532312468128,0.3346386861320916,0.6240238407016296,0.18611428472730848,2.2158866697078063,6,39,0,0,0,0.0,0.0,0.0,1.0,0.0,0,0,0.6092328429222107,0.5502322912216187,0.6092328429222107,0.5537193238735199,0.03126696091623837,0.05900055170059204,0.5797325670719147,0.557417020201683,0.5605341593424479,0.552955649793148,1.0066761073574166,0.8071374005741543,0.8117368221282959,0.9068593978881836,0.6922540664672852,0.04571780139762652,0.8647537231445312,0.800174355506897,0.19286259942584572,3,0.8,0.3333333333333333,0.6666666666666666,1.0,1.0,1.0,1.0,0.6666666666666667,0,10,152.6,40.56895364684675,0.16469337919715973,504,2
2031,696,0.15970951167281416,0.011330152118418847,2.1946240403359676,0.9531131105701304,7,5,1.527794361114502,1.510484218597412,1.4740056991577148,0.956608247756958,0.49131337436767125,1.1054795682430267,0.5135988132246212,0.31760949028361696,0.6135485236444341,0.12283106313811408,0.14092527695823262,7,54,0,0,0,1.0,1.0,0.0,0.0,0.0,0,0,0.6010580658912659,0.6118330955505371,0.6373700499534607,0.5813215494155883,0.033499732860319896,-0.01077502965927124,0.6064455807209015,0.5857860893011093,0.5853057901064554,0.5784270539879799,1.007678250035214,0.8149587008688185,0.8085775971412659,0.926561176776886,0.6964188814163208,0.05696148217160507,0.8802348375320435,0.8037625551223755,0.1850412991311815,4,0.7,0.25,0.5,0.5,0.5,0.5,0.5,0.25,2,10,147.7,37.69628628923544,0.15582321406086955,465,3
2032,696,0.3198538801367447,0.3692319185861272,1.6758006279243363,0.7277909654775437,7,2,3.1338911056518555,1.9767584800720215,0.7982386350631714,0.9797883659601212,0.8479257293196248,2.900107890367508,0.865416342306104,0.5216074984433821,0.6771356875973364,0.3222342100408342,3.590956511031803,7,44,0,0,0,0.0,1.0,0.0,0.0,0.0,0,0,0.7147161364555359,0.6234225034713745,0.7147161364555359,0.6027830719947815,0.048153575415288155,0.09129363298416138,0.6690693199634552,0.6362121254205704,0.6297927697499593,0.6195137202739716,1.0554560994207527,0.8256111529138354,0.8228155374526978,0.926561176776886,0.7081911563873291,0.05935296681534369,0.8995151519775391,0.8123870491981506,0.17438884708616464,2,0.8,1.0,1.0,1.0,1.0,1.0,1.0,0.0,0,8,128.8,48.205393889065974,0.1833583733463013,363,2
1682,542,0.13259426952226133,0.07169222906476154,2.2471995330025356,0.9759463569185658,5,10,2.634794235229492,2.4458999633789062,2.0945065021514893,1.987110185623169,0.3040387333369269,0.9988734722137451,0.1530053957406408,0.25568256030125797,0.46213071855807064,0.11098594135708278,1.7019504235444127,5,38,0,0,0,0.0,0.0,0.0,1.0,0.0,0,0,0.6432363986968994,0.6778669357299805,0.6817871332168579,0.6123810291290284,0.05096201719455435,-0.034630537033081055,0.6605516672134399,0.6361186057329178,0.6278662085533142,0.6209325268864632,1.0387610600488215,0.6606323944197761,0.6538050174713135,0.7604118585586548,0.5934243202209473,0.043963563778923014,0.7222586870193481,0.6485117673873901,0.33936760558022394,10,0.1,0.3333333333333333,1.0,1.0,1.0,1.0,1.0,0.6666666666666667,0,9,150.6,55.1039018582169,0.12948803993780952,542,9
1683,542,0.13082127670563412,0.004482100439687347,2.041371661929338,0.886556448289582,9,10,4.77805233001709,4.756636619567871,4.363827228546143,3.6523510932922365,0.746514550677338,2.075352191925049,0.20439282183345814,0.2610561993094255,0.48791507641573145,0.2305946879916721,0.09287125286571782,9,58,0,0,0,0.0,0.0,0.0,1.0,0.0,0,0,0.7375122308731079,0.6182445287704468,0.7375122308731079,0.6183191537857056,0.05288129061326475,0.11926770210266113,0.6778783798217773,0.6590752601623535,0.6249236663182577,0.6225303336977959,1.0659126281540754,0.6990517232153151,0.6884407997131348,0.8619272708892822,0.6046746373176575,0.05607791308959044,0.7805350422859192,0.6981227993965149,0.30094827678468494,8,0.3,0.5,0.75,0.75,1.0,1.0,1.0,0.25,0,7,154.5,48.32235507505817,0.14534565662771445,551,8
1871,621,0.16090230009153192,0.2671151076628147,2.2225487450546697,0.9652406557382404,10,9,2.2632453441619873,1.658698320388794,1.5394740104675293,1.40659601688385,0.3587168645015466,1.4269237518310547,0.25502461628721607,0.27882516497091975,0.49512325331327084,0.15854708353678384,3.813020064874741,10,59,0,0,0,0.0,0.0,0.0,1.0,0.0,0,0,0.6732462048530579,0.644232988357544,0.6837257146835327,0.6536575853824615,0.01897038699821708,0.029013216495513916,0.6587395966053009,0.6687446981668472,0.6616158286730448,0.6575472205877304,1.0230794991785483,0.8391937957869635,0.8323792815208435,0.9204480051994324,0.742961049079895,0.04510336580886242,0.8971955180168152,0.872829794883728,0.16080620421303649,2,0.8,0.6,0.8,0.8,1.0,1.0,1.0,0.20000000000000007,0,10,161.6,33.50880481306368,0.19286998881794054,485,2
2059,715,0.18101889605555785,0.12679835762322608,2.0937368388051945,0.9092983556506543,8,5,2.678908109664917,2.3392269611358643,1.7106282711029053,1.4799052298069,0.5713003574560253,1.816686749458313,0.3860382137391024,0.3390848933925015,0.5505899169540147,0.20185408327314588,1.6827970988939804,8,45,0,0,0,0.0,0.0,0.0,1.0,0.0,0,0,0.6636321544647217,0.6713384389877319,0.6871953010559082,0.6247433602809906,0.03618521472969448,-0.007706284523010254,0.6674852967262268,0.660229429602623,0.6480210920174917,0.6334176957607269,1.056799343183622,0.7769670724868775,0.772479236125946,0.9306224584579468,0.6454949378967285,0.06110189110286063,0.8558750152587891,0.8009054660797119,0.22303292751312254,5,0.6,0.75,0.75,1.0,1.0,1.0,1.0,0.25,0,10,150.0,41.09257840535198,0.13550500132205587,524,4
1663,535,0.21866291598008597,0.20185438809042397,2.0283211822448886,0.8808886969764352,5,3,2.588961601257324,2.066368341445923,1.3125689029693604,1.1839966505765915,0.684396502659587,2.223151296377182,0.5780387337139519,0.3931877628569439,0.6114170437512243,0.24701681070857578,2.115609632812839,5,33,0,0,0,0.0,0.0,0.0,1.0,0.0,0,0,0.64738929271698,0.6635083556175232,0.7035710215568542,0.6427363216876983,0.03149526506379698,-0.016119062900543213,0.6554488241672516,0.653132826089859,0.644557942946752,0.6492169052362442,1.0161737992355324,0.7432607981893752,0.7467508316040039,0.844631552696228,0.5808393359184265,0.05549380187861123,0.802223801612854,0.6941969990730286,0.2567392018106248,7,0.3,0.6666666666666666,0.6666666666666666,0.6666666666666666,1.0,1.0,1.0,0.0,0,10,136.1,43.46366298415263,0.12628293708863886,553,5
153,45,0.16416406108004816,0.024481940919219725,2.0976449114299625,0.9109956100264682,16,7,2.8010988235473633,2.732522487640381,1.6490647792816162,1.7062801718711853,0.5459251621290023,1.544739007949829,0.3199502937316691,0.3243090673156754,0.5130866150473662,0.171637667549981,0.3995389668648707,16,100,0,1,0,0.0,0.0,0.0,0.0,0.0,0,0,0.6562967896461487,0.7073848843574524,0.7128044366836548,0.6728817164897919,0.039103947801755655,-0.05108809471130371,0.6818408370018005,0.6848041713237762,0.6591884096463522,0.6662398874759674,1.017716987733278,0.7750796847873264,0.7800671458244324,0.939246654510498,0.626986026763916,0.06290832147900223,0.8488136529922485,0.7826792597770691,0.22492031521267364,5,0.6,0.4444444444444444,0.4444444444444444,0.4444444444444444,0.6666666666666666,0.6666666666666666,0.6666666666666666,0.0,3,10,153.9,40.756471878709036,0.1363445734721523,604,5
154,45,0.14189580435297947,0.071053687886526,2.248791769290353,0.976637856352251,8,9,2.0361366271972656,1.8914616107940674,1.5208388566970825,1.4349519610404968,0.3133881280647758,1.0532803535461426,0.21839609839024643,0.2737093885110548,0.4850091127545375,0.11703115039401585,1.2361989070192787,8,46,0,1,0,0.0,1.0,0.0,0.0,0.0,0,0,0.6693524122238159,0.7083162069320679,0.7083162069320679,0.6567618072032928,0.028357017071935425,-0.03896379470825195,0.6888343095779419,0.6722716689109802,0.6646406153837839,0.6560680493712425,1.0236140986328521,0.7659357878896925,0.7618828415870667,0.939246654510498,0.658463716506958,0.05626496538901723,0.8503395318984985,0.7519340515136719,0.23406421211030748,5,0.3,0.6,0.6,0.6,0.6,0.8,0.8,0.0,1,10,135.2,44.41351145766342,0.14662638446588278,484,5
155,45,0.17561321725808318,0.07890418926622368,2.2399616292995836,0.9728029752798266,8,5,1.3887583017349243,1.2791794538497925,1.1373142004013062,0.7908051133155822,0.3372464655321841,0.9401660561561584,0.42645910274798443,0.3373698159839841,0.5852450726203433,0.10446289512846205,1.0489638333931526,8,41,0,0,0,0.0,0.0,0.0,1.0,0.0,0,0,0.5929427146911621,0.5916915535926819,0.5929427146911621,0.5335928976535798,0.03556279198351509,0.0012511610984802246,0.592317134141922,0.566297173500061,0.5509477059046427,0.5445403084158897,1.0612886991217296,0.7725835574997796,0.769128680229187,0.8742434978485107,0.6735798716545105,0.04648868827473302,0.8429953455924988,0.806870698928833,0.22741644250022042,5,0.3,0.3333333333333333,0.3333333333333333,0.6666666666666666,0.6666666666666666,0.6666666666666666,1.0,0.3333333333333333,0,10,133.0,34.72463102755737,0.1382333836608518,516,3
156,45,0.19421203481841445,0.35351842341010326,1.8339947101339886,0.7964937824509452,12,6,3.9394030570983887,2.5467514991760254,2.306530475616455,2.028403162956238,0.7967202773911488,2.9942036867141724,0.3927818192948255,0.319766537280555,0.5393135979304491,0.3326892985237969,4.186029962706439,12,67,0,1,0,0.0,0.0,0.0,1.0,0.0,0,0,0.7753821015357971,0.7536865472793579,0.798842191696167,0.7431585967540741,0.03028927996059786,0.02169555425643921,0.7645343244075775,0.7592545598745346,0.7423336605230967,0.7476483955979347,1.0216574786772035,0.812378834353553,0.8140552043914795,0.939246654510498,0.7142143249511719,0.043961450320149364,0.8708900213241577,0.8239851593971252,0.18762116564644704,2,0.7,0.7142857142857143,0.8571428571428571,0.8571428571428571,0.8571428571428571,0.8571428571428571,0.8571428571428571,0.1428571428571428,1,10,153.2,35.678564993564414,0.1597267158930641,537,2
1800,591,0.20765678510160085,0.025259586525734953,2.141344339839475,0.9299740306470456,6,4,1.5731070041656494,1.5333709716796875,1.430938720703125,0.7575514584779739,0.5611477032624591,1.2885825335979462,0.7407377495545078,0.4100682456722719,0.7581002884790801,0.14317583706643847,0.27753115168707887,6,34,0,0,0,0.0,0.0,0.0,1.0,0.0,0,0,0.5351899862289429,0.501673698425293,0.5351899862289429,0.5036184191703796,0.019791797798937107,0.0335162878036499,0.5184318423271179,0.5172045975923538,0.5071334838867188,0.5054311081767082,1.0269750885387883,0.7318374819225735,0.7312861680984497,0.8605606555938721,0.626783013343811,0.048686939886842084,0.79386305809021,0.7347197532653809,0.2681625180774265,8,0.3,0.5,0.5,0.5,0.5,0.5,0.5,0.0,1,10,138.3,42.506587724728035,0.1314042796068237,533,8
1801,591,0.19230157036229745,0.2141845692165603,2.103360233089898,0.9134777426856803,6,4,2.4962687492370605,1.961606502532959,1.8135356903076172,1.2981010735034944,0.5634514550440598,1.783067226409912,0.43405789617402,0.34341511171687816,0.5869279072889891,0.19811858071221244,2.6986845256893077,6,38,0,0,0,0.0,0.0,0.0,1.0,0.0,0,1,0.7131413817405701,0.7030846476554871,0.7210782766342163,0.668210792541504,0.045577747116178235,0.010056734085083008,0.7081130146980286,0.6905178874731064,0.6963130036989847,0.6784015148878098,1.0333817738336561,0.7132208069165548,0.712617039680481,0.8368624448776245,0.626315712928772,0.047680898601609574,0.7811435461044312,0.7457056045532227,0.28677919308344524,9,0.2,1.0,1.0,1.0,1.0,1.0,1.0,0.0,0,10,127.2,48.41239510703844,0.12277207914206059,517,5
556,152,0.195996431019177,0.1032996213042865,2.116158013087584,0.9190357479192871,15,4,2.2380247116088867,2.0068376064300537,1.3477272987365723,1.1418701350688933,0.5600443771624258,1.7625004649162292,0.490461979432238,0.3717465049370813,0.5982062943514277,0.19583338499069214,1.180523559178952,15,82,1,1,0,0.0,1.0,0.0,1.0,0.0,0,1,0.7734545469284058,0.7168930172920227,0.7898205518722534,0.750194662809372,0.028711301007209703,0.05656152963638306,0.7451737821102142,0.7660139501094818,0.7571959892908732,0.7577908635139465,1.0210855488565111,0.7957531227005853,0.7997264266014099,0.914740264415741,0.6361819505691528,0.06903584075710116,0.8842055201530457,0.8570579290390015,0.2042468772994147,3,0.6,0.3333333333333333,0.6666666666666666,0.6666666666666666,0.6666666666666666,0.8333333333333334,0.8333333333333334,0.3333333333333333,1,10,148.2,43.595412602703966,0.1417008816858088,500,3
557,152,0.19723315917881235,0.11089234549030197,2.1709208670114633,0.9428189531917018,12,4,1.6714446544647217,1.4860942363739014,1.3793108463287354,0.8474460691213608,0.5246989933890108,1.6714446544647217,0.6191525258716424,0.37259467072782415,0.6766897299743034,0.1857160727183024,0.998025735479698,12,64,0,0,0,0.0,0.0,0.0,1.0,0.0,1,2,0.7418386340141296,0.6602137088775635,0.7939597368240356,0.725247448682785,0.04688680367852289,0.08162492513656616,0.7010261714458466,0.7338793128728867,0.7209283510843912,0.7313549220561981,1.0119005620843136,0.7750659611490037,0.7679570317268372,0.914740264415741,0.5934476852416992,0.07446049254497686,0.8652362823486328,0.7773373126983643,0.22493403885099628,4,0.5,0.3333333333333333,0.3333333333333333,0.6666666666666666,0.6666666666666666,0.6666666666666666,0.6666666666666666,0.3333333333333333,2,10,131.5,53.82053511439663,0.12611415310814758,459,2
558,152,0.19545336935565105,0.06517942860817799,1.9713502516682528,0.8561465361981091,17,3,2.728533983230591,2.550689697265625,2.3546998500823975,1.3960025310516357,0.7734536229173689,2.0749329328536987,0.5540484717361078,0.37816719977715757,0.6330835066390744,0.23054810365041098,0.7713943934244777,17,109,0,1,0,0.0,0.0,0.0,1.0,0.0,0,2,0.7618834972381592,0.8123195767402649,0.8141125440597534,0.7656493782997131,0.03693176822154959,-0.05043607950210571,0.787101536989212,0.7902861833572388,0.7645649711290995,0.7618991062045097,1.03217631148075,0.7907920651965671,0.7892918586730957,0.914740264415741,0.6468220949172974,0.06732414699872186,0.8679143786430359,0.7773373126983643,0.20920793480343292,4,0.6,0.3,0.5,0.8,0.8,0.8,0.8,0.5,2,10,143.6,48.85939009033985,0.1369983300875102,489,4
559,152,0.25110397092527326,0.3390625442700503,2.087498128029406,0.906588917986539,13,4,2.0869007110595703,1.3793108463287354,1.3336424827575684,0.8310902863740921,0.6357789062466237,2.0869007110595703,0.7649928674146222,0.4170679905923106,0.7138012094448037,0.2318778567843967,3.051549738270269,13,67,0,1,0,0.0,1.0,0.0,0.0,0.0,0,2,0.7713024020195007,0.731600821018219,0.7772155404090881,0.7230366289615631,0.04493582547538776,0.03970158100128174,0.7514516115188599,0.7395106703042984,0.7372455100218455,0.7255734875798225,1.0227831037872732,0.7849851621521844,0.7965933084487915,0.914740264415741,0.5934476852416992,0.07410803159024298,0.8686477541923523,0.833476185798645,0.2150148378478156,3,0.6,0.2,0.4,0.6,0.6,0.6,0.6,0.39999999999999997,2,10,127.8,59.67713129834577,0.13091946223220124,460,2
1502,469,0.14681339245946484,0.039847855650769495,2.273264406096566,0.9872661874748117,7,8,1.3703583478927612,1.3157525062561035,1.0021681785583496,0.9334014594554901,0.22977005463883662,0.7037751078605652,0.2461639695837906,0.2877765860486051,0.4977933320923275,0.07819723420672947,0.6983001878571642,7,37,0,0,0,0.0,1.0,0.0,0.0,1.0,0,0,0.6628804802894592,0.6413333415985107,0.6628804802894592,0.6285671949386596,0.019094035494132116,0.021547138690948486,0.652106910943985,0.6424125581979752,0.6306565999984741,0.6306821405887604,1.0220252366740676,0.7369249410099453,0.7379120588302612,0.9057340025901794,0.6096194982528687,0.06430506819689256,0.8185662031173706,0.7463417649269104,0.2630750589900547,7,0.4,0.3333333333333333,1.0,1.0,1.0,1.0,1.0,0.6666666666666667,0,10,168.6,30.751260136781386,0.1354806204827461,576,7
1503,469,0.16030665128904434,0.023294620903462588,2.1945981999801827,0.9531018882462026,5,7,2.137010335922241,2.0872294902801514,1.3539637327194214,1.3330765247344971,0.41652586899704563,1.2556813955307007,0.3124543481295307,0.3168790199080068,0.5153278517973601,0.13952015505896675,0.35679783199222104,5,37,0,0,0,0.0,0.0,0.0,1.0,0.0,0,0,0.6521637439727783,0.63587486743927,0.6521637439727783,0.583658629655838,0.036594165571540466,0.0162888765335083,0.6440193057060242,0.6069658845663071,0.5862612724304199,0.5813494250178337,1.039931243701422,0.7341787364747789,0.7378576397895813,0.8482617139816284,0.6367243528366089,0.05013044882835712,0.8052736520767212,0.7430579662322998,0.26582126352522106,7,0.3,0.6666666666666666,0.6666666666666666,0.6666666666666666,0.6666666666666666,0.6666666666666666,0.6666666666666666,0.0,1,10,162.6,37.70198933743417,0.1275451877793584,584,5
1934,647,0.126891291206773,0.04355595957473646,2.1890634802065025,0.9506981899896125,15,10,3.336127996444702,3.19081974029541,3.124058723449707,2.6291229009628294,0.508805858515633,1.3874824047088623,0.19352677077306996,0.24825571046335768,0.4801345532019338,0.15416471163431802,0.9425458787746787,15,89,0,2,0,0.0,0.0,0.0,0.0,0.0,0,2,0.795504629611969,0.7828277945518494,0.8057366609573364,0.7510861396789551,0.059789280033089906,0.012676835060119629,0.7891662120819092,0.7970996499061584,0.7805274426937103,0.7520171850919724,1.061261214307132,0.7817213217417399,0.796402096748352,0.9346071481704712,0.615463137626648,0.07894303974452839,0.8496536016464233,0.6962938904762268,0.21827867825826008,4,0.7,0.4444444444444444,0.7777777777777778,0.7777777777777778,0.7777777777777778,0.8888888888888888,0.8888888888888888,0.33333333333333337,1,9,144.1,42.95683880361776,0.1457718268389796,507,4
2027,695,0.15762295399182888,0.15235198108241182,2.1704133542405923,0.9425985431958172,11,8,2.688373565673828,2.278794527053833,2.0166962146759033,1.7055723786354064,0.49106622860171756,1.823889136314392,0.2879185585052983,0.29123173867894075,0.5122128561067384,0.2026543484793769,2.021062072594031,11,68,0,0,0,0.0,1.0,0.0,0.0,0.0,0,0,0.6660864949226379,0.5764596462249756,0.7332590222358704,0.6386525690555572,0.050326867273945704,0.08962684869766235,0.6212730705738068,0.626074954867363,0.6172485450903574,0.6330979689955711,0.9803044799283036,0.7846925285127427,0.7783025503158569,0.9012939929962158,0.6289609670639038,0.07191989558300475,0.8577760457992554,0.7784659266471863,0.21530747148725726,4,0.6,0.6666666666666666,1.0,1.0,1.0,1.0,1.0,0.33333333333333337,0,8,133.8,56.975082272867326,0.16577839312721146,460,4
2028,695,0.2241550319537207,0.12073413160595732,2.192887086209259,0.9523587609775818,4,4,1.4892189502716064,1.3094193935394287,0.9368552565574646,0.6643700733780861,0.437997036826395,1.2464689463377,0.6592656639900634,0.4212469007794033,0.6989012246908587,0.13849654959307778,1.298214713981945,4,22,0,0,0,0.0,0.0,0.0,1.0,0.0,0,0,0.5994055271148682,0.6455368399620056,0.6455368399620056,0.5691502213478088,0.03988567820620099,-0.04613131284713745,0.6224711835384369,0.6121289134025574,0.5935145219167074,0.5768101364374161,1.0755119034146547,0.701695802476671,0.6987162828445435,0.842589259147644,0.5828481316566467,0.0634100466494676,0.7742303609848022,0.6837815046310425,0.29830419752332904,8,0.3,0.5,1.0,1.0,1.0,1.0,1.0,0.5,0,9,120.1,62.052316636850875,0.1164710681723909,486,6
2029,695,0.28853761506187076,0.13321923896118432,1.7513523064587044,0.7606026425635483,7,3,2.8969669342041016,2.511035203933716,2.1408274173736572,1.0040170788764953,1.051806679571625,2.8969669342041016,1.047597350785362,0.538636468633524,0.8602063684294907,0.32188521491156685,1.1989694258153132,7,42,0,0,0,0.0,0.0,0.0,1.0,0.0,0,1,0.6769530773162842,0.6275041699409485,0.6973298788070679,0.6010750114917756,0.047531796302290194,0.04944890737533569,0.6522286236286163,0.6411963701248169,0.6195746660232544,0.6101937294006348,1.0667475624812723,0.7866589877340529,0.7829101085662842,0.9012939929962158,0.6620557308197021,0.06901300239399599,0.8520170450210571,0.769507884979248,0.21334101226594715,5,0.6,0.75,0.75,0.75,0.75,0.75,0.75,0.0,1,9,144.0,48.824174340177024,0.16746866152417683,496,3
2030,695,0.21536153747825168,0.4526396748364702,2.0776102750757097,0.9022946780108779,6,2,2.6155662536621094,1.4316571950912476,1.1841801404953003,1.2145001769065857,0.49907700017088574,1.8453714847564697,0.4109316727399702,0.3332418986600652,0.525812772891201,0.2050412760840522,5.773975402446013,6,48,0,0,0,0.0,0.0,0.0,1.0,0.0,0,0,0.6542736887931824,0.6681893467903137,0.6681893467903137,0.6427846729755402,0.02094198065399224,-0.013915657997131348,0.661231517791748,0.6551927179098129,0.6403856674830118,0.6407386586070061,1.0193019935818401,0.8230725990401374,0.837659478187561,0.9012939929962158,0.7207639217376709,0.04782845336157668,0.8743082880973816,0.8123109340667725,0.1769274009598626,2,0.8,1.0,1.0,1.0,1.0,1.0,1.0,0.0,0,10,165.5,26.515090043218784,0.15593900335519295,586,2
2262,837,0.244214933149605,0.08169774380566744,2.205662926996318,0.9579072381330761,5,5,1.0802834033966064,0.992026686668396,0.8465142250061035,0.44234944581985475,0.4520191658359048,1.0802834033966064,1.021857602060579,0.46847805725723535,0.8322501403442875,0.1200314892662896,0.7352735685787098,5,35,0,0,0,1.0,0.0,0.0,1.0,0.0,0,0,0.6025534272193909,0.504129946231842,0.6025534272193909,0.5717739582061767,0.028957046567183342,0.09842348098754883,0.5533416867256165,0.5646014511585236,0.5729083716869354,0.5758658275008202,0.987453967781033,0.718627025021447,0.7276286482810974,0.8635857105255127,0.5554105639457703,0.07171223420811865,0.7990450263023376,0.708425760269165,0.28137297497855296,7,0.4,0.5,0.5,1.0,1.0,1.0,1.0,0.5,0,10,142.4,56.79119650086622,0.11140216244999118,532,2
283,78,0.22890738838066618,0.2093854890399789,2.186070530306085,0.9493983683632482,5,4,1.6344475746154785,1.2922179698944092,0.9355878233909607,0.7140213280916214,0.4513399784547014,1.6344475746154785,0.6321090541538172,0.4098848913003822,0.660685455228626,0.1816052860683865,1.8844590246848492,5,44,0,0,0,0.0,0.0,0.0,1.0,0.0,0,0,0.6763703227043152,0.5783079862594604,0.6763703227043152,0.5952723503112793,0.034869476122063356,0.09806233644485474,0.6273391544818878,0.6095285564661026,0.6118558843930563,0.599311076104641,1.0239473279752385,0.7540861977471246,0.7515333294868469,0.8969191312789917,0.6608739495277405,0.0597143128333046,0.8305233120918274,0.7487595081329346,0.2459138022528754,6,0.4,0.6666666666666666,0.6666666666666666,1.0,1.0,1.0,1.0,0.33333333333333337,0,10,131.0,46.95742752749558,0.13008351884817074,506,4
284,78,0.23068000964135976,0.26218226697248015,2.148334833396749,0.9330099634247501,6,3,1.9612663984298706,1.4470571279525757,1.0554819107055664,0.8502108186483384,0.4687949577395513,1.5007080733776093,0.5513860751604684,0.40087981140971424,0.6040051238731158,0.16674534148640102,3.0837814244891915,6,38,0,0,0,0.0,0.0,0.0,1.0,0.0,0,0,0.5508199334144592,0.5928816795349121,0.5928816795349121,0.5341517806053162,0.025086797269545293,-0.04206174612045288,0.5718508064746857,0.5490922331809998,0.5464560190836588,0.5390496104955673,1.0279685009947037,0.7489150245984395,0.7487595081329346,0.8594619035720825,0.6611033082008362,0.053577137569743354,0.8258446455001831,0.7487595081329346,0.2510849754015605,5,0.3,0.5,0.5,0.5,0.5,0.5,0.5,0.0,1,10,109.3,45.303531871146646,0.11980925421834983,442,4
285,78,0.1879783522819585,0.14857956941911982,2.1595731764183195,0.937890713784754,6,4,2.0943338871002197,1.7831586599349976,1.503335952758789,1.1141356766223907,0.4906332251064786,1.4084316492080688,0.44037076904592987,0.348026961921748,0.5964916645057264,0.1564924054675632,1.988423897067792,6,39,0,0,0,0.0,0.0,0.0,1.0,0.0,0,0,0.5124739408493042,0.5875120162963867,0.6002476811408997,0.5418407082557678,0.031131131032364978,-0.07503807544708252,0.5499929785728455,0.5511879771947861,0.5459555983543396,0.5425505340099335,1.0172490762460953,0.7762327127986484,0.7736821174621582,0.9168035984039307,0.6966426372528076,0.047213357763820046,0.8565444946289062,0.8176904916763306,0.22376728720135164,4,0.4,0.6666666666666666,0.6666666666666666,1.0,1.0,1.0,1.0,0.33333333333333337,0,10,141.8,39.58737172382122,0.14550347806092745,519,4
1013,298,0.17515788154166495,0.058703991678395656,2.1044132682131984,0.91393507002898,13,5,2.5492117404937744,2.3995628356933594,1.6779592037200928,1.4553794085979461,0.5755754197828662,1.7151328325271606,0.3954810827344804,0.3400332962629026,0.5601315124611653,0.19057031472524008,0.7852645872552975,13,85,0,0,0,1.0,0.0,0.0,1.0,0.0,0,0,0.6257216930389404,0.6330722570419312,0.6869853734970093,0.634324848651886,0.03859097030017939,-0.007350564002990723,0.6293969750404358,0.6266413182020187,0.624453475077947,0.6380287930369377,0.9878855158335437,0.7231850650575425,0.7081157565116882,0.9264323711395264,0.5951963067054749,0.08112035971240107,0.8286838531494141,0.7542214393615723,0.27681493494245746,6,0.4,0.6666666666666666,0.6666666666666666,0.6666666666666666,0.6666666666666666,0.6666666666666666,0.6666666666666666,0.0,2,10,141.4,52.83786521047193,0.1398724655175683,526,6
916,266,0.20768406758979296,0.2893708070553202,2.0867590879186015,0.9062679569445115,8,4,2.5254123210906982,1.7946317195892334,1.487558364868164,1.2159875094890595,0.5559672874965932,1.861758053302765,0.45721426079116695,0.35527042892859584,0.5869785718267685,0.20686200592252943,3.532679022246943,8,53,0,0,0,0.0,0.0,0.0,1.0,0.0,0,0,0.7475808262825012,0.6460005640983582,0.7483363151550293,0.6810624063014984,0.04180379699801145,0.10158026218414307,0.6967906951904297,0.7099442183971405,0.6874006787935892,0.6778158247470856,1.0424054674328764,0.7843846599260966,0.7895877361297607,0.873633086681366,0.6633342504501343,0.05553546052489108,0.8499258756637573,0.7954772710800171,0.21561534007390337,5,0.5,0.75,1.0,1.0,1.0,1.0,1.0,0.25,0,10,142.5,41.2146818500398,0.1582641684407181,454,5
917,266,0.1488609586187392,0.042574544054698966,2.1619450193312932,0.9389207920737999,10,8,2.4550516605377197,2.3505289554595947,2.329554796218872,1.6492246747016908,0.5131135024924973,1.3803973197937012,0.311123887023714,0.29138422979674017,0.5432401989394884,0.1533774799770779,0.6814691676025587,10,53,0,1,0,0.0,0.0,0.0,1.0,0.0,0,1,0.6735072135925293,0.6993657350540161,0.7267249822616577,0.6878637254238129,0.02663224295041969,-0.025858521461486816,0.6864364743232727,0.7042951434850693,0.6961954534053802,0.6916408464312553,1.023886118089764,0.7846965140766567,0.7927195429801941,0.8828576803207397,0.6633342504501343,0.057375273284097306,0.8553134202957153,0.779529333114624,0.21530348592334325,4,0.7,0.6,0.6,0.6,0.6,0.6,0.6,0.0,2,10,142.6,44.93372897946486,0.17063453589493865,445,4
918,266,0.1976152840284798,0.3485190846047363,1.439485750077558,0.625160718037047,12,3,5.133907318115234,3.3446426391601562,2.5796046257019043,2.5979302883148194,0.9435216063744603,3.4140408039093018,0.36318189423188607,0.32635787016344886,0.5198007262766184,0.3793378671010335,4.716797655428553,12,80,0,0,0,0.0,1.0,0.0,0.0,0.0,0,1,0.8120803236961365,0.8113177418708801,0.8120803236961365,0.7624891102313995,0.036784112111212186,0.0007625818252563477,0.8116990327835083,0.7770077288150787,0.7714310685793558,0.7699977830052376,1.019039746730975,0.7993815223375956,0.8058526515960693,0.9172314405441284,0.6486920714378357,0.05394266677368117,0.8649980425834656,0.8212982416152954,0.20061847766240437,3,0.6,0.8571428571428571,1.0,1.0,1.0,1.0,1.0,0.1428571428571429,0,10,139.0,51.74553120801834,0.14245308527979697,469,3
919,266,0.16743363286509402,0.11574555522767366,2.1313150663266196,0.9256183725029141,8,6,2.7195324897766113,2.4047586917877197,1.7099511623382568,1.624245047569275,0.517397794332002,1.583078145980835,0.31854643888855433,0.31548756693043123,0.5243915537107652,0.17589757177564833,1.7895187823945105,8,60,0,0,0,0.0,0.0,0.0,1.0,0.0,0,0,0.758618950843811,0.733568012714386,0.7865391969680786,0.7123015761375427,0.046477034349880944,0.02505093812942505,0.7460934817790985,0.7488901913166046,0.7215268115202585,0.7131065502762794,1.0513652714517165,0.7839438213242425,0.7933743000030518,0.9172314405441284,0.6633342504501343,0.06173910013358531,0.858742892742157,0.7559669017791748,0.21605617867575755,4,0.6,0.8333333333333334,0.8333333333333334,0.8333333333333334,0.8333333333333334,0.8333333333333334,0.8333333333333334,0.0,1,10,137.2,38.62589804781243,0.1472179028047308,468,3
920,266,0.13245022087161593,0.04005534028047741,2.2715601830163274,0.986526052795132,5,9,1.3903515338897705,1.334660530090332,1.2911655902862549,1.0497162818908692,0.25525026540635204,0.7506216764450073,0.24316096325152092,0.25959510307599487,0.5042682441553717,0.0834024084938897,0.6677305496875288,5,41,0,0,0,0.0,0.0,0.0,1.0,0.0,0,0,0.6938866376876831,0.5977799892425537,0.7773042917251587,0.7029191970825195,0.0565772620289869,0.0961066484451294,0.6458333134651184,0.6980592161417007,0.7125144501527151,0.7142128050327301,0.993084590596494,0.7880840553177728,0.8070806264877319,0.9172314405441284,0.6616979837417603,0.062352806287676255,0.8532382845878601,0.7719704508781433,0.2119159446822272,4,0.7,0.6666666666666666,0.6666666666666666,0.6666666666666666,0.6666666666666666,0.6666666666666666,0.6666666666666666,0.0,1,8,170.7,28.499298236974184,0.1438163588882591,590,3
1779,583,0.3660022558709342,0.45831581014897405,0.7557664538465868,0.32822520051316134,10,2,5.107879161834717,2.766857385635376,1.3284485340118408,1.395586797595024,1.399434348104719,4.709590643644333,1.002756222515218,0.564259891326029,0.7381492894068059,0.5232878492938148,4.473670286226394,10,64,0,0,0,0.0,1.0,0.0,0.0,0.0,0,1,0.6933679580688477,0.6881712675094604,0.705812394618988,0.6627296328544616,0.02851277226192734,0.005196690559387207,0.690769612789154,0.675311729311943,0.6647801597913107,0.6615883857011795,1.018983725564779,0.7697065936194526,0.7721087336540222,0.8990237712860107,0.6111880540847778,0.057418573274475845,0.8506034016609192,0.7927838563919067,0.2302934063805474,6,0.4,1.0,1.0,1.0,1.0,1.0,1.0,0.0,0,10,139.9,22.958440713602485,0.14276631183102745,469,6
951,276,0.20841874140334932,0.3977039261071551,1.7055071089952807,0.7406923262834183,17,2,4.076494216918945,2.455256462097168,1.9906237125396729,1.955915379524231,0.7759296906651438,2.710939645767212,0.3967090305025646,0.33394853107627476,0.532195464348621,0.3012155161963569,5.382300330984925,17,84,0,1,0,0.0,1.0,0.0,0.0,0.0,0,1,0.7147058844566345,0.7106426954269409,0.740752100944519,0.6968846797943116,0.03912985010747696,0.0040631890296936035,0.7126742899417877,0.7203013747930527,0.7074030836423238,0.689611978828907,1.0336004823713012,0.7766592608557807,0.7709848880767822,0.8898270130157471,0.6575452089309692,0.06288215112507411,0.8499606847763062,0.7706904411315918,0.22334073914421926,4,0.5,0.875,1.0,1.0,1.0,1.0,1.0,0.125,0,10,141.4,35.30778950883218,0.14753745761562304,475,4
398,105,0.20579916718126717,0.006749419178494282,1.1952233161416679,0.5190788908424323,12,2,5.522461414337158,5.485188007354736,2.5388832092285156,2.68342262506485,1.4580195097843591,4.053114295005798,0.5433430249944688,0.4102093095166429,0.5970925732914492,0.45034603277842206,0.08276596550989376,12,88,0,1,0,0.0,0.0,0.0,1.0,0.0,0,0,0.715746283531189,0.7306672930717468,0.7306672930717468,0.6700662136077881,0.04044083350428813,-0.014921009540557861,0.7232067883014679,0.6968925446271896,0.6875516374905905,0.675493523478508,1.040033791349032,0.7944626530011495,0.7952540516853333,0.9572204351425171,0.7014325857162476,0.047738168770431334,0.8662296533584595,0.8244450092315674,0.2055373469988505,2,0.7,0.8333333333333334,0.8333333333333334,0.8333333333333334,0.8333333333333334,0.8333333333333334,0.8333333333333334,0.0,1,10,158.0,31.59430328397827,0.1358982549351662,618,2
399,105,0.1873143194629021,0.11857760068166404,1.7107725246247707,0.742979067236233,16,5,4.333662033081055,3.819786787033081,2.408329725265503,2.3135775446891786,0.9648849337303199,3.0276206731796265,0.4170530263367172,0.3524173563505746,0.5606076736026216,0.3364022970199585,1.527557103631734,16,100,0,0,2,0.0,0.0,0.0,1.0,0.0,0,2,0.78455650806427,0.7732182145118713,0.78455650806427,0.7459355115890502,0.025118921636794717,0.011338293552398682,0.7788873612880707,0.7581897675991058,0.7411155899365743,0.7410616874694824,1.0164266741467753,0.8085442357593112,0.8130577802658081,0.9572204351425171,0.6927017569541931,0.0513371557763895,0.8819791674613953,0.84771728515625,0.19145576424068877,2,0.8,0.4444444444444444,0.4444444444444444,0.5555555555555556,0.5555555555555556,0.5555555555555556,0.6666666666666666,0.11111111111111116,3,10,162.9,25.256484315913806,0.14471139491067142,649,2
400,105,0.17078821628903115,0.0123681914206648,1.7188311266187395,0.7464788736140682,10,6,4.439397811889648,4.384490489959717,2.7473676204681396,2.599358379840851,0.9799535823222977,2.9988627433776855,0.37699811342835426,0.3394640912266057,0.547355836782103,0.3332069714864095,0.16478393864647126,10,73,0,0,0,0.0,1.0,0.0,0.0,0.0,0,0,0.7243655920028687,0.7164672613143921,0.7600241899490356,0.6788974344730377,0.045459219636847875,0.007898330688476562,0.7204164266586304,0.7138579785823822,0.7033145229021708,0.6917676255106926,1.0514945127786015,0.7975077311197917,0.8077165484428406,0.9572204351425171,0.6821887493133545,0.060658047883411635,0.8713122606277466,0.8076450228691101,0.20249226888020833,4,0.7,1.0,1.0,1.0,1.0,1.0,1.0,0.0,0,10,155.1,29.442995771490374,0.15378263180079801,594,4
401,105,0.14841346369574443,0.046986390029217055,2.1858397347790377,0.9492981351394036,10,9,2.5786399841308594,2.4574790000915527,2.0688858032226562,1.7374703884124756,0.4404832141475433,1.3260390758514404,0.25351969366817145,0.2898535145006936,0.50124767426431,0.1473376750946045,0.822329805541624,10,52,0,0,0,0.0,0.0,0.0,1.0,0.0,0,0,0.5255950689315796,0.6154301166534424,0.6524056792259216,0.5928858816623688,0.032643803628672606,-0.08983504772186279,0.570512592792511,0.5837437063455582,0.5795963108539581,0.5869462788105011,0.9845785501423568,0.7767997291353014,0.7925112247467041,0.9572204351425171,0.5629754662513733,0.08584846389878266,0.8675333261489868,0.7910078763961792,0.22320027086469862,4,0.7,0.2,0.6,0.8,0.8,0.8,0.8,0.6000000000000001,1,10,161.6,24.331872102244827,0.14557879673350899,608,3
402,105,0.2855928803882153,0.49383626696185146,2.0175764037188006,0.8762222989532826,5,2,2.351139545440674,1.1900615692138672,1.053410291671753,0.8232486546039581,0.581051044385942,1.9620301425457,0.7058017469384412,0.4301496388546318,0.671653146665206,0.21800334917174446,5.325939508262315,5,26,0,0,0,0.0,1.0,0.0,0.0,0.0,0,0,0.547648012638092,0.5486088395118713,0.5692704916000366,0.5414954006671906,0.01746240183178242,-0.0009608268737792969,0.5481284260749817,0.5516008138656616,0.544767955938975,0.5483166873455048,1.018660166874648,0.7557398915290833,0.7557679414749146,0.9572204351425171,0.6434583067893982,0.06613182491662503,0.8470047116279602,0.757397472858429,0.24426010847091673,6,0.4,0.5,0.5,0.5,0.5,0.5,0.5,0.0,1,10,149.7,31.11928662421425,0.1328108703442325,594,5
403,105,0.15429198218708134,0.2630797576975506,2.1688966342376155,0.941939840067932,9,9,3.1036412715911865,2.2871360778808594,2.2095847129821777,2.0115376234054567,0.4363818259086036,1.5838656425476074,0.21693932238289618,0.2679928670857106,0.47762808542273016,0.1759850713941786,4.6396012323128435,9,70,0,0,0,0.0,0.0,1.0,0.0,0.0,0,0,0.5406511425971985,0.5215842723846436,0.6461054086685181,0.5769507944583893,0.037338689379345896,0.01906687021255493,0.531117707490921,0.5636055618524551,0.5715204576651255,0.5744328424334526,0.9768676816085426,0.7857354349560208,0.7884501218795776,0.9572204351425171,0.6287157535552979,0.06425776589866983,0.8631142377853394,0.7514869570732117,0.21426456504397917,4,0.5,0.25,0.5,0.75,0.75,0.75,0.75,0.5,1,10,158.1,27.973022718326312,0.14289100162280804,631,4
404,105,0.17035274157564664,0.08496399491274703,2.176382443910317,0.9451908859013644,9,5,1.7975876331329346,1.644857406616211,1.6346685886383057,1.0552149713039398,0.5160418869081074,1.2822757959365845,0.4890391170543314,0.32623163368268754,0.6191197995409908,0.14247508843739828,1.0719709404699922,9,48,0,0,0,0.0,0.0,0.0,1.0,0.0,0,0,0.587495744228363,0.579892098903656,0.6030645370483398,0.5832699596881866,0.016766644140153043,0.007603645324707031,0.5836939215660095,0.5929995626211166,0.583196371793747,0.5825774371623993,1.0166793884923242,0.7692446245087518,0.7633380889892578,0.9572204351425171,0.6395652294158936,0.06310071622956807,0.8675114512443542,0.804618775844574,0.23075537549124825,4,0.4,0.5,1.0,1.0,1.0,1.0,1.0,0.5,0,10,155.7,26.229944719728252,0.1500834381529892,580,4
405,105,0.19138644101196448,0.10111811185889903,2.1704332082558104,0.94260716568507,8,5,1.878840446472168,1.6888556480407715,1.2440056800842285,0.9816998720169068,0.49145584954371535,1.4026355743408203,0.5006166985815323,0.36342024647340454,0.6164703325719821,0.15584839714898002,1.2190281252726671,8,39,0,0,0,0.0,0.0,0.0,1.0,0.0,0,0,0.5696860551834106,0.5529892444610596,0.573674738407135,0.5456675827503205,0.021122410203038337,0.016696810722351074,0.5613376498222351,0.5525117218494415,0.5522327423095703,0.5532829314470291,1.012540833970374,0.7798035197787815,0.7718634605407715,0.9572204351425171,0.6506339311599731,0.06378175073298806,0.8747185468673706,0.7849222421646118,0.22019648022121852,4,0.4,0.6666666666666666,1.0,1.0,1.0,1.0,1.0,0.33333333333333337,0,10,149.3,22.109047921608926,0.15418495686077155,555,4
406,105,0.21902926134079717,0.07362266108250409,2.0432856988958656,0.8873877039823038,8,3,2.314380407333374,2.1439895629882812,1.1764389276504517,1.0566535234451293,0.6355784960194458,1.874157428741455,0.6015007572647283,0.4219330056067496,0.6352106818748625,0.2082397143046061,0.8182398188274168,8,38,0,0,0,0.0,0.0,0.0,1.0,0.0,0,0,0.5778987407684326,0.6020841598510742,0.6020841598510742,0.5506055235862732,0.025731789071179664,-0.0241854190826416,0.5899914503097534,0.5709522813558578,0.558769037326177,0.5571098104119301,1.0369515378006535,0.7865192876921759,0.7972886562347412,0.9572204351425171,0.6395652294158936,0.0618223470587336,0.873988151550293,0.804618775844574,0.21348071230782406,3,0.6,1.0,1.0,1.0,1.0,1.0,1.0,0.0,0,10,158.4,24.601625962525322,0.1499895298834389,584,3
631,173,0.17591737186407733,0.20653436295752126,2.220524055432211,0.9643613442076399,9,5,1.900032877922058,1.50761079788208,1.246596336364746,1.0800712049007415,0.36696254560262714,1.2461230754852295,0.3397574198628239,0.31550176139704605,0.5333233145266771,0.13845811949835884,2.8342089814071754,9,51,0,0,0,0.0,0.0,0.0,0.0,0.0,0,1,0.5587900876998901,0.5745633244514465,0.5918565392494202,0.5635168612003326,0.01688292774010584,-0.015773236751556396,0.5666767060756683,0.5614969283342361,0.5663006007671356,0.5611706227064133,0.9964137199452884,0.7379335920015971,0.7489052414894104,0.8566718101501465,0.6276242136955261,0.056021414497506715,0.818444550037384,0.7657451629638672,0.26206640799840286,6,0.3,0.4,0.4,0.4,0.4,0.6,0.6,0.0,2,10,133.3,38.115744778240916,0.12606737184545982,471,6
632,173,0.179692362000776,0.079694998626088,2.1105706213228617,0.9166091745076366,6,5,2.3539702892303467,2.1663706302642822,1.8614981174468994,1.310000193119049,0.6042421755200994,1.6810534000396729,0.46125314900013814,0.34506414145878167,0.6009459155631991,0.1867837111155192,1.0043630329574524,6,49,0,0,0,0.0,0.0,0.0,1.0,0.0,0,0,0.6164215207099915,0.5677948594093323,0.6781226992607117,0.5711752623319626,0.05005353376028564,0.04862666130065918,0.5921081900596619,0.568416565656662,0.5534059951702753,0.5690554045140743,0.9951683974680013,0.740170939763387,0.7508882284164429,0.8864058256149292,0.5419213175773621,0.07648750921272636,0.8414474725723267,0.7863492965698242,0.259829060236613,7,0.3,0.6666666666666666,0.6666666666666666,1.0,1.0,1.0,1.0,0.33333333333333337,0,8,119.3,44.375781683256015,0.13705000397088737,416,4
1459,454,0.30365254726738355,0.10531638378784276,2.121361284341167,0.9212954999125641,7,4,1.4311593770980835,1.2804348468780518,1.043816089630127,0.4713147938251495,0.5893358632904317,1.4311593770980835,1.2504055052079706,0.5753255063285992,1.0,0.15901770856645372,0.9478414934871902,7,47,0,0,0,1.0,0.0,0.0,0.0,0.0,0,0,0.5805754065513611,0.5642396807670593,0.6103475689888,0.5667995870113373,0.021588896171008246,0.016335725784301758,0.5724075436592102,0.5602117627859116,0.5696674486001333,0.5665244162082672,0.9883754103711012,0.7317302624384562,0.7423781752586365,0.9249188303947449,0.5818983316421509,0.0706362485731775,0.8327287435531616,0.7774006128311157,0.2682697375615438,6,0.3,0.5,0.5,0.5,0.5,0.5,0.5,0.0,2,10,103.0,55.402166022638504,0.10535047425758295,410,2
1460,454,0.1668546941000336,0.15553802800155234,2.2833230688444983,0.9916346092015645,6,6,0.8582422733306885,0.7247529625892639,0.6883324384689331,0.5143650755286217,0.19419504154918407,0.6130535751581192,0.3775424756572582,0.3077571381169457,0.5643720929011775,0.06811706390645769,1.9596756438165528,6,25,0,0,0,0.0,0.0,0.0,1.0,0.0,0,1,0.6564294695854187,0.7248176336288452,0.8023510575294495,0.6823722004890442,0.06595515448200058,-0.06838816404342651,0.690623551607132,0.6653747111558914,0.6636292338371277,0.6908449679613113,0.9750891604169531,0.7513169354862637,0.7561654448509216,0.9249188303947449,0.5818983316421509,0.06654297159470779,0.8465415239334106,0.7593842148780823,0.24868306451373634,6,0.3,0.3333333333333333,0.3333333333333333,1.0,1.0,1.0,1.0,0.6666666666666667,0,7,119.3,55.01826969289383,0.12879356283961604,430,6
